timestamp,rep,window,threshold,kmer,metric,f1_score,precision,recall,windows,kmerset,final_len,extract_time,fit_time,classify_time,n_test
2026-09-18T17:31:43.247,1,0.002,0.5,5,manhattan,0.999,0.9986,0.9993,16,436,3144,1.510219513,7.305270181,6.008909789,5732
2026-09-18T17:31:50.306,1,0.002,0.5,6,manhattan,0.9996,0.9997,0.9994,3,1028,3217,0.416448015,1.9370595,3.416490439,5732
2026-09-18T17:31:56.552,1,0.002,0.5,7,manhattan,0.9972,0.9961,0.9984,18,1071,3120,0.238646089,1.962753916,4.042336879,5732
2026-09-18T17:32:04.577,1,0.002,0.55,5,manhattan,0.9991,0.9994,0.9989,16,436,3144,0.447319839,1.148375548,3.966826105,5732
2026-09-18T17:32:10.409,1,0.002,0.55,6,manhattan,0.9996,0.9996,0.9995,3,1028,3217,0.278808976,1.140245597,4.410723231,5732
2026-09-18T17:32:17.212,1,0.002,0.55,7,manhattan,0.9998,0.9998,0.9997,20,1071,3110,0.280205105,2.150793046,4.360977973,5732
2026-09-18T17:32:23.261,1,0.002,0.6,5,manhattan,0.9984,0.998,0.9987,16,436,3144,0.389455177,1.055016403,3.345578438,5732
2026-09-18T17:32:30.205,1,0.002,0.6,6,manhattan,0.9994,0.9995,0.9994,3,1028,3217,0.359211157,1.762047176,4.818195448,5732
2026-09-18T17:32:37.255,1,0.002,0.6,7,manhattan,0.9994,0.9994,0.9994,21,1071,3107,0.184270281,2.200133363,4.663207193,5732
2026-09-18T17:32:43.637,1,0.002,0.65,5,manhattan,0.9942,0.9904,0.998,16,436,3144,0.298686518,0.864019493,3.974948163,5732
2026-09-18T17:32:50.419,1,0.002,0.65,6,manhattan,0.9998,0.9999,0.9998,3,1028,3217,0.403034499,1.698622516,4.677842025,5732
2026-09-18T17:32:56.399,1,0.002,0.65,7,manhattan,0.9995,0.9995,0.9994,21,1071,3107,0.450626129,1.907698622,3.618669783,5732
2026-09-18T17:33:03.78,1,0.002,0.7,5,manhattan,0.9926,0.9874,0.9979,16,436,3132,0.359901818,1.008392843,4.462889049,5732
2026-09-18T17:33:11.266,1,0.002,0.7,6,manhattan,0.9997,0.9997,0.9998,3,1028,3217,0.279350317,1.980825221,5.223278252,5732
2026-09-18T17:33:17.336,1,0.002,0.7,7,manhattan,0.9996,0.9995,0.9997,21,1071,3103,0.27936191,1.847663501,3.934260698,5732
2026-09-18T17:33:24.325,1,0.002,0.75,5,manhattan,0.9968,0.996,0.9976,19,436,3117,0.29486047,0.781324282,4.539718081,5732
2026-09-18T17:33:32.013,1,0.002,0.75,6,manhattan,0.9997,0.9998,0.9996,3,1028,3217,0.398301701,2.052378647,5.233010506,5732
2026-09-18T17:33:37.622,1,0.002,0.75,7,manhattan,0.9997,0.9998,0.9997,23,1071,3079,0.214176829,1.823760447,3.568548713,5732
2026-09-18T17:33:45.112,1,0.002,0.8,5,manhattan,0.9945,0.9905,0.9988,19,436,3117,0.287127428,1.412918385,4.416938485,5732
2026-09-18T17:33:52.416,1,0.002,0.8,6,manhattan,0.9999,0.9999,0.9999,3,1028,3217,0.435763614,1.823402091,5.041088549,5732
2026-09-18T17:33:58.85,1,0.002,0.8,7,manhattan,0.9998,0.9999,0.9998,29,1071,3034,0.302117753,1.736677383,4.391895339,5732
2026-09-18T17:34:07.005,1,0.0025,0.5,5,manhattan,0.9963,0.9957,0.9969,10,436,3179,0.425969344,1.291720345,4.915761768,5732
2026-09-18T17:34:14.132,1,0.0025,0.5,6,manhattan,0.9998,0.9999,0.9998,1,1028,3223,0.314842425,1.497574881,5.311888819,5732
2026-09-18T17:34:24.547,1,0.0025,0.5,7,manhattan,0.9978,0.9963,0.9994,8,1071,3164,0.16626777,1.874530486,8.370134079,5732
2026-09-18T17:34:34.901,1,0.0025,0.5,8,manhattan,0.9993,0.9991,0.9995,58,657,2601,0.452585318,2.756537615,7.141806896,5732
2026-09-18T17:34:48.281,1,0.0025,0.55,5,manhattan,0.9996,0.9997,0.9996,10,436,3179,0.739163374,2.393420162,8.701353039,5732
2026-09-18T17:35:01.182,1,0.0025,0.55,6,manhattan,0.9994,0.9993,0.9994,1,1028,3223,0.545672291,2.792048371,9.557789511,5732
2026-09-18T17:35:14.806,1,0.0025,0.55,7,manhattan,0.9995,0.9994,0.9996,9,1071,3159,0.454723999,4.126055059,9.036398886,5732
2026-09-18T17:35:24.626,1,0.0025,0.55,8,manhattan,0.9972,0.9956,0.999,58,657,2601,0.389004841,2.745434938,6.681380981,5732
2026-09-18T17:35:37.52,1,0.0025,0.6,5,manhattan,0.9977,0.9968,0.9984,10,436,3179,0.734794938,2.457149122,8.30923984,5732
2026-09-18T17:35:50.446,1,0.0025,0.6,6,manhattan,0.9996,0.9997,0.9996,1,1028,3223,0.515822105,3.186236487,9.200564222,5732
2026-09-18T17:36:03.694,1,0.0025,0.6,7,manhattan,0.9942,0.9904,0.9982,9,1071,3157,0.452258041,3.562866212,9.229534198,5732
2026-09-18T17:36:13.672,1,0.0025,0.6,8,manhattan,0.9989,0.9992,0.9986,58,657,2593,0.396793058,2.618734937,6.95856852,5732
2026-09-18T17:36:26.485,1,0.0025,0.65,5,manhattan,0.9991,0.9997,0.9984,10,436,3179,0.495257884,2.597866836,8.273297185,5732
2026-09-18T17:36:39.255,1,0.0025,0.65,6,manhattan,0.9998,0.9999,0.9996,1,1028,3223,0.596168972,2.949768609,9.220640532,5732
2026-09-18T17:36:52.757,1,0.0025,0.65,7,manhattan,0.9996,0.9996,0.9995,9,1071,3157,0.421449703,3.807426815,9.269123408,5732
2026-09-18T17:37:02.627,1,0.0025,0.65,8,manhattan,0.9992,0.9994,0.999,58,657,2584,0.424513851,2.80198777,6.639833071,5732
2026-09-18T17:37:15.32,1,0.0025,0.7,5,manhattan,0.9997,0.9998,0.9997,10,436,3167,0.436673506,2.36163181,8.381377137,5732
2026-09-18T17:37:28.092,1,0.0025,0.7,6,manhattan,0.9991,0.9994,0.9988,1,1028,3223,0.529485863,3.198831743,9.039332851,5732
2026-09-18T17:37:41.44,1,0.0025,0.7,7,manhattan,0.9996,0.9998,0.9994,10,1071,3154,0.435145797,3.506333425,9.403166457,5732
2026-09-18T17:37:51.151,1,0.0025,0.7,8,manhattan,0.9991,0.9992,0.999,58,657,2552,0.401875761,2.477575756,6.827752003,5732
2026-09-18T17:38:04.464,1,0.0025,0.75,5,manhattan,0.9968,0.9953,0.9983,11,436,3164,0.513727704,2.373783364,9.044214899,5732
2026-09-18T17:38:17.342,1,0.0025,0.75,6,manhattan,0.9987,0.9984,0.9991,1,1028,3223,0.555548973,2.989422353,9.319010164,5732
2026-09-18T17:38:30.349,1,0.0025,0.75,7,manhattan,0.9994,0.9994,0.9994,11,1071,3141,0.461438056,3.801522288,8.740517475,5732
2026-09-18T17:38:40.042,1,0.0025,0.75,8,manhattan,0.9989,0.9985,0.9994,58,657,2527,0.391824127,2.662674705,6.634532672,5732
2026-09-18T17:38:53.296,1,0.0025,0.8,5,manhattan,0.9916,0.9896,0.9938,12,436,3159,0.528500053,2.278737341,8.915929431,5732
2026-09-18T17:39:05.994,1,0.0025,0.8,6,manhattan,0.9996,0.9996,0.9996,1,1028,3223,0.520150103,2.915980769,9.258364211,5732
2026-09-18T17:39:18.866,1,0.0025,0.8,7,manhattan,0.9994,0.9994,0.9995,13,1071,3113,0.436718974,3.643436152,8.788740541,5732
2026-09-18T17:39:28.563,1,0.0025,0.8,8,manhattan,0.9885,0.9802,0.9977,61,657,2495,0.395914663,2.591506317,6.70509784,5732
2026-09-18T17:39:41.433,1,0.003,0.5,5,manhattan,0.9996,0.9996,0.9996,4,436,3214,0.490409498,1.944786816,8.978905989,5732
2026-09-18T17:39:54.747,1,0.003,0.5,6,manhattan,0.9991,0.9993,0.9989,1,1028,3225,0.607386468,3.343902877,9.357673418,5732
2026-09-18T17:40:08.057,1,0.003,0.5,7,manhattan,0.9994,0.9995,0.9992,4,1071,3196,0.47679868,3.586064081,9.242925854,5732
2026-09-18T17:40:18.89,1,0.003,0.5,8,manhattan,0.9991,0.9992,0.9989,39,657,2817,0.374410028,2.84221114,7.613640625,5732
2026-09-18T17:40:27.041,1,0.003,0.5,9,manhattan,0.9865,0.9802,0.9939,57,536,2115,0.539958293,1.892343308,5.715138988,5732
2026-09-18T17:40:34.643,1,0.003,0.5,10,manhattan,0.9828,0.9911,0.9758,57,468,1681,1.273726005,2.063552143,4.258544906,5732
2026-09-18T17:40:45.2,1,0.003,0.55,5,manhattan,0.9976,0.9966,0.9987,4,436,3214,0.494337165,1.937705393,8.120904024,5732
2026-09-18T17:40:57.822,1,0.003,0.55,6,manhattan,0.9995,0.9995,0.9994,1,1028,3225,0.618716827,2.7752868,9.222825798,5732
2026-09-18T17:41:10.327,1,0.003,0.55,7,manhattan,0.9994,0.9997,0.9992,4,1071,3194,0.454172393,3.534612949,8.512611376,5732
2026-09-18T17:41:20.662,1,0.003,0.55,8,manhattan,0.9986,0.9986,0.9987,39,657,2817,0.351223544,2.533821635,7.446104118,5732
2026-09-18T17:41:28.121,1,0.003,0.55,9,manhattan,0.9993,0.9995,0.9991,57,536,2115,0.473704918,1.652951942,5.329208422,5732
2026-09-18T17:41:35.3,1,0.003,0.55,10,manhattan,0.9865,0.9958,0.9777,57,468,1681,1.153109184,1.410398859,4.612266744,5732
2026-09-18T17:41:46.08,1,0.003,0.6,5,manhattan,0.9995,0.9995,0.9995,4,436,3214,0.552943472,1.896718589,8.326047157,5732
2026-09-18T17:41:58.87,1,0.003,0.6,6,manhattan,0.9998,0.9999,0.9996,1,1028,3225,0.587835853,2.935486545,9.262130055,5732
2026-09-18T17:42:12.016,1,0.003,0.6,7,manhattan,0.9998,0.9999,0.9996,4,1071,3192,0.513828904,3.508752449,9.119235806,5732
2026-09-18T17:42:22.998,1,0.003,0.6,8,manhattan,0.9998,0.9999,0.9998,40,657,2810,0.407811995,2.856027223,7.714769968,5732
2026-09-18T17:42:30.772,1,0.003,0.6,9,manhattan,0.9983,0.9989,0.9977,57,536,2115,0.513304675,1.967060334,5.288848094,5732
2026-09-18T17:42:38.741,1,0.003,0.6,10,manhattan,0.9809,0.9903,0.9723,57,468,1681,1.550083481,1.719654815,4.695512724,5732
2026-09-18T17:42:49.687,1,0.003,0.65,5,manhattan,0.9998,0.9998,0.9998,4,436,3214,0.528289831,2.175865178,8.238196188,5732
2026-09-18T17:43:02.893,1,0.003,0.65,6,manhattan,0.9997,0.9997,0.9998,1,1028,3225,0.625367328,2.771181177,9.805726313,5732
2026-09-18T17:43:16.234,1,0.003,0.65,7,manhattan,0.9997,0.9998,0.9996,4,1071,3192,0.406754039,3.762560952,9.168096941,5732
2026-09-18T17:43:26.883,1,0.003,0.65,8,manhattan,0.9997,0.9997,0.9998,41,657,2803,0.370046202,2.808345218,7.467102962,5732
2026-09-18T17:43:35.004,1,0.003,0.65,9,manhattan,0.9943,0.9916,0.9972,58,536,2104,0.447516583,2.02270963,5.647407911,5732
2026-09-18T17:43:42.87,1,0.003,0.65,10,manhattan,0.9953,0.9951,0.9956,57,468,1681,1.333885094,1.974274246,4.55348339,5732
2026-09-18T17:43:53.674,1,0.003,0.7,5,manhattan,0.9993,0.9995,0.999,5,436,3203,0.470064857,1.870192571,8.460625399,5732
2026-09-18T17:44:06.333,1,0.003,0.7,6,manhattan,0.9995,0.9995,0.9995,1,1028,3225,0.544949433,2.7537404,9.355906503,5732
2026-09-18T17:44:19.128,1,0.003,0.7,7,manhattan,0.9998,0.9999,0.9996,4,1071,3192,0.509821198,3.636748286,8.644089152,5732
2026-09-18T17:44:29.951,1,0.003,0.7,8,manhattan,0.9996,0.9998,0.9995,42,657,2773,0.440442355,2.999848686,7.378975841,5732
2026-09-18T17:44:37.386,1,0.003,0.7,9,manhattan,0.9982,0.9988,0.9976,54,536,2048,0.542480682,1.797127222,5.091162829,5732
2026-09-18T17:44:42.959,1,0.003,0.7,10,manhattan,0.9667,0.9742,0.9623,57,468,1681,1.194078739,1.288571898,3.083477607,5732
2026-09-18T17:44:48.454,1,0.003,0.75,5,manhattan,0.9992,0.9987,0.9996,5,436,3203,0.372125239,1.038568071,4.080886364,5732
2026-09-18T17:44:56.395,1,0.003,0.75,6,manhattan,0.9999,0.9999,0.9999,1,1028,3225,0.401644656,1.763436182,5.773774698,5732
2026-09-18T17:45:04.316,1,0.003,0.75,7,manhattan,0.9962,0.9936,0.9989,4,1071,3190,0.188294748,2.435765381,5.294628931,5732
2026-09-18T17:45:09.813,1,0.003,0.75,8,manhattan,0.9994,0.9996,0.9992,43,657,2768,0.152153954,1.003755798,4.33774421,5732
2026-09-18T17:45:14.714,1,0.003,0.75,9,manhattan,0.9928,0.9912,0.9944,53,536,2033,0.398832983,1.417925938,3.077349728,5732
2026-09-18T17:45:19.665,1,0.003,0.75,10,manhattan,0.9936,0.9925,0.9949,57,468,1664,1.0312091,1.424027906,2.49224509,5732
2026-09-18T17:45:25.32,1,0.003,0.8,5,manhattan,0.9997,0.9998,0.9997,6,436,3201,0.283341889,0.791390584,4.577883366,5732
2026-09-18T17:45:33.633,1,0.003,0.8,6,manhattan,0.9995,0.9994,0.9996,1,1028,3225,0.393683163,1.477056195,6.438514589,5732
2026-09-18T17:45:41.778,1,0.003,0.8,7,manhattan,0.9993,0.9992,0.9995,6,1071,3179,0.40586852,2.110619754,5.618776037,5732
2026-09-18T17:45:47.253,1,0.003,0.8,8,manhattan,0.9996,0.9996,0.9996,43,657,2739,0.261964365,1.066121665,4.14277703,5732
2026-09-18T17:45:51.614,1,0.003,0.8,9,manhattan,0.9928,0.9964,0.9894,54,536,2016,0.337918351,0.828481499,3.19211601,5732
2026-09-18T17:45:56.36,1,0.003,0.8,10,manhattan,0.9862,0.9833,0.9896,57,468,1655,0.97045133,0.749700755,3.022076668,5732
2026-09-18T17:47:11.037,2,0.002,0.5,5,manhattan,0.9964,0.9947,0.9981,14,438,3155,1.656428714,8.643107743,7.402806263,5732
2026-09-18T17:47:19.617,2,0.002,0.5,6,manhattan,0.9997,0.9998,0.9996,4,1010,3206,0.463870421,1.919198419,4.754741876,5732
2026-09-18T17:47:26.98,2,0.002,0.5,7,manhattan,0.9998,0.9999,0.9997,16,1039,3120,0.32536898,1.935208496,5.09556395,5732
2026-09-18T17:47:36.491,2,0.002,0.55,5,manhattan,0.9989,0.9988,0.999,14,438,3155,0.415043646,1.376862448,5.028650436,5732
2026-09-18T17:47:43.65,2,0.002,0.55,6,manhattan,0.9976,0.9957,0.9994,5,1010,3204,0.38768456,1.462434493,5.305465581,5732
2026-09-18T17:47:51.687,2,0.002,0.55,7,manhattan,0.9994,0.9995,0.9993,16,1039,3115,0.209696856,2.632857833,5.192586692,5732
2026-09-18T17:48:00.222,2,0.002,0.6,5,manhattan,0.9994,0.9995,0.9994,14,438,3155,0.34199436,1.673580418,5.127723509,5732
2026-09-18T17:48:07.305,2,0.002,0.6,6,manhattan,0.9996,0.9998,0.9994,5,1010,3204,0.244666691,1.610558183,5.225130867,5732
2026-09-18T17:48:15.486,2,0.002,0.6,7,manhattan,0.9999,0.9999,0.9999,17,1039,3112,0.290266866,2.573584751,5.313742967,5732
2026-09-18T17:48:23.295,2,0.002,0.65,5,manhattan,0.9979,0.9971,0.9986,14,438,3143,0.37896969,1.514760528,4.487337082,5732
2026-09-18T17:48:31.172,2,0.002,0.65,6,manhattan,0.9996,0.9996,0.9996,5,1010,3204,0.362443484,1.844255106,5.667689345,5732
2026-09-18T17:48:39.432,2,0.002,0.65,7,manhattan,0.9996,0.9996,0.9995,17,1039,3112,0.315457098,2.091488466,5.848601306,5732
2026-09-18T17:48:46.638,2,0.002,0.7,5,manhattan,0.9988,0.9989,0.9988,15,438,3141,0.453035934,1.32561176,4.014154786,5732
2026-09-18T17:48:54.749,2,0.002,0.7,6,manhattan,0.999,0.9986,0.9993,5,1010,3204,0.472673781,2.06233886,5.573193392,5732
2026-09-18T17:49:03.514,2,0.002,0.7,7,manhattan,0.9998,0.9999,0.9997,18,1039,3110,0.333638962,2.842038772,5.587392904,5732
2026-09-18T17:49:10.966,2,0.002,0.75,5,manhattan,0.9962,0.9962,0.9962,16,438,3132,0.332587012,1.122660458,4.752776961,5732
2026-09-18T17:49:19.125,2,0.002,0.75,6,manhattan,0.9998,0.9999,0.9998,5,1010,3204,0.416011577,2.237881069,5.501408514,5732
2026-09-18T17:49:26.78,2,0.002,0.75,7,manhattan,0.9991,0.9986,0.9996,19,1039,3103,0.278594493,2.406641546,4.967206266,5732
2026-09-18T17:49:35.232,2,0.002,0.8,5,manhattan,0.9952,0.9926,0.9979,16,438,3132,0.477289944,1.49724048,5.095195537,5732
2026-09-18T17:49:43.279,2,0.002,0.8,6,manhattan,0.9989,0.9992,0.9986,5,1010,3204,0.345973082,1.853940702,5.838063715,5732
2026-09-18T17:49:50.104,2,0.002,0.8,7,manhattan,0.9996,0.9996,0.9995,23,1039,3068,0.319838943,2.215330699,4.28639316,5732
2026-09-18T17:49:58.938,2,0.0025,0.5,5,manhattan,0.9991,0.9991,0.9992,9,438,3184,0.643502818,1.394570578,5.506536754,5732
2026-09-18T17:50:06.608,2,0.0025,0.5,6,manhattan,0.9987,0.9992,0.9982,3,1010,3213,0.422042236,1.858292376,5.386893173,5732
2026-09-18T17:50:14.219,2,0.0025,0.5,7,manhattan,0.9995,0.9995,0.9995,10,1039,3154,0.498654198,1.876052049,5.232506112,5732
2026-09-18T17:50:24.129,2,0.0025,0.5,8,manhattan,0.9999,0.9999,0.9999,56,642,2630,0.394025176,2.469751711,7.04281861,5732
2026-09-18T17:50:37.39,2,0.0025,0.55,5,manhattan,0.9989,0.9984,0.9994,9,438,3184,0.517306164,2.216645602,8.810478587,5732
2026-09-18T17:50:50.358,2,0.0025,0.55,6,manhattan,0.9996,0.9998,0.9995,3,1010,3213,0.580993707,3.48107384,8.901358294,5732
2026-09-18T17:51:03.647,2,0.0025,0.55,7,manhattan,0.9998,0.9999,0.9998,10,1039,3149,0.350693727,3.854293073,9.080324475,5732
2026-09-18T17:51:13.231,2,0.0025,0.55,8,manhattan,0.9984,0.9975,0.9994,57,642,2625,0.408864644,2.532259774,6.636378788,5732
2026-09-18T17:51:26.334,2,0.0025,0.6,5,manhattan,0.9985,0.9983,0.9988,9,438,3184,0.496154787,2.158047746,8.951204542,5732
2026-09-18T17:51:39.587,2,0.0025,0.6,6,manhattan,0.9999,0.9999,0.9999,3,1010,3213,0.570620523,3.480058626,9.187464991,5732
2026-09-18T17:51:53.384,2,0.0025,0.6,7,manhattan,0.9996,0.9996,0.9996,10,1039,3149,0.502894615,3.836187476,9.452109097,5732
2026-09-18T17:52:03.071,2,0.0025,0.6,8,manhattan,0.9946,0.9974,0.9918,57,642,2625,0.41135735,2.369993354,6.901668926,5732
2026-09-18T17:52:15.997,2,0.0025,0.65,5,manhattan,0.9982,0.9972,0.9992,9,438,3181,0.911477099,2.199706495,8.335348416,5732
2026-09-18T17:52:29.28,2,0.0025,0.65,6,manhattan,0.9997,0.9998,0.9997,3,1010,3213,0.632329532,3.505995742,9.141250353,5732
2026-09-18T17:52:43.274,2,0.0025,0.65,7,manhattan,0.9996,0.9997,0.9995,10,1039,3149,0.429716611,4.356322423,9.20423173,5732
2026-09-18T17:52:53.01,2,0.0025,0.65,8,manhattan,0.9995,0.9995,0.9996,58,642,2618,0.466259763,2.601542446,6.664148401,5732
2026-09-18T17:53:06.065,2,0.0025,0.7,5,manhattan,0.9995,0.9997,0.9993,9,438,3172,0.749101796,2.353768933,8.447455699,5732
2026-09-18T17:53:19.496,2,0.0025,0.7,6,manhattan,0.9998,0.9997,0.9999,3,1010,3213,0.584556244,3.514793306,9.324617795,5732
2026-09-18T17:53:33.024,2,0.0025,0.7,7,manhattan,0.9998,0.9999,0.9997,10,1039,3149,0.484270794,4.107775138,8.927671016,5732
2026-09-18T17:53:43.092,2,0.0025,0.7,8,manhattan,0.996,0.9984,0.9937,58,642,2609,0.367558104,2.904283323,6.792263945,5732
2026-09-18T17:53:56.014,2,0.0025,0.75,5,manhattan,0.9988,0.9992,0.9984,10,438,3166,0.512768503,2.447739958,8.384878702,5732
2026-09-18T17:54:10.14,2,0.0025,0.75,6,manhattan,0.9995,0.9994,0.9997,3,1010,3213,0.566777364,3.642298786,9.914188856,5732
2026-09-18T17:54:23.034,2,0.0025,0.75,7,manhattan,0.9998,0.9999,0.9998,10,1039,3148,0.397871548,3.545142088,8.939744068,5732
2026-09-18T17:54:32.972,2,0.0025,0.75,8,manhattan,0.9998,0.9999,0.9997,58,642,2591,0.361909616,2.453059283,7.118596666,5732
2026-09-18T17:54:45.277,2,0.0025,0.8,5,manhattan,0.9994,0.9993,0.9996,10,438,3166,0.493151958,2.076901057,8.325150185,5732
2026-09-18T17:54:58.431,2,0.0025,0.8,6,manhattan,0.9991,0.9987,0.9995,3,1010,3213,0.541560523,3.149510632,9.448551449,5732
2026-09-18T17:55:10.785,2,0.0025,0.8,7,manhattan,0.9993,0.9991,0.9994,12,1039,3133,0.433637155,3.483677106,8.432607221,5732
2026-09-18T17:55:20.253,2,0.0025,0.8,8,manhattan,0.9991,0.9992,0.9989,58,642,2567,0.401230427,2.463952995,6.597635495,5732
2026-09-18T17:55:33.497,2,0.003,0.5,5,manhattan,0.999,0.9992,0.9989,4,438,3211,0.545527511,2.214013422,9.03429757,5732
2026-09-18T17:55:46.525,2,0.003,0.5,6,manhattan,0.9998,0.9999,0.9998,1,1010,3220,0.613950645,2.876033482,9.534509579,5732
2026-09-18T17:55:59.765,2,0.003,0.5,7,manhattan,0.9991,0.9987,0.9996,5,1039,3195,0.482655295,3.821891654,8.923744885,5732
2026-09-18T17:56:10.013,2,0.003,0.5,8,manhattan,0.9995,0.9994,0.9997,37,642,2844,0.396511039,2.585755302,7.261951519,5732
2026-09-18T17:56:18.143,2,0.003,0.5,9,manhattan,0.9912,0.9921,0.9905,56,520,2063,0.548272903,2.060638991,5.516908891,5732
2026-09-18T17:56:25.257,2,0.003,0.5,10,manhattan,0.9953,0.9947,0.9959,47,447,1541,1.260339027,1.496073152,4.337932502,5732
2026-09-18T17:56:36.745,2,0.003,0.55,5,manhattan,0.995,0.9909,0.9992,4,438,3211,0.593323217,2.196305082,8.694291453,5732
2026-09-18T17:56:49.05,2,0.003,0.55,6,manhattan,0.9996,0.9996,0.9997,1,1010,3220,0.62822321,2.491793845,9.181715653,5732
2026-09-18T17:57:02.651,2,0.003,0.55,7,manhattan,0.9988,0.9991,0.9985,6,1039,3185,0.51526987,3.715779201,9.36716318,5732
2026-09-18T17:57:13.376,2,0.003,0.55,8,manhattan,0.9991,0.9988,0.9993,37,642,2841,0.507243355,2.658168402,7.553727657,5732
2026-09-18T17:57:21.329,2,0.003,0.55,9,manhattan,0.9928,0.9932,0.9924,57,520,2060,0.480392645,2.00569223,5.462099857,5732
2026-09-18T17:57:28.917,2,0.003,0.55,10,manhattan,0.996,0.997,0.995,47,447,1541,1.33512422,1.649603609,4.600417533,5732
2026-09-18T17:57:40.183,2,0.003,0.6,5,manhattan,0.9992,0.9988,0.9997,4,438,3211,0.550804372,2.364885229,8.346713486,5732
2026-09-18T17:57:53.63,2,0.003,0.6,6,manhattan,0.9992,0.9987,0.9996,1,1010,3220,0.620659394,3.045472817,9.777210028,5732
2026-09-18T17:58:07.007,2,0.003,0.6,7,manhattan,0.9996,0.9997,0.9995,6,1039,3185,0.470240998,3.686843029,9.215829163,5732
2026-09-18T17:58:17.813,2,0.003,0.6,8,manhattan,0.9998,0.9999,0.9997,37,642,2841,0.442043816,2.692882967,7.666389829,5732
2026-09-18T17:58:25.442,2,0.003,0.6,9,manhattan,0.9985,0.9981,0.9988,57,520,2056,0.571791833,1.923720366,5.129472895,5732
2026-09-18T17:58:33.049,2,0.003,0.6,10,manhattan,0.9974,0.9973,0.9975,47,447,1535,1.341179812,1.828344901,4.433752576,5732
2026-09-18T17:58:44.218,2,0.003,0.65,5,manhattan,0.9998,0.9999,0.9998,4,438,3211,0.50389139,2.227546926,8.434154695,5732
2026-09-18T17:58:57.165,2,0.003,0.65,6,manhattan,0.9997,0.9998,0.9997,1,1010,3220,0.573123637,3.04941522,9.320174838,5732
2026-09-18T17:59:09.823,2,0.003,0.65,7,manhattan,0.9992,0.999,0.9992,6,1039,3185,0.416059209,3.66956561,8.556915506,5732
2026-09-18T17:59:20.382,2,0.003,0.65,8,manhattan,0.9989,0.9984,0.9994,37,642,2839,0.391733961,2.707484555,7.456547562,5732
2026-09-18T17:59:27.771,2,0.003,0.65,9,manhattan,0.9989,0.9994,0.9984,57,520,2056,0.538816945,1.732944294,5.113795192,5732
2026-09-18T17:59:34.91,2,0.003,0.65,10,manhattan,0.9987,0.9986,0.9989,47,447,1535,1.355590663,1.269407575,4.510198595,5732
2026-09-18T17:59:46.269,2,0.003,0.7,5,manhattan,0.9991,0.9991,0.9991,5,438,3200,0.551295986,2.430404012,8.373777422,5732
2026-09-18T17:59:59.862,2,0.003,0.7,6,manhattan,0.9997,0.9998,0.9997,1,1010,3220,0.609651702,3.175784033,9.802695129,5732
2026-09-18T18:00:12.413,2,0.003,0.7,7,manhattan,0.9991,0.9991,0.999,6,1039,3185,0.442805157,3.602069898,8.501532167,5732
2026-09-18T18:00:22.182,2,0.003,0.7,8,manhattan,0.9962,0.9945,0.9979,38,642,2832,0.386998718,2.491780925,6.886060645,5732
2026-09-18T18:00:30.042,2,0.003,0.7,9,manhattan,0.9872,0.9838,0.9909,55,520,2025,0.574859473,2.198653217,5.083403387,5732
2026-09-18T18:00:36.423,2,0.003,0.7,10,manhattan,0.9903,0.9868,0.9942,47,447,1535,1.333286554,1.33856167,3.706011123,5732
2026-09-18T18:00:43.207,2,0.003,0.75,5,manhattan,0.9988,0.9983,0.9992,6,438,3198,0.426350119,1.249812263,5.104475844,5732
2026-09-18T18:00:50.468,2,0.003,0.75,6,manhattan,0.9999,0.9999,0.9999,1,1010,3220,0.380438034,1.372877021,5.498379426,5732
2026-09-18T18:00:58.897,2,0.003,0.75,7,manhattan,0.9995,0.9994,0.9996,6,1039,3185,0.370979282,2.462328136,5.592841925,5732
2026-09-18T18:01:04.021,2,0.003,0.75,8,manhattan,0.999,0.9986,0.9994,38,642,2816,0.191365951,1.212435835,3.715344788,5732
2026-09-18T18:01:08.47,2,0.003,0.75,9,manhattan,0.9987,0.9992,0.9982,54,520,2011,0.346439343,1.125098898,2.974775578,5732
2026-09-18T18:01:13.372,2,0.003,0.75,10,manhattan,0.991,0.9907,0.9913,46,447,1509,1.03112934,0.846148354,3.020848998,5732
2026-09-18T18:01:20.036,2,0.003,0.8,5,manhattan,0.9995,0.9997,0.9992,6,438,3198,0.33885157,1.335375369,4.986231673,5732
2026-09-18T18:01:27.422,2,0.003,0.8,6,manhattan,0.9999,0.9999,0.9999,1,1010,3220,0.308724883,1.219377714,5.855548214,5732
2026-09-18T18:01:35.675,2,0.003,0.8,7,manhattan,0.9993,0.9996,0.999,8,1039,3176,0.34931443,2.338295795,5.562919104,5732
2026-09-18T18:01:41.162,2,0.003,0.8,8,manhattan,0.9995,0.9993,0.9996,40,642,2789,0.188890495,1.592417735,3.702961221,5732
2026-09-18T18:01:45.469,2,0.003,0.8,9,manhattan,0.9985,0.9988,0.9983,54,520,1997,0.251944997,0.73946502,3.310526333,5732
2026-09-18T18:01:50.184,2,0.003,0.8,10,manhattan,0.9955,0.9936,0.9974,46,447,1509,1.004483196,1.090933706,2.615708643,5732
2026-09-18T18:03:04.436,3,0.002,0.5,5,manhattan,0.9966,0.9957,0.9974,16,423,3145,1.575822317,8.957364827,7.042865753,5732
2026-09-18T18:03:14.37,3,0.002,0.5,6,manhattan,0.9999,0.9999,0.9999,3,1001,3216,0.446552075,2.476611386,5.675704406,5732
2026-09-18T18:03:21.366,3,0.002,0.5,7,manhattan,0.9996,0.9997,0.9995,15,1002,3144,0.32130198,1.771884748,4.900024561,5732
2026-09-18T18:03:31.132,3,0.002,0.55,5,manhattan,0.9939,0.9935,0.9944,16,423,3145,0.517891993,1.406132182,5.295912475,5732
2026-09-18T18:03:38.407,3,0.002,0.55,6,manhattan,0.9998,0.9997,0.9998,3,1001,3216,0.383734405,2.262115732,4.623356989,5732
2026-09-18T18:03:46.176,3,0.002,0.55,7,manhattan,0.9999,0.9999,0.9999,15,1002,3139,0.193961046,2.438605131,5.133356632,5732
2026-09-18T18:03:54.785,3,0.002,0.6,5,manhattan,0.9979,0.9972,0.9986,16,423,3145,0.486327901,1.795879367,4.933552172,5732
2026-09-18T18:04:01.75,3,0.002,0.6,6,manhattan,0.9998,0.9999,0.9998,4,1001,3213,0.347807744,1.720422581,4.893101398,5732
2026-09-18T18:04:09.093,3,0.002,0.6,7,manhattan,0.9999,0.9999,0.9999,17,1002,3132,0.236011045,2.032619346,5.069873374,5732
2026-09-18T18:04:17.181,3,0.002,0.65,5,manhattan,0.9994,0.9996,0.9992,16,423,3145,0.390701217,1.44355708,4.798667884,5732
2026-09-18T18:04:24.329,3,0.002,0.65,6,manhattan,0.9998,0.9999,0.9998,4,1001,3213,0.22288723,1.463094214,5.459166381,5732
2026-09-18T18:04:32.245,3,0.002,0.65,7,manhattan,0.9997,0.9996,0.9997,17,1002,3132,0.357628413,2.445400203,5.103730707,5732
2026-09-18T18:04:40.001,3,0.002,0.7,5,manhattan,0.9945,0.9939,0.9952,17,423,3139,0.524688393,1.348036066,4.519302971,5732
2026-09-18T18:04:47.411,3,0.002,0.7,6,manhattan,0.9996,0.9997,0.9994,4,1001,3213,0.236679497,1.71073014,5.460362973,5732
2026-09-18T18:04:55.59,3,0.002,0.7,7,manhattan,0.9999,0.9999,0.9999,18,1002,3129,0.332150085,2.524018008,5.320140084,5732
2026-09-18T18:05:03.258,3,0.002,0.75,5,manhattan,0.9176,0.8982,0.9558,18,423,3126,0.445531833,1.612563538,4.257444416,5732
2026-09-18T18:05:10.857,3,0.002,0.75,6,manhattan,0.9995,0.9994,0.9995,4,1001,3213,0.236326798,1.707819154,5.651883414,5732
2026-09-18T18:05:19.004,3,0.002,0.75,7,manhattan,0.9996,0.9995,0.9996,18,1002,3128,0.289403139,2.42124006,5.432865113,5732
2026-09-18T18:05:26.592,3,0.002,0.8,5,manhattan,0.9226,0.9256,0.9347,19,423,3119,0.535644403,1.441008569,4.206165862,5732
2026-09-18T18:05:34.518,3,0.002,0.8,6,manhattan,0.9994,0.9996,0.9992,4,1001,3213,0.376906297,2.111129805,5.435649617,5732
2026-09-18T18:05:42.435,3,0.002,0.8,7,manhattan,0.9997,0.9997,0.9998,24,1002,3106,0.305385839,2.344714423,5.262322007,5732
2026-09-18T18:05:49.603,3,0.0025,0.5,5,manhattan,0.9921,0.988,0.9965,10,423,3180,0.405649428,1.176755295,4.150423049,5732
2026-09-18T18:05:57.216,3,0.0025,0.5,6,manhattan,0.9995,0.9994,0.9996,1,1001,3222,0.402476257,1.661783868,5.545224243,5732
2026-09-18T18:06:05.459,3,0.0025,0.5,7,manhattan,0.9996,0.9996,0.9997,6,1002,3179,0.390451744,2.519024562,5.329221622,5732
2026-09-18T18:06:10.223,3,0.0025,0.5,8,manhattan,0.9988,0.9988,0.9989,62,566,2575,0.258816476,1.446440409,3.055822883,5732
2026-09-18T18:06:17.415,3,0.0025,0.55,5,manhattan,0.9985,0.9982,0.9987,10,423,3180,0.311111222,1.056711801,4.616333256,5732
2026-09-18T18:06:24.735,3,0.0025,0.55,6,manhattan,0.9994,0.9995,0.9994,1,1001,3222,0.350590362,1.671865953,5.295292633,5732
2026-09-18T18:06:30.713,3,0.0025,0.55,7,manhattan,0.9999,0.9999,0.9999,6,1002,3174,0.242914652,1.555969569,4.175559085,5732
2026-09-18T18:06:38.896,3,0.0025,0.55,8,manhattan,0.9997,0.9998,0.9997,62,566,2570,0.279851009,1.49027737,6.410183662,5732
2026-09-18T18:06:51.278,3,0.0025,0.6,5,manhattan,0.9943,0.9918,0.9969,10,423,3180,0.527399634,2.248548355,8.061761686,5732
2026-09-18T18:07:04.301,3,0.0025,0.6,6,manhattan,0.9999,0.9999,0.9999,1,1001,3222,0.519190204,2.985069912,9.514425935,5732
2026-09-18T18:07:17.207,3,0.0025,0.6,7,manhattan,0.9979,0.9963,0.9996,7,1002,3171,0.350387473,3.732604258,8.818873166,5732
2026-09-18T18:07:27.047,3,0.0025,0.6,8,manhattan,0.9999,0.9999,0.9999,62,566,2570,0.341091731,3.302007087,6.181026635,5732
2026-09-18T18:07:39.938,3,0.0025,0.65,5,manhattan,0.9986,0.999,0.998,10,423,3180,0.475019681,2.19928137,8.670784815,5732
2026-09-18T18:07:52.375,3,0.0025,0.65,6,manhattan,0.9989,0.9985,0.9994,1,1001,3222,0.542213329,2.686895609,9.203519349,5732
2026-09-18T18:08:05.326,3,0.0025,0.65,7,manhattan,0.9996,0.9995,0.9997,7,1002,3171,0.411246582,3.563342461,8.972680193,5732
2026-09-18T18:08:15.194,3,0.0025,0.65,8,manhattan,0.9984,0.9976,0.9993,62,566,2552,0.318103945,3.274567195,6.271282451,5732
2026-09-18T18:08:27.995,3,0.0025,0.7,5,manhattan,0.9966,0.9949,0.9983,10,423,3176,0.836368263,2.475902498,7.977926943,5732
2026-09-18T18:08:40.525,3,0.0025,0.7,6,manhattan,0.9992,0.9994,0.999,1,1001,3222,0.545955359,2.954761776,9.025340698,5732
2026-09-18T18:08:54.01,3,0.0025,0.7,7,manhattan,0.9999,0.9999,0.9999,7,1002,3171,0.501601363,4.192677266,8.784200924,5732
2026-09-18T18:09:04.499,3,0.0025,0.7,8,manhattan,0.9994,0.9996,0.9993,62,566,2552,0.377655695,3.149188523,6.945132864,5732
2026-09-18T18:09:16.995,3,0.0025,0.75,5,manhattan,0.9998,0.9999,0.9996,11,423,3165,0.468026329,2.253484182,8.329162569,5732
2026-09-18T18:09:30.133,3,0.0025,0.75,6,manhattan,0.9992,0.9987,0.9997,1,1001,3222,0.700183809,2.888069658,9.526156415,5732
2026-09-18T18:09:43.561,3,0.0025,0.75,7,manhattan,0.9998,0.9999,0.9998,7,1002,3170,0.46298155,3.995566097,8.965837768,5732
2026-09-18T18:09:53.4,3,0.0025,0.75,8,manhattan,0.998,0.9967,0.9994,63,566,2543,0.321994108,2.942783638,6.57107337,5732
2026-09-18T18:10:05.633,3,0.0025,0.8,5,manhattan,0.9957,0.9927,0.9987,12,423,3160,0.490284412,2.234289897,7.971437286,5732
2026-09-18T18:10:18.568,3,0.0025,0.8,6,manhattan,0.9999,0.9999,0.9999,1,1001,3222,0.502185446,2.901179085,9.524178439,5732
2026-09-18T18:10:31.606,3,0.0025,0.8,7,manhattan,0.9994,0.9994,0.9996,10,1002,3160,0.48723947,3.627798258,8.915844644,5732
2026-09-18T18:10:39.878,3,0.0025,0.8,8,manhattan,0.9994,0.9996,0.9993,62,566,2469,0.446075477,2.792751184,5.028184244,5732
2026-09-18T18:10:48.131,3,0.003,0.5,5,manhattan,0.9996,0.9996,0.9997,4,423,3214,0.494444442,1.121444171,5.233181687,5732
2026-09-18T18:10:55.858,3,0.003,0.5,6,manhattan,0.9996,0.9996,0.9995,1,1001,3224,0.403771813,1.522935316,5.790052757,5732
2026-09-18T18:11:02.836,3,0.003,0.5,7,manhattan,0.9995,0.9994,0.9997,4,1002,3207,0.343225873,2.107193407,4.523447565,5732
2026-09-18T18:11:08.666,3,0.003,0.5,8,manhattan,0.9995,0.9994,0.9996,36,566,2817,0.168887658,1.376160822,4.278290308,5732
2026-09-18T18:11:13.739,3,0.003,0.5,9,manhattan,0.9988,0.9993,0.9983,61,469,2096,0.388428022,1.573177146,3.107907546,5732
2026-09-18T18:11:18.427,3,0.003,0.5,10,manhattan,0.9871,0.9928,0.9824,51,408,1566,1.077266944,1.336486475,2.271356509,5732
2026-09-18T18:11:24.124,3,0.003,0.55,5,manhattan,0.9987,0.9982,0.9993,4,423,3214,0.255163844,0.73601353,4.704017862,5732
2026-09-18T18:11:32.026,3,0.003,0.55,6,manhattan,0.9998,0.9998,0.9998,1,1001,3224,0.357160406,1.313774353,6.22785064,5732
2026-09-18T18:11:38.763,3,0.003,0.55,7,manhattan,0.9999,0.9999,0.9999,4,1002,3200,0.353640054,2.102542255,4.27639272,5732
2026-09-18T18:11:45.206,3,0.003,0.55,8,manhattan,0.998,0.9974,0.9987,37,566,2813,0.248127749,1.995919402,4.195708449,5732
2026-09-18T18:11:50.153,3,0.003,0.55,9,manhattan,0.9807,0.9868,0.9768,61,469,2096,0.347601781,1.121878026,3.475684394,5732
2026-09-18T18:11:54.695,3,0.003,0.55,10,manhattan,0.9772,0.9643,0.9912,51,408,1566,0.950318449,0.727589897,2.860946008,5732
2026-09-18T18:12:00.057,3,0.003,0.6,5,manhattan,0.9999,0.9999,0.9999,4,423,3214,0.417617369,0.98290404,3.955577393,5732
2026-09-18T18:12:07.935,3,0.003,0.6,6,manhattan,0.9998,0.9999,0.9998,1,1001,3224,0.411523503,1.758288876,5.702732793,5732
2026-09-18T18:12:15.973,3,0.003,0.6,7,manhattan,0.9996,0.9997,0.9994,5,1002,3196,0.231608736,2.00928871,5.793129687,5732
2026-09-18T18:12:21.212,3,0.003,0.6,8,manhattan,0.9995,0.9997,0.9992,37,566,2813,0.282937368,1.559179267,3.393718535,5732
2026-09-18T18:12:25.904,3,0.003,0.6,9,manhattan,0.9818,0.992,0.9737,61,469,2096,0.34455677,1.502366904,2.84250615,5732
2026-09-18T18:12:30.659,3,0.003,0.6,10,manhattan,0.9981,0.9988,0.9974,51,408,1566,1.105039141,1.003322014,2.644005348,5732
2026-09-18T18:12:37.471,3,0.003,0.65,5,manhattan,0.9994,0.9995,0.9992,4,423,3214,0.354246067,1.371495211,5.081564394,5732
2026-09-18T18:12:43.997,3,0.003,0.65,6,manhattan,0.9979,0.9962,0.9996,1,1001,3224,0.400204947,1.468765121,4.654582839,5732
2026-09-18T18:12:51.78,3,0.003,0.65,7,manhattan,0.9998,0.9999,0.9997,5,1002,3196,0.312506093,2.013168395,5.454573755,5732
2026-09-18T18:12:58.157,3,0.003,0.65,8,manhattan,0.999,0.999,0.999,37,566,2807,0.363519809,1.836518572,4.171672694,5732
2026-09-18T18:13:02.102,3,0.003,0.65,9,manhattan,0.9991,0.9992,0.999,60,469,2082,0.382861109,1.214824059,2.339757434,5732
2026-09-18T18:13:06.977,3,0.003,0.65,10,manhattan,0.9977,0.9979,0.9975,51,408,1566,1.04622778,1.576952419,2.248478723,5732
2026-09-18T18:13:13.603,3,0.003,0.7,5,manhattan,0.9992,0.9994,0.999,5,423,3212,0.428347232,1.24584311,4.948891494,5732
2026-09-18T18:13:21.743,3,0.003,0.7,6,manhattan,0.9998,0.9997,0.9998,1,1001,3224,0.353075037,1.449484793,6.333608996,5732
2026-09-18T18:13:34.674,3,0.003,0.7,7,manhattan,0.9999,0.9999,0.9999,5,1002,3196,0.444721603,3.560012635,8.923062745,5732
2026-09-18T18:13:45.756,3,0.003,0.7,8,manhattan,0.9997,0.9998,0.9996,39,566,2798,0.398359878,3.505917868,7.17254742,5732
2026-09-18T18:13:53.516,3,0.003,0.7,9,manhattan,0.9954,0.9973,0.9936,60,469,2081,0.511502908,2.316264276,4.928678853,5732
2026-09-18T18:14:01.392,3,0.003,0.7,10,manhattan,0.9976,0.998,0.9972,51,408,1560,1.373017263,2.193873346,4.305914441,5732
2026-09-18T18:14:12.179,3,0.003,0.75,5,manhattan,0.9996,0.9996,0.9996,5,423,3203,0.505829277,2.174807012,8.083855363,5732
2026-09-18T18:14:25.278,3,0.003,0.75,6,manhattan,0.9998,0.9999,0.9998,1,1001,3224,0.512596972,2.966974301,9.615720522,5732
2026-09-18T18:14:37.59,3,0.003,0.75,7,manhattan,0.9998,0.9997,0.9998,5,1002,3196,0.431240898,3.291274989,8.573177152,5732
2026-09-18T18:14:48.965,3,0.003,0.75,8,manhattan,0.9998,0.9997,0.9998,41,566,2793,0.380569406,3.518942859,7.47081056,5732
2026-09-18T18:14:56.618,3,0.003,0.75,9,manhattan,0.9986,0.9992,0.9981,60,469,2057,0.526949715,2.206291973,4.91479286,5732
2026-09-18T18:15:04.394,3,0.003,0.75,10,manhattan,0.8504,0.9036,0.8546,51,408,1560,1.308798088,2.134325369,4.328075864,5732
2026-09-18T18:15:15.416,3,0.003,0.8,5,manhattan,0.9995,0.9995,0.9994,5,423,3203,0.476059828,2.368473397,8.174679826,5732
2026-09-18T18:15:28.647,3,0.003,0.8,6,manhattan,0.9998,0.9997,0.9998,1,1001,3224,0.552394589,2.673001444,10.000295258,5732
2026-09-18T18:15:41.452,3,0.003,0.8,7,manhattan,0.9999,0.9999,0.9999,5,1002,3196,0.495425991,3.672249543,8.628871914,5732
2026-09-18T18:15:52.147,3,0.003,0.8,8,manhattan,0.9998,0.9999,0.9998,45,566,2727,0.415573602,3.311563127,6.964410749,5732
2026-09-18T18:15:59.885,3,0.003,0.8,9,manhattan,0.9923,0.9933,0.9914,57,469,2009,0.490554209,2.358267692,4.885379531,5732
2026-09-18T18:16:07.399,3,0.003,0.8,10,manhattan,0.9648,0.9577,0.975,51,408,1550,1.208037926,1.764674608,4.537600911,5732
2026-09-18T18:17:43.149,4,0.002,0.5,5,manhattan,0.9988,0.9982,0.9994,15,435,3151,2.118033131,12.235953626,11.080259963,5732
2026-09-18T18:17:59.341,4,0.002,0.5,6,manhattan,0.9998,0.9999,0.9997,4,1007,3208,0.557817908,3.997232231,9.974700993,5732
2026-09-18T18:18:13.539,4,0.002,0.5,7,manhattan,0.9958,0.9938,0.998,13,1050,3140,0.419071814,4.46188229,9.313406585,5732
2026-09-18T18:18:27.707,4,0.002,0.55,5,manhattan,0.9991,0.9992,0.999,15,435,3151,0.49407512,2.364567241,8.28962134,5732
2026-09-18T18:18:41.925,4,0.002,0.55,6,manhattan,0.9999,0.9999,0.9999,4,1007,3208,0.57209229,3.925955868,9.716749782,5732
2026-09-18T18:18:55.744,4,0.002,0.55,7,manhattan,0.9996,0.9997,0.9995,14,1050,3131,0.494911889,4.31976272,8.998791982,5732
2026-09-18T18:19:09.358,4,0.002,0.6,5,manhattan,0.9982,0.9991,0.9974,15,435,3151,0.495598919,2.869500245,8.314616296,5732
2026-09-18T18:19:22.902,4,0.002,0.6,6,manhattan,0.9999,0.9999,0.9999,4,1007,3208,0.567222603,3.710305667,9.263345435,5732
2026-09-18T18:19:36.98,4,0.002,0.6,7,manhattan,0.9999,0.9999,0.9999,14,1050,3131,0.527990002,4.568982159,8.973482042,5732
2026-09-18T18:19:49.862,4,0.002,0.65,5,manhattan,0.9952,0.9982,0.9923,15,435,3151,0.45085884,2.391599469,8.330659967,5732
2026-09-18T18:20:03.282,4,0.002,0.65,6,manhattan,0.9996,0.9998,0.9995,4,1007,3208,0.582758598,3.515613173,9.316082416,5732
2026-09-18T18:20:17.489,4,0.002,0.65,7,manhattan,0.9998,0.9999,0.9998,14,1050,3131,0.439593922,4.13056625,9.633806354,5732
2026-09-18T18:20:30.654,4,0.002,0.7,5,manhattan,0.9979,0.9978,0.998,17,435,3133,0.596952312,2.460500388,8.35357868,5732
2026-09-18T18:20:44.026,4,0.002,0.7,6,manhattan,0.9996,0.9995,0.9996,4,1007,3208,0.605258891,3.591542714,9.171992831,5732
2026-09-18T18:20:58.144,4,0.002,0.7,7,manhattan,0.9989,0.9993,0.9985,15,1050,3129,0.442340433,4.631588768,9.039909251,5732
2026-09-18T18:21:11.412,4,0.002,0.75,5,manhattan,0.9947,0.9906,0.999,18,435,3128,0.580212741,2.512949693,8.383888911,5732
2026-09-18T18:21:25.945,4,0.002,0.75,6,manhattan,0.9998,0.9999,0.9996,4,1007,3208,0.703495196,4.044624605,9.78122751,5732
2026-09-18T18:21:40.316,4,0.002,0.75,7,manhattan,0.9996,0.9997,0.9995,16,1050,3127,0.455409981,4.745042172,9.167008046,5732
2026-09-18T18:21:53.78,4,0.002,0.8,5,manhattan,0.9801,0.9705,0.9921,19,435,3125,0.753609495,2.526635451,8.4106475,5732
2026-09-18T18:22:07.655,4,0.002,0.8,6,manhattan,0.9998,0.9999,0.9996,4,1007,3208,0.571005559,3.762916305,9.527001147,5732
2026-09-18T18:22:22.127,4,0.002,0.8,7,manhattan,0.9997,0.9998,0.9997,20,1050,3108,0.454700323,5.004164274,9.006940231,5732
2026-09-18T18:22:36.105,4,0.0025,0.5,5,manhattan,0.9989,0.9991,0.9988,9,435,3183,0.672473003,2.857707884,8.654308057,5732
2026-09-18T18:22:49.479,4,0.0025,0.5,6,manhattan,0.9999,0.9999,0.9999,2,1007,3216,0.564095387,3.473725694,9.332647383,5732
2026-09-18T18:23:03.705,4,0.0025,0.5,7,manhattan,0.9999,0.9999,0.9999,6,1050,3168,0.517129466,4.192557068,9.512375603,5732
2026-09-18T18:23:14.146,4,0.0025,0.5,8,manhattan,0.9988,0.9986,0.9991,65,625,2553,0.396283635,3.43673486,6.604630943,5732
2026-09-18T18:23:27.672,4,0.0025,0.55,5,manhattan,0.9973,0.9953,0.9993,9,435,3183,0.685970399,2.563359421,8.71467262,5732
2026-09-18T18:23:40.687,4,0.0025,0.55,6,manhattan,0.9998,0.9999,0.9998,2,1007,3216,0.626951609,3.15705601,9.226479617,5732
2026-09-18T18:23:53.897,4,0.0025,0.55,7,manhattan,0.9992,0.9993,0.9992,6,1050,3162,0.484949373,3.870029093,8.850546,5732
2026-09-18T18:24:04.645,4,0.0025,0.55,8,manhattan,0.9994,0.9995,0.9993,66,625,2549,0.374025202,3.477951443,6.881833499,5732
2026-09-18T18:24:17.367,4,0.0025,0.6,5,manhattan,0.9994,0.9996,0.9993,9,435,3183,0.481248061,2.424765581,8.314865629,5732
2026-09-18T18:24:30.523,4,0.0025,0.6,6,manhattan,0.9996,0.9996,0.9996,2,1007,3216,0.565492703,3.354178703,9.232127196,5732
2026-09-18T18:24:44.331,4,0.0025,0.6,7,manhattan,0.9995,0.9996,0.9994,6,1050,3162,0.537895808,3.723201519,9.543427618,5732
2026-09-18T18:24:54.912,4,0.0025,0.6,8,manhattan,0.9986,0.9989,0.9983,66,625,2546,0.37222134,3.38246989,6.822345794,5732
2026-09-18T18:25:07.817,4,0.0025,0.65,5,manhattan,0.9979,0.9964,0.9994,9,435,3183,0.499235139,2.360390729,8.579386465,5732
2026-09-18T18:25:21.617,4,0.0025,0.65,6,manhattan,0.9999,0.9999,0.9999,2,1007,3216,0.569907444,3.92418141,9.290200963,5732
2026-09-18T18:25:35.162,4,0.0025,0.65,7,manhattan,0.9996,0.9995,0.9996,6,1050,3162,0.450063418,3.7990256,9.291384425,5732
2026-09-18T18:25:45.654,4,0.0025,0.65,8,manhattan,0.9996,0.9996,0.9996,66,625,2526,0.484111695,3.464106586,6.539589665,5732
2026-09-18T18:25:58.03,4,0.0025,0.7,5,manhattan,0.9988,0.9988,0.9988,9,435,3172,0.477259353,2.200894007,8.115684154,5732
2026-09-18T18:26:11.248,4,0.0025,0.7,6,manhattan,0.9994,0.9994,0.9996,2,1007,3216,0.561463207,3.758620993,8.891659986,5732
2026-09-18T18:26:24.541,4,0.0025,0.7,7,manhattan,0.9996,0.9996,0.9996,6,1050,3162,0.45666056,3.976719552,8.854959483,5732
2026-09-18T18:26:35.034,4,0.0025,0.7,8,manhattan,0.9868,0.9777,0.9974,66,625,2515,0.37234056,3.336437747,6.776666489,5732
2026-09-18T18:26:47.977,4,0.0025,0.75,5,manhattan,0.9983,0.9968,0.9998,10,435,3170,0.462049587,2.472421186,8.555177993,5732
2026-09-18T18:27:02.42,4,0.0025,0.75,6,manhattan,0.9999,0.9999,0.9999,2,1007,3216,0.643527332,3.966375562,9.828922157,5732
2026-09-18T18:27:15.825,4,0.0025,0.75,7,manhattan,0.9996,0.9997,0.9994,6,1050,3162,0.44601276,3.910087987,9.045428951,5732
2026-09-18T18:27:26.406,4,0.0025,0.75,8,manhattan,0.999,0.9983,0.9996,66,625,2510,0.374974277,3.471537705,6.731501706,5732
2026-09-18T18:27:40.145,4,0.0025,0.8,5,manhattan,0.9994,0.9994,0.9995,11,435,3167,0.728900679,2.729766664,8.804106123,5732
2026-09-18T18:27:53.718,4,0.0025,0.8,6,manhattan,0.9999,0.9999,0.9999,2,1007,3216,0.564186181,3.4868046,9.519188415,5732
2026-09-18T18:28:07.736,4,0.0025,0.8,7,manhattan,0.9995,0.9996,0.9994,8,1050,3152,0.506984592,3.957927345,9.548703363,5732
2026-09-18T18:28:18.019,4,0.0025,0.8,8,manhattan,0.9951,0.994,0.9962,64,625,2470,0.401244186,3.380832461,6.497472129,5732
2026-09-18T18:28:31.291,4,0.003,0.5,5,manhattan,0.9961,0.9928,0.9994,3,435,3213,0.539752191,2.07009006,9.100559185,5732
2026-09-18T18:28:44.658,4,0.003,0.5,6,manhattan,0.9998,0.9998,0.9998,1,1007,3220,0.606437743,3.166617707,9.590660683,5732
2026-09-18T18:28:58.756,4,0.003,0.5,7,manhattan,0.9994,0.9996,0.9993,4,1050,3190,0.504813156,4.002447773,9.586235607,5732
2026-09-18T18:29:10.233,4,0.003,0.5,8,manhattan,0.9935,0.9897,0.9976,36,625,2791,0.405302666,3.303011196,7.763864445,5732
2026-09-18T18:29:19.31,4,0.003,0.5,9,manhattan,0.9973,0.9964,0.9982,55,543,2137,0.555704091,2.67920077,5.838044299,5732
2026-09-18T18:29:27.76,4,0.003,0.5,10,manhattan,0.9921,0.9906,0.9936,51,469,1671,1.416416947,2.012145919,5.017073537,5732
2026-09-18T18:29:38.89,4,0.003,0.55,5,manhattan,1.0,1.0,1.0,3,435,3213,0.514101495,2.087565408,8.523377209,5732
2026-09-18T18:29:52.092,4,0.003,0.55,6,manhattan,0.9996,0.9997,0.9995,1,1007,3220,0.627894816,2.871875129,9.698074279,5732
2026-09-18T18:30:05.563,4,0.003,0.55,7,manhattan,0.9996,0.9997,0.9996,4,1050,3189,0.454428222,3.854752978,9.147423418,5732
2026-09-18T18:30:17.131,4,0.003,0.55,8,manhattan,0.9985,0.9974,0.9995,36,625,2786,0.440264818,3.371796947,7.751989043,5732
2026-09-18T18:30:25.863,4,0.003,0.55,9,manhattan,0.9972,0.9962,0.9983,55,543,2137,0.514512301,2.611818202,5.602666086,5732
2026-09-18T18:30:34.051,4,0.003,0.55,10,manhattan,0.9975,0.9978,0.9972,51,469,1671,1.290765195,2.113221832,4.780519265,5732
2026-09-18T18:30:45.515,4,0.003,0.6,5,manhattan,0.9984,0.9979,0.9989,3,435,3213,0.5432562,2.253758867,8.660523377,5732
2026-09-18T18:30:58.394,4,0.003,0.6,6,manhattan,0.9998,0.9999,0.9997,1,1007,3220,0.575478687,2.851342336,9.447734655,5732
2026-09-18T18:31:11.739,4,0.003,0.6,7,manhattan,0.9997,0.9998,0.9997,5,1050,3185,0.516476519,3.994326412,8.830106236,5732
2026-09-18T18:31:22.771,4,0.003,0.6,8,manhattan,0.9997,0.9998,0.9997,36,625,2786,0.401292376,3.076480413,7.550606727,5732
2026-09-18T18:31:31.975,4,0.003,0.6,9,manhattan,0.9988,0.9989,0.9986,55,543,2137,0.592587578,3.162862478,5.442299001,5732
2026-09-18T18:31:40.741,4,0.003,0.6,10,manhattan,0.9913,0.9876,0.9953,51,469,1671,1.407859288,2.685586433,4.668281518,5732
2026-09-18T18:31:52.434,4,0.003,0.65,5,manhattan,0.9997,0.9998,0.9996,3,435,3213,0.512046693,2.268819174,8.905157662,5732
2026-09-18T18:32:06.376,4,0.003,0.65,6,manhattan,0.9996,0.9998,0.9994,1,1007,3220,0.59699743,3.087135686,10.25240061,5732
2026-09-18T18:32:20.321,4,0.003,0.65,7,manhattan,0.9997,0.9998,0.9997,5,1050,3185,0.490852362,3.974945582,9.476024655,5732
2026-09-18T18:32:31.934,4,0.003,0.65,8,manhattan,0.9999,0.9999,0.9999,37,625,2764,0.419796628,3.346842011,7.839406157,5732
2026-09-18T18:32:40.719,4,0.003,0.65,9,manhattan,0.9985,0.9982,0.9987,53,543,2109,0.507667013,2.692743355,5.580591685,5732
2026-09-18T18:32:49.372,4,0.003,0.65,10,manhattan,0.971,0.9696,0.9749,51,469,1671,1.334336339,2.790229214,4.525289212,5732
2026-09-18T18:33:00.615,4,0.003,0.7,5,manhattan,0.9997,0.9997,0.9997,3,435,3213,0.530190633,2.172283505,8.536333265,5732
2026-09-18T18:33:13.77,4,0.003,0.7,6,manhattan,0.9999,0.9999,0.9999,1,1007,3220,0.540372521,2.928524551,9.682034658,5732
2026-09-18T18:33:27.766,4,0.003,0.7,7,manhattan,0.9994,0.9994,0.9993,5,1050,3185,0.439516538,4.172804403,9.379908804,5732
2026-09-18T18:33:38.513,4,0.003,0.7,8,manhattan,0.9996,0.9997,0.9994,38,625,2755,0.341511547,3.065370961,7.336324927,5732
2026-09-18T18:33:47.346,4,0.003,0.7,9,manhattan,0.9984,0.9973,0.9994,52,543,2094,0.509747306,2.626894361,5.68075341,5732
2026-09-18T18:33:55.382,4,0.003,0.7,10,manhattan,0.9733,0.9641,0.9872,51,469,1654,1.279394353,2.346564231,4.395676778,5732
2026-09-18T18:34:07.048,4,0.003,0.75,5,manhattan,0.9999,0.9999,0.9999,4,435,3202,0.658492656,2.104451328,8.898491345,5732
2026-09-18T18:34:20.371,4,0.003,0.75,6,manhattan,0.9999,0.9999,0.9999,1,1007,3220,0.567390457,3.179187266,9.572579661,5732
2026-09-18T18:34:33.94,4,0.003,0.75,7,manhattan,0.9998,0.9999,0.9998,5,1050,3185,0.549487307,3.889983675,9.125818121,5732
2026-09-18T18:34:45.261,4,0.003,0.75,8,manhattan,0.9997,0.9997,0.9998,38,625,2755,0.410178044,3.379803121,7.526770124,5732
2026-09-18T18:34:54.029,4,0.003,0.75,9,manhattan,0.9982,0.9967,0.9997,52,543,2078,0.563458106,2.695903691,5.504319051,5732
2026-09-18T18:35:02.447,4,0.003,0.75,10,manhattan,0.9903,0.9852,0.9958,51,469,1654,1.264167247,2.688594437,4.461746135,5732
2026-09-18T18:35:13.672,4,0.003,0.8,5,manhattan,0.9994,0.9992,0.9996,4,435,3202,0.505351579,2.165921209,8.550315443,5732
2026-09-18T18:35:27.208,4,0.003,0.8,6,manhattan,0.9999,0.9999,0.9999,1,1007,3220,0.606212161,2.960627685,9.963887111,5732
2026-09-18T18:35:40.955,4,0.003,0.8,7,manhattan,0.9998,0.9999,0.9998,6,1050,3181,0.464186556,4.123305079,9.155840853,5732
2026-09-18T18:35:52.101,4,0.003,0.8,8,manhattan,0.9992,0.9993,0.9992,38,625,2709,0.470224975,3.053272472,7.617644919,5732
2026-09-18T18:36:00.718,4,0.003,0.8,9,manhattan,0.9985,0.9975,0.9994,52,543,2064,0.571816169,2.510556221,5.529797201,5732
2026-09-18T18:36:08.788,4,0.003,0.8,10,manhattan,0.9801,0.9703,0.9918,51,469,1651,1.26724914,2.123014061,4.676739543,5732
2026-09-18T18:37:46.542,5,0.002,0.5,5,manhattan,0.9974,0.9966,0.9981,14,435,3154,2.23670081,12.294901638,10.307886985,5732
2026-09-18T18:38:01.431,5,0.002,0.5,6,manhattan,0.9996,0.9996,0.9996,3,1009,3211,0.559071366,3.500022697,9.181009676,5732
2026-09-18T18:38:14.739,5,0.002,0.5,7,manhattan,0.9993,0.9991,0.9995,16,1080,3151,0.437475564,4.098167335,8.767684019,5732
2026-09-18T18:38:29.456,5,0.002,0.55,5,manhattan,0.9973,0.9981,0.9966,14,435,3154,0.55147667,2.279023175,8.746672646,5732
2026-09-18T18:38:42.702,5,0.002,0.55,6,manhattan,0.9998,0.9997,0.9998,3,1009,3211,0.552266716,3.363529091,9.327079658,5732
2026-09-18T18:38:56.4,5,0.002,0.55,7,manhattan,0.9999,0.9999,0.9999,17,1080,3142,0.48894967,4.12155164,9.073263289,5732
2026-09-18T18:39:09.917,5,0.002,0.6,5,manhattan,0.9975,0.9959,0.9992,14,435,3154,0.551182707,2.315483541,8.86672628,5732
2026-09-18T18:39:23.433,5,0.002,0.6,6,manhattan,0.9999,0.9999,0.9999,3,1009,3211,0.597305983,3.338224147,9.577049302,5732
2026-09-18T18:39:36.936,5,0.002,0.6,7,manhattan,0.9998,0.9997,0.9998,17,1080,3141,0.453679123,4.115488567,8.929239939,5732
2026-09-18T18:39:50.692,5,0.002,0.65,5,manhattan,0.9994,0.9992,0.9996,14,435,3154,0.614092438,2.885382842,8.486246624,5732
2026-09-18T18:40:04.305,5,0.002,0.65,6,manhattan,0.9998,0.9999,0.9998,3,1009,3211,0.527434249,3.747745612,9.333789673,5732
2026-09-18T18:40:18.49,5,0.002,0.65,7,manhattan,0.9995,0.9995,0.9994,17,1080,3141,0.405963813,4.33832405,9.436039611,5732
2026-09-18T18:40:32.162,5,0.002,0.7,5,manhattan,0.9972,0.9986,0.996,15,435,3138,0.513362949,2.58209891,8.700713079,5732
2026-09-18T18:40:46.248,5,0.002,0.7,6,manhattan,0.9998,0.9999,0.9998,3,1009,3211,0.528039844,4.10748495,9.443570052,5732
2026-09-18T18:40:59.474,5,0.002,0.7,7,manhattan,0.9997,0.9997,0.9998,18,1080,3134,0.491998318,4.200022529,8.530434174,5732
2026-09-18T18:41:13.126,5,0.002,0.75,5,manhattan,0.9982,0.9979,0.9985,16,435,3135,0.860926761,2.327492005,8.695212718,5732
2026-09-18T18:41:26.193,5,0.002,0.75,6,manhattan,0.9998,0.9998,0.9998,3,1009,3211,0.532385168,3.621105165,8.89212509,5732
2026-09-18T18:41:40.119,5,0.002,0.75,7,manhattan,0.9974,0.9956,0.9991,18,1080,3123,0.448295816,4.475871353,8.977146755,5732
2026-09-18T18:41:52.989,5,0.002,0.8,5,manhattan,0.9864,0.9831,0.9902,17,435,3126,0.502826742,2.317481216,8.270918815,5732
2026-09-18T18:42:06.185,5,0.002,0.8,6,manhattan,0.9989,0.9985,0.9994,3,1009,3211,0.49734866,3.585244387,9.108674286,5732
2026-09-18T18:42:19.429,5,0.002,0.8,7,manhattan,0.998,0.9965,0.9996,23,1080,3087,0.447810279,4.454905866,8.336772291,5732
2026-09-18T18:42:32.738,5,0.0025,0.5,5,manhattan,0.9996,0.9995,0.9998,7,435,3198,0.424275397,2.015195898,9.045859049,5732
2026-09-18T18:42:45.744,5,0.0025,0.5,6,manhattan,0.998,0.9965,0.9996,2,1009,3217,0.643222314,3.157720602,9.200798254,5732
2026-09-18T18:42:58.565,5,0.0025,0.5,7,manhattan,0.9996,0.9996,0.9997,5,1080,3196,0.409259005,3.454752952,8.952875607,5732
2026-09-18T18:43:08.922,5,0.0025,0.5,8,manhattan,0.9993,0.9991,0.9995,53,614,2547,0.404528485,3.160574056,6.788320999,5732
2026-09-18T18:43:21.785,5,0.0025,0.55,5,manhattan,0.9952,0.9922,0.9982,7,435,3198,0.486143997,2.248339615,8.571187185,5732
2026-09-18T18:43:34.652,5,0.0025,0.55,6,manhattan,0.9998,0.9999,0.9998,2,1009,3217,0.589938729,3.300768204,8.971834984,5732
2026-09-18T18:43:48.162,5,0.0025,0.55,7,manhattan,0.999,0.9983,0.9996,5,1080,3190,0.414320854,3.497928133,9.594903838,5732
2026-09-18T18:43:57.965,5,0.0025,0.55,8,manhattan,0.992,0.9874,0.9969,54,614,2536,0.391070401,3.213542725,6.194080508,5732
2026-09-18T18:44:11.206,5,0.0025,0.6,5,manhattan,0.9969,0.9954,0.9984,7,435,3198,0.473663628,2.64191524,8.499259559,5732
2026-09-18T18:44:24.304,5,0.0025,0.6,6,manhattan,0.9996,0.9995,0.9998,2,1009,3217,0.527757308,3.417354101,9.14753639,5732
2026-09-18T18:44:38.183,5,0.0025,0.6,7,manhattan,0.9996,0.9996,0.9997,5,1080,3189,0.491202076,3.647199193,9.7366366,5732
2026-09-18T18:44:48.302,5,0.0025,0.6,8,manhattan,0.9881,0.984,0.9928,54,614,2535,0.437107488,3.309041725,6.368839469,5732
2026-09-18T18:45:00.891,5,0.0025,0.65,5,manhattan,0.999,0.9991,0.999,7,435,3198,0.470157085,1.973741896,8.596021438,5732
2026-09-18T18:45:14.327,5,0.0025,0.65,6,manhattan,0.9996,0.9996,0.9995,2,1009,3217,0.57450685,3.381183137,9.476194473,5732
2026-09-18T18:45:27.544,5,0.0025,0.65,7,manhattan,0.9996,0.9998,0.9995,5,1080,3189,0.444840923,3.493093479,9.275159026,5732
2026-09-18T18:45:37.981,5,0.0025,0.65,8,manhattan,0.9992,0.9992,0.9992,54,614,2532,0.433769053,3.242444071,6.757055928,5732
2026-09-18T18:45:51.186,5,0.0025,0.7,5,manhattan,0.9994,0.9994,0.9996,7,435,3186,0.630770721,2.531824135,8.404307069,5732
2026-09-18T18:46:04.786,5,0.0025,0.7,6,manhattan,0.9992,0.9988,0.9996,2,1009,3217,0.673829755,3.498162801,9.423906692,5732
2026-09-18T18:46:18.683,5,0.0025,0.7,7,manhattan,0.9975,0.9955,0.9995,6,1080,3186,0.463353033,3.726026972,9.703822718,5732
2026-09-18T18:46:28.487,5,0.0025,0.7,8,manhattan,0.9992,0.9991,0.9993,54,614,2506,0.359759445,3.235827894,6.204744362,5732
2026-09-18T18:46:42.213,5,0.0025,0.75,5,manhattan,0.999,0.9992,0.9988,7,435,3186,0.677192426,2.70591569,8.77860009,5732
2026-09-18T18:46:56.013,5,0.0025,0.75,6,manhattan,0.9994,0.9994,0.9995,2,1009,3217,0.629210177,3.4427327,9.724312328,5732
2026-09-18T18:47:10.173,5,0.0025,0.75,7,manhattan,0.9977,0.9968,0.9986,6,1080,3184,0.465545435,3.895202995,9.79531469,5732
2026-09-18T18:47:20.261,5,0.0025,0.75,8,manhattan,0.9981,0.9983,0.998,57,614,2491,0.409235958,3.586588651,6.088466817,5732
2026-09-18T18:47:32.878,5,0.0025,0.8,5,manhattan,0.9973,0.9962,0.9984,7,435,3183,0.54480344,2.124021121,8.440206628,5732
2026-09-18T18:47:46.581,5,0.0025,0.8,6,manhattan,0.9999,0.9999,0.9999,2,1009,3217,0.640144668,3.679126922,9.378319107,5732
2026-09-18T18:48:00.18,5,0.0025,0.8,7,manhattan,0.999,0.9989,0.9991,9,1080,3153,0.441795684,3.959873367,9.191390014,5732
2026-09-18T18:48:09.944,5,0.0025,0.8,8,manhattan,0.9974,0.9966,0.9981,57,614,2466,0.388424657,3.207820033,6.163902034,5732
2026-09-18T18:48:22.844,5,0.003,0.5,5,manhattan,0.9976,0.996,0.9992,4,435,3211,0.502125671,2.152538827,8.737844786,5732
2026-09-18T18:48:35.761,5,0.003,0.5,6,manhattan,0.9998,0.9998,0.9998,1,1009,3220,0.599950332,2.993725229,9.317417814,5732
2026-09-18T18:48:49.839,5,0.003,0.5,7,manhattan,0.9999,0.9999,0.9999,3,1080,3211,0.485401998,3.714932333,9.871440503,5732
2026-09-18T18:48:59.603,5,0.003,0.5,8,manhattan,0.9995,0.9995,0.9994,37,614,2694,0.401631031,2.881060457,6.47766553,5732
2026-09-18T18:49:07.992,5,0.003,0.5,9,manhattan,0.9959,0.9978,0.994,53,546,2036,0.489825983,2.599321351,5.293758412,5732
2026-09-18T18:49:15.601,5,0.003,0.5,10,manhattan,0.9954,0.9975,0.9933,54,481,1530,1.221320845,2.000741523,4.366795258,5732
2026-09-18T18:49:25.995,5,0.003,0.55,5,manhattan,0.9989,0.999,0.9987,4,435,3211,0.549789581,2.186220771,7.654707275,5732
2026-09-18T18:49:34.682,5,0.003,0.55,6,manhattan,0.9998,0.9998,0.9998,1,1009,3220,0.556981883,2.376371315,5.746828158,5732
2026-09-18T18:49:43.003,5,0.003,0.55,7,manhattan,0.9994,0.9994,0.9996,4,1080,3208,0.378725946,2.383309113,5.553889464,5732
2026-09-18T18:49:49.318,5,0.003,0.55,8,manhattan,0.9987,0.9983,0.9991,38,614,2691,0.25463751,2.073174664,3.984200499,5732
2026-09-18T18:49:53.702,5,0.003,0.55,9,manhattan,0.9979,0.9976,0.9982,53,546,2036,0.370485739,1.520505089,2.48982488,5732
2026-09-18T18:49:58.301,5,0.003,0.55,10,manhattan,0.9864,0.9801,0.9932,54,481,1530,0.979672221,1.292232693,2.323236632,5732
2026-09-18T18:50:05.449,5,0.003,0.6,5,manhattan,0.9993,0.999,0.9996,4,435,3211,0.398916423,1.380780347,5.364890401,5732
2026-09-18T18:50:12.585,5,0.003,0.6,6,manhattan,0.9996,0.9996,0.9996,1,1009,3220,0.407194483,1.671103839,5.055381315,5732
2026-09-18T18:50:20.314,5,0.003,0.6,7,manhattan,0.9993,0.9993,0.9993,4,1080,3207,0.191207877,1.785771532,5.749251108,5732
2026-09-18T18:50:26.503,5,0.003,0.6,8,manhattan,0.9986,0.9986,0.9985,38,614,2691,0.247252026,1.622390418,4.31725526,5732
2026-09-18T18:50:31.021,5,0.003,0.6,9,manhattan,0.9994,0.9993,0.9995,52,546,2011,0.400236641,1.244306039,2.870121984,5732
2026-09-18T18:50:35.412,5,0.003,0.6,10,manhattan,0.991,0.9914,0.9909,54,481,1530,0.759752826,1.086272077,2.542898729,5732
2026-09-18T18:50:41.689,5,0.003,0.65,5,manhattan,0.9994,0.9995,0.9993,4,435,3211,0.377578306,0.822378721,5.074771405,5732
2026-09-18T18:50:49.949,5,0.003,0.65,6,manhattan,0.9998,0.9998,0.9998,1,1009,3220,0.424622789,2.021464403,5.811774196,5732
2026-09-18T18:50:56.959,5,0.003,0.65,7,manhattan,0.9979,0.9963,0.9995,4,1080,3207,0.284144944,1.923113764,4.795066649,5732
2026-09-18T18:51:03.217,5,0.003,0.65,8,manhattan,0.9984,0.9987,0.9982,38,614,2687,0.262566292,1.581555284,4.411469941,5732
2026-09-18T18:51:07.878,5,0.003,0.65,9,manhattan,0.9934,0.9897,0.9974,52,546,2010,0.294285544,1.006064434,3.348475485,5732
2026-09-18T18:51:13.004,5,0.003,0.65,10,manhattan,0.9957,0.9959,0.9956,54,481,1524,0.904497513,1.69652176,2.521740316,5732
2026-09-18T18:51:18.87,5,0.003,0.7,5,manhattan,0.9998,0.9999,0.9997,5,435,3200,0.323087576,1.230741447,4.30959837,5732
2026-09-18T18:51:26.597,5,0.003,0.7,6,manhattan,0.9999,0.9999,0.9999,1,1009,3220,0.39497665,1.582236799,5.746058921,5732
2026-09-18T18:51:35.019,5,0.003,0.7,7,manhattan,0.9997,0.9998,0.9997,4,1080,3207,0.351443529,2.355514477,5.711966518,5732
2026-09-18T18:51:39.769,5,0.003,0.7,8,manhattan,0.9973,0.9955,0.9991,37,614,2668,0.265769374,1.326087216,3.156127163,5732
2026-09-18T18:51:44.521,5,0.003,0.7,9,manhattan,0.9918,0.9912,0.9924,50,546,1977,0.348318182,1.447663513,2.952109265,5732
2026-09-18T18:51:49.641,5,0.003,0.7,10,manhattan,0.9938,0.9937,0.994,53,481,1511,1.134521749,1.35374552,2.626633869,5732
2026-09-18T18:51:56.632,5,0.003,0.75,5,manhattan,0.9992,0.9989,0.9994,5,435,3200,0.366719244,1.185193882,5.414122257,5732
2026-09-18T18:52:03.583,5,0.003,0.75,6,manhattan,0.9996,0.9994,0.9997,1,1009,3220,0.275980306,1.404624384,5.26749785,5732
2026-09-18T18:52:11.555,5,0.003,0.75,7,manhattan,0.9992,0.9988,0.9995,4,1080,3207,0.195905153,1.987792517,5.785233079,5732
2026-09-18T18:52:17.802,5,0.003,0.75,8,manhattan,0.9948,0.9985,0.9912,37,614,2665,0.331684395,1.704081359,4.205652292,5732
2026-09-18T18:52:21.597,5,0.003,0.75,9,manhattan,0.9994,0.9996,0.9991,50,546,1977,0.359392007,1.116423661,2.316738208,5732
2026-09-18T18:52:26.37,5,0.003,0.75,10,manhattan,0.9468,0.9736,0.9303,53,481,1500,0.959118567,1.553105464,2.258448437,5732
2026-09-18T18:52:33.039,5,0.003,0.8,5,manhattan,0.9981,0.9975,0.9986,6,435,3198,0.385632036,1.341697401,4.935067965,5732
2026-09-18T18:52:40.503,5,0.003,0.8,6,manhattan,0.9999,0.9999,0.9999,1,1009,3220,0.40806981,1.596098567,5.44683843,5732
2026-09-18T18:52:48.029,5,0.003,0.8,7,manhattan,0.9989,0.9984,0.9993,4,1080,3207,0.211862592,1.670810085,5.640562216,5732
2026-09-18T18:52:54.407,5,0.003,0.8,8,manhattan,0.9976,0.9963,0.9988,37,614,2644,0.341547655,1.704090159,4.328090366,5732
2026-09-18T18:52:59.172,5,0.003,0.8,9,manhattan,0.9983,0.9976,0.999,50,546,1968,0.377583056,1.203235887,3.180664938,5732
2026-09-18T18:53:03.605,5,0.003,0.8,10,manhattan,0.9881,0.9938,0.9829,53,481,1500,0.821326766,1.061864766,2.547446125,5732
2026-09-18T18:54:20.585,6,0.002,0.5,5,manhattan,0.9986,0.9987,0.9986,16,438,3149,1.453846184,8.61653235,7.319009285,5732
2026-09-18T18:54:29.618,6,0.002,0.5,6,manhattan,0.9998,0.9999,0.9998,3,1021,3212,0.306242449,2.019891917,5.549606349,5732
2026-09-18T18:54:37.656,6,0.002,0.5,7,manhattan,0.9999,0.9999,0.9999,15,1069,3129,0.374116111,1.861538499,5.798773226,5732
2026-09-18T18:54:46.469,6,0.002,0.55,5,manhattan,0.9971,0.9952,0.999,16,438,3149,0.349160962,1.01604377,4.836815103,5732
2026-09-18T18:54:54.638,6,0.002,0.55,6,manhattan,0.9996,0.9994,0.9997,4,1021,3210,0.381618232,2.229197882,5.554946029,5732
2026-09-18T18:55:02.295,6,0.002,0.55,7,manhattan,0.9996,0.9996,0.9997,16,1069,3119,0.267525824,2.305482305,5.081906576,5732
2026-09-18T18:55:07.892,6,0.002,0.6,5,manhattan,0.996,0.9945,0.9975,16,438,3149,0.376074264,0.835847001,3.320689231,5732
2026-09-18T18:55:13.016,6,0.002,0.6,6,manhattan,0.9994,0.9997,0.9991,4,1021,3210,0.228574531,1.272690976,3.619865583,5732
2026-09-18T18:55:18.355,6,0.002,0.6,7,manhattan,0.9997,0.9997,0.9997,16,1069,3118,0.31906574,1.413953773,3.60436875,5732
2026-09-18T18:55:23.876,6,0.002,0.65,5,manhattan,0.9984,0.9973,0.9994,16,438,3149,0.35002239,0.772914222,3.271908343,5732
2026-09-18T18:55:28.93,6,0.002,0.65,6,manhattan,0.9988,0.9982,0.9995,4,1021,3210,0.239697246,1.222002011,3.590230618,5732
2026-09-18T18:55:34.002,6,0.002,0.65,7,manhattan,0.9999,0.9999,0.9999,16,1069,3118,0.22334569,1.453671299,3.39237772,5732
2026-09-18T18:55:39.538,6,0.002,0.7,5,manhattan,0.9995,0.9994,0.9996,16,438,3149,0.32875244,0.792280636,3.35351289,5732
2026-09-18T18:55:44.647,6,0.002,0.7,6,manhattan,0.9966,0.9941,0.9991,4,1021,3210,0.235623936,1.252214149,3.618445351,5732
2026-09-18T18:55:49.875,6,0.002,0.7,7,manhattan,0.9982,0.9976,0.9989,16,1069,3111,0.33093688,1.400183916,3.495255849,5732
2026-09-18T18:55:55.421,6,0.002,0.75,5,manhattan,0.9969,0.9968,0.997,17,438,3132,0.34419724,0.789816689,3.312661064,5732
2026-09-18T18:56:00.66,6,0.002,0.75,6,manhattan,0.9998,0.9998,0.9998,4,1021,3210,0.235449821,1.24525407,3.75579736,5732
2026-09-18T18:56:05.597,6,0.002,0.75,7,manhattan,0.9996,0.9997,0.9995,20,1069,3094,0.183315831,1.369219724,3.382467248,5732
2026-09-18T18:56:11.962,6,0.002,0.8,5,manhattan,0.9957,0.9952,0.9963,19,438,3125,0.342051842,0.823705644,4.110212656,5732
2026-09-18T18:56:17.145,6,0.002,0.8,6,manhattan,0.9998,0.9999,0.9998,4,1021,3210,0.256556133,1.246269639,3.67779476,5732
2026-09-18T18:56:23.891,6,0.002,0.8,7,manhattan,0.9994,0.9992,0.9996,22,1069,3068,0.339536771,1.737278113,4.66534492,5732
2026-09-18T18:56:32.732,6,0.0025,0.5,5,manhattan,0.9978,0.9963,0.9993,9,438,3185,0.579176329,1.583138666,5.270037086,5732
2026-09-18T18:56:39.527,6,0.0025,0.5,6,manhattan,0.9999,0.9999,0.9999,2,1021,3218,0.399775056,1.476135474,4.916229694,5732
2026-09-18T18:56:47.497,6,0.0025,0.5,7,manhattan,0.9999,0.9999,0.9999,9,1069,3163,0.330926753,1.924889769,5.711081983,5732
2026-09-18T18:56:53.643,6,0.0025,0.5,8,manhattan,0.998,0.9985,0.9975,62,674,2677,0.337421563,1.534294986,4.270954115,5732
2026-09-18T18:57:01.004,6,0.0025,0.55,5,manhattan,0.999,0.9989,0.999,9,438,3185,0.269742002,1.011631367,5.013197156,5732
2026-09-18T18:57:09.285,6,0.0025,0.55,6,manhattan,0.998,0.9964,0.9996,2,1021,3218,0.499110459,1.8583985,5.920696451,5732
2026-09-18T18:57:16.251,6,0.0025,0.55,7,manhattan,0.9995,0.9994,0.9996,9,1069,3156,0.386773423,2.129570992,4.446228272,5732
2026-09-18T18:57:21.994,6,0.0025,0.55,8,manhattan,0.9998,0.9997,0.9998,63,674,2670,0.245536942,1.467611643,4.027583163,5732
2026-09-18T18:57:30.398,6,0.0025,0.6,5,manhattan,0.9994,0.9992,0.9996,9,438,3185,0.327694826,1.379572208,5.48257978,5732
2026-09-18T18:57:36.681,6,0.0025,0.6,6,manhattan,0.9996,0.9997,0.9995,2,1021,3218,0.25815099,1.417319157,4.604699228,5732
2026-09-18T18:57:44.376,6,0.0025,0.6,7,manhattan,0.9994,0.9994,0.9995,9,1069,3155,0.365045497,1.722701695,5.600346562,5732
2026-09-18T18:57:50.145,6,0.0025,0.6,8,manhattan,0.9999,0.9999,0.9999,64,674,2668,0.337917995,1.79105271,3.638048701,5732
2026-09-18T18:57:58.399,6,0.0025,0.65,5,manhattan,0.9959,0.994,0.9979,9,438,3185,0.38641409,1.57421973,5.303858601,5732
2026-09-18T18:58:06.375,6,0.0025,0.65,6,manhattan,0.9998,0.9997,0.9998,2,1021,3218,0.379180061,1.673737802,5.920203999,5732
2026-09-18T18:58:13.701,6,0.0025,0.65,7,manhattan,0.9999,0.9999,0.9999,9,1069,3155,0.20409217,1.578065335,5.540843957,5732
2026-09-18T18:58:19.786,6,0.0025,0.65,8,manhattan,0.9962,0.9949,0.9976,65,674,2656,0.345662354,1.534485792,4.199810352,5732
2026-09-18T18:58:26.92,6,0.0025,0.7,5,manhattan,0.9956,0.992,0.9992,9,438,3185,0.336807099,0.982044611,4.523725085,5732
2026-09-18T18:58:34.893,6,0.0025,0.7,6,manhattan,0.9991,0.9986,0.9996,2,1021,3218,0.390337288,1.510225279,6.068018769,5732
2026-09-18T18:58:42.688,6,0.0025,0.7,7,manhattan,0.9996,0.9995,0.9997,9,1069,3148,0.394156912,2.076642066,5.321674015,5732
2026-09-18T18:58:47.665,6,0.0025,0.7,8,manhattan,0.9994,0.9995,0.9992,65,674,2627,0.243823733,0.899302713,3.830734799,5732
2026-09-18T18:58:56.25,6,0.0025,0.75,5,manhattan,0.9974,0.996,0.9989,10,438,3170,0.41177251,1.368997387,5.650411502,5732
2026-09-18T18:59:04.113,6,0.0025,0.75,6,manhattan,0.9999,0.9999,0.9999,2,1021,3218,0.35693035,1.789342296,5.712785705,5732
2026-09-18T18:59:11.13,6,0.0025,0.75,7,manhattan,0.9992,0.999,0.9993,10,1069,3142,0.184166011,1.564137711,5.265312386,5732
2026-09-18T18:59:17.043,6,0.0025,0.75,8,manhattan,0.9972,0.9978,0.9966,66,674,2618,0.26213083,1.56555137,4.081216299,5732
2026-09-18T18:59:24.847,6,0.0025,0.8,5,manhattan,0.9975,0.996,0.9989,11,438,3167,0.461130727,1.345346728,4.734980953,5732
2026-09-18T18:59:32.538,6,0.0025,0.8,6,manhattan,0.9996,0.9994,0.9998,2,1021,3218,0.292089631,1.657584194,5.733634049,5732
2026-09-18T18:59:40.842,6,0.0025,0.8,7,manhattan,0.9995,0.9994,0.9995,13,1069,3129,0.245164478,2.074318095,5.971674498,5732
2026-09-18T18:59:45.533,6,0.0025,0.8,8,manhattan,0.9994,0.9994,0.9994,65,674,2581,0.319655946,1.52746506,2.840179879,5732
2026-09-18T18:59:53.672,6,0.003,0.5,5,manhattan,0.9944,0.9902,0.9989,4,438,3214,0.471798436,1.251347659,5.130785493,5732
2026-09-18T19:00:01.735,6,0.003,0.5,6,manhattan,0.9995,0.9995,0.9995,1,1021,3224,0.283083378,2.006532375,5.771048485,5732
2026-09-18T19:00:08.592,6,0.003,0.5,7,manhattan,0.9989,0.9984,0.9993,3,1069,3196,0.283704547,1.606943691,4.958130386,5732
2026-09-18T19:00:14.822,6,0.003,0.5,8,manhattan,0.9998,0.9999,0.9997,34,674,2910,0.167845202,1.428472195,4.630798386,5732
2026-09-18T19:00:19.717,6,0.003,0.5,9,manhattan,0.9981,0.9986,0.9977,54,536,2121,0.388921255,1.310493444,3.19294915,5732
2026-09-18T19:00:23.571,6,0.003,0.5,10,manhattan,0.9909,0.989,0.993,66,461,1748,0.994310919,0.889812249,1.966415288,5732
2026-09-18T19:00:30.369,6,0.003,0.55,5,manhattan,0.9993,0.9991,0.9994,4,438,3214,0.374160423,1.181023695,5.239786347,5732
2026-09-18T19:00:38.286,6,0.003,0.55,6,manhattan,0.9992,0.9988,0.9995,1,1021,3224,0.466635972,1.375626799,6.071553022,5732
2026-09-18T19:00:45.076,6,0.003,0.55,7,manhattan,0.9999,0.9999,0.9999,4,1069,3189,0.298861589,1.489340966,4.998284838,5732
2026-09-18T19:00:51.139,6,0.003,0.55,8,manhattan,0.9996,0.9997,0.9994,35,674,2892,0.187211793,1.264767607,4.608729284,5732
2026-09-18T19:00:55.975,6,0.003,0.55,9,manhattan,0.9974,0.9967,0.9981,54,536,2121,0.360115535,1.318694217,3.154604357,5732
2026-09-18T19:01:00.741,6,0.003,0.55,10,manhattan,0.9817,0.9844,0.9798,66,461,1748,1.09174276,1.179108366,2.491920823,5732
2026-09-18T19:01:06.427,6,0.003,0.6,5,manhattan,0.9991,0.999,0.9992,4,438,3214,0.245658326,0.732103542,4.706153093,5732
2026-09-18T19:01:14.044,6,0.003,0.6,6,manhattan,0.9997,0.9997,0.9998,1,1021,3224,0.361694229,1.314075119,5.937780486,5732
2026-09-18T19:01:22.221,6,0.003,0.6,7,manhattan,0.9996,0.9996,0.9997,4,1069,3188,0.302850927,2.244806513,5.625998944,5732
2026-09-18T19:01:27.847,6,0.003,0.6,8,manhattan,0.9989,0.999,0.9989,35,674,2892,0.271314061,1.144889521,4.206082037,5732
2026-09-18T19:01:32.335,6,0.003,0.6,9,manhattan,0.9979,0.9968,0.999,53,536,2107,0.308316573,0.689945342,3.487404308,5732
2026-09-18T19:01:37.615,6,0.003,0.6,10,manhattan,0.7975,0.9206,0.8255,66,461,1748,0.921659281,1.520524575,2.831872319,5732
2026-09-18T19:01:43.925,6,0.003,0.65,5,manhattan,0.9995,0.9997,0.9993,4,438,3214,0.380596234,1.364915299,4.562232608,5732
2026-09-18T19:01:51.914,6,0.003,0.65,6,manhattan,0.9998,0.9999,0.9998,1,1021,3224,0.364963364,1.694317607,5.925727404,5732
2026-09-18T19:01:59.942,6,0.003,0.65,7,manhattan,0.9996,0.9997,0.9994,4,1069,3188,0.321303154,1.888536374,5.814862066,5732
2026-09-18T19:02:05.345,6,0.003,0.65,8,manhattan,0.9994,0.9995,0.9994,35,674,2892,0.294802828,1.468718628,3.626920527,5732
2026-09-18T19:02:09.892,6,0.003,0.65,9,manhattan,0.9986,0.9991,0.9981,53,536,2095,0.36442356,1.061856943,3.118317789,5732
2026-09-18T19:02:14.912,6,0.003,0.65,10,manhattan,0.9784,0.9877,0.9708,66,461,1742,1.177044693,1.151741796,2.687541235,5732
2026-09-18T19:02:21.805,6,0.003,0.7,5,manhattan,0.9995,0.9992,0.9997,4,438,3214,0.362385938,1.205292799,5.323341407,5732
2026-09-18T19:02:28.634,6,0.003,0.7,6,manhattan,0.9999,0.9999,0.9999,1,1021,3224,0.362597977,1.199567624,5.263758067,5732
2026-09-18T19:02:36.865,6,0.003,0.7,7,manhattan,0.9999,0.9999,0.9999,5,1069,3182,0.30329903,2.350138041,5.574065466,5732
2026-09-18T19:02:42.817,6,0.003,0.7,8,manhattan,0.9999,0.9999,0.9999,37,674,2855,0.301754977,1.304254655,4.332218816,5732
2026-09-18T19:02:46.887,6,0.003,0.7,9,manhattan,0.9934,0.9927,0.9942,52,536,2077,0.23844092,0.641993242,3.186995384,5732
2026-09-18T19:02:51.388,6,0.003,0.7,10,manhattan,0.992,0.9917,0.9924,65,461,1719,0.912409002,0.504867971,3.080062114,5732
2026-09-18T19:02:57.976,6,0.003,0.75,5,manhattan,0.9973,0.9952,0.9995,5,438,3203,0.373579273,0.928557163,5.281929043,5732
2026-09-18T19:03:04.886,6,0.003,0.75,6,manhattan,0.9995,0.9994,0.9996,1,1021,3224,0.424597409,1.818983458,4.660699917,5732
2026-09-18T19:03:12.752,6,0.003,0.75,7,manhattan,0.9992,0.999,0.9994,5,1069,3182,0.34748682,1.986513606,5.514909485,5732
2026-09-18T19:03:19.341,6,0.003,0.75,8,manhattan,0.9996,0.9998,0.9994,38,674,2850,0.331117472,1.819190328,4.435551904,5732
2026-09-18T19:03:23.995,6,0.003,0.75,9,manhattan,0.9928,0.9877,0.9981,52,536,2077,0.40363711,1.207262536,3.040104406,5732
2026-09-18T19:03:28.491,6,0.003,0.75,10,manhattan,0.9758,0.97,0.984,65,461,1719,0.748126059,1.090886504,2.65467445,5732
2026-09-18T19:03:34.839,6,0.003,0.8,5,manhattan,0.9992,0.999,0.9994,5,438,3203,0.342237753,0.940127712,5.062427842,5732
2026-09-18T19:03:43.16,6,0.003,0.8,6,manhattan,0.9998,0.9999,0.9998,1,1021,3224,0.398969401,1.962282845,5.956412205,5732
2026-09-18T19:03:50.049,6,0.003,0.8,7,manhattan,0.9995,0.9996,0.9994,6,1069,3180,0.352778141,1.904921436,4.62886378,5732
2026-09-18T19:03:56.567,6,0.003,0.8,8,manhattan,0.9999,0.9999,0.9999,40,674,2824,0.266301337,1.512010144,4.736963609,5732
2026-09-18T19:04:01.491,6,0.003,0.8,9,manhattan,0.999,0.9992,0.9989,50,536,2049,0.278375581,1.222036777,3.421137778,5732
2026-09-18T19:04:06.347,6,0.003,0.8,10,manhattan,0.9863,0.9793,0.9941,65,461,1719,1.019094126,1.416420928,2.417054166,5732
2026-09-18T19:05:16.525,7,0.002,0.5,5,manhattan,0.9993,0.9994,0.9993,15,430,3151,1.21465706,5.985536821,4.734902172,5732
2026-09-18T19:05:22.76,7,0.002,0.5,6,manhattan,0.9992,0.9989,0.9994,5,959,3206,0.2585076,1.468848673,3.497042066,5732
2026-09-18T19:05:27.843,7,0.002,0.5,7,manhattan,0.9997,0.9997,0.9998,20,1015,3112,0.175887296,1.530912429,3.373032096,5732
2026-09-18T19:05:34.225,7,0.002,0.55,5,manhattan,0.997,0.995,0.9991,15,430,3151,0.248882133,0.955108265,3.240244672,5732
2026-09-18T19:05:39.386,7,0.002,0.55,6,manhattan,0.9952,0.992,0.9985,5,959,3206,0.240147703,1.307156703,3.611093986,5732
2026-09-18T19:05:44.41,7,0.002,0.55,7,manhattan,0.999,0.9988,0.9992,21,1015,3110,0.17105106,1.539451863,3.311396257,5732
2026-09-18T19:05:50.006,7,0.002,0.6,5,manhattan,0.9991,0.9991,0.9992,15,430,3151,0.316667504,1.030124591,3.235104907,5732
2026-09-18T19:05:55.266,7,0.002,0.6,6,manhattan,0.9998,0.9999,0.9997,5,959,3206,0.245763228,1.315174981,3.692171216,5732
2026-09-18T19:06:00.293,7,0.002,0.6,7,manhattan,0.999,0.9988,0.9992,22,1015,3094,0.212355451,1.54537469,3.266597074,5732
2026-09-18T19:06:05.832,7,0.002,0.65,5,manhattan,0.9927,0.9925,0.9931,15,430,3151,0.340972857,0.866927611,3.281479081,5732
2026-09-18T19:06:11.715,7,0.002,0.65,6,manhattan,0.9998,0.9998,0.9998,5,959,3206,0.263779715,1.986106501,3.630327389,5732
2026-09-18T19:06:17.379,7,0.002,0.65,7,manhattan,0.9996,0.9997,0.9995,22,1015,3094,0.178157559,1.564431394,3.919209765,5732
2026-09-18T19:06:25.489,7,0.002,0.7,5,manhattan,0.9986,0.9981,0.9991,15,430,3139,0.427684816,1.554080555,4.880874038,5732
2026-09-18T19:06:33.153,7,0.002,0.7,6,manhattan,0.9999,0.9999,0.9999,5,959,3206,0.402165202,1.927255377,5.33177964,5732
2026-09-18T19:06:40.678,7,0.002,0.7,7,manhattan,0.9988,0.9986,0.9989,24,1015,3078,0.17787072,1.964362301,5.380392789,5732
2026-09-18T19:06:49.107,7,0.002,0.75,5,manhattan,0.9998,0.9998,0.9998,17,430,3132,0.347262281,1.411737437,5.158139421,5732
2026-09-18T19:06:55.485,7,0.002,0.75,6,manhattan,0.9987,0.9983,0.9991,5,959,3206,0.467304005,2.055717664,3.85109195,5732
2026-09-18T19:07:03.26,7,0.002,0.75,7,manhattan,0.9996,0.9996,0.9997,27,1015,3060,0.211295259,2.609199064,4.951169368,5732
2026-09-18T19:07:12.025,7,0.002,0.8,5,manhattan,0.9979,0.9974,0.9983,18,430,3127,0.421083062,1.878147681,5.078076638,5732
2026-09-18T19:07:18.738,7,0.002,0.8,6,manhattan,0.9998,0.9999,0.9998,5,959,3206,0.253403663,1.458853116,4.998170089,5732
2026-09-18T19:07:27.203,7,0.002,0.8,7,manhattan,0.9982,0.9967,0.9996,28,1015,3035,0.418579878,2.771022055,5.271819785,5732
2026-09-18T19:07:34.602,7,0.0025,0.5,5,manhattan,0.9986,0.9988,0.9983,10,430,3183,0.563212187,1.212769807,4.290828102,5732
2026-09-18T19:07:42.038,7,0.0025,0.5,6,manhattan,0.9999,0.9999,0.9999,2,959,3219,0.358494447,1.775069166,5.299468862,5732
2026-09-18T19:07:49.839,7,0.0025,0.5,7,manhattan,0.9946,0.9909,0.9986,11,1015,3157,0.372065951,2.741769699,4.684003465,5732
2026-09-18T19:07:54.946,7,0.0025,0.5,8,manhattan,0.9943,0.9915,0.9973,72,539,2457,0.159287262,1.131060932,3.81529483,5732
2026-09-18T19:08:03.389,7,0.0025,0.55,5,manhattan,0.9981,0.9972,0.9989,10,430,3183,0.511427192,1.594229001,5.152875688,5732
2026-09-18T19:08:10.155,7,0.0025,0.55,6,manhattan,0.9993,0.999,0.9996,3,959,3217,0.391163162,1.644744978,4.716515736,5732
2026-09-18T19:08:18.499,7,0.0025,0.55,7,manhattan,0.9998,0.9998,0.9998,11,1015,3157,0.280024955,2.201232513,5.859537335,5732
2026-09-18T19:08:23.729,7,0.0025,0.55,8,manhattan,0.9984,0.9978,0.9992,72,539,2445,0.303800106,1.852005717,3.072282704,5732
2026-09-18T19:08:31.537,7,0.0025,0.6,5,manhattan,0.998,0.9975,0.9986,10,430,3183,0.36183172,1.282071094,4.979797503,5732
2026-09-18T19:08:39.383,7,0.0025,0.6,6,manhattan,0.9994,0.9992,0.9996,3,959,3217,0.373361831,1.639586546,5.831111199,5732
2026-09-18T19:08:46.323,7,0.0025,0.6,7,manhattan,0.9984,0.9973,0.9994,11,1015,3151,0.319783444,2.467455402,4.150123528,5732
2026-09-18T19:08:51.771,7,0.0025,0.6,8,manhattan,0.9985,0.9981,0.999,72,539,2445,0.167050567,1.659013203,3.618801962,5732
2026-09-18T19:08:59.823,7,0.0025,0.65,5,manhattan,0.9995,0.9995,0.9995,10,430,3183,0.332860472,1.139118872,5.316911175,5732
2026-09-18T19:09:07.402,7,0.0025,0.65,6,manhattan,0.9999,0.9999,0.9999,3,959,3217,0.370106804,2.310181719,4.890155827,5732
2026-09-18T19:09:15.438,7,0.0025,0.65,7,manhattan,0.9997,0.9997,0.9998,12,1015,3144,0.317010742,2.383861012,5.332955903,5732
2026-09-18T19:09:21.013,7,0.0025,0.65,8,manhattan,0.9951,0.9918,0.9985,72,539,2445,0.198315964,1.52620118,3.84775908,5732
2026-09-18T19:09:27.857,7,0.0025,0.7,5,manhattan,0.9988,0.9982,0.9994,10,430,3171,0.359043932,1.355930925,3.85020255,5732
2026-09-18T19:09:35.782,7,0.0025,0.7,6,manhattan,0.9997,0.9998,0.9997,3,959,3217,0.379431675,2.037353535,5.505577716,5732
2026-09-18T19:09:43.298,7,0.0025,0.7,7,manhattan,0.9993,0.9992,0.9995,13,1015,3135,0.282481448,2.158232741,5.070790331,5732
2026-09-18T19:09:47.254,7,0.0025,0.7,8,manhattan,0.9991,0.9991,0.9991,72,539,2445,0.30212566,1.165613824,2.485457435,5732
2026-09-18T19:09:54.456,7,0.0025,0.75,5,manhattan,0.9979,0.9964,0.9993,11,430,3169,0.41792237,1.036229475,4.591563093,5732
2026-09-18T19:10:01.982,7,0.0025,0.75,6,manhattan,0.9998,0.9999,0.9998,3,959,3217,0.385072483,1.8927034,5.245237309,5732
2026-09-18T19:10:10.559,7,0.0025,0.75,7,manhattan,0.9996,0.9997,0.9994,15,1015,3122,0.501454812,1.81857426,6.254263151,5732
2026-09-18T19:10:19.445,7,0.0025,0.75,8,manhattan,0.9955,0.9929,0.9982,73,539,2414,0.383576969,2.847180481,5.640674599,5732
2026-09-18T19:10:32.824,7,0.0025,0.8,5,manhattan,0.9989,0.9995,0.9984,12,430,3166,0.447595593,2.38890272,9.122836253,5732
2026-09-18T19:10:46.086,7,0.0025,0.8,6,manhattan,0.9993,0.9989,0.9996,3,959,3217,0.611274218,3.250700723,9.395642087,5732
2026-09-18T19:10:59.826,7,0.0025,0.8,7,manhattan,0.9995,0.9994,0.9996,16,1015,3098,0.530360898,4.189863546,9.012593258,5732
2026-09-18T19:11:09.353,7,0.0025,0.8,8,manhattan,0.9981,0.9972,0.9989,73,539,2379,0.411293586,3.277472037,5.835371033,5732
2026-09-18T19:11:22.944,7,0.003,0.5,5,manhattan,0.9993,0.9992,0.9994,3,430,3217,0.575855845,2.09342973,9.38725798,5732
2026-09-18T19:11:36.069,7,0.003,0.5,6,manhattan,0.9992,0.9986,0.9998,1,959,3224,0.632274471,2.996088145,9.492286828,5732
2026-09-18T19:11:50.481,7,0.003,0.5,7,manhattan,0.9993,0.9988,0.9998,3,1015,3201,0.518999523,3.935154099,9.940939051,5732
2026-09-18T19:12:00.898,7,0.003,0.5,8,manhattan,0.9987,0.9982,0.9992,43,539,2727,0.42656475,3.157089542,6.826669671,5732
2026-09-18T19:12:08.271,7,0.003,0.5,9,manhattan,0.9902,0.9874,0.9933,54,450,1813,0.504446467,2.155149385,4.709151863,5732
2026-09-18T19:12:16.277,7,0.003,0.5,10,manhattan,0.9771,0.9677,0.9889,56,415,1541,1.371110178,2.26210767,4.368896657,5732
2026-09-18T19:12:27.432,7,0.003,0.55,5,manhattan,0.9998,0.9999,0.9998,3,430,3217,0.494217221,2.086312195,8.570432791,5732
2026-09-18T19:12:39.866,7,0.003,0.55,6,manhattan,0.9998,0.9998,0.9997,1,959,3224,0.50755399,2.805169501,9.116873895,5732
2026-09-18T19:12:53.15,7,0.003,0.55,7,manhattan,0.9997,0.9997,0.9998,4,1015,3199,0.572304481,4.073256745,8.635095282,5732
2026-09-18T19:13:03.223,7,0.003,0.55,8,manhattan,0.999,0.9988,0.9993,44,539,2716,0.362627911,2.660729029,7.046248769,5732
2026-09-18T19:13:10.647,7,0.003,0.55,9,manhattan,0.9948,0.9926,0.9973,54,450,1813,0.543691939,2.050554183,4.811327481,5732
2026-09-18T19:13:18.268,7,0.003,0.55,10,manhattan,0.9975,0.996,0.9989,56,415,1541,1.332376994,1.757042478,4.527359389,5732
2026-09-18T19:13:29.015,7,0.003,0.6,5,manhattan,0.9996,0.9994,0.9997,3,430,3217,0.51917245,1.91215059,8.311895757,5732
2026-09-18T19:13:42.165,7,0.003,0.6,6,manhattan,0.9999,0.9999,0.9999,1,959,3224,0.668887971,2.895423686,9.581623576,5732
2026-09-18T19:13:55.542,7,0.003,0.6,7,manhattan,0.9994,0.9994,0.9994,4,1015,3199,0.430141816,3.744543036,9.199994133,5732
2026-09-18T19:14:05.397,7,0.003,0.6,8,manhattan,0.9989,0.9988,0.999,44,539,2716,0.427050009,2.606267916,6.817145194,5732
2026-09-18T19:14:12.992,7,0.003,0.6,9,manhattan,0.9994,0.9995,0.9993,54,450,1807,0.50893161,2.210953267,4.869305805,5732
2026-09-18T19:14:20.684,7,0.003,0.6,10,manhattan,0.9916,0.9891,0.9944,56,415,1541,1.515120357,1.731865363,4.44168596,5732
2026-09-18T19:14:32.096,7,0.003,0.65,5,manhattan,0.9989,0.9989,0.9989,3,430,3217,0.577690997,2.125522537,8.701999123,5732
2026-09-18T19:14:44.97,7,0.003,0.65,6,manhattan,0.9999,0.9999,0.9999,1,959,3224,0.585211306,2.825014576,9.459166234,5732
2026-09-18T19:14:59.375,7,0.003,0.65,7,manhattan,0.9996,0.9994,0.9997,5,1015,3192,0.490773273,4.502034769,9.392311213,5732
2026-09-18T19:15:09.265,7,0.003,0.65,8,manhattan,0.9993,0.9992,0.9994,44,539,2716,0.390922884,2.663676056,6.831349951,5732
2026-09-18T19:15:16.77,7,0.003,0.65,9,manhattan,0.9937,0.9904,0.9971,54,450,1807,0.556785868,1.972272904,4.972641068,5732
2026-09-18T19:15:24.573,7,0.003,0.65,10,manhattan,0.9938,0.9918,0.9959,56,415,1541,1.305181253,2.035817934,4.458567806,5732
2026-09-18T19:15:35.891,7,0.003,0.7,5,manhattan,0.9996,0.9996,0.9997,4,430,3206,0.591379765,2.127773873,8.592682714,5732
2026-09-18T19:15:49.063,7,0.003,0.7,6,manhattan,0.9999,0.9999,0.9999,1,959,3224,0.659359932,2.972730538,9.534232995,5732
2026-09-18T19:16:02.489,7,0.003,0.7,7,manhattan,0.9998,0.9999,0.9998,7,1015,3184,0.429333053,3.731501905,9.261025432,5732
2026-09-18T19:16:12.34,7,0.003,0.7,8,manhattan,0.9988,0.9991,0.9986,44,539,2716,0.391873006,2.934005175,6.521507099,5732
2026-09-18T19:16:20.029,7,0.003,0.7,9,manhattan,0.9915,0.988,0.9954,53,450,1792,0.49752826,1.900012509,5.286634313,5732
2026-09-18T19:16:27.753,7,0.003,0.7,10,manhattan,0.7578,0.8777,0.8385,56,415,1535,1.365928299,1.947862577,4.40675026,5732
2026-09-18T19:16:38.701,7,0.003,0.75,5,manhattan,0.9997,0.9996,0.9998,4,430,3206,0.564339283,2.07374913,8.306348677,5732
2026-09-18T19:16:51.968,7,0.003,0.75,6,manhattan,0.9997,0.9997,0.9997,1,959,3224,0.540999205,2.754180203,9.963815801,5732
2026-09-18T19:17:05.04,7,0.003,0.75,7,manhattan,0.9997,0.9998,0.9997,7,1015,3184,0.533434756,3.684077311,8.847560618,5732
2026-09-18T19:17:15.678,7,0.003,0.75,8,manhattan,0.9918,0.9868,0.9974,45,539,2694,0.382666028,3.009390132,7.239382504,5732
2026-09-18T19:17:23.247,7,0.003,0.75,9,manhattan,0.9982,0.9978,0.9986,53,450,1789,0.477688632,2.382510279,4.703994148,5732
2026-09-18T19:17:30.953,7,0.003,0.75,10,manhattan,0.9874,0.9838,0.9914,56,415,1535,1.353081607,2.248690724,4.100201755,5732
2026-09-18T19:17:41.827,7,0.003,0.8,5,manhattan,0.9994,0.9993,0.9996,4,430,3206,0.56023708,2.09290096,8.216953819,5732
2026-09-18T19:17:55.005,7,0.003,0.8,6,manhattan,0.9998,0.9999,0.9998,1,959,3224,0.518499529,2.962900085,9.692554717,5732
2026-09-18T19:18:07.977,7,0.003,0.8,7,manhattan,0.9998,0.9997,0.9998,9,1015,3174,0.444542198,3.771952769,8.750908754,5732
2026-09-18T19:18:17.695,7,0.003,0.8,8,manhattan,0.9978,0.9962,0.9994,48,539,2669,0.337576231,2.880766008,6.479153756,5732
2026-09-18T19:18:24.981,7,0.003,0.8,9,manhattan,0.9922,0.9891,0.9956,52,450,1764,0.489335589,2.012425964,4.779678934,5732
2026-09-18T19:18:32.294,7,0.003,0.8,10,manhattan,0.9913,0.9872,0.9956,55,415,1522,1.301254772,1.765688071,4.242524287,5732
2026-09-18T19:20:09.507,8,0.002,0.5,5,manhattan,0.9974,0.9975,0.9972,16,435,3144,2.252252913,12.151534102,10.81780477,5732
2026-09-18T19:20:23.988,8,0.002,0.5,6,manhattan,0.9996,0.9995,0.9998,3,999,3215,0.5476935,3.367944825,8.988542266,5732
2026-09-18T19:20:31.848,8,0.002,0.5,7,manhattan,0.9996,0.9995,0.9998,24,1015,3088,0.405318447,3.165170538,4.284904868,5732
2026-09-18T19:20:38.401,8,0.002,0.55,5,manhattan,0.9826,0.9699,0.9981,16,435,3144,0.351763806,0.963350007,3.428262975,5732
2026-09-18T19:20:43.528,8,0.002,0.55,6,manhattan,0.9998,0.9997,0.9998,3,999,3215,0.244120866,1.304476903,3.576542416,5732
2026-09-18T19:20:48.856,8,0.002,0.55,7,manhattan,0.9991,0.9987,0.9996,25,1015,3086,0.218911834,1.723195814,3.383440599,5732
2026-09-18T19:20:54.412,8,0.002,0.6,5,manhattan,0.9912,0.9853,0.9975,16,435,3144,0.323591195,0.866083119,3.32255031,5732
2026-09-18T19:20:59.686,8,0.002,0.6,6,manhattan,0.9996,0.9996,0.9996,3,999,3215,0.229616909,1.303371524,3.739519346,5732
2026-09-18T19:21:05.685,8,0.002,0.6,7,manhattan,0.9987,0.9981,0.9993,26,1015,3081,0.216958162,1.800712749,3.978562325,5732
2026-09-18T19:21:12.048,8,0.002,0.65,5,manhattan,0.997,0.9951,0.999,16,435,3144,0.289173648,1.100216182,3.964548305,5732
2026-09-18T19:21:19.148,8,0.002,0.65,6,manhattan,0.9999,0.9999,0.9999,3,999,3215,0.238501081,1.333798894,5.520489127,5732
2026-09-18T19:21:28.054,8,0.002,0.65,7,manhattan,0.9997,0.9998,0.9996,26,1015,3081,0.214333453,3.325364498,5.363931737,5732
2026-09-18T19:21:35.642,8,0.002,0.7,5,manhattan,0.9963,0.9959,0.9968,18,435,3140,0.249147141,1.154396322,4.841168323,5732
2026-09-18T19:21:44.058,8,0.002,0.7,6,manhattan,0.9998,0.9997,0.9998,3,999,3215,0.457136483,2.166410887,5.788493926,5732
2026-09-18T19:21:51.435,8,0.002,0.7,7,manhattan,0.9998,0.9998,0.9999,27,1015,3073,0.281314119,3.17115287,3.921112003,5732
2026-09-18T19:21:59.777,8,0.002,0.75,5,manhattan,0.9952,0.9964,0.9941,18,435,3125,0.419229801,1.657271079,5.107773221,5732
2026-09-18T19:22:08.156,8,0.002,0.75,6,manhattan,0.9998,0.9998,0.9997,3,999,3215,0.391116694,1.915408201,6.069211181,5732
2026-09-18T19:22:15.272,8,0.002,0.75,7,manhattan,0.9997,0.9997,0.9998,29,1015,3056,0.284880779,2.153078729,4.675578349,5732
2026-09-18T19:22:23.675,8,0.002,0.8,5,manhattan,0.9969,0.9952,0.9986,19,435,3116,0.604573359,1.39879369,5.121801908,5732
2026-09-18T19:22:30.652,8,0.002,0.8,6,manhattan,0.9998,0.9998,0.9998,3,999,3215,0.434923226,1.913001747,4.626595454,5732
2026-09-18T19:22:39.129,8,0.002,0.8,7,manhattan,0.9995,0.9997,0.9993,35,1015,3028,0.324112351,3.023825296,5.126398098,5732
2026-09-18T19:22:46.867,8,0.0025,0.5,5,manhattan,0.9995,0.9994,0.9996,10,435,3178,0.448614439,1.309432358,4.547261176,5732
2026-09-18T19:22:54.548,8,0.0025,0.5,6,manhattan,0.9998,0.9998,0.9998,1,999,3220,0.231354772,1.42418459,6.022643611,5732
2026-09-18T19:23:02.658,8,0.0025,0.5,7,manhattan,0.9999,0.9999,0.9999,16,1015,3138,0.251671836,2.146755709,5.706183358,5732
2026-09-18T19:23:07.293,8,0.0025,0.5,8,manhattan,0.9944,0.9918,0.9972,71,588,2509,0.237495854,1.142109409,3.252293036,5732
2026-09-18T19:23:15.642,8,0.0025,0.55,5,manhattan,0.9942,0.9916,0.9968,10,435,3178,0.305794148,1.49717797,5.35149697,5732
2026-09-18T19:23:22.189,8,0.0025,0.55,6,manhattan,1.0,1.0,1.0,1,999,3220,0.449519443,1.761483062,4.33296879,5732
2026-09-18T19:23:30.615,8,0.0025,0.55,7,manhattan,0.9999,0.9999,0.9998,16,1015,3138,0.229325183,2.722915225,5.46818318,5732
2026-09-18T19:23:36.511,8,0.0025,0.55,8,manhattan,0.9882,0.9804,0.9967,71,588,2509,0.225478599,1.869122161,3.798284153,5732
2026-09-18T19:23:43.938,8,0.0025,0.6,5,manhattan,0.9978,0.9961,0.9995,10,435,3178,0.590476437,1.325621377,4.190589338,5732
2026-09-18T19:23:51.796,8,0.0025,0.6,6,manhattan,0.9995,0.9995,0.9996,1,999,3220,0.38354554,1.811251742,5.659073051,5732
2026-09-18T19:24:00.781,8,0.0025,0.6,7,manhattan,0.9999,0.9999,0.9998,16,1015,3138,0.290164767,2.863061988,5.827933417,5732
2026-09-18T19:24:05.276,8,0.0025,0.6,8,manhattan,0.9993,0.9994,0.9993,71,588,2501,0.223046862,1.616957174,2.651869372,5732
2026-09-18T19:24:13.462,8,0.0025,0.65,5,manhattan,0.9989,0.9988,0.999,10,435,3178,0.317863086,1.299624465,5.384020489,5732
2026-09-18T19:24:21.962,8,0.0025,0.65,6,manhattan,1.0,1.0,1.0,1,999,3220,0.378488397,2.0776013,6.041829454,5732
2026-09-18T19:24:29.296,8,0.0025,0.65,7,manhattan,0.9977,0.9958,0.9996,16,1015,3137,0.269545429,1.959310555,5.101765118,5732
2026-09-18T19:24:34.729,8,0.0025,0.65,8,manhattan,0.9989,0.9995,0.9984,71,588,2491,0.183094387,1.670445397,3.577295376,5732
2026-09-18T19:24:43.005,8,0.0025,0.7,5,manhattan,0.998,0.9972,0.9988,10,435,3178,0.48330325,1.38946002,5.15117628,5732
2026-09-18T19:24:49.783,8,0.0025,0.7,6,manhattan,0.9995,0.9994,0.9996,1,999,3220,0.375279396,1.302856443,5.096807778,5732
2026-09-18T19:24:58.508,8,0.0025,0.7,7,manhattan,0.9998,0.9996,0.9999,17,1015,3135,0.223336075,2.620771525,5.877693855,5732
2026-09-18T19:25:03.991,8,0.0025,0.7,8,manhattan,0.9978,0.9965,0.9993,71,588,2481,0.252600586,1.654671863,3.573856527,5732
2026-09-18T19:25:12.087,8,0.0025,0.75,5,manhattan,0.9961,0.9935,0.9988,11,435,3163,0.265731951,1.472650519,5.342498049,5732
2026-09-18T19:25:19.905,8,0.0025,0.75,6,manhattan,0.9998,0.9996,0.9999,1,999,3220,0.439836217,1.626321924,5.748407774,5732
2026-09-18T19:25:27.448,8,0.0025,0.75,7,manhattan,1.0,1.0,1.0,18,1015,3119,0.31898397,2.661325474,4.560629769,5732
2026-09-18T19:25:33.15,8,0.0025,0.75,8,manhattan,0.9993,0.9995,0.9991,70,588,2456,0.236423202,1.57738738,3.884644006,5732
2026-09-18T19:25:41.439,8,0.0025,0.8,5,manhattan,0.9989,0.999,0.9989,12,435,3156,0.373979672,1.556474014,5.243340765,5732
2026-09-18T19:25:48.231,8,0.0025,0.8,6,manhattan,0.9998,0.9998,0.9998,1,999,3220,0.283851562,1.172140639,5.33323805,5732
2026-09-18T19:25:57.096,8,0.0025,0.8,7,manhattan,0.9996,0.9996,0.9997,22,1015,3111,0.351869853,2.740454578,5.770008807,5732
2026-09-18T19:26:02.826,8,0.0025,0.8,8,manhattan,0.9992,0.999,0.9993,71,588,2403,0.198309654,1.852347648,3.676943901,5732
2026-09-18T19:26:09.929,8,0.003,0.5,5,manhattan,0.9985,0.9977,0.9993,4,435,3210,0.207723152,0.881949087,4.908608655,5732
2026-09-18T19:26:19.217,8,0.003,0.5,6,manhattan,0.9997,0.9997,0.9997,1,999,3220,0.373598409,1.917582133,6.988922974,5732
2026-09-18T19:26:32.245,8,0.003,0.5,7,manhattan,1.0,1.0,1.0,6,1015,3198,0.46098783,3.634824044,8.927655794,5732
2026-09-18T19:26:42.924,8,0.003,0.5,8,manhattan,0.9997,0.9995,0.9999,42,588,2781,0.373016979,3.04213217,7.259771751,5732
2026-09-18T19:26:51.26,8,0.003,0.5,9,manhattan,0.9843,0.9903,0.9792,56,515,2065,0.496074244,2.472342255,5.364961673,5732
2026-09-18T19:26:58.81,8,0.003,0.5,10,manhattan,0.9911,0.9963,0.986,57,451,1520,1.258508351,2.001129861,4.284441934,5732
2026-09-18T19:27:10.091,8,0.003,0.55,5,manhattan,0.999,0.9986,0.9994,4,435,3210,0.493299586,2.170085191,8.61303157,5732
2026-09-18T19:27:23.099,8,0.003,0.55,6,manhattan,1.0,1.0,1.0,1,999,3220,0.596887524,2.773928564,9.634445054,5732
2026-09-18T19:27:36.255,8,0.003,0.55,7,manhattan,0.9992,0.9988,0.9996,7,1015,3193,0.462234777,3.789467971,8.900898032,5732
2026-09-18T19:27:46.966,8,0.003,0.55,8,manhattan,0.9985,0.9979,0.999,42,588,2781,0.484156933,3.008985948,7.204580663,5732
2026-09-18T19:27:55.299,8,0.003,0.55,9,manhattan,0.9966,0.9961,0.9971,55,515,2051,0.473318601,2.367558914,5.479057383,5732
2026-09-18T19:28:02.552,8,0.003,0.55,10,manhattan,0.9895,0.9919,0.9873,57,451,1520,1.229851044,1.803617934,4.215798004,5732
2026-09-18T19:28:14.136,8,0.003,0.6,5,manhattan,0.9998,0.9997,0.9999,4,435,3210,0.534863926,2.056176027,8.989094819,5732
2026-09-18T19:28:27.454,8,0.003,0.6,6,manhattan,1.0,1.0,1.0,1,999,3220,0.575682919,3.018146133,9.719843229,5732
2026-09-18T19:28:41.374,8,0.003,0.6,7,manhattan,0.9991,0.9988,0.9994,7,1015,3193,0.452082777,4.132311597,9.331947804,5732
2026-09-18T19:28:51.822,8,0.003,0.6,8,manhattan,0.9969,0.9966,0.9972,42,588,2773,0.441287747,2.952148072,7.050608051,5732
2026-09-18T19:29:00.139,8,0.003,0.6,9,manhattan,0.9967,0.9978,0.9956,55,515,2051,0.458010982,2.414218879,5.441060121,5732
2026-09-18T19:29:07.811,8,0.003,0.6,10,manhattan,0.9863,0.9827,0.9903,57,451,1520,1.211454898,2.292139393,4.162094049,5732
2026-09-18T19:29:19.157,8,0.003,0.65,5,manhattan,0.9984,0.9987,0.9981,4,435,3210,0.502198144,2.26912457,8.570026961,5732
2026-09-18T19:29:32.781,8,0.003,0.65,6,manhattan,1.0,1.0,1.0,1,999,3220,0.676347645,3.182994301,9.761226189,5732
2026-09-18T19:29:45.59,8,0.003,0.65,7,manhattan,0.9998,0.9999,0.9996,7,1015,3193,0.449321949,3.599651027,8.756401566,5732
2026-09-18T19:29:55.82,8,0.003,0.65,8,manhattan,0.9994,0.9989,0.9998,43,588,2766,0.524499119,2.907679868,6.792920039,5732
2026-09-18T19:30:04.085,8,0.003,0.65,9,manhattan,0.9979,0.9988,0.9971,55,515,2050,0.550122796,2.577352093,5.13260624,5732
2026-09-18T19:30:11.706,8,0.003,0.65,10,manhattan,0.7887,0.8834,0.8316,57,451,1514,1.289886677,2.237111316,4.089915726,5732
2026-09-18T19:30:23.414,8,0.003,0.7,5,manhattan,0.9994,0.9996,0.9993,4,435,3210,0.563667481,2.574546147,8.564864637,5732
2026-09-18T19:30:36.055,8,0.003,0.7,6,manhattan,0.9999,0.9999,0.9999,1,999,3220,0.553039301,3.00316069,9.078931133,5732
2026-09-18T19:30:49.329,8,0.003,0.7,7,manhattan,0.9999,0.9999,0.9998,7,1015,3193,0.489622299,3.813789317,8.950735431,5732
2026-09-18T19:30:59.66,8,0.003,0.7,8,manhattan,0.9992,0.9993,0.9991,43,588,2756,0.445020768,2.963110232,6.918820825,5732
2026-09-18T19:31:08.14,8,0.003,0.7,9,manhattan,0.998,0.999,0.997,54,515,2020,0.601101332,2.350050034,5.526481203,5732
2026-09-18T19:31:15.372,8,0.003,0.7,10,manhattan,0.9889,0.99,0.9878,57,451,1501,1.327521043,1.769934773,4.129191085,5732
2026-09-18T19:31:27.022,8,0.003,0.75,5,manhattan,0.9984,0.9976,0.9991,5,435,3199,0.606666851,2.142178958,8.897737292,5732
2026-09-18T19:31:40.04,8,0.003,0.75,6,manhattan,0.9998,0.9999,0.9997,1,999,3220,0.539789697,3.040341786,9.432091165,5732
2026-09-18T19:31:53.472,8,0.003,0.75,7,manhattan,1.0,1.0,1.0,7,1015,3193,0.447821407,3.851976687,9.12862382,5732
2026-09-18T19:32:04.451,8,0.003,0.75,8,manhattan,0.9989,0.999,0.9989,43,588,2728,0.428868138,3.353938085,7.192143872,5732
2026-09-18T19:32:12.55,8,0.003,0.75,9,manhattan,0.9932,0.9967,0.9898,53,515,1994,0.494961252,2.292028346,5.308832406,5732
2026-09-18T19:32:20.029,8,0.003,0.75,10,manhattan,0.9914,0.9977,0.9855,57,451,1501,1.374166831,1.979685978,4.122117691,5732
2026-09-18T19:32:31.385,8,0.003,0.8,5,manhattan,0.9993,0.9992,0.9994,5,435,3199,0.566703345,1.929669786,8.855788824,5732
2026-09-18T19:32:44.906,8,0.003,0.8,6,manhattan,0.9999,0.9999,0.9999,1,999,3220,0.587390565,2.882510229,10.038987795,5732
2026-09-18T19:32:58.035,8,0.003,0.8,7,manhattan,0.9998,0.9998,0.9998,8,1015,3181,0.436975812,3.902352353,8.785697642,5732
2026-09-18T19:33:08.601,8,0.003,0.8,8,manhattan,0.9996,0.9995,0.9998,44,588,2691,0.443696296,2.951609455,7.166414664,5732
2026-09-18T19:33:16.622,8,0.003,0.8,9,manhattan,0.9926,0.9955,0.9898,51,515,1951,0.508733549,2.502883045,5.006444808,5732
2026-09-18T19:33:23.912,8,0.003,0.8,10,manhattan,0.9904,0.9968,0.9842,57,451,1495,1.393866913,2.057185374,3.835577238,5732
2026-09-18T19:35:00.171,9,0.002,0.5,5,manhattan,0.9905,0.9898,0.9915,16,436,3152,1.94151685,11.966256048,10.698531891,5732
2026-09-18T19:35:15.001,9,0.002,0.5,6,manhattan,0.9996,0.9996,0.9998,4,1022,3209,0.479780432,3.369200712,9.373656055,5732
2026-09-18T19:35:28.404,9,0.002,0.5,7,manhattan,0.9994,0.9994,0.9996,14,1077,3147,0.406344889,4.176649665,8.814521374,5732
2026-09-18T19:35:43.528,9,0.002,0.55,5,manhattan,0.9972,0.9972,0.9972,16,436,3152,0.718693916,2.769608186,8.424887289,5732
2026-09-18T19:35:56.457,9,0.002,0.55,6,manhattan,0.9989,0.9986,0.9992,5,1022,3207,0.574751489,3.538189161,8.812398895,5732
2026-09-18T19:36:10.443,9,0.002,0.55,7,manhattan,0.9996,0.9996,0.9997,14,1077,3132,0.429876401,4.479716843,9.071486058,5732
2026-09-18T19:36:23.614,9,0.002,0.6,5,manhattan,0.9966,0.9946,0.9986,16,436,3152,0.718575395,2.682086338,8.028897429,5732
2026-09-18T19:36:35.435,9,0.002,0.6,6,manhattan,0.9999,0.9999,0.9999,5,1022,3207,0.580616907,3.619113025,7.61701433,5732
2026-09-18T19:36:43.136,9,0.002,0.6,7,manhattan,0.9992,0.999,0.9993,15,1077,3129,0.233710582,2.124373,5.339177709,5732
2026-09-18T19:36:51.656,9,0.002,0.65,5,manhattan,0.9711,0.9584,0.9869,17,436,3138,0.376470176,1.50691121,5.207890817,5732
2026-09-18T19:36:58.774,9,0.002,0.65,6,manhattan,0.9994,0.9997,0.9992,5,1022,3207,0.424055822,2.10804765,4.582840275,5732
2026-09-18T19:37:06.837,9,0.002,0.65,7,manhattan,0.9998,0.9997,0.9999,16,1077,3125,0.299904832,2.53560867,5.223151854,5732
2026-09-18T19:37:14.343,9,0.002,0.7,5,manhattan,0.999,0.9989,0.9991,17,436,3136,0.368066024,1.328099433,4.311097297,5732
2026-09-18T19:37:22.594,9,0.002,0.7,6,manhattan,0.9999,0.9999,0.9999,5,1022,3207,0.40499311,2.097009641,5.746766124,5732
2026-09-18T19:37:30.589,9,0.002,0.7,7,manhattan,0.9995,0.9997,0.9994,16,1077,3123,0.296072356,2.427194337,5.268365479,5732
2026-09-18T19:37:37.866,9,0.002,0.75,5,manhattan,0.9936,0.9909,0.9964,18,436,3133,0.217695468,0.998460967,4.844016462,5732
2026-09-18T19:37:46.399,9,0.002,0.75,6,manhattan,0.9995,0.9996,0.9993,5,1022,3207,0.363975066,2.505277124,5.660353846,5732
2026-09-18T19:37:53.393,9,0.002,0.75,7,manhattan,0.9996,0.9996,0.9997,18,1077,3113,0.299506596,2.118299874,4.574321165,5732
2026-09-18T19:38:01.964,9,0.002,0.8,5,manhattan,0.9837,0.9741,0.9946,19,436,3128,0.391678412,1.664536888,5.050613927,5732
2026-09-18T19:38:08.974,9,0.002,0.8,6,manhattan,0.9993,0.9991,0.9995,5,1022,3207,0.340974069,1.995079171,4.670541405,5732
2026-09-18T19:38:17.416,9,0.002,0.8,7,manhattan,0.9993,0.9993,0.9994,21,1077,3093,0.264160789,2.573827263,5.601486235,5732
2026-09-18T19:38:25.518,9,0.0025,0.5,5,manhattan,0.9996,0.9997,0.9995,9,436,3187,0.323000044,1.113337583,5.182819862,5732
2026-09-18T19:38:32.937,9,0.0025,0.5,6,manhattan,0.9996,0.9997,0.9995,2,1022,3218,0.297910372,1.545823676,5.570288865,5732
2026-09-18T19:38:41.412,9,0.0025,0.5,7,manhattan,0.9997,0.9998,0.9996,11,1077,3176,0.379250979,2.660667459,5.431780376,5732
2026-09-18T19:38:47.489,9,0.0025,0.5,8,manhattan,0.9906,0.9947,0.9872,61,692,2647,0.162079601,2.502574891,3.410375131,5732
2026-09-18T19:38:55.563,9,0.0025,0.55,5,manhattan,0.9998,0.9999,0.9998,9,436,3187,0.376324766,1.375932179,5.090608796,5732
2026-09-18T19:39:03.852,9,0.0025,0.55,6,manhattan,0.9996,0.9996,0.9997,2,1022,3218,0.360194622,1.830297268,6.095000901,5732
2026-09-18T19:39:10.913,9,0.0025,0.55,7,manhattan,0.9995,0.9995,0.9994,12,1077,3161,0.345509568,2.200847969,4.508906065,5732
2026-09-18T19:39:17.064,9,0.0025,0.55,8,manhattan,0.9966,0.9979,0.9954,62,692,2630,0.282507557,1.625855526,4.240318731,5732
2026-09-18T19:39:25.415,9,0.0025,0.6,5,manhattan,0.999,0.9988,0.9992,9,436,3187,0.460029154,1.546568954,5.137107431,5732
2026-09-18T19:39:32.335,9,0.0025,0.6,6,manhattan,0.9996,0.9997,0.9996,2,1022,3218,0.32360082,1.34782948,5.246419436,5732
2026-09-18T19:39:40.936,9,0.0025,0.6,7,manhattan,0.999,0.9986,0.9993,12,1077,3161,0.323243232,2.880529614,5.394828147,5732
2026-09-18T19:39:46.541,9,0.0025,0.6,8,manhattan,0.9995,0.9997,0.9994,62,692,2630,0.269511824,2.266541595,3.065512155,5732
2026-09-18T19:39:54.549,9,0.0025,0.65,5,manhattan,0.9981,0.9967,0.9995,9,436,3175,0.45947161,1.463277258,4.945934781,5732
2026-09-18T19:40:02.611,9,0.0025,0.65,6,manhattan,0.9984,0.9979,0.999,2,1022,3218,0.367131477,1.929245512,5.761892087,5732
2026-09-18T19:40:09.775,9,0.0025,0.65,7,manhattan,0.9996,0.9998,0.9994,12,1077,3160,0.304466102,2.05182982,4.801695738,5732
2026-09-18T19:40:16.368,9,0.0025,0.65,8,manhattan,0.998,0.9986,0.9974,62,692,2614,0.18879567,2.458915238,3.938225838,5732
2026-09-18T19:40:23.576,9,0.0025,0.7,5,manhattan,0.9992,0.9991,0.9994,10,436,3173,0.371526384,1.245244806,4.380584568,5732
2026-09-18T19:40:31.373,9,0.0025,0.7,6,manhattan,0.9994,0.9994,0.9994,2,1022,3218,0.313110786,2.029048125,5.452859408,5732
2026-09-18T19:40:40.017,9,0.0025,0.7,7,manhattan,0.9992,0.9988,0.9996,12,1077,3157,0.268838973,2.518165091,5.855078768,5732
2026-09-18T19:40:45.242,9,0.0025,0.7,8,manhattan,0.9804,0.9686,0.9937,64,692,2599,0.290116355,1.791025537,3.140560195,5732
2026-09-18T19:40:53.675,9,0.0025,0.75,5,manhattan,0.9996,0.9996,0.9996,10,436,3173,0.505350054,1.598902417,5.103782413,5732
2026-09-18T19:41:01.959,9,0.0025,0.75,6,manhattan,0.9997,0.9998,0.9997,2,1022,3218,0.37579013,1.969189675,5.936609065,5732
2026-09-18T19:41:09.273,9,0.0025,0.75,7,manhattan,0.9994,0.9995,0.9992,14,1077,3151,0.281691461,2.551091593,4.477390847,5732
2026-09-18T19:41:15.477,9,0.0025,0.75,8,manhattan,0.9863,0.9925,0.9813,64,692,2598,0.261988233,1.774932341,4.163074458,5732
2026-09-18T19:41:23.898,9,0.0025,0.8,5,manhattan,0.9948,0.9918,0.998,10,436,3173,0.498145777,1.575750911,5.143723015,5732
2026-09-18T19:41:30.73,9,0.0025,0.8,6,manhattan,0.9998,0.9999,0.9998,2,1022,3218,0.403780734,1.773947857,4.647827665,5732
2026-09-18T19:41:38.762,9,0.0025,0.8,7,manhattan,0.9995,0.9996,0.9994,15,1077,3142,0.277900821,2.470750137,5.280455088,5732
2026-09-18T19:41:45.34,9,0.0025,0.8,8,manhattan,0.9908,0.9855,0.9965,63,692,2542,0.276990858,2.325616915,3.970566372,5732
2026-09-18T19:41:52.571,9,0.003,0.5,5,manhattan,0.9964,0.9936,0.9993,3,436,3218,0.337274084,0.909017575,4.832023513,5732
2026-09-18T19:42:00.17,9,0.003,0.5,6,manhattan,0.9995,0.9994,0.9997,1,1022,3224,0.252589541,1.84165082,5.498613185,5732
2026-09-18T19:42:08.104,9,0.003,0.5,7,manhattan,0.9998,0.9999,0.9998,2,1077,3217,0.362365292,2.238474725,5.329379036,5732
2026-09-18T19:42:13.726,9,0.003,0.5,8,manhattan,0.9992,0.9994,0.9989,41,692,2874,0.16497676,1.286041453,4.168155558,5732
2026-09-18T19:42:19.729,9,0.003,0.5,9,manhattan,0.9977,0.9971,0.9983,60,573,2133,0.371783051,2.103171116,3.525930535,5732
2026-09-18T19:42:24.215,9,0.003,0.5,10,manhattan,0.868,0.9592,0.8634,55,497,1691,1.033413009,1.017200593,2.432407786,5732
2026-09-18T19:42:29.387,9,0.003,0.55,5,manhattan,0.9993,0.9992,0.9994,3,436,3218,0.320347889,0.914136179,3.92813411,5732
2026-09-18T19:42:41.064,9,0.003,0.55,6,manhattan,0.9996,0.9998,0.9995,1,1022,3224,0.363709949,1.792800487,9.510933954,5732
2026-09-18T19:42:54.576,9,0.003,0.55,7,manhattan,0.999,0.9985,0.9996,3,1077,3213,0.517580821,3.900283,9.090352887,5732
2026-09-18T19:43:06.062,9,0.003,0.55,8,manhattan,0.9958,0.9968,0.9948,42,692,2861,0.373914386,3.653110458,7.455614065,5732
2026-09-18T19:43:14.743,9,0.003,0.55,9,manhattan,0.9968,0.9981,0.9956,61,573,2105,0.62110802,2.824967036,5.227422312,5732
2026-09-18T19:43:22.977,9,0.003,0.55,10,manhattan,0.9906,0.9865,0.9952,55,497,1691,1.312766445,2.530932538,4.386663583,5732
2026-09-18T19:43:33.735,9,0.003,0.6,5,manhattan,0.9999,0.9999,0.9999,3,436,3218,0.550290401,2.05307365,8.15075541,5732
2026-09-18T19:43:47.18,9,0.003,0.6,6,manhattan,0.9996,0.9998,0.9995,1,1022,3224,0.54592748,2.949027251,9.935038797,5732
2026-09-18T19:44:00.58,9,0.003,0.6,7,manhattan,0.9995,0.9996,0.9994,4,1077,3208,0.470455771,3.672564215,9.253169478,5732
2026-09-18T19:44:11.942,9,0.003,0.6,8,manhattan,0.9995,0.9995,0.9994,42,692,2861,0.433152305,3.613532677,7.311778544,5732
2026-09-18T19:44:20.96,9,0.003,0.6,9,manhattan,0.9976,0.9978,0.9974,61,573,2104,0.506025915,2.810657796,5.695957864,5732
2026-09-18T19:44:30.258,9,0.003,0.6,10,manhattan,0.8249,0.8946,0.8507,55,497,1685,1.29525812,3.172075185,4.826936984,5732
2026-09-18T19:44:40.938,9,0.003,0.65,5,manhattan,0.9994,0.9994,0.9994,4,436,3207,0.54595381,1.988462486,8.142105067,5732
2026-09-18T19:44:53.935,9,0.003,0.65,6,manhattan,0.9979,0.9963,0.9996,1,1022,3224,0.566181269,3.10557963,9.321821385,5732
2026-09-18T19:45:06.858,9,0.003,0.65,7,manhattan,0.9986,0.9992,0.998,5,1077,3206,0.431758201,3.743876101,8.743274421,5732
2026-09-18T19:45:18.178,9,0.003,0.65,8,manhattan,0.9984,0.9975,0.9994,43,692,2846,0.42654971,3.431435257,7.440772981,5732
2026-09-18T19:45:27.053,9,0.003,0.65,9,manhattan,0.999,0.9994,0.9985,60,573,2075,0.510987166,2.804163526,5.556755411,5732
2026-09-18T19:45:35.417,9,0.003,0.65,10,manhattan,0.6583,0.7819,0.8144,55,497,1685,1.3826572,1.966936605,5.010452114,5732
2026-09-18T19:45:46.598,9,0.003,0.7,5,manhattan,0.9938,0.9902,0.9975,4,436,3207,0.541263333,2.161965016,8.473882824,5732
2026-09-18T19:45:59.367,9,0.003,0.7,6,manhattan,0.9995,0.9995,0.9994,1,1022,3224,0.572863413,2.847567776,9.344148417,5732
2026-09-18T19:46:13.21,9,0.003,0.7,7,manhattan,0.9998,0.9999,0.9998,6,1077,3201,0.46889335,4.090014432,9.281331337,5732
2026-09-18T19:46:24.213,9,0.003,0.7,8,manhattan,0.9985,0.9989,0.9981,44,692,2844,0.38808122,3.621151673,6.989961844,5732
2026-09-18T19:46:33.268,9,0.003,0.7,9,manhattan,0.9982,0.999,0.9975,59,573,2061,0.53960446,2.943671466,5.567035782,5732
2026-09-18T19:46:41.496,9,0.003,0.7,10,manhattan,0.6443,0.8153,0.6507,55,497,1685,1.355012796,2.36482565,4.504989052,5732
2026-09-18T19:46:53.174,9,0.003,0.75,5,manhattan,0.9999,0.9999,0.9999,4,436,3207,0.509925088,1.948498132,9.215717599,5732
2026-09-18T19:47:04.485,9,0.003,0.75,6,manhattan,0.9997,0.9998,0.9997,1,1022,3224,0.567049886,3.00790423,7.732583871,5732
2026-09-18T19:47:13.775,9,0.003,0.75,7,manhattan,0.9996,0.9995,0.9996,6,1077,3201,0.389084003,2.951679268,5.941166188,5732
2026-09-18T19:47:18.14,9,0.003,0.75,8,manhattan,0.9974,0.9985,0.9964,44,692,2844,0.166663873,1.329801735,2.866118623,5732
2026-09-18T19:47:21.507,9,0.003,0.75,9,manhattan,0.9988,0.9991,0.9986,58,573,2046,0.232734583,0.889964493,2.242395603,5732
2026-09-18T19:47:24.723,9,0.003,0.75,10,manhattan,0.9872,0.9817,0.9935,54,497,1672,0.727213622,0.703682108,1.781453834,5732
2026-09-18T19:47:29.21,9,0.003,0.8,5,manhattan,0.9993,0.9988,0.9998,4,436,3207,0.218739699,0.774754997,3.485099415,5732
2026-09-18T19:47:34.255,9,0.003,0.8,6,manhattan,0.9998,0.9999,0.9998,1,1022,3224,0.248834068,1.101001806,3.692313191,5732
2026-09-18T19:47:39.619,9,0.003,0.8,7,manhattan,0.9997,0.9998,0.9996,7,1077,3198,0.182183674,1.512175099,3.667456226,5732
2026-09-18T19:47:43.73,9,0.003,0.8,8,manhattan,0.9983,0.9987,0.9979,46,692,2815,0.170841365,1.207215663,2.729717856,5732
2026-09-18T19:47:46.965,9,0.003,0.8,9,manhattan,0.9954,0.997,0.9938,57,573,2026,0.24931297,0.869351021,2.11426161,5732
2026-09-18T19:47:50.21,9,0.003,0.8,10,manhattan,0.9379,0.9405,0.9472,54,497,1672,0.762548471,0.718456911,1.761069231,5732
2026-09-18T19:48:55.594,10,0.002,0.5,5,manhattan,0.9972,0.9961,0.9984,15,435,3150,1.582173898,8.135196358,7.186550162,5732
2026-09-18T19:49:04.117,10,0.002,0.5,6,manhattan,0.9996,0.9997,0.9994,3,1005,3215,0.285273527,1.581987002,5.244226846,5732
2026-09-18T19:49:11.583,10,0.002,0.5,7,manhattan,0.9993,0.9994,0.9991,15,1075,3140,0.327758455,2.32782753,4.806756109,5732
2026-09-18T19:49:26.12,10,0.002,0.55,5,manhattan,0.9957,0.9924,0.9991,15,435,3150,0.527980411,2.476430493,8.423852721,5732
2026-09-18T19:49:39.53,10,0.002,0.55,6,manhattan,0.9987,0.9983,0.9991,3,1005,3215,0.526568917,3.580869751,9.29961085,5732
2026-09-18T19:49:53.336,10,0.002,0.55,7,manhattan,0.9992,0.999,0.9993,14,1075,3128,0.476524638,4.411820517,8.913151905,5732
2026-09-18T19:50:06.389,10,0.002,0.6,5,manhattan,0.9979,0.9982,0.9976,15,435,3150,0.585837286,2.417840632,8.387374292,5732
2026-09-18T19:50:19.82,10,0.002,0.6,6,manhattan,0.9996,0.9994,0.9998,3,1005,3215,0.551763564,3.396893737,9.478158792,5732
2026-09-18T19:50:34.507,10,0.002,0.6,7,manhattan,0.9996,0.9996,0.9997,15,1075,3124,0.533525677,4.567997217,9.582038551,5732
2026-09-18T19:50:48.615,10,0.002,0.65,5,manhattan,0.9964,0.9936,0.9993,15,435,3150,0.575656789,2.818520887,8.943840347,5732
2026-09-18T19:51:01.827,10,0.002,0.65,6,manhattan,0.9997,0.9996,0.9998,3,1005,3215,0.603971949,3.508069335,9.094564252,5732
2026-09-18T19:51:15.541,10,0.002,0.65,7,manhattan,0.9995,0.9997,0.9994,16,1075,3121,0.44519205,4.59289239,8.671755703,5732
2026-09-18T19:51:28.525,10,0.002,0.7,5,manhattan,0.9993,0.9997,0.999,15,435,3138,0.493830157,2.372355246,8.340741931,5732
2026-09-18T19:51:42.293,10,0.002,0.7,6,manhattan,0.9999,0.9999,0.9999,4,1005,3213,0.571497821,3.385274114,9.788454181,5732
2026-09-18T19:51:56.62,10,0.002,0.7,7,manhattan,0.9999,0.9999,0.9999,17,1075,3118,0.481846285,4.285621672,9.555212612,5732
2026-09-18T19:52:09.444,10,0.002,0.75,5,manhattan,0.9961,0.9941,0.9981,17,435,3131,0.57469055,2.280498679,8.300442479,5732
2026-09-18T19:52:23.475,10,0.002,0.75,6,manhattan,0.9996,0.9996,0.9996,4,1005,3213,0.682819949,3.562463088,9.781998392,5732
2026-09-18T19:52:37.207,10,0.002,0.75,7,manhattan,0.9994,0.9994,0.9993,19,1075,3106,0.547028056,4.623019714,8.557392471,5732
2026-09-18T19:52:50.762,10,0.002,0.8,5,manhattan,0.996,0.9944,0.9976,18,435,3122,0.848585178,3.151029764,7.838828962,5732
2026-09-18T19:53:04.183,10,0.002,0.8,6,manhattan,0.9996,0.9998,0.9995,4,1005,3213,0.477956609,3.647106299,9.292620273,5732
2026-09-18T19:53:18.206,10,0.002,0.8,7,manhattan,0.9998,0.9998,0.9998,25,1075,3079,0.480493108,4.898783996,8.640305851,5732
2026-09-18T19:53:30.876,10,0.0025,0.5,5,manhattan,0.9984,0.9976,0.9991,7,435,3195,0.4194845,2.13801179,8.339556374,5732
2026-09-18T19:53:43.393,10,0.0025,0.5,6,manhattan,0.9999,0.9999,0.9999,1,1005,3220,0.550252074,2.964226705,8.999270701,5732
2026-09-18T19:53:56.872,10,0.0025,0.5,7,manhattan,0.9996,0.9996,0.9995,6,1075,3183,0.555575454,3.620797401,9.29805079,5732
2026-09-18T19:54:08.019,10,0.0025,0.5,8,manhattan,0.9959,0.9949,0.997,51,667,2662,0.417024756,3.487949532,7.235654933,5732
2026-09-18T19:54:20.422,10,0.0025,0.55,5,manhattan,0.9985,0.998,0.999,7,435,3195,0.487125944,2.230181038,8.196091986,5732
2026-09-18T19:54:33.519,10,0.0025,0.55,6,manhattan,0.9998,0.9999,0.9998,1,1005,3220,0.603442569,2.917571198,9.5694349,5732
2026-09-18T19:54:47.175,10,0.0025,0.55,7,manhattan,0.9992,0.9989,0.9994,7,1075,3171,0.432213439,3.656675406,9.562417867,5732
2026-09-18T19:54:58.033,10,0.0025,0.55,8,manhattan,0.9958,0.993,0.9986,51,667,2660,0.39392912,3.227008663,7.230573345,5732
2026-09-18T19:55:10.668,10,0.0025,0.6,5,manhattan,0.9996,0.9994,0.9997,7,435,3195,0.517974951,2.152294631,8.50910945,5732
2026-09-18T19:55:23.707,10,0.0025,0.6,6,manhattan,0.9993,0.9992,0.9994,1,1005,3220,0.632554341,3.068437305,9.334081888,5732
2026-09-18T19:55:37.452,10,0.0025,0.6,7,manhattan,0.9995,0.9994,0.9997,7,1075,3171,0.513467667,3.882333039,9.344109294,5732
2026-09-18T19:55:47.851,10,0.0025,0.6,8,manhattan,0.9941,0.9952,0.9931,51,667,2645,0.39632901,3.537523431,6.46114799,5732
2026-09-18T19:56:01.173,10,0.0025,0.65,5,manhattan,0.9997,0.9997,0.9997,7,435,3195,0.485682322,2.437604973,8.94432111,5732
2026-09-18T19:56:14.236,10,0.0025,0.65,6,manhattan,0.9998,0.9997,0.9998,1,1005,3220,0.634633239,3.246604198,9.177411333,5732
2026-09-18T19:56:27.206,10,0.0025,0.65,7,manhattan,0.9996,0.9995,0.9996,7,1075,3171,0.405574751,4.018367631,8.542432099,5732
2026-09-18T19:56:37.767,10,0.0025,0.65,8,manhattan,0.9979,0.9979,0.998,51,667,2645,0.345814276,3.408137389,6.803862497,5732
2026-09-18T19:56:50.566,10,0.0025,0.7,5,manhattan,0.9998,0.9998,0.9998,7,435,3184,0.439931261,2.133286741,8.823679838,5732
2026-09-18T19:57:03.908,10,0.0025,0.7,6,manhattan,0.9993,0.9994,0.9991,1,1005,3220,0.607305356,3.383670417,9.347223171,5732
2026-09-18T19:57:17.336,10,0.0025,0.7,7,manhattan,0.9996,0.9997,0.9994,7,1075,3171,0.405128325,3.790866466,9.227863208,5732
2026-09-18T19:57:28.337,10,0.0025,0.7,8,manhattan,0.9973,0.996,0.9986,51,667,2633,0.446216845,3.476558333,7.074094225,5732
2026-09-18T19:57:41.218,10,0.0025,0.75,5,manhattan,0.9985,0.9988,0.9983,7,435,3184,0.507418217,2.281400331,8.668044542,5732
2026-09-18T19:57:53.731,10,0.0025,0.75,6,manhattan,0.9999,0.9999,0.9999,1,1005,3220,0.57249774,2.970383432,8.967069286,5732
2026-09-18T19:58:06.916,10,0.0025,0.75,7,manhattan,0.9996,0.9996,0.9997,8,1075,3164,0.449493663,3.896466629,8.831624224,5732
2026-09-18T19:58:17.768,10,0.0025,0.75,8,manhattan,0.9958,0.9945,0.9972,51,667,2607,0.357053989,3.663329753,6.818580659,5732
2026-09-18T19:58:30.496,10,0.0025,0.8,5,manhattan,0.9991,0.999,0.9991,8,435,3179,0.580532642,2.300521224,8.364824497,5732
2026-09-18T19:58:44.019,10,0.0025,0.8,6,manhattan,0.9999,0.9999,0.9999,1,1005,3220,0.610770117,3.593051237,9.315896519,5732
2026-09-18T19:58:57.668,10,0.0025,0.8,7,manhattan,0.9998,0.9999,0.9998,9,1075,3158,0.478666337,4.155841096,8.999159723,5732
2026-09-18T19:59:09.021,10,0.0025,0.8,8,manhattan,0.9995,0.9997,0.9993,51,667,2571,0.406143469,3.377886224,7.56553895,5732
2026-09-18T19:59:22.063,10,0.003,0.5,5,manhattan,0.9979,0.9964,0.9994,4,435,3210,0.491277525,2.164111234,8.888091398,5732
2026-09-18T19:59:35.577,10,0.003,0.5,6,manhattan,0.9999,0.9998,0.9999,1,1005,3220,0.549373749,2.900811152,10.059905827,5732
2026-09-18T19:59:48.686,10,0.003,0.5,7,manhattan,0.9975,0.9963,0.9987,3,1075,3200,0.497942139,3.426526483,9.180147191,5732
2026-09-18T19:59:59.891,10,0.003,0.5,8,manhattan,0.9943,0.9897,0.9991,36,667,2812,0.363226568,3.787151639,7.05156446,5732
2026-09-18T20:00:08.42,10,0.003,0.5,9,manhattan,0.9983,0.9978,0.9988,52,553,2133,0.533215658,2.705177886,5.287271191,5732
2026-09-18T20:00:16.413,10,0.003,0.5,10,manhattan,0.9908,0.988,0.9938,52,496,1738,1.159847199,1.964642068,4.863897275,5732
2026-09-18T20:00:27.403,10,0.003,0.55,5,manhattan,0.9973,0.9956,0.999,4,435,3210,0.515297078,2.343967918,8.125590471,5732
2026-09-18T20:00:40.497,10,0.003,0.55,6,manhattan,0.9998,0.9999,0.9998,1,1005,3220,0.646308728,2.892179294,9.552059537,5732
2026-09-18T20:00:54.698,10,0.003,0.55,7,manhattan,0.9997,0.9997,0.9998,4,1075,3194,0.887435968,3.872479328,9.437815761,5732
2026-09-18T20:01:05.416,10,0.003,0.55,8,manhattan,0.9974,0.9961,0.9988,36,667,2812,0.476385288,3.174705726,7.059885155,5732
2026-09-18T20:01:14.178,10,0.003,0.55,9,manhattan,0.9984,0.9982,0.9986,52,553,2133,0.544117273,2.553320881,5.660893513,5732
2026-09-18T20:01:22.363,10,0.003,0.55,10,manhattan,0.9916,0.9868,0.9967,52,496,1738,1.256351818,2.07834597,4.846753654,5732
2026-09-18T20:01:33.344,10,0.003,0.6,5,manhattan,0.9998,0.9997,0.9999,4,435,3210,0.623546087,2.237741796,8.113649685,5732
2026-09-18T20:01:46.708,10,0.003,0.6,6,manhattan,0.999,0.9984,0.9996,1,1005,3220,0.626215355,3.13547106,9.598721767,5732
2026-09-18T20:02:00.465,10,0.003,0.6,7,manhattan,0.9997,0.9997,0.9997,4,1075,3194,0.471408041,3.748356973,9.507668899,5732
2026-09-18T20:02:10.954,10,0.003,0.6,8,manhattan,0.9986,0.999,0.9981,36,667,2803,0.388351385,3.24862992,6.848337146,5732
2026-09-18T20:02:19.96,10,0.003,0.6,9,manhattan,0.9966,0.9948,0.9984,52,553,2133,0.485722805,2.681237509,5.834394928,5732
2026-09-18T20:02:27.905,10,0.003,0.6,10,manhattan,0.9954,0.9967,0.9942,52,496,1738,1.282188737,2.124079938,4.534767769,5732
2026-09-18T20:02:39.582,10,0.003,0.65,5,manhattan,0.9994,0.9993,0.9994,4,435,3210,0.603547839,2.307890781,8.759115567,5732
2026-09-18T20:02:52.535,10,0.003,0.65,6,manhattan,0.9999,0.9999,0.9999,1,1005,3220,0.60740085,3.095983009,9.244947953,5732
2026-09-18T20:03:05.944,10,0.003,0.65,7,manhattan,0.9996,0.9996,0.9996,4,1075,3192,0.478807737,3.684071243,9.241926824,5732
2026-09-18T20:03:16.923,10,0.003,0.65,8,manhattan,0.999,0.9987,0.9992,36,667,2803,0.367409999,3.185192623,7.409689462,5732
2026-09-18T20:03:25.827,10,0.003,0.65,9,manhattan,0.9972,0.9956,0.9989,51,553,2118,0.503560858,2.601266447,5.795008635,5732
2026-09-18T20:03:35.002,10,0.003,0.65,10,manhattan,0.9977,0.9968,0.9985,52,496,1732,1.317786273,2.664325623,5.189480653,5732
2026-09-18T20:03:46.362,10,0.003,0.7,5,manhattan,0.998,0.9965,0.9996,5,435,3199,0.54948696,2.390921386,8.415672485,5732
2026-09-18T20:03:59.336,10,0.003,0.7,6,manhattan,0.9998,0.9999,0.9996,1,1005,3220,0.568963492,2.960055572,9.437508389,5732
2026-09-18T20:04:12.523,10,0.003,0.7,7,manhattan,0.9996,0.9996,0.9997,4,1075,3192,0.476924254,3.773049682,8.932015438,5732
2026-09-18T20:04:23.512,10,0.003,0.7,8,manhattan,0.9996,0.9995,0.9996,36,667,2794,0.359983832,3.203524175,7.421274545,5732
2026-09-18T20:04:31.775,10,0.003,0.7,9,manhattan,0.9983,0.9981,0.9985,49,553,2084,0.519764344,2.604176599,5.13483171,5732
2026-09-18T20:04:39.775,10,0.003,0.7,10,manhattan,0.9928,0.9954,0.9902,51,496,1719,1.207293748,2.039045513,4.749892357,5732
2026-09-18T20:04:50.516,10,0.003,0.75,5,manhattan,0.9981,0.9971,0.9993,5,435,3199,0.521013108,1.902378874,8.314322549,5732
2026-09-18T20:05:03.082,10,0.003,0.75,6,manhattan,0.9998,0.9998,0.9998,1,1005,3220,0.581205084,2.631033762,9.35048062,5732
2026-09-18T20:05:15.537,10,0.003,0.75,7,manhattan,0.9995,0.9994,0.9997,5,1075,3189,0.402674181,3.361245972,8.687921055,5732
2026-09-18T20:05:26.444,10,0.003,0.75,8,manhattan,0.9748,0.9578,0.9973,39,667,2771,0.397949271,3.168109695,7.338363648,5732
2026-09-18T20:05:34.769,10,0.003,0.75,9,manhattan,0.9946,0.9924,0.997,48,553,2067,0.475541954,2.564158452,5.281907091,5732
2026-09-18T20:05:43.303,10,0.003,0.75,10,manhattan,0.9978,0.9969,0.9986,51,496,1709,1.314262215,2.399865416,4.81510984,5732
2026-09-18T20:05:54.334,10,0.003,0.8,5,manhattan,0.999,0.9985,0.9995,6,435,3197,0.555043263,2.038069968,8.434109708,5732
2026-09-18T20:06:06.895,10,0.003,0.8,6,manhattan,0.9995,0.9995,0.9994,1,1005,3220,0.597459973,2.992643711,8.965826919,5732
2026-09-18T20:06:20.388,10,0.003,0.8,7,manhattan,0.9989,0.9991,0.9988,5,1075,3189,0.473750382,3.50254575,9.513259075,5732
2026-09-18T20:06:31.176,10,0.003,0.8,8,manhattan,0.9991,0.9992,0.999,42,667,2723,0.38221456,3.317945558,7.082837136,5732
2026-09-18T20:06:39.743,10,0.003,0.8,9,manhattan,0.9984,0.998,0.9987,48,553,2061,0.513833342,2.708757747,5.340593916,5732
2026-09-18T20:06:48.538,10,0.003,0.8,10,manhattan,0.9874,0.9786,0.9968,51,496,1709,1.294630285,2.652842229,4.843419566,5732
2026-09-18T20:08:26.087,11,0.002,0.5,5,manhattan,0.9993,0.9992,0.9994,15,431,3152,2.173489379,12.179648372,10.649132813,5732
2026-09-18T20:08:41.907,11,0.002,0.5,6,manhattan,0.9998,0.9998,0.9998,7,975,3200,0.555483621,3.531778735,10.091034177,5732
2026-09-18T20:08:55.103,11,0.002,0.5,7,manhattan,0.9957,0.9929,0.9986,16,1040,3144,0.424783269,3.966199209,8.801012659,5732
2026-09-18T20:09:09.553,11,0.002,0.55,5,manhattan,0.9962,0.9944,0.998,15,431,3152,0.488693106,2.311562577,8.489878804,5732
2026-09-18T20:09:22.997,11,0.002,0.55,6,manhattan,0.9995,0.9994,0.9996,7,975,3200,0.554798476,3.588730553,9.29474531,5732
2026-09-18T20:09:36.271,11,0.002,0.55,7,manhattan,0.9996,0.9995,0.9996,16,1040,3144,0.472069596,3.71530712,9.080882083,5732
2026-09-18T20:09:49.281,11,0.002,0.6,5,manhattan,0.9979,0.9974,0.9984,15,431,3152,0.465230308,2.321893517,8.49110501,5732
2026-09-18T20:10:02.238,11,0.002,0.6,6,manhattan,0.9981,0.9965,0.9997,8,975,3197,0.544104222,3.295909252,9.112804211,5732
2026-09-18T20:10:15.36,11,0.002,0.6,7,manhattan,0.9993,0.9992,0.9993,16,1040,3144,0.449519974,3.842233871,8.827471443,5732
2026-09-18T20:10:28.841,11,0.002,0.65,5,manhattan,0.9967,0.9948,0.9985,15,431,3152,0.891281756,2.55582113,8.319731891,5732
2026-09-18T20:10:42.209,11,0.002,0.65,6,manhattan,0.9994,0.9994,0.9996,8,975,3197,0.553226417,3.544171462,9.266324401,5732
2026-09-18T20:10:55.981,11,0.002,0.65,7,manhattan,0.9979,0.9962,0.9996,16,1040,3144,0.381568694,4.159976818,9.226748843,5732
2026-09-18T20:11:09.702,11,0.002,0.7,5,manhattan,0.9972,0.9961,0.9984,16,431,3138,0.697446248,2.931480614,8.353254923,5732
2026-09-18T20:11:23.084,11,0.002,0.7,6,manhattan,0.997,0.9953,0.9987,8,975,3197,0.499022648,3.598725695,9.266731857,5732
2026-09-18T20:11:36.838,11,0.002,0.7,7,manhattan,0.9842,0.9736,0.9969,17,1040,3133,0.577753249,3.923812186,9.248340731,5732
2026-09-18T20:11:49.084,11,0.002,0.75,5,manhattan,0.9922,0.989,0.9956,17,431,3134,0.479727636,2.132845287,8.012011254,5732
2026-09-18T20:12:02.559,11,0.002,0.75,6,manhattan,0.9983,0.9972,0.9994,9,975,3194,0.465630149,3.536238807,9.469069158,5732
2026-09-18T20:12:15.807,11,0.002,0.75,7,manhattan,0.9954,0.992,0.9989,19,1040,3121,0.439178139,3.772113109,9.033331895,5732
2026-09-18T20:12:28.543,11,0.002,0.8,5,manhattan,0.9931,0.9875,0.9989,17,431,3130,0.525528506,2.404445698,8.167030171,5732
2026-09-18T20:12:41.824,11,0.002,0.8,6,manhattan,0.9998,0.9997,0.9998,9,975,3194,0.589937848,3.455559631,9.230796642,5732
2026-09-18T20:12:55.275,11,0.002,0.8,7,manhattan,0.9982,0.9972,0.9991,20,1040,3117,0.405210217,3.736882525,9.305242822,5732
2026-09-18T20:13:08.876,11,0.0025,0.5,5,manhattan,0.998,0.9968,0.9992,9,431,3183,0.515616615,2.057593626,9.335242146,5732
2026-09-18T20:13:22.17,11,0.0025,0.5,6,manhattan,0.9996,0.9996,0.9997,3,975,3213,0.566064592,3.164886931,9.545134961,5732
2026-09-18T20:13:34.961,11,0.0025,0.5,7,manhattan,0.9963,0.9934,0.9992,7,1040,3178,0.433712491,3.535044379,8.805156489,5732
2026-09-18T20:13:44.689,11,0.0025,0.5,8,manhattan,0.999,0.9992,0.9988,58,659,2619,0.404913112,2.511787595,6.804933171,5732
2026-09-18T20:13:57.642,11,0.0025,0.55,5,manhattan,0.9985,0.9982,0.9988,9,431,3183,0.539840265,2.309815005,8.666988765,5732
2026-09-18T20:14:11.043,11,0.0025,0.55,6,manhattan,0.9996,0.9997,0.9994,3,975,3213,0.566169215,3.308350379,9.521537507,5732
2026-09-18T20:14:24.313,11,0.0025,0.55,7,manhattan,0.9993,0.9988,0.9997,7,1040,3178,0.460157796,3.641175925,9.164289264,5732
2026-09-18T20:14:34.652,11,0.0025,0.55,8,manhattan,0.9978,0.9966,0.9989,58,659,2619,0.446402115,2.728874213,7.151243624,5732
2026-09-18T20:14:47.299,11,0.0025,0.6,5,manhattan,0.9965,0.9941,0.9989,9,431,3183,0.474061263,2.264983044,8.521137857,5732
2026-09-18T20:15:00.405,11,0.0025,0.6,6,manhattan,0.9996,0.9997,0.9996,3,975,3213,0.506812339,3.114313169,9.480768989,5732
2026-09-18T20:15:13.862,11,0.0025,0.6,7,manhattan,0.9977,0.996,0.9994,7,1040,3178,0.41599757,3.857223233,9.177598171,5732
2026-09-18T20:15:23.871,11,0.0025,0.6,8,manhattan,0.9993,0.999,0.9996,58,659,2619,0.423042821,2.67540329,6.905218363,5732
2026-09-18T20:15:37.585,11,0.0025,0.65,5,manhattan,0.9963,0.995,0.9978,9,431,3183,0.822355212,2.101553687,9.287464834,5732
2026-09-18T20:15:51.084,11,0.0025,0.65,6,manhattan,0.9984,0.9976,0.9993,3,975,3213,0.54445748,3.370028574,9.579814985,5732
2026-09-18T20:16:04.619,11,0.0025,0.65,7,manhattan,0.9996,0.9997,0.9996,7,1040,3178,0.451386276,3.748215688,9.332192243,5732
2026-09-18T20:16:14.32,11,0.0025,0.65,8,manhattan,0.9991,0.9988,0.9993,58,659,2605,0.479868924,2.503915702,6.713281074,5732
2026-09-18T20:16:27.25,11,0.0025,0.7,5,manhattan,0.9966,0.9956,0.9975,9,431,3171,0.525072092,2.038418531,8.922982837,5732
2026-09-18T20:16:40.398,11,0.0025,0.7,6,manhattan,0.9998,0.9997,0.9999,3,975,3213,0.507281533,3.192928251,9.444359971,5732
2026-09-18T20:16:53.727,11,0.0025,0.7,7,manhattan,0.9976,0.996,0.9992,7,1040,3178,0.428939949,3.76312536,9.132770679,5732
2026-09-18T20:17:03.201,11,0.0025,0.7,8,manhattan,0.9989,0.9986,0.9992,58,659,2599,0.374199589,2.603312232,6.492635086,5732
2026-09-18T20:17:15.95,11,0.0025,0.75,5,manhattan,0.9988,0.9988,0.9989,10,431,3169,0.561489914,2.212794805,8.449840697,5732
2026-09-18T20:17:29.522,11,0.0025,0.75,6,manhattan,0.9995,0.9995,0.9994,3,975,3213,0.620298952,3.421204867,9.526659432,5732
2026-09-18T20:17:42.471,11,0.0025,0.75,7,manhattan,0.9993,0.9992,0.9995,9,1040,3161,0.494551609,3.970293868,8.464494416,5732
2026-09-18T20:17:52.493,11,0.0025,0.75,8,manhattan,0.9918,0.9885,0.9954,57,659,2587,0.385987576,2.64229348,6.988773231,5732
2026-09-18T20:18:05.307,11,0.0025,0.8,5,manhattan,0.9949,0.9914,0.9986,10,431,3165,0.430733472,2.441655472,8.468656689,5732
2026-09-18T20:18:18.351,11,0.0025,0.8,6,manhattan,0.9998,0.9997,0.9998,3,975,3213,0.59119531,3.607350418,8.840595163,5732
2026-09-18T20:18:31.26,11,0.0025,0.8,7,manhattan,0.9889,0.9804,0.9983,10,1040,3159,0.420688941,3.632608797,8.8527561,5732
2026-09-18T20:18:40.918,11,0.0025,0.8,8,manhattan,0.9933,0.9899,0.997,58,659,2533,0.462132523,2.550639673,6.626842971,5732
2026-09-18T20:18:54.206,11,0.003,0.5,5,manhattan,0.997,0.995,0.9989,4,431,3211,0.523639257,2.397378561,8.865685223,5732
2026-09-18T20:19:07.369,11,0.003,0.5,6,manhattan,0.9999,0.9999,0.9999,1,975,3220,0.500893425,3.057884412,9.600982425,5732
2026-09-18T20:19:20.395,11,0.003,0.5,7,manhattan,0.9996,0.9997,0.9996,3,1040,3211,0.550789641,3.523502235,8.94759356,5732
2026-09-18T20:19:30.755,11,0.003,0.5,8,manhattan,0.9994,0.9992,0.9997,26,659,2841,0.36942006,2.51410001,7.472930823,5732
2026-09-18T20:19:38.522,11,0.003,0.5,9,manhattan,0.9942,0.991,0.9975,57,507,2012,0.500751646,1.790489243,5.470802423,5732
2026-09-18T20:19:46.751,11,0.003,0.5,10,manhattan,0.9938,0.9938,0.9938,49,433,1558,1.169576386,2.116300845,4.94024411,5732
2026-09-18T20:19:57.84,11,0.003,0.55,5,manhattan,0.998,0.9969,0.9991,4,431,3211,0.523898578,2.149171176,8.411119745,5732
2026-09-18T20:20:11.329,11,0.003,0.55,6,manhattan,0.9999,0.9999,0.9999,1,975,3220,0.575390673,2.969306703,9.94193936,5732
2026-09-18T20:20:24.668,11,0.003,0.55,7,manhattan,0.9999,0.9999,0.9999,4,1040,3206,0.462850424,3.579368151,9.289167684,5732
2026-09-18T20:20:35.233,11,0.003,0.55,8,manhattan,0.9968,0.9952,0.9984,26,659,2827,0.413090817,2.576451197,7.571062566,5732
2026-09-18T20:20:42.989,11,0.003,0.55,9,manhattan,0.9977,0.998,0.9974,57,507,2012,0.497946254,1.84279122,5.410809642,5732
2026-09-18T20:20:49.871,11,0.003,0.55,10,manhattan,0.9936,0.9961,0.9911,49,433,1558,1.317798923,1.520931179,4.038689137,5732
2026-09-18T20:21:01.762,11,0.003,0.6,5,manhattan,0.9966,0.9942,0.999,4,431,3211,0.913121071,2.165729821,8.808145206,5732
2026-09-18T20:21:14.711,11,0.003,0.6,6,manhattan,0.9996,0.9997,0.9996,1,975,3220,0.632260771,2.86815697,9.444720993,5732
2026-09-18T20:21:28.365,11,0.003,0.6,7,manhattan,0.9975,0.9956,0.9994,4,1040,3206,0.472266172,3.702927779,9.475787949,5732
2026-09-18T20:21:38.877,11,0.003,0.6,8,manhattan,0.9996,0.9996,0.9997,26,659,2827,0.373607894,2.616002355,7.518126847,5732
2026-09-18T20:21:46.739,11,0.003,0.6,9,manhattan,0.9979,0.9984,0.9975,57,507,2012,0.572077672,1.761131798,5.52535504,5732
2026-09-18T20:21:53.892,11,0.003,0.6,10,manhattan,0.9858,0.9772,0.995,49,433,1558,1.349699367,1.446175169,4.354435953,5732
2026-09-18T20:22:05.892,11,0.003,0.65,5,manhattan,0.9999,0.9999,0.9999,4,431,3211,0.539388091,2.260654095,9.195257439,5732
2026-09-18T20:22:19.11,11,0.003,0.65,6,manhattan,0.9996,0.9997,0.9996,1,975,3220,0.586341886,2.883693905,9.744503025,5732
2026-09-18T20:22:31.703,11,0.003,0.65,7,manhattan,0.9996,0.9996,0.9997,4,1040,3202,0.453779762,3.490115495,8.635709327,5732
2026-09-18T20:22:41.602,11,0.003,0.65,8,manhattan,0.9972,0.9951,0.9993,26,659,2813,0.462514975,2.48283226,6.950553252,5732
2026-09-18T20:22:48.907,11,0.003,0.65,9,manhattan,0.9918,0.9894,0.9943,55,507,1984,0.421019011,1.814614165,5.065016953,5732
2026-09-18T20:22:56.317,11,0.003,0.65,10,manhattan,0.9956,0.9948,0.9963,49,433,1558,1.25355643,1.768419965,4.382529826,5732
2026-09-18T20:23:08.017,11,0.003,0.7,5,manhattan,0.9993,0.9993,0.9992,5,431,3200,0.527197261,2.222068007,8.947833536,5732
2026-09-18T20:23:20.271,11,0.003,0.7,6,manhattan,0.9999,0.9999,0.9999,1,975,3220,0.587546092,2.600241089,9.063196498,5732
2026-09-18T20:23:33.053,11,0.003,0.7,7,manhattan,0.9973,0.9952,0.9994,4,1040,3202,0.411925093,3.332165506,9.033769281,5732
2026-09-18T20:23:43.006,11,0.003,0.7,8,manhattan,0.999,0.9986,0.9994,26,659,2807,0.30404369,2.403333944,7.242076879,5732
2026-09-18T20:23:50.714,11,0.003,0.7,9,manhattan,0.999,0.9993,0.9986,55,507,1980,0.506823874,1.85950631,5.338503112,5732
2026-09-18T20:23:58.152,11,0.003,0.7,10,manhattan,0.9952,0.9943,0.9962,49,433,1552,1.253722234,1.759529006,4.419714755,5732
2026-09-18T20:24:09.14,11,0.003,0.75,5,manhattan,0.9915,0.9856,0.9979,5,431,3200,0.528205911,2.156193876,8.299270089,5732
2026-09-18T20:24:22.408,11,0.003,0.75,6,manhattan,0.9993,0.9993,0.9993,1,975,3220,0.552974563,3.095078839,9.616696827,5732
2026-09-18T20:24:35.544,11,0.003,0.75,7,manhattan,0.9996,0.9996,0.9997,5,1040,3199,0.444019975,3.571396306,9.115892939,5732
2026-09-18T20:24:46.292,11,0.003,0.75,8,manhattan,0.9994,0.9994,0.9994,26,659,2791,0.406257248,2.85559675,7.482093116,5732
2026-09-18T20:24:54.186,11,0.003,0.75,9,manhattan,0.9916,0.9867,0.9966,53,507,1947,0.535554842,2.129791214,5.222562351,5732
2026-09-18T20:25:01.397,11,0.003,0.75,10,manhattan,0.9982,0.9978,0.9986,48,433,1539,1.194906212,1.521119472,4.489989736,5732
2026-09-18T20:25:12.571,11,0.003,0.8,5,manhattan,0.9703,0.951,0.9968,6,431,3198,0.534626928,2.071382089,8.563989395,5732
2026-09-18T20:25:25.664,11,0.003,0.8,6,manhattan,0.9996,0.9997,0.9996,1,975,3220,0.581272023,2.835578017,9.669331598,5732
2026-09-18T20:25:38.865,11,0.003,0.8,7,manhattan,0.9995,0.9995,0.9995,6,1040,3193,0.415824273,4.073671823,8.707023131,5732
2026-09-18T20:25:47.044,11,0.003,0.8,8,manhattan,0.9998,0.9999,0.9998,27,659,2755,0.419800837,2.030144819,5.726270597,5732
2026-09-18T20:25:52.505,11,0.003,0.8,9,manhattan,0.9878,0.9822,0.9942,52,507,1920,0.35399543,1.310244172,3.793908314,5732
2026-09-18T20:25:58.01,11,0.003,0.8,10,manhattan,0.9941,0.9911,0.9972,48,433,1539,1.038864153,1.184668919,3.278848174,5732
2026-09-18T20:27:14.219,12,0.002,0.5,5,manhattan,0.9894,0.9892,0.9897,16,438,3146,1.719932451,9.26759044,6.788585631,5732
2026-09-18T20:27:23.946,12,0.002,0.5,6,manhattan,0.9999,0.9999,0.9999,3,1019,3211,0.429116503,2.162872956,5.760161662,5732
2026-09-18T20:27:30.886,12,0.002,0.5,7,manhattan,0.9981,0.9966,0.9995,16,1086,3140,0.323603074,1.676361427,4.936975739,5732
2026-09-18T20:27:40.272,12,0.002,0.55,5,manhattan,0.9863,0.9783,0.9951,16,438,3146,0.472418357,1.282333701,5.141950692,5732
2026-09-18T20:27:47.226,12,0.002,0.55,6,manhattan,0.9996,0.9997,0.9996,4,1019,3207,0.413731404,2.189599613,4.348373363,5732
2026-09-18T20:27:55.38,12,0.002,0.55,7,manhattan,0.9971,0.995,0.9992,18,1086,3131,0.249348734,2.770431845,5.130803363,5732
2026-09-18T20:28:03.783,12,0.002,0.6,5,manhattan,0.9984,0.9981,0.9987,16,438,3146,0.409814135,1.480084462,5.173903097,5732
2026-09-18T20:28:10.64,12,0.002,0.6,6,manhattan,0.9999,0.9999,0.9999,4,1019,3207,0.410157126,1.464151317,4.969243757,5732
2026-09-18T20:28:19.044,12,0.002,0.6,7,manhattan,0.9997,0.9998,0.9997,18,1086,3131,0.193401592,2.61366972,5.59333126,5732
2026-09-18T20:28:26.449,12,0.002,0.65,5,manhattan,0.9943,0.9897,0.9992,16,438,3146,0.332625195,1.482356475,4.194223658,5732
2026-09-18T20:28:34.45,12,0.002,0.65,6,manhattan,0.9999,0.9999,0.9999,4,1019,3207,0.392139212,2.079503256,5.527029629,5732
2026-09-18T20:28:42.554,12,0.002,0.65,7,manhattan,0.9999,0.9999,0.9999,18,1086,3131,0.218365938,2.493670959,5.389320538,5732
2026-09-18T20:28:50.172,12,0.002,0.7,5,manhattan,0.9795,0.9697,0.9918,17,438,3143,0.245526241,1.110404312,5.13380068,5732
2026-09-18T20:28:58.3,12,0.002,0.7,6,manhattan,0.9997,0.9998,0.9995,4,1019,3207,0.455806981,2.002347353,5.667551935,5732
2026-09-18T20:29:05.956,12,0.002,0.7,7,manhattan,0.9953,0.9923,0.9985,19,1086,3128,0.208749186,2.799101979,4.64584455,5732
2026-09-18T20:29:14.173,12,0.002,0.75,5,manhattan,0.9958,0.9939,0.9978,19,438,3134,0.511797635,1.545726369,4.807680868,5732
2026-09-18T20:29:22.094,12,0.002,0.75,6,manhattan,0.9996,0.9995,0.9997,4,1019,3207,0.313823102,1.838428153,5.765857095,5732
2026-09-18T20:29:29.287,12,0.002,0.75,7,manhattan,0.9995,0.9997,0.9994,19,1086,3116,0.529727408,2.365779693,4.293991578,5732
2026-09-18T20:29:37.228,12,0.002,0.8,5,manhattan,0.9906,0.9928,0.9886,19,438,3117,0.454017014,1.186965516,4.940919757,5732
2026-09-18T20:29:45.481,12,0.002,0.8,6,manhattan,0.9995,0.9995,0.9994,5,1019,3202,0.416056356,2.32418665,5.501220899,5732
2026-09-18T20:29:52.605,12,0.002,0.8,7,manhattan,0.9992,0.9987,0.9996,23,1086,3099,0.334255226,2.324524892,4.461974434,5732
2026-09-18T20:30:01.03,12,0.0025,0.5,5,manhattan,0.9859,0.9878,0.9847,10,438,3180,0.531826983,1.624128594,5.004546039,5732
2026-09-18T20:30:08.978,12,0.0025,0.5,6,manhattan,0.9996,0.9998,0.9995,2,1019,3216,0.431363512,1.769152742,5.744256593,5732
2026-09-18T20:30:16.534,12,0.0025,0.5,7,manhattan,0.9997,0.9998,0.9997,10,1086,3175,0.18408914,1.904936654,5.464095755,5732
2026-09-18T20:30:23.221,12,0.0025,0.5,8,manhattan,0.9991,0.9994,0.9987,60,664,2650,0.28535411,2.017492547,4.381654573,5732
2026-09-18T20:30:30.608,12,0.0025,0.55,5,manhattan,0.9929,0.9872,0.9989,10,438,3180,0.537604898,1.699078694,3.987252496,5732
2026-09-18T20:30:38.332,12,0.0025,0.55,6,manhattan,0.9995,0.9995,0.9994,2,1019,3216,0.301356958,1.990739281,5.428212253,5732
2026-09-18T20:30:46.91,12,0.0025,0.55,7,manhattan,0.9999,0.9999,0.9999,11,1086,3170,0.323973443,2.373930333,5.875903653,5732
2026-09-18T20:30:52.295,12,0.0025,0.55,8,manhattan,0.9986,0.9984,0.9989,60,664,2647,0.30255446,1.686000948,3.391542284,5732
2026-09-18T20:31:00.287,12,0.0025,0.6,5,manhattan,0.9968,0.9962,0.9974,10,438,3180,0.303286747,1.181028013,5.255949161,5732
2026-09-18T20:31:08.384,12,0.0025,0.6,6,manhattan,0.9997,0.9997,0.9998,3,1019,3214,0.482676114,2.149320846,5.460183305,5732
2026-09-18T20:31:15.527,12,0.0025,0.6,7,manhattan,0.9996,0.9996,0.9997,11,1086,3170,0.247859575,1.683374489,5.208767822,5732
2026-09-18T20:31:22.185,12,0.0025,0.6,8,manhattan,0.9983,0.9968,0.9997,60,664,2647,0.26994736,2.130988716,4.253545751,5732
2026-09-18T20:31:30.367,12,0.0025,0.65,5,manhattan,0.9974,0.9968,0.998,10,438,3180,0.411846451,1.309238314,5.244054179,5732
2026-09-18T20:31:37.171,12,0.0025,0.65,6,manhattan,0.9992,0.9988,0.9996,3,1019,3214,0.352978259,1.278100331,5.170019561,5732
2026-09-18T20:31:45.625,12,0.0025,0.65,7,manhattan,0.9994,0.9995,0.9994,11,1086,3170,0.199699477,2.607226563,5.644358,5732
2026-09-18T20:31:51.914,12,0.0025,0.65,8,manhattan,0.9994,0.9997,0.9991,61,664,2620,0.247796228,1.7723343,4.266308372,5732
2026-09-18T20:31:59.069,12,0.0025,0.7,5,manhattan,0.9982,0.9982,0.9983,10,438,3180,0.218816416,0.785510359,4.954874223,5732
2026-09-18T20:32:07.383,12,0.0025,0.7,6,manhattan,0.9996,0.9996,0.9996,3,1019,3214,0.28686974,2.118392946,5.905862923,5732
2026-09-18T20:32:15.141,12,0.0025,0.7,7,manhattan,0.9989,0.999,0.9988,11,1086,3170,0.311581121,2.01131451,5.431347785,5732
2026-09-18T20:32:20.428,12,0.0025,0.7,8,manhattan,0.9996,0.9995,0.9996,61,664,2610,0.239186241,1.153371976,3.892861672,5732
2026-09-18T20:32:28.306,12,0.0025,0.75,5,manhattan,0.9936,0.9895,0.9978,12,438,3176,0.363777707,1.387289237,5.066991093,5732
2026-09-18T20:32:36.362,12,0.0025,0.75,6,manhattan,0.9996,0.9997,0.9996,3,1019,3214,0.589381876,1.958355953,5.505657439,5732
2026-09-18T20:32:43.445,12,0.0025,0.75,7,manhattan,0.9996,0.9997,0.9996,12,1086,3157,0.307182993,1.636031258,5.136931115,5732
2026-09-18T20:32:50.102,12,0.0025,0.75,8,manhattan,0.9967,0.996,0.9974,64,664,2580,0.18527393,2.322154124,4.146437771,5732
2026-09-18T20:32:58.233,12,0.0025,0.8,5,manhattan,0.9932,0.9897,0.9968,12,438,3158,0.343672721,1.471734565,5.075426057,5732
2026-09-18T20:33:05.14,12,0.0025,0.8,6,manhattan,0.9996,0.9996,0.9997,3,1019,3214,0.240343515,1.445097305,5.218827509,5732
2026-09-18T20:33:13.78,12,0.0025,0.8,7,manhattan,0.9997,0.9997,0.9998,13,1086,3149,0.416679831,2.589506245,5.621077951,5732
2026-09-18T20:33:19.809,12,0.0025,0.8,8,manhattan,0.9985,0.9987,0.9984,64,664,2571,0.189541454,2.32871154,3.507648848,5732
2026-09-18T20:33:27.582,12,0.003,0.5,5,manhattan,0.9988,0.9982,0.9994,3,438,3213,0.328896918,1.203993775,5.041660009,5732
2026-09-18T20:33:35.463,12,0.003,0.5,6,manhattan,0.9991,0.999,0.9993,1,1019,3220,0.470423615,1.346671949,6.061583712,5732
2026-09-18T20:33:41.798,12,0.003,0.5,7,manhattan,0.9999,0.9999,0.9999,3,1086,3214,0.323376648,2.123469652,3.885669746,5732
2026-09-18T20:33:46.194,12,0.003,0.5,8,manhattan,0.9997,0.9997,0.9997,31,664,2873,0.217622476,1.137092975,3.038249459,5732
2026-09-18T20:33:49.273,12,0.003,0.5,9,manhattan,0.9955,0.9978,0.9932,60,531,2041,0.215292634,0.838557962,2.022802455,5732
2026-09-18T20:33:52.687,12,0.003,0.5,10,manhattan,0.9869,0.9879,0.9864,47,460,1597,0.717825239,0.964180986,1.729878506,5732
2026-09-18T20:33:56.963,12,0.003,0.55,5,manhattan,0.9978,0.9964,0.9991,3,438,3213,0.226007155,0.684750621,3.363072174,5732
2026-09-18T20:34:02.07,12,0.003,0.55,6,manhattan,0.9987,0.9983,0.9991,1,1019,3220,0.279414373,1.019055922,3.805541389,5732
2026-09-18T20:34:07.195,12,0.003,0.55,7,manhattan,0.9998,0.9999,0.9998,4,1086,3209,0.189022322,1.338650026,3.595877908,5732
2026-09-18T20:34:11.561,12,0.003,0.55,8,manhattan,0.9996,0.9997,0.9996,32,664,2869,0.166496211,1.253338524,2.943755479,5732
2026-09-18T20:34:14.634,12,0.003,0.55,9,manhattan,0.9776,0.9907,0.9661,60,531,2040,0.226952529,0.806526776,2.033165603,5732
2026-09-18T20:34:17.821,12,0.003,0.55,10,manhattan,0.9971,0.9974,0.9969,47,460,1597,0.716378193,0.806746358,1.654413954,5732
2026-09-18T20:34:22.062,12,0.003,0.6,5,manhattan,0.9996,0.9996,0.9997,3,438,3213,0.22426447,0.697162568,3.310065567,5732
2026-09-18T20:34:27.112,12,0.003,0.6,6,manhattan,0.9997,0.9997,0.9998,1,1019,3220,0.254419505,1.000390369,3.792928158,5732
2026-09-18T20:34:32.101,12,0.003,0.6,7,manhattan,0.9997,0.9998,0.9996,4,1086,3209,0.193866457,1.324508175,3.467579396,5732
2026-09-18T20:34:36.5,12,0.003,0.6,8,manhattan,0.9993,0.9993,0.9994,32,664,2864,0.161278005,1.230184469,3.005221215,5732
2026-09-18T20:34:39.539,12,0.003,0.6,9,manhattan,0.9966,0.9984,0.9948,59,531,2026,0.224787513,0.785595705,2.027040575,5732
2026-09-18T20:34:42.958,12,0.003,0.6,10,manhattan,0.9965,0.9985,0.9946,47,460,1597,0.830215188,0.884757121,1.701959026,5732
2026-09-18T20:34:47.623,12,0.003,0.65,5,manhattan,0.9993,0.9995,0.9991,3,438,3213,0.222474782,0.714307742,3.718879433,5732
2026-09-18T20:34:53.037,12,0.003,0.65,6,manhattan,0.9998,0.9999,0.9998,1,1019,3220,0.376796786,1.267512363,3.766275603,5732
2026-09-18T20:34:58.659,12,0.003,0.65,7,manhattan,0.9996,0.9996,0.9997,4,1086,3209,0.180778095,1.448860783,3.990346194,5732
2026-09-18T20:35:05.907,12,0.003,0.65,8,manhattan,0.999,0.9988,0.9992,33,664,2843,0.30787673,2.282250756,4.655486097,5732
2026-09-18T20:35:10.735,12,0.003,0.65,9,manhattan,0.9913,0.9892,0.9937,59,531,2025,0.385223859,1.392911406,3.047248044,5732
2026-09-18T20:35:14.625,12,0.003,0.65,10,manhattan,0.9948,0.9971,0.9925,47,460,1591,1.039229284,0.842799575,2.004381137,5732
2026-09-18T20:35:21.38,12,0.003,0.7,5,manhattan,0.9999,0.9999,0.9998,3,438,3213,0.392529905,1.175895153,5.183950562,5732
2026-09-18T20:35:29.286,12,0.003,0.7,6,manhattan,0.9998,0.9999,0.9998,1,1019,3220,0.411793512,1.541825583,5.949762481,5732
2026-09-18T20:35:35.773,12,0.003,0.7,7,manhattan,0.9998,0.9999,0.9998,4,1086,3209,0.400218195,2.084893832,3.997582819,5732
2026-09-18T20:35:42.129,12,0.003,0.7,8,manhattan,0.9994,0.9995,0.9994,34,664,2832,0.164254649,1.665505478,4.524186776,5732
2026-09-18T20:35:47.239,12,0.003,0.7,9,manhattan,0.9968,0.9964,0.9972,58,531,1995,0.420782668,1.443869772,3.233396878,5732
2026-09-18T20:35:51.961,12,0.003,0.7,10,manhattan,0.9876,0.9903,0.9852,47,460,1591,1.049364679,1.008766877,2.659319993,5732
2026-09-18T20:35:57.515,12,0.003,0.75,5,manhattan,0.9988,0.9984,0.9992,3,438,3213,0.339112072,0.882056211,4.329230932,5732
2026-09-18T20:36:05.052,12,0.003,0.75,6,manhattan,0.9998,0.9999,0.9996,1,1019,3220,0.433461131,1.337670639,5.763523412,5732
2026-09-18T20:36:12.77,12,0.003,0.75,7,manhattan,0.9998,0.9999,0.9997,4,1086,3201,0.342746134,2.461934714,4.908716132,5732
2026-09-18T20:36:18.312,12,0.003,0.75,8,manhattan,0.9997,0.9998,0.9997,36,664,2820,0.160005773,1.156591947,4.223500786,5732
2026-09-18T20:36:23.311,12,0.003,0.75,9,manhattan,0.9994,0.9996,0.9992,55,531,1943,0.25513999,1.895900912,2.845226198,5732
2026-09-18T20:36:28.284,12,0.003,0.75,10,manhattan,0.9889,0.9887,0.9894,46,460,1577,1.026175004,1.305956184,2.637869092,5732
2026-09-18T20:36:34.046,12,0.003,0.8,5,manhattan,0.9997,0.9998,0.9997,5,438,3200,0.343206319,0.956057236,4.460260315,5732
2026-09-18T20:36:41.347,12,0.003,0.8,6,manhattan,0.999,0.9984,0.9995,1,1019,3220,0.434802227,1.378306366,5.485569425,5732
2026-09-18T20:36:48.761,12,0.003,0.8,7,manhattan,0.9998,0.9999,0.9998,5,1086,3198,0.402242759,2.446032368,4.562065091,5732
2026-09-18T20:36:54.998,12,0.003,0.8,8,manhattan,0.9996,0.9997,0.9996,38,664,2808,0.224223403,1.63938742,4.371106204,5732
2026-09-18T20:36:59.959,12,0.003,0.8,9,manhattan,0.9965,0.9976,0.9954,54,531,1911,0.459895711,1.384070243,3.113431782,5732
2026-09-18T20:37:04.255,12,0.003,0.8,10,manhattan,0.9976,0.9976,0.9975,46,460,1564,1.09139032,1.074493083,2.127607969,5732
2026-09-18T20:38:19.674,13,0.002,0.5,5,manhattan,0.9954,0.9952,0.9955,16,430,3144,1.342345967,9.141588526,6.224903253,5732
2026-09-18T20:38:29.427,13,0.002,0.5,6,manhattan,0.9996,0.9998,0.9995,4,1008,3207,0.336723773,2.242052935,5.827024189,5732
2026-09-18T20:38:36.513,13,0.002,0.5,7,manhattan,0.9993,0.9991,0.9994,15,1106,3156,0.297274025,2.185510953,4.600014714,5732
2026-09-18T20:38:46.177,13,0.002,0.55,5,manhattan,0.9989,0.9984,0.9994,16,430,3144,0.328821908,1.412720473,5.302692384,5732
2026-09-18T20:38:53.457,13,0.002,0.55,6,manhattan,0.9999,0.9999,0.9999,4,1008,3207,0.407407886,1.930359859,4.939364596,5732
2026-09-18T20:39:01.244,13,0.002,0.55,7,manhattan,0.9994,0.9994,0.9994,15,1106,3152,0.197792665,2.281232676,5.304346929,5732
2026-09-18T20:39:10.094,13,0.002,0.6,5,manhattan,0.9842,0.9786,0.9907,16,430,3144,0.392909843,1.713327752,5.368862572,5732
2026-09-18T20:39:17.155,13,0.002,0.6,6,manhattan,0.9998,0.9999,0.9998,4,1008,3207,0.36376723,1.839353063,4.849804567,5732
2026-09-18T20:39:25.165,13,0.002,0.6,7,manhattan,0.9986,0.998,0.9992,16,1106,3150,0.341779178,2.331793016,5.333683771,5732
2026-09-18T20:39:33.644,13,0.002,0.65,5,manhattan,0.9979,0.9962,0.9995,16,430,3144,0.422398311,1.24447159,5.28383805,5732
2026-09-18T20:39:40.938,13,0.002,0.65,6,manhattan,0.9993,0.9993,0.9992,4,1008,3207,0.380920018,1.811876658,5.09768251,5732
2026-09-18T20:39:48.916,13,0.002,0.65,7,manhattan,0.9998,0.9999,0.9997,16,1106,3150,0.259008439,2.000915882,5.711397086,5732
2026-09-18T20:39:56.874,13,0.002,0.7,5,manhattan,0.9989,0.9993,0.9985,17,430,3128,0.322488753,1.094058753,5.11652148,5732
2026-09-18T20:40:03.856,13,0.002,0.7,6,manhattan,0.9994,0.9994,0.9994,4,1008,3207,0.347251398,1.444446242,5.186438943,5732
2026-09-18T20:40:12.533,13,0.002,0.7,7,manhattan,0.9997,0.9998,0.9997,16,1106,3150,0.354300708,2.612494427,5.69879098,5732
2026-09-18T20:40:20.074,13,0.002,0.75,5,manhattan,0.9985,0.9979,0.9992,18,430,3125,0.590174996,1.349867825,4.205564168,5732
2026-09-18T20:40:28.045,13,0.002,0.75,6,manhattan,0.9996,0.9995,0.9998,4,1008,3207,0.366671449,2.079096988,5.521802554,5732
2026-09-18T20:40:36.599,13,0.002,0.75,7,manhattan,0.9999,0.9999,0.9999,18,1106,3140,0.385404888,2.33429355,5.831682615,5732
2026-09-18T20:40:43.901,13,0.002,0.8,5,manhattan,0.9984,0.9987,0.9981,19,430,3121,0.338117111,0.841517146,4.711901247,5732
2026-09-18T20:40:52.051,13,0.002,0.8,6,manhattan,0.9995,0.9994,0.9996,4,1008,3207,0.376273814,2.121564238,5.649965084,5732
2026-09-18T20:40:59.561,13,0.002,0.8,7,manhattan,0.9998,0.9999,0.9998,19,1106,3137,0.283733789,2.232397701,4.99108626,5732
2026-09-18T20:41:07.972,13,0.0025,0.5,5,manhattan,0.9989,0.9983,0.9995,10,430,3179,0.453542092,1.34768004,5.218490035,5732
2026-09-18T20:41:16.163,13,0.0025,0.5,6,manhattan,0.9998,0.9999,0.9996,3,1008,3215,0.272976106,2.34951976,5.565523247,5732
2026-09-18T20:41:23.358,13,0.0025,0.5,7,manhattan,0.9996,0.9996,0.9996,5,1106,3193,0.295636451,1.888012458,5.009248117,5732
2026-09-18T20:41:29.421,13,0.0025,0.5,8,manhattan,0.9996,0.9996,0.9995,57,660,2631,0.167994451,1.642042375,4.250171709,5732
2026-09-18T20:41:37.337,13,0.0025,0.55,5,manhattan,0.9992,0.9995,0.9989,10,430,3179,0.304159906,1.220547532,5.074906717,5732
2026-09-18T20:41:44.798,13,0.0025,0.55,6,manhattan,0.997,0.9954,0.9986,3,1008,3215,0.395102587,2.171342353,4.891682284,5732
2026-09-18T20:41:52.83,13,0.0025,0.55,7,manhattan,0.9998,0.9999,0.9997,5,1106,3188,0.294851294,1.927034776,5.807766171,5732
2026-09-18T20:41:59.228,13,0.0025,0.55,8,manhattan,0.9989,0.9987,0.9991,57,660,2629,0.277640539,1.714616537,4.402381288,5732
2026-09-18T20:42:06.79,13,0.0025,0.6,5,manhattan,0.9985,0.9988,0.9982,10,430,3179,0.441449809,1.376476728,4.54520026,5732
2026-09-18T20:42:14.567,13,0.0025,0.6,6,manhattan,0.9994,0.9996,0.9992,3,1008,3215,0.414594644,1.668943634,5.690085729,5732
2026-09-18T20:42:23.141,13,0.0025,0.6,7,manhattan,0.9994,0.9995,0.9994,5,1106,3188,0.438129335,2.401519462,5.731556549,5732
2026-09-18T20:42:28.657,13,0.0025,0.6,8,manhattan,0.9995,0.9994,0.9996,58,660,2618,0.264945663,1.463102158,3.785663457,5732
2026-09-18T20:42:36.38,13,0.0025,0.65,5,manhattan,0.998,0.9967,0.9994,10,430,3179,0.262046404,0.883541879,5.353802376,5732
2026-09-18T20:42:44.828,13,0.0025,0.65,6,manhattan,0.9998,0.9997,0.9998,3,1008,3215,0.460744284,2.080890658,5.903682891,5732
2026-09-18T20:42:51.893,13,0.0025,0.65,7,manhattan,0.9995,0.9994,0.9997,5,1106,3188,0.196128762,1.950830674,4.915155376,5732
2026-09-18T20:42:57.671,13,0.0025,0.65,8,manhattan,0.9995,0.9995,0.9995,58,660,2601,0.281607394,1.019412324,4.474428916,5732
2026-09-18T20:43:06.277,13,0.0025,0.7,5,manhattan,0.9976,0.996,0.9992,11,430,3165,0.516004606,1.54532946,5.269029491,5732
2026-09-18T20:43:13.053,13,0.0025,0.7,6,manhattan,0.9997,0.9998,0.9996,3,1008,3215,0.326374384,1.643408892,4.804658549,5732
2026-09-18T20:43:21.165,13,0.0025,0.7,7,manhattan,0.9996,0.9996,0.9995,5,1106,3188,0.441110449,2.007861407,5.659928459,5732
2026-09-18T20:43:27.521,13,0.0025,0.7,8,manhattan,0.9986,0.9984,0.9988,60,660,2590,0.325340521,1.501622456,4.526455297,5732
2026-09-18T20:43:34.726,13,0.0025,0.75,5,manhattan,0.999,0.9986,0.9994,11,430,3165,0.347232261,0.946112927,4.789979617,5732
2026-09-18T20:43:42.975,13,0.0025,0.75,6,manhattan,0.9996,0.9996,0.9995,3,1008,3215,0.430071235,2.185345305,5.61998076,5732
2026-09-18T20:43:50.477,13,0.0025,0.75,7,manhattan,0.9994,0.9992,0.9996,6,1106,3183,0.441821535,2.274876315,4.777078746,5732
2026-09-18T20:43:54.433,13,0.0025,0.75,8,manhattan,0.9976,0.9959,0.9993,60,660,2590,0.153198581,0.910818347,2.888998954,5732
2026-09-18T20:43:59.801,13,0.0025,0.8,5,manhattan,0.9992,0.9993,0.999,12,430,3163,0.226098235,0.76663042,3.450107593,5732
2026-09-18T20:44:05.057,13,0.0025,0.8,6,manhattan,0.9987,0.9981,0.9993,3,1008,3215,0.239816337,1.259111532,3.754826119,5732
2026-09-18T20:44:10.512,13,0.0025,0.8,7,manhattan,0.9998,0.9999,0.9996,6,1106,3183,0.177589842,1.464454937,3.810203691,5732
2026-09-18T20:44:14.178,13,0.0025,0.8,8,manhattan,0.9993,0.9991,0.9994,60,660,2552,0.165402243,0.909458186,2.587171931,5732
2026-09-18T20:44:19.468,13,0.003,0.5,5,manhattan,0.9994,0.9996,0.9992,4,430,3213,0.221735594,0.749228465,3.412545438,5732
2026-09-18T20:44:24.669,13,0.003,0.5,6,manhattan,0.9999,0.9999,0.9999,1,1008,3223,0.347329584,1.053435961,3.797622885,5732
2026-09-18T20:44:29.969,13,0.003,0.5,7,manhattan,0.9996,0.9996,0.9996,2,1106,3217,0.186368204,1.331427521,3.780169177,5732
2026-09-18T20:44:34.046,13,0.003,0.5,8,manhattan,0.9982,0.9991,0.9972,37,660,2837,0.167825809,0.951836882,2.954664508,5732
2026-09-18T20:44:37.375,13,0.003,0.5,9,manhattan,0.9974,0.9972,0.9976,55,573,2288,0.232809991,0.709854973,2.384023361,5732
2026-09-18T20:44:40.833,13,0.003,0.5,10,manhattan,0.825,0.9487,0.8401,54,493,1826,0.828236933,0.730913404,1.897023818,5732
2026-09-18T20:44:45.106,13,0.003,0.55,5,manhattan,0.9976,0.9959,0.9994,4,430,3213,0.223197444,0.730119866,3.317622076,5732
2026-09-18T20:44:50.269,13,0.003,0.55,6,manhattan,0.9996,0.9998,0.9995,1,1008,3223,0.245156548,1.051619666,3.863485742,5732
2026-09-18T20:44:55.499,13,0.003,0.55,7,manhattan,0.9996,0.9998,0.9994,3,1106,3208,0.184073775,1.315076539,3.728413998,5732
2026-09-18T20:45:00.423,13,0.003,0.55,8,manhattan,0.9927,0.9872,0.9987,37,660,2832,0.164486344,1.40131352,3.355360302,5732
2026-09-18T20:45:03.873,13,0.003,0.55,9,manhattan,0.9983,0.9974,0.9992,55,573,2288,0.259987713,0.73371502,2.453780082,5732
2026-09-18T20:45:07.457,13,0.003,0.55,10,manhattan,0.9763,0.9708,0.9836,54,493,1826,0.956063682,0.651179631,1.96916241,5732
2026-09-18T20:45:14.362,13,0.003,0.6,5,manhattan,0.9996,0.9998,0.9995,4,430,3213,0.235718744,1.231732318,5.433812234,5732
2026-09-18T20:45:22.29,13,0.003,0.6,6,manhattan,0.9998,0.9998,0.9997,1,1008,3223,0.453815114,1.818486359,5.639885063,5732
2026-09-18T20:45:29.786,13,0.003,0.6,7,manhattan,0.9992,0.9992,0.9992,3,1106,3208,0.30332093,1.621883043,5.567466616,5732
2026-09-18T20:45:36.47,13,0.003,0.6,8,manhattan,0.9996,0.9996,0.9996,37,660,2828,0.294249724,1.637990697,4.749345017,5732
2026-09-18T20:45:41.489,13,0.003,0.6,9,manhattan,0.9957,0.9955,0.9958,54,573,2274,0.358419904,1.198241146,3.458969555,5732
2026-09-18T20:45:45.727,13,0.003,0.6,10,manhattan,0.9966,0.9976,0.9956,54,493,1826,1.09158604,0.794078288,2.345960163,5732
2026-09-18T20:45:52.416,13,0.003,0.65,5,manhattan,0.9997,0.9996,0.9998,4,430,3213,0.418794137,1.195737194,5.059868618,5732
2026-09-18T20:45:59.892,13,0.003,0.65,6,manhattan,0.9997,0.9998,0.9997,1,1008,3223,0.394076927,1.390449625,5.676078118,5732
2026-09-18T20:46:05.301,13,0.003,0.65,7,manhattan,0.9998,0.9997,0.9998,3,1106,3208,0.354006768,1.684130141,3.367141074,5732
2026-09-18T20:46:10.972,13,0.003,0.65,8,manhattan,0.9992,0.999,0.9994,39,660,2809,0.25043949,1.595253366,3.822134273,5732
2026-09-18T20:46:15.656,13,0.003,0.65,9,manhattan,0.9956,0.9981,0.9931,54,573,2274,0.343875579,1.100088948,3.23704483,5732
2026-09-18T20:46:20.027,13,0.003,0.65,10,manhattan,0.9851,0.983,0.9879,54,493,1826,0.960794317,1.10830816,2.299509297,5732
2026-09-18T20:46:25.756,13,0.003,0.7,5,manhattan,0.9957,0.9925,0.999,5,430,3202,0.211157141,0.669800039,4.84597621,5732
2026-09-18T20:46:34.784,13,0.003,0.7,6,manhattan,0.9998,0.9998,0.9998,1,1008,3223,0.368044814,2.19978937,6.456546325,5732
2026-09-18T20:46:47.154,13,0.003,0.7,7,manhattan,0.9994,0.9994,0.9994,3,1106,3208,0.497470717,3.555282464,8.30335516,5732
2026-09-18T20:46:57.188,13,0.003,0.7,8,manhattan,0.9995,0.9994,0.9996,40,660,2806,0.370252916,2.740144284,6.919686929,5732
2026-09-18T20:47:05.081,13,0.003,0.7,9,manhattan,0.9983,0.9982,0.9984,53,573,2247,0.501485688,1.975618886,5.412363784,5732
2026-09-18T20:47:12.325,13,0.003,0.7,10,manhattan,0.9937,0.993,0.9944,54,493,1826,1.389859599,1.579020269,4.270052031,5732
2026-09-18T20:47:22.113,13,0.003,0.75,5,manhattan,0.9998,0.9999,0.9997,5,430,3202,0.536977395,1.824085743,7.42328441,5732
2026-09-18T20:47:34.088,13,0.003,0.75,6,manhattan,0.9997,0.9997,0.9998,1,1008,3223,0.594935047,2.893585912,8.476926958,5732
2026-09-18T20:47:45.922,13,0.003,0.75,7,manhattan,0.9995,0.9996,0.9994,3,1106,3208,0.514003985,2.92327464,8.393253504,5732
2026-09-18T20:47:55.742,13,0.003,0.75,8,manhattan,0.9994,0.9992,0.9996,40,660,2806,0.410717958,2.678422951,6.727338489,5732
2026-09-18T20:48:04.291,13,0.003,0.75,9,manhattan,0.9982,0.9977,0.9987,53,573,2243,0.473943395,2.491139058,5.580273542,5732
2026-09-18T20:48:11.572,13,0.003,0.75,10,manhattan,0.9752,0.9631,0.9916,54,493,1807,1.281875064,1.578695577,4.414593915,5732
2026-09-18T20:48:21.825,13,0.003,0.8,5,manhattan,0.9999,0.9999,0.9999,5,430,3202,0.517052352,1.956000516,7.775145859,5732
2026-09-18T20:48:34.459,13,0.003,0.8,6,manhattan,0.9999,0.9999,0.9999,1,1008,3223,0.553568981,2.809214465,9.268204672,5732
2026-09-18T20:48:47.866,13,0.003,0.8,7,manhattan,0.9999,0.9999,0.9999,3,1106,3208,0.442813211,3.659679738,9.299096488,5732
2026-09-18T20:48:58.455,13,0.003,0.8,8,manhattan,0.9988,0.9992,0.9983,42,660,2772,0.385695332,2.537637905,7.648389221,5732
2026-09-18T20:49:06.976,13,0.003,0.8,9,manhattan,0.9976,0.9987,0.9965,52,573,2207,0.502648756,2.424313788,5.590502998,5732
2026-09-18T20:49:14.687,13,0.003,0.8,10,manhattan,0.9979,0.9966,0.9991,54,493,1798,1.25715492,1.634674273,4.814983103,5732
2026-09-18T20:50:51.256,14,0.002,0.5,5,manhattan,0.9996,0.9996,0.9996,16,432,3143,1.908045406,11.897278549,10.577917737,5732
2026-09-18T20:51:05.92,14,0.002,0.5,6,manhattan,0.9995,0.9994,0.9996,2,997,3218,0.618777633,3.072390504,9.307564056,5732
2026-09-18T20:51:18.687,14,0.002,0.5,7,manhattan,0.9996,0.9996,0.9996,17,1085,3115,0.42149923,3.536699631,8.802770889,5732
2026-09-18T20:51:33.118,14,0.002,0.55,5,manhattan,0.9977,0.9964,0.9991,16,432,3143,0.520105327,1.990964222,8.729761236,5732
2026-09-18T20:51:45.373,14,0.002,0.55,6,manhattan,0.9993,0.9988,0.9997,2,997,3218,0.581746482,3.001046778,8.665229207,5732
2026-09-18T20:51:58.315,14,0.002,0.55,7,manhattan,0.9969,0.9953,0.9985,18,1085,3113,0.446636188,3.664456957,8.826874334,5732
2026-09-18T20:52:11.351,14,0.002,0.6,5,manhattan,0.9986,0.9983,0.9989,16,432,3143,0.868294167,2.261424088,8.127095029,5732
2026-09-18T20:52:23.406,14,0.002,0.6,6,manhattan,0.9997,0.9998,0.9997,2,997,3218,0.534380624,2.845882651,8.670970307,5732
2026-09-18T20:52:36.027,14,0.002,0.6,7,manhattan,0.9996,0.9996,0.9995,18,1085,3113,0.410046294,3.744729274,8.461413024,5732
2026-09-18T20:52:48.503,14,0.002,0.65,5,manhattan,0.9953,0.9962,0.9946,16,432,3143,0.556472636,2.029530906,8.195327323,5732
2026-09-18T20:53:01.498,14,0.002,0.65,6,manhattan,0.9997,0.9997,0.9998,2,997,3218,0.55675256,3.188966855,9.246246336,5732
2026-09-18T20:53:14.116,14,0.002,0.65,7,manhattan,0.9997,0.9997,0.9997,18,1085,3113,0.46250282,3.576163078,8.572528269,5732
2026-09-18T20:53:26.961,14,0.002,0.7,5,manhattan,0.9922,0.9935,0.991,16,432,3143,0.53886856,2.326859376,8.189665283,5732
2026-09-18T20:53:39.587,14,0.002,0.7,6,manhattan,0.9996,0.9996,0.9995,2,997,3218,0.609228222,2.739069774,9.273379568,5732
2026-09-18T20:53:52.883,14,0.002,0.7,7,manhattan,0.9999,0.9999,0.9999,18,1085,3113,0.511591176,3.972682356,8.796407084,5732
2026-09-18T20:54:05.864,14,0.002,0.75,5,manhattan,0.9952,0.9932,0.9972,19,432,3120,0.746866914,2.459314511,7.993764991,5732
2026-09-18T20:54:18.117,14,0.002,0.75,6,manhattan,0.9998,0.9999,0.9997,2,997,3218,0.534116903,2.743974944,8.970205516,5732
2026-09-18T20:54:31.13,14,0.002,0.75,7,manhattan,0.9997,0.9998,0.9996,18,1085,3112,0.43432476,3.612835664,8.951472803,5732
2026-09-18T20:54:43.317,14,0.002,0.8,5,manhattan,0.9919,0.9866,0.9977,19,432,3120,0.490384611,2.094238097,7.926740533,5732
2026-09-18T20:54:56.482,14,0.002,0.8,6,manhattan,0.9999,0.9999,0.9999,2,997,3218,0.567309433,2.777059778,9.81666783,5732
2026-09-18T20:55:09.023,14,0.002,0.8,7,manhattan,0.9964,0.995,0.9979,20,1085,3089,0.417357289,3.466903798,8.643064211,5732
2026-09-18T20:55:21.623,14,0.0025,0.5,5,manhattan,0.9995,0.9993,0.9996,10,432,3178,0.763270348,2.063520466,7.974244816,5732
2026-09-18T20:55:34.294,14,0.0025,0.5,6,manhattan,1.0,1.0,1.0,1,997,3222,0.501054488,2.746014311,9.419487993,5732
2026-09-18T20:55:47.494,14,0.0025,0.5,7,manhattan,0.9995,0.9994,0.9996,11,1085,3162,0.417635816,3.882218715,8.896223531,5732
2026-09-18T20:55:56.856,14,0.0025,0.5,8,manhattan,0.9995,0.9994,0.9996,54,654,2680,0.430117027,2.495711992,6.431816188,5732
2026-09-18T20:56:09.729,14,0.0025,0.55,5,manhattan,0.9971,0.9982,0.9961,10,432,3178,0.54273456,2.111271011,8.779862781,5732
2026-09-18T20:56:22.036,14,0.0025,0.55,6,manhattan,0.9994,0.9994,0.9995,1,997,3222,0.590418336,2.881266034,8.831183057,5732
2026-09-18T20:56:35.9,14,0.0025,0.55,7,manhattan,0.9998,0.9999,0.9997,11,1085,3154,0.516161734,3.797165057,9.547256074,5732
2026-09-18T20:56:45.305,14,0.0025,0.55,8,manhattan,0.9988,0.9982,0.9994,55,654,2675,0.340508595,2.515982681,6.544423313,5732
2026-09-18T20:56:58.017,14,0.0025,0.6,5,manhattan,0.9991,0.9988,0.9994,10,432,3178,0.782082609,2.166767242,8.272766875,5732
2026-09-18T20:57:10.599,14,0.0025,0.6,6,manhattan,0.9977,0.9966,0.9988,1,997,3222,0.601924632,2.650264727,9.325769255,5732
2026-09-18T20:57:23.981,14,0.0025,0.6,7,manhattan,0.9998,0.9999,0.9997,11,1085,3154,0.461471263,3.433736621,9.483184509,5732
2026-09-18T20:57:33.952,14,0.0025,0.6,8,manhattan,0.9996,0.9994,0.9997,55,654,2663,0.368680997,2.423890829,7.174500373,5732
2026-09-18T20:57:46.617,14,0.0025,0.65,5,manhattan,0.9995,0.9994,0.9996,10,432,3178,0.464519559,2.08098437,8.633738362,5732
2026-09-18T20:57:59.71,14,0.0025,0.65,6,manhattan,0.9999,0.9999,0.9999,1,997,3222,0.559304425,2.983736734,9.528747063,5732
2026-09-18T20:58:13.054,14,0.0025,0.65,7,manhattan,0.998,0.9983,0.9976,11,1085,3154,0.506030615,3.614384885,9.220807245,5732
2026-09-18T20:58:22.607,14,0.0025,0.65,8,manhattan,0.9996,0.9996,0.9996,55,654,2657,0.543228128,2.442450404,6.562459148,5732
2026-09-18T20:58:35.046,14,0.0025,0.7,5,manhattan,0.9991,0.9991,0.9992,10,432,3178,0.454162363,2.414531108,8.012086896,5732
2026-09-18T20:58:47.56,14,0.0025,0.7,6,manhattan,0.9999,0.9999,0.9999,1,997,3222,0.565381602,2.853448846,9.088764314,5732
2026-09-18T20:58:58.205,14,0.0025,0.7,7,manhattan,0.9997,0.9997,0.9998,11,1085,3154,0.47995555,3.268318105,6.891127885,5732
2026-09-18T20:59:03.997,14,0.0025,0.7,8,manhattan,0.9998,0.9999,0.9998,56,654,2652,0.329368826,1.705835644,3.754200672,5732
2026-09-18T20:59:11.905,14,0.0025,0.75,5,manhattan,0.9946,0.9904,0.9991,12,432,3162,0.351970471,1.257607143,5.182086383,5732
2026-09-18T20:59:19.508,14,0.0025,0.75,6,manhattan,0.9999,0.9999,0.9999,1,997,3222,0.404652584,1.545075547,5.650064277,5732
2026-09-18T20:59:26.701,14,0.0025,0.75,7,manhattan,0.9998,0.9999,0.9998,11,1085,3154,0.355237091,2.407083503,4.427759921,5732
2026-09-18T20:59:32.181,14,0.0025,0.75,8,manhattan,0.9995,0.9995,0.9996,56,654,2622,0.252488215,1.418874498,3.805407178,5732
2026-09-18T20:59:40.072,14,0.0025,0.8,5,manhattan,0.9985,0.998,0.999,12,432,3162,0.480927462,0.838623599,5.383241889,5732
2026-09-18T20:59:46.616,14,0.0025,0.8,6,manhattan,0.9999,0.9999,0.9999,1,997,3222,0.379991248,1.807685243,4.353567503,5732
2026-09-18T20:59:51.875,14,0.0025,0.8,7,manhattan,0.9997,0.9998,0.9997,12,1085,3144,0.196348395,1.566641376,3.494088993,5732
2026-09-18T20:59:55.508,14,0.0025,0.8,8,manhattan,0.9984,0.9978,0.9991,57,654,2602,0.167149604,0.825966736,2.636878302,5732
2026-09-18T21:00:00.723,14,0.003,0.5,5,manhattan,0.9987,0.9981,0.9994,4,432,3214,0.203336373,0.725996498,3.358291738,5732
2026-09-18T21:00:05.458,14,0.003,0.5,6,manhattan,1.0,1.0,1.0,1,997,3224,0.232795742,0.958269058,3.541668006,5732
2026-09-18T21:00:10.706,14,0.003,0.5,7,manhattan,0.9999,0.9999,0.9999,3,1085,3197,0.193067667,1.339697012,3.706830833,5732
2026-09-18T21:00:14.661,14,0.003,0.5,8,manhattan,0.9996,0.9996,0.9998,32,654,2882,0.16925169,0.864470214,2.918310316,5732
2026-09-18T21:00:17.643,14,0.003,0.5,9,manhattan,0.9986,0.9984,0.9988,52,569,2107,0.239727777,0.611679655,2.128425587,5732
2026-09-18T21:00:20.797,14,0.003,0.5,10,manhattan,0.998,0.997,0.9989,53,523,1710,0.726095463,0.51542805,1.904774595,5732
2026-09-18T21:00:25.093,14,0.003,0.55,5,manhattan,0.9996,0.9994,0.9998,4,432,3214,0.230806451,0.662410052,3.400184967,5732
2026-09-18T21:00:30.004,14,0.003,0.55,6,manhattan,0.9998,0.9997,0.9999,1,997,3224,0.23527993,0.969642166,3.703949877,5732
2026-09-18T21:00:34.896,14,0.003,0.55,7,manhattan,0.9972,0.9952,0.9992,4,1085,3190,0.197474168,1.155287092,3.53666925,5732
2026-09-18T21:00:39.005,14,0.003,0.55,8,manhattan,0.9985,0.9982,0.9987,32,654,2879,0.168735003,0.890202078,3.046961681,5732
2026-09-18T21:00:42.042,14,0.003,0.55,9,manhattan,0.9986,0.998,0.9992,53,569,2103,0.242105387,0.621578202,2.171292265,5732
2026-09-18T21:00:45.319,14,0.003,0.55,10,manhattan,0.9945,0.995,0.994,53,523,1710,0.713121381,0.810439812,1.75045485,5732
2026-09-18T21:00:49.516,14,0.003,0.6,5,manhattan,0.9997,0.9997,0.9998,4,432,3214,0.231755386,0.677323838,3.285748975,5732
2026-09-18T21:00:55.219,14,0.003,0.6,6,manhattan,0.9998,0.9998,0.9998,1,997,3224,0.271005536,1.025252379,4.404801317,5732
2026-09-18T21:01:00.529,14,0.003,0.6,7,manhattan,0.9979,0.9964,0.9994,4,1085,3190,0.194229966,1.213393366,3.898950753,5732
2026-09-18T21:01:05.383,14,0.003,0.6,8,manhattan,0.9994,0.9992,0.9997,32,654,2879,0.279776495,0.963452126,3.607463885,5732
2026-09-18T21:01:10.057,14,0.003,0.6,9,manhattan,0.9922,0.9882,0.9964,53,569,2092,0.400503518,1.112267672,3.15804864,5732
2026-09-18T21:01:14.879,14,0.003,0.6,10,manhattan,0.9989,0.9983,0.9995,53,523,1710,1.088595219,0.841684257,2.887581301,5732
2026-09-18T21:01:20.542,14,0.003,0.65,5,manhattan,0.9999,0.9999,0.9999,4,432,3214,0.529161797,1.137353644,3.991569348,5732
2026-09-18T21:01:28.227,14,0.003,0.65,6,manhattan,0.9999,0.9999,0.9999,1,997,3224,0.374773748,1.705331878,5.587889743,5732
2026-09-18T21:01:35.899,14,0.003,0.65,7,manhattan,0.9998,0.9997,0.9998,4,1085,3190,0.289572516,1.763470627,5.611140494,5732
2026-09-18T21:01:40.724,14,0.003,0.65,8,manhattan,0.9997,0.9997,0.9997,32,654,2861,0.310885308,1.349775891,3.161309323,5732
2026-09-18T21:01:45.282,14,0.003,0.65,9,manhattan,0.9981,0.9972,0.9989,52,569,2078,0.242886563,0.969052705,3.343608428,5732
2026-09-18T21:01:49.84,14,0.003,0.65,10,manhattan,0.9868,0.9792,0.9955,53,523,1710,0.932528044,0.962544957,2.654576523,5732
2026-09-18T21:01:56.863,14,0.003,0.7,5,manhattan,0.9999,0.9999,0.9999,4,432,3214,0.250676809,1.278494811,5.490954462,5732
2026-09-18T21:02:03.355,14,0.003,0.7,6,manhattan,0.9995,0.9994,0.9997,1,997,3224,0.419198656,1.362402931,4.707628537,5732
2026-09-18T21:02:10.968,14,0.003,0.7,7,manhattan,0.9998,0.9999,0.9998,4,1085,3188,0.31475005,1.560107435,5.727022831,5732
2026-09-18T21:02:17.131,14,0.003,0.7,8,manhattan,0.9995,0.9995,0.9994,32,654,2861,0.317205114,1.605399145,4.237414461,5732
2026-09-18T21:02:21.047,14,0.003,0.7,9,manhattan,0.998,0.9968,0.9992,52,569,2078,0.261292138,0.759726247,2.891498703,5732
2026-09-18T21:02:25.597,14,0.003,0.7,10,manhattan,0.9962,0.9956,0.9969,52,523,1697,1.00950357,0.845027633,2.692543828,5732
2026-09-18T21:02:32.464,14,0.003,0.75,5,manhattan,0.9997,0.9998,0.9996,5,432,3203,0.461691472,1.087804196,5.315074128,5732
2026-09-18T21:02:38.779,14,0.003,0.75,6,manhattan,0.9999,0.9999,0.9999,1,997,3224,0.383302287,1.384129603,4.530748842,5732
2026-09-18T21:02:46.327,14,0.003,0.75,7,manhattan,0.9998,0.9997,0.9998,4,1085,3188,0.390341809,1.811090429,5.341248509,5732
2026-09-18T21:02:52.384,14,0.003,0.75,8,manhattan,0.9994,0.9993,0.9996,33,654,2838,0.224364772,1.248424819,4.581610611,5732
2026-09-18T21:02:56.094,14,0.003,0.75,9,manhattan,0.9958,0.9952,0.9964,51,569,2052,0.342335296,0.738317563,2.62654562,5732
2026-09-18T21:03:00.873,14,0.003,0.75,10,manhattan,0.9826,0.9767,0.9896,52,523,1691,0.972507339,1.158961376,2.643481942,5732
2026-09-18T21:03:07.358,14,0.003,0.8,5,manhattan,0.9986,0.998,0.9993,5,432,3203,0.37358896,1.095317312,5.014123895,5732
2026-09-18T21:03:13.919,14,0.003,0.8,6,manhattan,0.9998,0.9999,0.9998,1,997,3224,0.371246759,1.418887488,4.765995318,5732
2026-09-18T21:03:21.562,14,0.003,0.8,7,manhattan,0.9995,0.9994,0.9995,5,1085,3184,0.327770646,1.579674752,5.732845995,5732
2026-09-18T21:03:28.29,14,0.003,0.8,8,manhattan,0.9993,0.9994,0.9992,34,654,2828,0.283909916,1.720548497,4.719952535,5732
2026-09-18T21:03:32.246,14,0.003,0.8,9,manhattan,0.9974,0.996,0.9988,51,569,2052,0.330726962,1.118474753,2.502861024,5732
2026-09-18T21:03:36.925,14,0.003,0.8,10,manhattan,0.998,0.9973,0.9986,52,523,1691,1.048698197,1.235081206,2.392914924,5732
2026-09-18T21:05:00.458,15,0.002,0.5,5,manhattan,0.9974,0.9953,0.9995,16,433,3143,1.973331093,11.806580382,9.787801764,5732
2026-09-18T21:05:14.15,15,0.002,0.5,6,manhattan,0.9996,0.9996,0.9997,3,1003,3216,0.53286353,2.816192666,8.641991028,5732
2026-09-18T21:05:25.313,15,0.002,0.5,7,manhattan,0.9996,0.9994,0.9998,20,1073,3091,0.40088604,3.342810701,7.414618214,5732
2026-09-18T21:05:38.744,15,0.002,0.55,5,manhattan,0.9995,0.9994,0.9996,16,433,3143,0.620634715,2.486621089,7.15648081,5732
2026-09-18T21:05:50.409,15,0.002,0.55,6,manhattan,0.9986,0.9977,0.9994,4,1003,3214,0.513776512,3.130494893,8.015551586,5732
2026-09-18T21:06:02.574,15,0.002,0.55,7,manhattan,0.9998,0.9999,0.9998,21,1073,3087,0.451304594,3.964948541,7.745090185,5732
2026-09-18T21:06:14.054,15,0.002,0.6,5,manhattan,0.9989,0.9987,0.9992,16,433,3143,0.557354872,1.988681667,7.252647208,5732
2026-09-18T21:06:27.897,15,0.002,0.6,6,manhattan,0.9991,0.9986,0.9995,4,1003,3214,0.833317331,3.199272159,9.80679687,5732
2026-09-18T21:06:41.449,15,0.002,0.6,7,manhattan,0.9992,0.9992,0.9993,21,1073,3082,0.453158464,3.6363838,9.458500614,5732
2026-09-18T21:06:54.171,15,0.002,0.65,5,manhattan,0.9981,0.9972,0.9989,16,433,3143,0.506373746,2.253893024,8.207753221,5732
2026-09-18T21:07:07.42,15,0.002,0.65,6,manhattan,0.999,0.9984,0.9995,4,1003,3214,0.877458682,2.981059365,9.386678892,5732
2026-09-18T21:07:20.783,15,0.002,0.65,7,manhattan,0.9987,0.9984,0.999,21,1073,3080,0.434729141,3.899494537,9.021908593,5732
2026-09-18T21:07:33.704,15,0.002,0.7,5,manhattan,0.9969,0.9982,0.9957,17,433,3139,0.54808343,2.355789417,8.280713146,5732
2026-09-18T21:07:47.441,15,0.002,0.7,6,manhattan,0.9993,0.9988,0.9997,4,1003,3214,0.579219691,3.452881676,9.701129183,5732
2026-09-18T21:07:59.976,15,0.002,0.7,7,manhattan,0.9986,0.9979,0.9992,21,1073,3076,0.449441645,3.773436312,8.305467093,5732
2026-09-18T21:08:13.375,15,0.002,0.75,5,manhattan,0.9829,0.9774,0.9897,19,433,3121,0.821330735,2.387678078,8.436579039,5732
2026-09-18T21:08:26.1,15,0.002,0.75,6,manhattan,0.9998,0.9999,0.9997,4,1003,3214,0.607654767,3.173673412,8.940711296,5732
2026-09-18T21:08:38.897,15,0.002,0.75,7,manhattan,0.9994,0.9996,0.9993,21,1073,3068,0.419133215,3.504507579,8.869966598,5732
2026-09-18T21:08:51.669,15,0.002,0.8,5,manhattan,0.9868,0.9797,0.9945,19,433,3117,0.722982284,2.359817657,8.059584266,5732
2026-09-18T21:09:04.484,15,0.002,0.8,6,manhattan,0.9984,0.9974,0.9993,4,1003,3214,0.616928583,3.083981588,9.107049483,5732
2026-09-18T21:09:17.975,15,0.002,0.8,7,manhattan,0.9997,0.9997,0.9998,21,1073,3052,0.420861369,3.825231231,9.241816577,5732
2026-09-18T21:09:31.207,15,0.0025,0.5,5,manhattan,0.9984,0.9975,0.9994,10,433,3178,0.611986818,2.43893885,8.405241915,5732
2026-09-18T21:09:43.928,15,0.0025,0.5,6,manhattan,0.9998,0.9998,0.9998,1,1003,3222,0.644539041,2.723517638,9.348758521,5732
2026-09-18T21:09:57.043,15,0.0025,0.5,7,manhattan,0.9998,0.9999,0.9998,13,1073,3134,0.480484877,3.68899635,8.941734053,5732
2026-09-18T21:10:06.328,15,0.0025,0.5,8,manhattan,0.9982,0.9986,0.9978,66,659,2616,0.405802802,2.458525024,6.408957107,5732
2026-09-18T21:10:19.379,15,0.0025,0.55,5,manhattan,0.9989,0.9983,0.9994,10,433,3178,0.721055779,2.505239611,8.378782722,5732
2026-09-18T21:10:31.929,15,0.0025,0.55,6,manhattan,0.9999,0.9999,0.9999,1,1003,3222,0.540353598,2.819480727,9.184098482,5732
2026-09-18T21:10:44.774,15,0.0025,0.55,7,manhattan,0.9997,0.9998,0.9996,14,1073,3132,0.435783606,3.740886952,8.663759884,5732
2026-09-18T21:10:54.374,15,0.0025,0.55,8,manhattan,0.9992,0.999,0.9992,65,659,2605,0.377854381,2.488406794,6.729997908,5732
2026-09-18T21:11:06.743,15,0.0025,0.6,5,manhattan,0.9979,0.9963,0.9995,10,433,3178,0.55891436,2.054241412,8.290651225,5732
2026-09-18T21:11:19.08,15,0.0025,0.6,6,manhattan,0.9994,0.9994,0.9995,1,1003,3222,0.567769688,2.742065061,9.018655591,5732
2026-09-18T21:11:32.151,15,0.0025,0.6,7,manhattan,0.9996,0.9998,0.9995,14,1073,3127,0.390730964,3.745711873,8.930547072,5732
2026-09-18T21:11:41.501,15,0.0025,0.6,8,manhattan,0.9962,0.9938,0.9985,65,659,2597,0.505578532,2.493019816,6.34712333,5732
2026-09-18T21:11:54.323,15,0.0025,0.65,5,manhattan,0.9974,0.9959,0.999,10,433,3178,0.716424039,2.395225974,8.229680617,5732
2026-09-18T21:12:06.516,15,0.0025,0.65,6,manhattan,0.9999,0.9999,0.9999,1,1003,3222,0.53924738,2.838669783,8.812350192,5732
2026-09-18T21:12:19.857,15,0.0025,0.65,7,manhattan,0.9996,0.9996,0.9996,14,1073,3127,0.410053767,4.265275511,8.661301538,5732
2026-09-18T21:12:29.452,15,0.0025,0.65,8,manhattan,0.998,0.9979,0.9981,67,659,2585,0.354558443,2.671059785,6.565883821,5732
2026-09-18T21:12:42.109,15,0.0025,0.7,5,manhattan,0.9942,0.9902,0.9985,11,433,3176,0.476700663,2.426895125,8.346491145,5732
2026-09-18T21:12:54.648,15,0.0025,0.7,6,manhattan,0.9996,0.9996,0.9997,1,1003,3222,0.558516684,2.694523901,9.282931493,5732
2026-09-18T21:13:07.047,15,0.0025,0.7,7,manhattan,0.9997,0.9997,0.9997,14,1073,3121,0.448949893,3.66899029,8.277159059,5732
2026-09-18T21:13:15.991,15,0.0025,0.7,8,manhattan,0.9988,0.999,0.9987,67,659,2575,0.398054321,2.453714839,6.089527826,5732
2026-09-18T21:13:28.229,15,0.0025,0.75,5,manhattan,0.9973,0.9957,0.999,12,433,3163,0.442105788,2.013474026,8.311768531,5732
2026-09-18T21:13:40.444,15,0.0025,0.75,6,manhattan,0.9997,0.9997,0.9998,1,1003,3222,0.612802425,2.611383268,8.986569977,5732
2026-09-18T21:13:53.345,15,0.0025,0.75,7,manhattan,0.9996,0.9997,0.9996,14,1073,3120,0.450129025,3.596600339,8.851523867,5732
2026-09-18T21:14:02.269,15,0.0025,0.75,8,manhattan,0.9979,0.998,0.9978,65,659,2546,0.388295526,2.308255241,6.223191146,5732
2026-09-18T21:14:15.024,15,0.0025,0.8,5,manhattan,0.9977,0.9957,0.9997,12,433,3159,0.597662073,2.351233735,8.359868771,5732
2026-09-18T21:14:26.929,15,0.0025,0.8,6,manhattan,0.9996,0.9996,0.9996,1,1003,3222,0.514814913,2.444046279,8.925667255,5732
2026-09-18T21:14:40.016,15,0.0025,0.8,7,manhattan,0.9993,0.9992,0.9995,15,1073,3108,0.515112926,3.637111686,8.93051718,5732
2026-09-18T21:14:48.731,15,0.0025,0.8,8,manhattan,0.9986,0.9984,0.9987,63,659,2485,0.342663899,2.237693248,6.131351491,5732
2026-09-18T21:15:01.836,15,0.003,0.5,5,manhattan,0.9993,0.9988,0.9997,4,433,3214,0.781994539,1.898484611,8.933445699,5732
2026-09-18T21:15:13.576,15,0.003,0.5,6,manhattan,0.999,0.9986,0.9995,1,1003,3224,0.451990436,2.417684794,8.866453228,5732
2026-09-18T21:15:26.149,15,0.003,0.5,7,manhattan,0.9997,0.9997,0.9997,7,1073,3184,0.421048335,3.313353986,8.834604027,5732
2026-09-18T21:15:36.321,15,0.003,0.5,8,manhattan,0.9966,0.9971,0.996,39,659,2856,0.337057103,2.548092111,7.282240253,5732
2026-09-18T21:15:43.701,15,0.003,0.5,9,manhattan,0.9948,0.9934,0.9963,50,575,1994,0.46726195,1.903797304,5.005177634,5732
2026-09-18T21:15:51.023,15,0.003,0.5,10,manhattan,0.9771,0.9725,0.9832,53,514,1636,1.238836018,1.438238506,4.63944988,5732
2026-09-18T21:16:01.979,15,0.003,0.55,5,manhattan,0.9999,0.9999,0.9999,4,433,3214,0.508149602,1.951694446,8.492622548,5732
2026-09-18T21:16:14.293,15,0.003,0.55,6,manhattan,0.9995,0.9996,0.9994,1,1003,3224,0.487657027,2.825231466,8.997353974,5732
2026-09-18T21:16:26.746,15,0.003,0.55,7,manhattan,0.9998,0.9999,0.9998,7,1073,3184,0.367451718,3.586218769,8.495751442,5732
2026-09-18T21:16:36.924,15,0.003,0.55,8,manhattan,0.9981,0.998,0.9982,38,659,2841,0.367720818,2.469790995,7.337801437,5732
2026-09-18T21:16:43.314,15,0.003,0.55,9,manhattan,0.9981,0.9987,0.9974,50,575,1994,0.485206642,1.636138147,4.263174403,5732
2026-09-18T21:16:47.133,15,0.003,0.55,10,manhattan,0.9905,0.9909,0.9903,53,514,1636,1.07988167,0.683774386,2.052863581,5732
2026-09-18T21:16:53.227,15,0.003,0.6,5,manhattan,0.9991,0.9987,0.9996,4,433,3214,0.233318644,0.745832634,5.112174473,5732
2026-09-18T21:17:00.86,15,0.003,0.6,6,manhattan,0.9994,0.9994,0.9996,1,1003,3224,0.404073529,1.688564851,5.537079239,5732
2026-09-18T21:17:07.603,15,0.003,0.6,7,manhattan,0.9997,0.9998,0.9995,7,1073,3184,0.275285206,1.874944368,4.589033979,5732
2026-09-18T21:17:13.646,15,0.003,0.6,8,manhattan,0.9953,0.9921,0.9986,38,659,2841,0.222246622,1.56309043,4.253284097,5732
2026-09-18T21:17:18.376,15,0.003,0.6,9,manhattan,0.9942,0.9919,0.9968,50,575,1994,0.442872506,0.974153779,3.310399556,5732
2026-09-18T21:17:22.701,15,0.003,0.6,10,manhattan,0.8934,0.8566,0.9722,53,514,1636,0.988953515,0.864362937,2.46797093,5732
2026-09-18T21:17:28.522,15,0.003,0.65,5,manhattan,0.9994,0.9995,0.9994,4,433,3214,0.298349201,0.832489221,4.687638749,5732
2026-09-18T21:17:35.815,15,0.003,0.65,6,manhattan,0.9998,0.9997,0.9998,1,1003,3224,0.368663955,1.251548334,5.668881009,5732
2026-09-18T21:17:42.813,15,0.003,0.65,7,manhattan,0.9993,0.9993,0.9993,8,1073,3178,0.378382871,2.130422911,4.486961307,5732
2026-09-18T21:17:48.857,15,0.003,0.65,8,manhattan,0.9968,0.9943,0.9994,39,659,2830,0.18429161,1.578014274,4.278961067,5732
2026-09-18T21:17:53.497,15,0.003,0.65,9,manhattan,0.9991,0.9992,0.999,50,575,1994,0.490718663,1.004323785,3.140028658,5732
2026-09-18T21:17:57.761,15,0.003,0.65,10,manhattan,0.9669,0.9628,0.9741,53,514,1636,1.018228433,0.950692526,2.291030893,5732
2026-09-18T21:18:03.407,15,0.003,0.7,5,manhattan,0.9985,0.9976,0.9995,4,433,3214,0.220100816,0.677604809,4.745505118,5732
2026-09-18T21:18:11.0,15,0.003,0.7,6,manhattan,0.9998,0.9999,0.9998,1,1003,3224,0.278454328,1.571655985,5.738964937,5732
2026-09-18T21:18:17.803,15,0.003,0.7,7,manhattan,0.9962,0.9932,0.9992,9,1073,3176,0.374387036,2.258989209,4.16591408,5732
2026-09-18T21:18:23.821,15,0.003,0.7,8,manhattan,0.9997,0.9997,0.9997,39,659,2820,0.261854501,1.502251055,4.251804089,5732
2026-09-18T21:18:28.544,15,0.003,0.7,9,manhattan,0.9991,0.9991,0.999,48,575,1966,0.414563983,1.05086272,3.253386859,5732
2026-09-18T21:18:33.484,15,0.003,0.7,10,manhattan,0.9793,0.9758,0.9843,52,514,1623,0.968066196,0.987760694,2.97977994,5732
2026-09-18T21:18:38.85,15,0.003,0.75,5,manhattan,0.9997,0.9997,0.9998,5,433,3203,0.368028818,0.987356661,4.007446736,5732
2026-09-18T21:18:46.518,15,0.003,0.75,6,manhattan,0.9995,0.9996,0.9995,1,1003,3224,0.407882189,1.651134068,5.60597789,5732
2026-09-18T21:18:54.656,15,0.003,0.75,7,manhattan,0.9994,0.9996,0.9991,10,1073,3174,0.258269264,2.294392148,5.581851887,5732
2026-09-18T21:18:59.767,15,0.003,0.75,8,manhattan,0.9983,0.9973,0.9993,39,659,2786,0.291502582,1.371934951,3.442792951,5732
2026-09-18T21:19:04.156,15,0.003,0.75,9,manhattan,0.998,0.998,0.998,47,575,1943,0.37766546,1.038228696,2.96984333,5732
2026-09-18T21:19:09.219,15,0.003,0.75,10,manhattan,0.9751,0.9714,0.9801,52,514,1617,0.978493023,1.171949637,2.907379304,5732
2026-09-18T21:19:15.69,15,0.003,0.8,5,manhattan,0.9993,0.9992,0.9993,6,433,3201,0.309312061,1.223828853,4.935252176,5732
2026-09-18T21:19:22.292,15,0.003,0.8,6,manhattan,0.9999,0.9999,0.9999,1,1003,3224,0.345259135,1.018926078,5.234725334,5732
2026-09-18T21:19:30.279,15,0.003,0.8,7,manhattan,0.9991,0.9988,0.9994,10,1073,3167,0.317528759,2.205320656,5.46089753,5732
2026-09-18T21:19:36.119,15,0.003,0.8,8,manhattan,0.9984,0.999,0.9978,41,659,2733,0.239936813,1.25391023,4.343619019,5732
2026-09-18T21:19:39.875,15,0.003,0.8,9,manhattan,0.9985,0.9982,0.9989,47,575,1940,0.261953187,0.594041776,2.898069938,5732
2026-09-18T21:19:44.258,15,0.003,0.8,10,manhattan,0.9725,0.9614,0.9877,52,514,1617,0.970640269,0.514757783,2.894910873,5732
2026-09-18T21:20:59.807,16,0.002,0.5,5,manhattan,0.9958,0.995,0.9968,15,429,3150,1.563376431,8.158429638,7.094058829,5732
2026-09-18T21:21:08.594,16,0.002,0.5,6,manhattan,0.9998,0.9999,0.9998,4,1003,3208,0.344467762,1.774011507,5.127939556,5732
2026-09-18T21:21:16.119,16,0.002,0.5,7,manhattan,0.9998,0.9999,0.9998,14,1063,3139,0.295707311,1.939010066,5.287655524,5732
2026-09-18T21:21:25.049,16,0.002,0.55,5,manhattan,0.9917,0.9928,0.9909,15,429,3150,0.574665126,1.406097787,4.270529118,5732
2026-09-18T21:21:32.944,16,0.002,0.55,6,manhattan,0.9999,0.9998,0.9999,5,1003,3206,0.278319324,2.125378269,5.483335956,5732
2026-09-18T21:21:40.997,16,0.002,0.55,7,manhattan,0.9984,0.9972,0.9995,15,1063,3131,0.302221136,2.288241638,5.459041566,5732
2026-09-18T21:21:48.422,16,0.002,0.6,5,manhattan,0.9971,0.9978,0.9964,15,429,3150,0.287975662,1.025060734,4.725624492,5732
2026-09-18T21:21:56.466,16,0.002,0.6,6,manhattan,0.9996,0.9996,0.9996,5,1003,3206,0.264753826,2.02481417,5.751186338,5732
2026-09-18T21:22:03.893,16,0.002,0.6,7,manhattan,0.9984,0.9976,0.999,15,1063,3131,0.308562384,2.17276047,4.940854921,5732
2026-09-18T21:22:12.092,16,0.002,0.65,5,manhattan,0.9984,0.9979,0.9989,15,429,3150,0.44720714,1.594531758,4.859944043,5732
2026-09-18T21:22:20.097,16,0.002,0.65,6,manhattan,0.9957,0.9922,0.9993,5,1003,3206,0.409469474,1.90320945,5.682213027,5732
2026-09-18T21:22:26.174,16,0.002,0.65,7,manhattan,0.9993,0.9992,0.9993,15,1063,3130,0.274929015,1.878486513,3.921060016,5732
2026-09-18T21:22:33.667,16,0.002,0.7,5,manhattan,0.9962,0.9965,0.9959,15,429,3150,0.456960977,1.329070229,4.384050188,5732
2026-09-18T21:22:42.938,16,0.002,0.7,6,manhattan,0.9999,0.9999,0.9999,5,1003,3206,0.333961385,1.708002682,7.225619436,5732
2026-09-18T21:22:56.22,16,0.002,0.7,7,manhattan,0.9992,0.999,0.9994,15,1063,3130,0.51454337,4.100106398,8.661280097,5732
2026-09-18T21:23:08.963,16,0.002,0.75,5,manhattan,0.997,0.9958,0.9982,17,429,3131,0.519903137,2.139885229,8.411401435,5732
2026-09-18T21:23:21.69,16,0.002,0.75,6,manhattan,0.9997,0.9998,0.9997,5,1003,3206,0.505555764,3.199976998,9.018244854,5732
2026-09-18T21:23:34.21,16,0.002,0.75,7,manhattan,0.9991,0.9988,0.9994,18,1063,3121,0.462603182,3.882564081,8.170788837,5732
2026-09-18T21:23:47.032,16,0.002,0.8,5,manhattan,0.9912,0.9868,0.9956,18,429,3127,0.826834864,2.364073582,7.964406682,5732
2026-09-18T21:23:59.953,16,0.002,0.8,6,manhattan,0.9997,0.9997,0.9998,5,1003,3206,0.516895628,3.298018357,9.102419559,5732
2026-09-18T21:24:12.612,16,0.002,0.8,7,manhattan,0.9984,0.9972,0.9995,22,1063,3078,0.435550685,4.029135973,8.191215762,5732
2026-09-18T21:24:25.477,16,0.0025,0.5,5,manhattan,0.9989,0.9983,0.9996,7,429,3195,0.494137119,2.26402547,8.222273032,5732
2026-09-18T21:24:38.793,16,0.0025,0.5,6,manhattan,0.999,0.9986,0.9995,2,1003,3217,0.581257592,3.711231887,9.016226788,5732
2026-09-18T21:24:51.894,16,0.0025,0.5,7,manhattan,0.9996,0.9995,0.9996,6,1063,3182,0.45474924,3.623639844,9.014512602,5732
2026-09-18T21:25:02.154,16,0.0025,0.5,8,manhattan,0.9986,0.9983,0.999,61,648,2628,0.404686667,3.07271813,6.779136621,5732
2026-09-18T21:25:15.201,16,0.0025,0.55,5,manhattan,0.9988,0.9985,0.9992,7,429,3195,0.467646846,2.259576994,8.774664069,5732
2026-09-18T21:25:28.421,16,0.0025,0.55,6,manhattan,0.9991,0.9987,0.9996,2,1003,3217,0.570597634,3.337218781,9.30667274,5732
2026-09-18T21:25:42.166,16,0.0025,0.55,7,manhattan,0.9989,0.9988,0.9991,8,1063,3178,0.50679866,3.847796139,9.385644122,5732
2026-09-18T21:25:51.619,16,0.0025,0.55,8,manhattan,0.9972,0.9954,0.9992,62,648,2624,0.418070997,2.675757315,6.354436769,5732
2026-09-18T21:26:04.936,16,0.0025,0.6,5,manhattan,0.9995,0.9995,0.9995,7,429,3195,0.532243059,2.385835245,8.809988855,5732
2026-09-18T21:26:18.153,16,0.0025,0.6,6,manhattan,0.9995,0.9995,0.9995,2,1003,3217,0.636325487,3.248362749,9.328125983,5732
2026-09-18T21:26:31.373,16,0.0025,0.6,7,manhattan,0.9998,0.9997,0.9998,8,1063,3178,0.520786002,3.897980516,8.797660248,5732
2026-09-18T21:26:41.507,16,0.0025,0.6,8,manhattan,0.9988,0.9981,0.9994,62,648,2624,0.351155702,2.907800098,6.871623425,5732
2026-09-18T21:26:54.044,16,0.0025,0.65,5,manhattan,0.9997,0.9998,0.9995,7,429,3195,0.598761446,2.190750978,8.224064951,5732
2026-09-18T21:27:03.421,16,0.0025,0.65,6,manhattan,0.9998,0.9999,0.9998,2,1003,3217,0.525508815,2.95028614,5.883809093,5732
2026-09-18T21:27:10.102,16,0.0025,0.65,7,manhattan,0.9997,0.9997,0.9997,8,1063,3178,0.23275691,1.951998116,4.493601335,5732
2026-09-18T21:27:13.868,16,0.0025,0.65,8,manhattan,0.9994,0.9994,0.9996,61,648,2613,0.159482907,0.948384758,2.656086982,5732
2026-09-18T21:27:19.243,16,0.0025,0.7,5,manhattan,0.9994,0.9996,0.9992,7,429,3195,0.355082183,0.842527731,3.216443847,5732
2026-09-18T21:27:24.209,16,0.0025,0.7,6,manhattan,0.9998,0.9999,0.9997,2,1003,3217,0.241347748,1.224570709,3.497483143,5732
2026-09-18T21:27:29.54,16,0.0025,0.7,7,manhattan,0.9991,0.9987,0.9995,8,1063,3178,0.300455268,1.529337283,3.499070499,5732
2026-09-18T21:27:33.298,16,0.0025,0.7,8,manhattan,0.9987,0.9982,0.9993,62,648,2601,0.170165005,0.861641289,2.723813766,5732
2026-09-18T21:27:38.805,16,0.0025,0.75,5,manhattan,0.9982,0.9977,0.9987,7,429,3184,0.29070185,0.895787572,3.415701973,5732
2026-09-18T21:27:44.643,16,0.0025,0.75,6,manhattan,0.9996,0.9998,0.9995,2,1003,3217,0.230371548,1.273078822,4.332279784,5732
2026-09-18T21:27:50.089,16,0.0025,0.75,7,manhattan,0.9995,0.9995,0.9994,8,1063,3176,0.171865643,1.580027871,3.692023694,5732
2026-09-18T21:27:54.257,16,0.0025,0.75,8,manhattan,0.9992,0.9989,0.9994,64,648,2560,0.301107306,1.00332205,2.85706167,5732
2026-09-18T21:28:02.297,16,0.0025,0.8,5,manhattan,0.9996,0.9995,0.9997,7,429,3184,0.368845124,1.241657959,5.125761064,5732
2026-09-18T21:28:09.399,16,0.0025,0.8,6,manhattan,0.9995,0.9994,0.9997,2,1003,3217,0.368915873,1.847245909,4.873813142,5732
2026-09-18T21:28:17.194,16,0.0025,0.8,7,manhattan,0.9996,0.9998,0.9995,13,1063,3145,0.266678723,2.245944308,5.2798071,5732
2026-09-18T21:28:23.169,16,0.0025,0.8,8,manhattan,0.9972,0.997,0.9975,64,648,2510,0.225915809,1.409150413,4.33744148,5732
2026-09-18T21:28:30.531,16,0.003,0.5,5,manhattan,0.999,0.9985,0.9994,4,429,3210,0.483598545,1.136396888,4.461935817,5732
2026-09-18T21:28:37.681,16,0.003,0.5,6,manhattan,0.9982,0.9966,0.9998,1,1003,3220,0.367503471,1.4973792,5.281680594,5732
2026-09-18T21:28:45.97,16,0.003,0.5,7,manhattan,0.9994,0.9994,0.9996,4,1063,3205,0.303918771,2.514177142,5.468519877,5732
2026-09-18T21:28:50.525,16,0.003,0.5,8,manhattan,0.9998,0.9999,0.9998,39,648,2803,0.201305246,1.100921173,3.249806231,5732
2026-09-18T21:28:55.421,16,0.003,0.5,9,manhattan,0.9996,0.9998,0.9994,58,553,2173,0.37432844,1.132002119,3.386580287,5732
2026-09-18T21:29:00.258,16,0.003,0.5,10,manhattan,0.9962,0.9969,0.9956,58,483,1671,1.079679688,0.843074798,2.909523364,5732
2026-09-18T21:29:06.478,16,0.003,0.55,5,manhattan,0.9979,0.9963,0.9996,4,429,3210,0.437736651,1.048398647,4.727613435,5732
2026-09-18T21:29:13.507,16,0.003,0.55,6,manhattan,0.9996,0.9996,0.9997,1,1003,3220,0.260342366,1.095312073,5.670647646,5732
2026-09-18T21:29:21.745,16,0.003,0.55,7,manhattan,0.9995,0.9994,0.9997,5,1063,3201,0.352630402,2.127553478,5.754296864,5732
2026-09-18T21:29:26.307,16,0.003,0.55,8,manhattan,0.9991,0.9988,0.9994,39,648,2803,0.230776838,1.33707426,2.991822967,5732
2026-09-18T21:29:30.786,16,0.003,0.55,9,manhattan,0.8936,0.8667,0.9818,58,553,2173,0.416330341,1.175965166,2.882975122,5732
2026-09-18T21:29:35.203,16,0.003,0.55,10,manhattan,0.9972,0.9974,0.9969,58,483,1671,1.005438103,1.107666872,2.301195326,5732
2026-09-18T21:29:46.034,16,0.003,0.6,5,manhattan,0.9994,0.9992,0.9996,4,429,3210,0.463980943,1.76235575,8.601115249,5732
2026-09-18T21:29:58.742,16,0.003,0.6,6,manhattan,0.9996,0.9996,0.9995,1,1003,3220,0.604231422,2.802146169,9.298096638,5732
2026-09-18T21:30:12.182,16,0.003,0.6,7,manhattan,0.9998,0.9997,0.9999,5,1063,3201,0.479644685,3.870460362,9.082402743,5732
2026-09-18T21:30:23.219,16,0.003,0.6,8,manhattan,0.9986,0.9981,0.9991,39,648,2803,0.429553477,2.603250869,7.999889171,5732
2026-09-18T21:30:31.238,16,0.003,0.6,9,manhattan,0.999,0.9992,0.9989,58,553,2173,0.562314169,1.869718837,5.582292167,5732
2026-09-18T21:30:39.451,16,0.003,0.6,10,manhattan,0.9948,0.9955,0.9942,58,483,1671,1.279663956,2.341907467,4.586711684,5732
2026-09-18T21:30:50.295,16,0.003,0.65,5,manhattan,0.9991,0.999,0.9992,4,429,3210,0.509786335,2.210257532,8.120674512,5732
2026-09-18T21:31:03.216,16,0.003,0.65,6,manhattan,0.9983,0.9973,0.9992,1,1003,3220,0.542869563,2.930780353,9.44412712,5732
2026-09-18T21:31:15.954,16,0.003,0.65,7,manhattan,0.9991,0.999,0.9992,5,1063,3197,0.440393276,3.407517961,8.886655473,5732
2026-09-18T21:31:26.603,16,0.003,0.65,8,manhattan,0.9974,0.9962,0.9986,39,648,2801,0.427689551,2.665537288,7.551212917,5732
2026-09-18T21:31:34.278,16,0.003,0.65,9,manhattan,0.9348,0.9026,0.9823,58,553,2162,0.504661375,1.838925987,5.325214536,5732
2026-09-18T21:31:42.317,16,0.003,0.65,10,manhattan,0.9966,0.9977,0.9954,58,483,1671,1.313674049,2.070216857,4.651328501,5732
2026-09-18T21:31:53.061,16,0.003,0.7,5,manhattan,0.9992,0.9992,0.9992,4,429,3210,0.541234088,2.054791063,8.144724177,5732
2026-09-18T21:32:06.252,16,0.003,0.7,6,manhattan,0.9999,0.9999,0.9999,1,1003,3220,0.493524959,3.052691047,9.640393522,5732
2026-09-18T21:32:19.568,16,0.003,0.7,7,manhattan,0.9997,0.9998,0.9997,5,1063,3197,0.485504516,3.68970126,9.134711694,5732
2026-09-18T21:32:30.656,16,0.003,0.7,8,manhattan,0.9981,0.9965,0.9996,40,648,2779,0.43175383,2.721733191,7.93142647,5732
2026-09-18T21:32:38.396,16,0.003,0.7,9,manhattan,0.979,0.964,0.9976,58,553,2158,0.459386358,2.139202879,5.136943086,5732
2026-09-18T21:32:45.643,16,0.003,0.7,10,manhattan,0.9937,0.9934,0.9941,58,483,1655,1.338986167,1.408996553,4.492402229,5732
2026-09-18T21:32:56.284,16,0.003,0.75,5,manhattan,0.9981,0.9967,0.9996,5,429,3199,0.780934697,1.951904669,7.904315517,5732
2026-09-18T21:33:09.501,16,0.003,0.75,6,manhattan,0.9977,0.9962,0.9992,1,1003,3220,0.588733832,3.072404752,9.552551447,5732
2026-09-18T21:33:22.948,16,0.003,0.75,7,manhattan,0.9992,0.999,0.9993,5,1063,3197,0.486432987,3.648047308,9.307574322,5732
2026-09-18T21:33:33.344,16,0.003,0.75,8,manhattan,0.9959,0.993,0.999,40,648,2751,0.39174122,2.685656422,7.314482103,5732
2026-09-18T21:33:42.206,16,0.003,0.75,9,manhattan,0.9993,0.9992,0.9994,56,553,2105,0.616299872,2.173798802,6.065639283,5732
2026-09-18T21:33:49.726,16,0.003,0.75,10,manhattan,0.9987,0.9983,0.9991,58,483,1655,1.376105947,1.758390716,4.361627827,5732
2026-09-18T21:34:01.077,16,0.003,0.8,5,manhattan,0.999,0.9991,0.9989,5,429,3199,0.49040766,2.204990236,8.651770217,5732
2026-09-18T21:34:14.069,16,0.003,0.8,6,manhattan,0.9998,0.9999,0.9998,1,1003,3220,0.610925718,3.238675054,9.136962751,5732
2026-09-18T21:34:26.924,16,0.003,0.8,7,manhattan,0.999,0.9985,0.9995,8,1063,3187,0.440843544,3.753863967,8.655973899,5732
2026-09-18T21:34:37.677,16,0.003,0.8,8,manhattan,0.9987,0.9984,0.9989,42,648,2697,0.431279398,2.935252505,7.382319095,5732
2026-09-18T21:34:45.689,16,0.003,0.8,9,manhattan,0.9988,0.9985,0.999,55,553,2068,0.545039464,1.929796383,5.531933956,5732
2026-09-18T21:34:53.349,16,0.003,0.8,10,manhattan,0.9923,0.9944,0.9903,58,483,1649,1.305274577,1.60465303,4.746635989,5732
2026-09-18T21:36:30.561,17,0.002,0.5,5,manhattan,0.9984,0.9982,0.9987,16,438,3148,2.25995714,11.816380802,10.901261,5732
2026-09-18T21:36:45.345,17,0.002,0.5,6,manhattan,0.9998,0.9999,0.9998,2,1030,3217,0.635334089,3.090469921,9.396567173,5732
2026-09-18T21:36:57.454,17,0.002,0.5,7,manhattan,0.9999,0.9999,0.9999,15,1055,3133,0.463499316,3.40581879,8.235553298,5732
2026-09-18T21:37:12.133,17,0.002,0.55,5,manhattan,0.9968,0.996,0.9977,16,438,3148,0.609109702,2.183854911,8.798708846,5732
2026-09-18T21:37:24.898,17,0.002,0.55,6,manhattan,0.9999,0.9999,0.9999,3,1030,3215,0.497489155,3.19544548,9.054449783,5732
2026-09-18T21:37:37.524,17,0.002,0.55,7,manhattan,0.9991,0.9986,0.9996,17,1055,3110,0.557265336,3.312381654,8.75402734,5732
2026-09-18T21:37:50.768,17,0.002,0.6,5,manhattan,0.9903,0.9827,0.9988,16,438,3148,0.46780818,2.257797506,8.825855418,5732
2026-09-18T21:38:03.772,17,0.002,0.6,6,manhattan,0.9999,0.9999,0.9999,3,1030,3215,0.532239916,3.348257,9.109104705,5732
2026-09-18T21:38:16.882,17,0.002,0.6,7,manhattan,0.9977,0.9961,0.9993,18,1055,3107,0.478017451,3.565195259,9.063225002,5732
2026-09-18T21:38:29.04,17,0.002,0.65,5,manhattan,0.9937,0.9917,0.9958,16,438,3148,0.466813708,2.101970654,7.845882456,5732
2026-09-18T21:38:42.422,17,0.002,0.65,6,manhattan,0.9996,0.9998,0.9995,3,1030,3215,0.538704433,3.217299194,9.621853571,5732
2026-09-18T21:38:55.299,17,0.002,0.65,7,manhattan,0.9993,0.9995,0.9992,18,1055,3107,0.494802497,3.571197287,8.80752597,5732
2026-09-18T21:39:07.97,17,0.002,0.7,5,manhattan,0.9811,0.9708,0.9934,16,438,3136,0.472618923,2.101423517,8.323488611,5732
2026-09-18T21:39:22.118,17,0.002,0.7,6,manhattan,0.9999,0.9999,0.9999,3,1030,3215,0.61660864,3.552052999,9.97513713,5732
2026-09-18T21:39:34.861,17,0.002,0.7,7,manhattan,0.9997,0.9997,0.9997,18,1055,3107,0.471935805,3.837342842,8.430784231,5732
2026-09-18T21:39:47.581,17,0.002,0.75,5,manhattan,0.9957,0.9946,0.9967,18,438,3129,0.511960566,2.176374901,8.297618948,5732
2026-09-18T21:40:00.705,17,0.002,0.75,6,manhattan,0.9997,0.9998,0.9997,3,1030,3215,0.543406364,3.055667268,9.521622895,5732
2026-09-18T21:40:13.597,17,0.002,0.75,7,manhattan,0.9993,0.9988,0.9998,18,1055,3100,0.462343581,3.569086891,8.856449849,5732
2026-09-18T21:40:26.041,17,0.002,0.8,5,manhattan,0.9958,0.9946,0.9971,19,438,3126,0.49760565,2.201192053,8.035756485,5732
2026-09-18T21:40:39.531,17,0.002,0.8,6,manhattan,0.9999,0.9999,0.9999,3,1030,3215,0.627139182,3.138064649,9.72133464,5732
2026-09-18T21:40:52.116,17,0.002,0.8,7,manhattan,0.9985,0.9976,0.9995,21,1055,3080,0.487676094,3.519195778,8.557606311,5732
2026-09-18T21:41:05.252,17,0.0025,0.5,5,manhattan,0.9928,0.9874,0.9984,9,438,3183,0.489371353,2.057646597,8.859201249,5732
2026-09-18T21:41:18.059,17,0.0025,0.5,6,manhattan,0.9995,0.9994,0.9996,1,1030,3220,0.53433383,2.930350758,9.338913402,5732
2026-09-18T21:41:30.342,17,0.0025,0.5,7,manhattan,0.9998,0.9998,0.9998,11,1055,3164,0.409407734,3.255866576,8.599605907,5732
2026-09-18T21:41:39.33,17,0.0025,0.5,8,manhattan,0.9965,0.9948,0.9982,62,610,2521,0.451041432,2.303446732,6.230269988,5732
2026-09-18T21:41:51.949,17,0.0025,0.55,5,manhattan,0.9961,0.9935,0.9988,9,438,3183,0.685015887,2.479353048,8.027425877,5732
2026-09-18T21:42:04.763,17,0.0025,0.55,6,manhattan,0.9998,0.9999,0.9997,1,1030,3220,0.61007931,2.997549819,9.192926012,5732
2026-09-18T21:42:17.557,17,0.0025,0.55,7,manhattan,0.9997,0.9997,0.9997,13,1055,3145,0.45828468,3.155020946,9.176600662,5732
2026-09-18T21:42:27.196,17,0.0025,0.55,8,manhattan,0.9976,0.9982,0.997,63,610,2517,0.38887095,2.279587385,6.965865135,5732
2026-09-18T21:42:39.898,17,0.0025,0.6,5,manhattan,0.9966,0.9951,0.9982,9,438,3183,0.617543885,2.025398253,8.565757847,5732
2026-09-18T21:42:51.891,17,0.0025,0.6,6,manhattan,0.9996,0.9995,0.9996,1,1030,3220,0.537624685,2.650411952,8.80098763,5732
2026-09-18T21:43:04.72,17,0.0025,0.6,7,manhattan,0.9996,0.9995,0.9996,13,1055,3145,0.409852415,3.777550039,8.638162813,5732
2026-09-18T21:43:13.971,17,0.0025,0.6,8,manhattan,0.9996,0.9998,0.9994,63,610,2517,0.392924682,2.204744255,6.649432047,5732
2026-09-18T21:43:25.74,17,0.0025,0.65,5,manhattan,0.9984,0.9976,0.9992,9,438,3183,0.482935262,1.818034687,8.016006394,5732
2026-09-18T21:43:38.433,17,0.0025,0.65,6,manhattan,0.9992,0.9986,0.9998,1,1030,3220,0.592160179,2.554203021,9.543043383,5732
2026-09-18T21:43:50.585,17,0.0025,0.65,7,manhattan,0.9998,0.9998,0.9998,13,1055,3145,0.415500276,3.290161133,8.44287021,5732
2026-09-18T21:43:58.865,17,0.0025,0.65,8,manhattan,0.9981,0.9978,0.9984,63,610,2504,0.386056831,2.129846091,5.761084886,5732
2026-09-18T21:44:11.049,17,0.0025,0.7,5,manhattan,0.9987,0.9984,0.9989,9,438,3171,0.439721822,1.897829779,8.382936817,5732
2026-09-18T21:44:23.851,17,0.0025,0.7,6,manhattan,0.9999,0.9999,0.9999,1,1030,3220,0.600037168,2.509743123,9.688400663,5732
2026-09-18T21:44:36.591,17,0.0025,0.7,7,manhattan,0.9998,0.9999,0.9997,13,1055,3145,0.437692162,3.321313387,8.977549406,5732
2026-09-18T21:44:45.749,17,0.0025,0.7,8,manhattan,0.9961,0.9943,0.998,63,610,2492,0.42539184,2.25118241,6.477239967,5732
2026-09-18T21:44:58.463,17,0.0025,0.75,5,manhattan,0.9991,0.9986,0.9995,10,438,3169,0.536289039,2.138596656,8.501436738,5732
2026-09-18T21:45:12.409,17,0.0025,0.75,6,manhattan,0.9997,0.9996,0.9997,1,1030,3220,0.620124035,3.152123577,10.150429051,5732
2026-09-18T21:45:25.356,17,0.0025,0.75,7,manhattan,0.9989,0.9984,0.9994,13,1055,3139,0.431723937,3.496558234,9.014813409,5732
2026-09-18T21:45:34.991,17,0.0025,0.75,8,manhattan,0.9992,0.999,0.9994,63,610,2492,0.414838739,2.281721597,6.928528637,5732
2026-09-18T21:45:47.698,17,0.0025,0.8,5,manhattan,0.9992,0.9988,0.9997,10,438,3169,0.709816487,2.390953499,8.096305321,5732
2026-09-18T21:46:00.367,17,0.0025,0.8,6,manhattan,0.9964,0.9936,0.9993,1,1030,3220,0.582780274,2.859699857,9.222646657,5732
2026-09-18T21:46:13.242,17,0.0025,0.8,7,manhattan,0.9993,0.9988,0.9997,14,1055,3130,0.496439928,3.323212863,9.051159625,5732
2026-09-18T21:46:21.813,17,0.0025,0.8,8,manhattan,0.9951,0.9918,0.9984,62,610,2468,0.431666039,2.210666734,5.924442662,5732
2026-09-18T21:46:33.793,17,0.003,0.5,5,manhattan,0.9998,0.9998,0.9998,4,438,3211,0.487244404,1.862947367,8.215334571,5732
2026-09-18T21:46:46.442,17,0.003,0.5,6,manhattan,0.9999,0.9999,0.9999,1,1030,3220,0.569056933,2.897129035,9.178427572,5732
2026-09-18T21:46:59.312,17,0.003,0.5,7,manhattan,0.9994,0.9994,0.9995,4,1055,3202,0.49406609,3.261084355,9.110428408,5732
2026-09-18T21:47:09.424,17,0.003,0.5,8,manhattan,0.9996,0.9996,0.9996,38,610,2750,0.404674515,2.364357836,7.338792556,5732
2026-09-18T21:47:17.408,17,0.003,0.5,9,manhattan,0.998,0.9972,0.9988,54,537,1993,0.577149593,1.927929104,5.474544813,5732
2026-09-18T21:47:24.923,17,0.003,0.5,10,manhattan,0.973,0.9639,0.9853,53,481,1543,1.326476531,1.782105982,4.402759643,5732
2026-09-18T21:47:36.238,17,0.003,0.55,5,manhattan,0.9996,0.9995,0.9997,4,438,3211,0.559097205,1.98837639,8.763018928,5732
2026-09-18T21:47:49.404,17,0.003,0.55,6,manhattan,0.9994,0.9991,0.9996,1,1030,3220,0.622673106,2.998052748,9.540853087,5732
2026-09-18T21:48:02.691,17,0.003,0.55,7,manhattan,0.9995,0.9994,0.9995,5,1055,3191,0.495904245,3.276909921,9.509778985,5732
2026-09-18T21:48:12.482,17,0.003,0.55,8,manhattan,0.9983,0.9968,0.9998,38,610,2750,0.40028694,2.21357402,7.173837368,5732
2026-09-18T21:48:20.145,17,0.003,0.55,9,manhattan,0.9974,0.996,0.9989,54,537,1993,0.497697562,1.994124056,5.167764293,5732
2026-09-18T21:48:27.789,17,0.003,0.55,10,manhattan,0.9882,0.9828,0.994,53,481,1543,1.308573743,1.398564906,4.932946922,5732
2026-09-18T21:48:38.915,17,0.003,0.6,5,manhattan,0.9945,0.9903,0.9989,4,438,3211,0.449291417,1.923819289,8.74932974,5732
2026-09-18T21:48:51.753,17,0.003,0.6,6,manhattan,0.9994,0.9989,0.9999,1,1030,3220,0.555920052,2.800114694,9.471735833,5732
2026-09-18T21:49:04.596,17,0.003,0.6,7,manhattan,0.9996,0.9994,0.9998,5,1055,3191,0.372085275,3.558808616,8.907861757,5732
2026-09-18T21:49:14.395,17,0.003,0.6,8,manhattan,0.9994,0.9993,0.9996,38,610,2750,0.40392358,2.217854947,7.174644455,5732
2026-09-18T21:49:22.082,17,0.003,0.6,9,manhattan,0.9881,0.9823,0.9942,54,537,1982,0.561170028,1.854807006,5.266174483,5732
2026-09-18T21:49:29.536,17,0.003,0.6,10,manhattan,0.9727,0.9609,0.9876,53,481,1543,1.243516507,1.80554251,4.399602953,5732
2026-09-18T21:49:40.789,17,0.003,0.65,5,manhattan,0.996,0.993,0.9992,4,438,3211,0.563187465,1.830984674,8.853999185,5732
2026-09-18T21:49:53.144,17,0.003,0.65,6,manhattan,0.9997,0.9997,0.9998,1,1030,3220,0.554364685,2.660119833,9.124701609,5732
2026-09-18T21:50:06.082,17,0.003,0.65,7,manhattan,0.9998,0.9999,0.9997,5,1055,3191,0.504703839,3.161313235,9.268463714,5732
2026-09-18T21:50:15.835,17,0.003,0.65,8,manhattan,0.9982,0.9971,0.9992,37,610,2735,0.39584007,2.50965624,6.843949132,5732
2026-09-18T21:50:23.444,17,0.003,0.65,9,manhattan,0.9982,0.9981,0.9982,54,537,1981,0.547735062,1.883488482,5.174042543,5732
2026-09-18T21:50:31.25,17,0.003,0.65,10,manhattan,0.9979,0.9971,0.9988,53,481,1537,1.311303632,1.917067933,4.573895444,5732
2026-09-18T21:50:41.989,17,0.003,0.7,5,manhattan,0.9973,0.9954,0.9993,5,438,3200,0.533912059,2.102717398,8.098301667,5732
2026-09-18T21:50:54.889,17,0.003,0.7,6,manhattan,0.9998,0.9999,0.9996,1,1030,3220,0.554133998,2.599662769,9.742248219,5732
2026-09-18T21:51:07.922,17,0.003,0.7,7,manhattan,0.9998,0.9998,0.9998,5,1055,3191,0.44953656,3.528153492,9.051692654,5732
2026-09-18T21:51:18.421,17,0.003,0.7,8,manhattan,0.9987,0.9981,0.9992,38,610,2723,0.467329417,2.493979925,7.516625795,5732
2026-09-18T21:51:25.969,17,0.003,0.7,9,manhattan,0.9971,0.9954,0.9989,53,537,1956,0.479423707,1.70722423,5.357741547,5732
2026-09-18T21:51:33.559,17,0.003,0.7,10,manhattan,0.9616,0.9512,0.9763,53,481,1537,1.344588213,1.370424142,4.870586191,5732
2026-09-18T21:51:44.372,17,0.003,0.75,5,manhattan,0.9949,0.991,0.9988,5,438,3200,0.545060487,1.95991715,8.30372483,5732
2026-09-18T21:51:56.761,17,0.003,0.75,6,manhattan,0.9998,0.9998,0.9998,1,1030,3220,0.546307854,2.940514284,8.882873842,5732
2026-09-18T21:52:09.615,17,0.003,0.75,7,manhattan,0.9996,0.9997,0.9996,5,1055,3191,0.629701313,3.783223742,8.435778517,5732
2026-09-18T21:52:19.601,17,0.003,0.75,8,manhattan,0.9996,0.9996,0.9996,38,610,2723,0.408487015,2.499510733,7.074083987,5732
2026-09-18T21:52:27.38,17,0.003,0.75,9,manhattan,0.9992,0.9994,0.9989,53,537,1956,0.459815114,1.882341127,5.432129451,5732
2026-09-18T21:52:35.614,17,0.003,0.75,10,manhattan,0.9592,0.9514,0.9717,52,481,1524,1.265503269,2.142747677,4.821810166,5732
2026-09-18T21:52:47.017,17,0.003,0.8,5,manhattan,0.9985,0.9975,0.9996,5,438,3200,0.533297384,2.044875265,8.821235272,5732
2026-09-18T21:53:00.399,17,0.003,0.8,6,manhattan,0.9981,0.9971,0.9992,1,1030,3220,0.58815806,3.156860149,9.632983282,5732
2026-09-18T21:53:13.078,17,0.003,0.8,7,manhattan,0.9972,0.9954,0.9992,7,1055,3184,0.538874078,3.302720217,8.834088458,5732
2026-09-18T21:53:22.943,17,0.003,0.8,8,manhattan,0.9984,0.9978,0.999,40,610,2697,0.369948059,2.390514476,7.086723739,5732
2026-09-18T21:53:30.377,17,0.003,0.8,9,manhattan,0.9983,0.9981,0.9985,51,537,1906,0.500168201,1.710960953,5.21914149,5732
2026-09-18T21:53:37.971,17,0.003,0.8,10,manhattan,0.9949,0.9938,0.996,52,481,1524,1.351242629,1.642469128,4.597775256,5732
2026-09-18T21:55:14.248,18,0.002,0.5,5,manhattan,0.9978,0.997,0.9986,15,438,3153,2.267986174,11.932132745,10.797565213,5732
2026-09-18T21:55:29.127,18,0.002,0.5,6,manhattan,0.9999,0.9999,0.9999,3,1026,3217,0.690553051,3.08237342,9.456896086,5732
2026-09-18T21:55:41.857,18,0.002,0.5,7,manhattan,0.9995,0.9995,0.9995,12,1035,3174,0.444851303,3.740003655,8.541294721,5732
2026-09-18T21:55:55.887,18,0.002,0.55,5,manhattan,0.9956,0.9942,0.9971,15,438,3153,0.449363335,2.205868751,8.322924793,5732
2026-09-18T21:56:08.95,18,0.002,0.55,6,manhattan,0.9992,0.999,0.9993,4,1026,3215,0.520330684,3.145190506,9.393011935,5732
2026-09-18T21:56:21.988,18,0.002,0.55,7,manhattan,0.9979,0.997,0.9989,12,1035,3173,0.445637367,3.927701351,8.661120157,5732
2026-09-18T21:56:35.318,18,0.002,0.6,5,manhattan,0.9992,0.9987,0.9996,15,438,3153,0.513705672,2.360454376,8.740902465,5732
2026-09-18T21:56:48.393,18,0.002,0.6,6,manhattan,0.9996,0.9998,0.9995,4,1026,3215,0.507879086,3.342125979,9.220790738,5732
2026-09-18T21:57:01.458,18,0.002,0.6,7,manhattan,0.9998,0.9999,0.9998,13,1035,3171,0.396683109,3.709663029,8.954180538,5732
2026-09-18T21:57:14.471,18,0.002,0.65,5,manhattan,0.9956,0.9947,0.9966,15,438,3153,0.567367099,2.574826165,8.154667092,5732
2026-09-18T21:57:27.503,18,0.002,0.65,6,manhattan,0.9996,0.9996,0.9997,4,1026,3215,0.620499407,3.355208175,9.053398232,5732
2026-09-18T21:57:40.694,18,0.002,0.65,7,manhattan,0.9995,0.9997,0.9994,13,1035,3171,0.439743595,4.085755926,8.648527479,5732
2026-09-18T21:57:53.731,18,0.002,0.7,5,manhattan,0.9985,0.9985,0.9985,16,438,3151,0.488961574,2.251595919,8.488047384,5732
2026-09-18T21:58:07.334,18,0.002,0.7,6,manhattan,0.9999,0.9999,0.9999,4,1026,3215,0.836913079,3.515429299,9.234101733,5732
2026-09-18T21:58:19.859,18,0.002,0.7,7,manhattan,0.9997,0.9998,0.9996,13,1035,3170,0.473625317,3.757106898,8.290747618,5732
2026-09-18T21:58:33.08,18,0.002,0.75,5,manhattan,0.9982,0.9986,0.9979,17,438,3134,0.895837192,2.54805136,8.071960945,5732
2026-09-18T21:58:46.042,18,0.002,0.75,6,manhattan,0.9996,0.9996,0.9996,4,1026,3215,0.590759696,3.473236035,8.89336086,5732
2026-09-18T21:58:59.19,18,0.002,0.75,7,manhattan,0.9975,0.9955,0.9995,14,1035,3158,0.398333042,3.858436944,8.886612438,5732
2026-09-18T21:59:11.662,18,0.002,0.8,5,manhattan,0.9994,0.9993,0.9994,18,438,3129,0.560098149,2.227812001,8.023864549,5732
2026-09-18T21:59:24.751,18,0.002,0.8,6,manhattan,0.9997,0.9998,0.9996,4,1026,3215,0.56468072,3.406895396,9.114013415,5732
2026-09-18T21:59:37.773,18,0.002,0.8,7,manhattan,0.9958,0.9946,0.9971,18,1035,3120,0.527171786,3.69467144,8.796589501,5732
2026-09-18T21:59:50.889,18,0.0025,0.5,5,manhattan,0.9971,0.9959,0.9984,9,438,3186,0.587798841,2.137786758,8.620560203,5732
2026-09-18T22:00:03.167,18,0.0025,0.5,6,manhattan,0.9999,0.9999,0.9999,1,1026,3223,0.571178552,2.615207605,9.085642943,5732
2026-09-18T22:00:16.629,18,0.0025,0.5,7,manhattan,0.9981,0.9978,0.9985,6,1035,3202,0.424378424,3.531116299,9.503151631,5732
2026-09-18T22:00:26.559,18,0.0025,0.5,8,manhattan,0.9946,0.9932,0.996,58,588,2630,0.436787629,3.082274609,6.405475464,5732
2026-09-18T22:00:38.739,18,0.0025,0.55,5,manhattan,0.9991,0.9992,0.9991,9,438,3186,0.488618513,1.972401843,8.18386253,5732
2026-09-18T22:00:51.99,18,0.0025,0.55,6,manhattan,0.9995,0.9995,0.9994,1,1026,3223,0.50747261,3.065744415,9.67489246,5732
2026-09-18T22:01:04.363,18,0.0025,0.55,7,manhattan,0.9995,0.9996,0.9994,6,1035,3201,0.474514328,3.393221784,8.500655287,5732
2026-09-18T22:01:14.395,18,0.0025,0.55,8,manhattan,0.9995,0.9994,0.9997,58,588,2629,0.384805607,2.908068171,6.735375629,5732
2026-09-18T22:01:26.732,18,0.0025,0.6,5,manhattan,0.9978,0.9964,0.9992,9,438,3186,0.553280514,2.185340418,8.202114313,5732
2026-09-18T22:01:39.837,18,0.0025,0.6,6,manhattan,0.9981,0.9968,0.9995,1,1026,3223,0.562565924,2.846336154,9.691895271,5732
2026-09-18T22:01:52.335,18,0.0025,0.6,7,manhattan,0.9994,0.9995,0.9994,6,1035,3201,0.430354541,3.300836811,8.763189334,5732
2026-09-18T22:02:01.957,18,0.0025,0.6,8,manhattan,0.9991,0.999,0.9992,58,588,2629,0.414142054,3.043850054,6.158986912,5732
2026-09-18T22:02:14.419,18,0.0025,0.65,5,manhattan,0.9985,0.9984,0.9985,9,438,3186,0.448008063,2.014424695,8.513046891,5732
2026-09-18T22:02:27.159,18,0.0025,0.65,6,manhattan,0.9998,0.9997,0.9998,1,1026,3223,0.557515835,2.429078128,9.749893148,5732
2026-09-18T22:02:39.972,18,0.0025,0.65,7,manhattan,0.9992,0.9991,0.9993,6,1035,3201,0.421751481,3.296490792,9.089742701,5732
2026-09-18T22:02:49.273,18,0.0025,0.65,8,manhattan,0.9857,0.977,0.9953,58,588,2625,0.316360439,2.940502571,6.040375738,5732
2026-09-18T22:03:01.561,18,0.0025,0.7,5,manhattan,0.9996,0.9996,0.9995,9,438,3186,0.471170464,2.03010478,8.385165463,5732
2026-09-18T22:03:14.128,18,0.0025,0.7,6,manhattan,0.998,0.9965,0.9996,1,1026,3223,0.53517847,2.969812059,9.05735272,5732
2026-09-18T22:03:27.845,18,0.0025,0.7,7,manhattan,0.9984,0.9974,0.9993,6,1035,3201,0.418607012,3.745718635,9.548778087,5732
2026-09-18T22:03:38.255,18,0.0025,0.7,8,manhattan,0.998,0.9976,0.9983,59,588,2613,0.403702725,3.128427461,6.874104331,5732
2026-09-18T22:03:50.246,18,0.0025,0.75,5,manhattan,0.9981,0.9971,0.9991,10,438,3172,0.567597715,2.17389244,7.829878546,5732
2026-09-18T22:04:03.244,18,0.0025,0.75,6,manhattan,0.9996,0.9995,0.9996,1,1026,3223,0.560195927,2.759039684,9.675124961,5732
2026-09-18T22:04:16.666,18,0.0025,0.75,7,manhattan,0.9997,0.9997,0.9997,6,1035,3201,0.451035198,3.576268184,9.361174957,5732
2026-09-18T22:04:26.768,18,0.0025,0.75,8,manhattan,0.998,0.9975,0.9985,58,588,2597,0.428134353,3.018674826,6.645286203,5732
2026-09-18T22:04:39.428,18,0.0025,0.8,5,manhattan,0.9989,0.9985,0.9993,11,438,3169,0.479457631,2.189836806,8.49726358,5732
2026-09-18T22:04:52.189,18,0.0025,0.8,6,manhattan,0.9996,0.9996,0.9997,1,1026,3223,0.489262311,2.632743516,9.632797322,5732
2026-09-18T22:05:06.081,18,0.0025,0.8,7,manhattan,0.9993,0.9989,0.9996,10,1035,3173,0.425998674,3.80950685,9.652778239,5732
2026-09-18T22:05:16.057,18,0.0025,0.8,8,manhattan,0.995,0.9923,0.9978,60,588,2530,0.403941373,2.867344647,6.700364641,5732
2026-09-18T22:05:27.989,18,0.003,0.5,5,manhattan,0.9999,0.9999,0.9999,3,438,3217,0.573298097,1.959883406,7.90051799,5732
2026-09-18T22:05:40.408,18,0.003,0.5,6,manhattan,0.9997,0.9997,0.9998,1,1026,3225,0.548722178,2.712589099,9.151176704,5732
2026-09-18T22:05:51.055,18,0.003,0.5,7,manhattan,0.9999,0.9999,0.9999,2,1035,3222,0.399461748,2.701574208,7.541502635,5732
2026-09-18T22:05:59.226,18,0.003,0.5,8,manhattan,0.9987,0.9982,0.9993,35,588,2840,0.3297044,2.582861973,5.2553124,5732
2026-09-18T22:06:04.574,18,0.003,0.5,9,manhattan,0.9953,0.9936,0.9972,55,478,1948,0.386125959,1.20545787,3.752344276,5732
2026-09-18T22:06:09.827,18,0.003,0.5,10,manhattan,0.9679,0.9669,0.9703,52,415,1555,1.113410232,1.29321278,2.839585637,5732
2026-09-18T22:06:16.358,18,0.003,0.55,5,manhattan,0.9996,0.9998,0.9994,3,438,3217,0.371347455,1.028466298,5.127752941,5732
2026-09-18T22:06:22.863,18,0.003,0.55,6,manhattan,0.9999,0.9999,0.9999,1,1026,3225,0.321214764,1.361014429,4.819452544,5732
2026-09-18T22:06:30.167,18,0.003,0.55,7,manhattan,0.9994,0.9992,0.9997,2,1035,3220,0.272177254,1.600081917,5.429000407,5732
2026-09-18T22:06:36.241,18,0.003,0.55,8,manhattan,0.9996,0.9996,0.9996,35,588,2839,0.346621376,1.772144784,3.953264968,5732
2026-09-18T22:06:40.085,18,0.003,0.55,9,manhattan,0.9921,0.991,0.9933,55,478,1948,0.22572157,0.813351675,2.795917183,5732
2026-09-18T22:06:45.07,18,0.003,0.55,10,manhattan,0.9957,0.995,0.9964,52,415,1555,1.089816421,1.221437714,2.670781289,5732
2026-09-18T22:06:51.395,18,0.003,0.6,5,manhattan,0.9993,0.9994,0.9992,3,438,3217,0.361269067,0.80172665,5.156311635,5732
2026-09-18T22:06:58.269,18,0.003,0.6,6,manhattan,0.9981,0.9968,0.9995,1,1026,3225,0.416628617,1.804586099,4.650347598,5732
2026-09-18T22:07:05.509,18,0.003,0.6,7,manhattan,0.9984,0.9982,0.9986,2,1035,3220,0.273627441,1.742096025,5.220844568,5732
2026-09-18T22:07:11.628,18,0.003,0.6,8,manhattan,0.9971,0.9957,0.9984,35,588,2839,0.317489006,1.479656683,4.319095443,5732
2026-09-18T22:07:16.455,18,0.003,0.6,9,manhattan,0.9909,0.9857,0.9966,55,478,1948,0.345941681,1.099990003,3.375850839,5732
2026-09-18T22:07:20.433,18,0.003,0.6,10,manhattan,0.9433,0.9605,0.9398,52,415,1555,1.006339854,0.983893398,1.984313986,5732
2026-09-18T22:07:27.015,18,0.003,0.65,5,manhattan,0.9998,0.9999,0.9997,3,438,3217,0.405493039,1.225744553,4.946605388,5732
2026-09-18T22:07:35.341,18,0.003,0.65,6,manhattan,0.9998,0.9998,0.9998,1,1026,3225,0.398601862,1.372292623,6.551541419,5732
2026-09-18T22:07:42.245,18,0.003,0.65,7,manhattan,0.9963,0.9933,0.9994,2,1035,3217,0.328301986,1.854295133,4.719655587,5732
2026-09-18T22:07:48.492,18,0.003,0.65,8,manhattan,0.9981,0.998,0.9982,36,588,2836,0.234608954,1.405050249,4.604432487,5732
2026-09-18T22:07:53.082,18,0.003,0.65,9,manhattan,0.9943,0.9922,0.9966,55,478,1944,0.250871866,1.325556387,3.011374727,5732
2026-09-18T22:07:58.016,18,0.003,0.65,10,manhattan,0.9474,0.9464,0.9551,52,415,1549,1.189686572,1.496413443,2.245119181,5732
2026-09-18T22:08:03.73,18,0.003,0.7,5,manhattan,0.9993,0.9988,0.9997,3,438,3217,0.236989916,0.667474222,4.807023714,5732
2026-09-18T22:08:11.667,18,0.003,0.7,6,manhattan,0.9999,0.9999,0.9999,1,1026,3225,0.263160873,1.746327294,5.924909661,5732
2026-09-18T22:08:18.826,18,0.003,0.7,7,manhattan,0.9996,0.9998,0.9995,2,1035,3217,0.26748545,1.746976051,5.141037188,5732
2026-09-18T22:08:24.312,18,0.003,0.7,8,manhattan,0.9998,0.9997,0.9998,37,588,2830,0.159806546,0.978225212,4.335536869,5732
2026-09-18T22:08:28.985,18,0.003,0.7,9,manhattan,0.9994,0.9994,0.9993,54,478,1930,0.355655078,1.36905799,2.945261212,5732
2026-09-18T22:08:33.799,18,0.003,0.7,10,manhattan,0.9311,0.9058,0.9697,52,415,1549,1.04815835,1.095392207,2.666960756,5732
2026-09-18T22:08:39.196,18,0.003,0.75,5,manhattan,0.9996,0.9994,0.9997,4,438,3206,0.392956025,1.212994103,3.78787202,5732
2026-09-18T22:08:46.426,18,0.003,0.75,6,manhattan,0.9999,0.9999,0.9999,1,1026,3225,0.336228352,1.717986505,5.172932064,5732
2026-09-18T22:08:54.01,18,0.003,0.75,7,manhattan,0.9993,0.9992,0.9995,2,1035,3217,0.278053637,1.652475792,5.651192334,5732
2026-09-18T22:08:59.225,18,0.003,0.75,8,manhattan,0.9989,0.9987,0.9991,37,588,2813,0.274848966,1.578945684,3.357120362,5732
2026-09-18T22:09:03.874,18,0.003,0.75,9,manhattan,0.9985,0.999,0.9981,53,478,1911,0.388293834,1.256498011,3.001318338,5732
2026-09-18T22:09:08.545,18,0.003,0.75,10,manhattan,0.9556,0.9535,0.9639,52,415,1544,1.101326418,0.957842987,2.608584758,5732
2026-09-18T22:09:15.303,18,0.003,0.8,5,manhattan,0.9996,0.9995,0.9996,4,438,3206,0.403750706,1.111590026,5.22293073,5732
2026-09-18T22:09:21.751,18,0.003,0.8,6,manhattan,1.0,1.0,1.0,1,1026,3225,0.309495452,1.542355513,4.592483048,5732
2026-09-18T22:09:29.582,18,0.003,0.8,7,manhattan,0.9948,0.9914,0.9983,2,1035,3217,0.313948887,1.784354102,5.72774818,5732
2026-09-18T22:09:36.127,18,0.003,0.8,8,manhattan,0.9978,0.9963,0.9992,38,588,2775,0.266831805,1.887387859,4.385639809,5732
2026-09-18T22:09:39.91,18,0.003,0.8,9,manhattan,0.9948,0.9947,0.995,53,478,1894,0.360188201,1.055190608,2.363464608,5732
2026-09-18T22:09:44.575,18,0.003,0.8,10,manhattan,0.9694,0.9498,0.9929,52,415,1544,0.967550727,1.21708974,2.477966456,5732
2026-09-18T22:11:00.924,19,0.002,0.5,5,manhattan,0.9964,0.9948,0.9982,16,437,3150,1.751452394,9.035029045,6.940119298,5732
2026-09-18T22:11:10.872,19,0.002,0.5,6,manhattan,1.0,1.0,1.0,3,1040,3212,0.491636009,2.33823609,5.607637931,5732
2026-09-18T22:11:17.906,19,0.002,0.5,7,manhattan,0.998,0.9965,0.9995,14,1102,3153,0.328340608,2.008448998,4.693870713,5732
2026-09-18T22:11:27.557,19,0.002,0.55,5,manhattan,0.9986,0.9984,0.9988,16,437,3150,0.379155371,1.359190243,5.373289834,5732
2026-09-18T22:11:35.316,19,0.002,0.55,6,manhattan,0.9993,0.9998,0.9988,4,1040,3210,0.269420127,2.284187394,5.201964981,5732
2026-09-18T22:11:42.786,19,0.002,0.55,7,manhattan,0.9994,0.9994,0.9995,14,1102,3144,0.184101005,2.082054186,5.201345697,5732
2026-09-18T22:11:51.15,19,0.002,0.6,5,manhattan,0.9978,0.9966,0.9991,16,437,3150,0.306829956,1.159142288,5.386434538,5732
2026-09-18T22:11:58.534,19,0.002,0.6,6,manhattan,0.9986,0.9992,0.9979,4,1040,3210,0.437061547,2.361858047,4.583531131,5732
2026-09-18T22:12:06.581,19,0.002,0.6,7,manhattan,0.998,0.9963,0.9996,15,1102,3142,0.227620837,2.544438326,5.271781694,5732
2026-09-18T22:12:15.158,19,0.002,0.65,5,manhattan,0.9953,0.9933,0.9974,16,437,3150,0.364884266,1.664873753,5.038000149,5732
2026-09-18T22:12:22.052,19,0.002,0.65,6,manhattan,0.9997,0.9996,0.9998,4,1040,3210,0.366072686,1.80654473,4.718226074,5732
2026-09-18T22:12:30.601,19,0.002,0.65,7,manhattan,0.9982,0.9974,0.999,16,1102,3138,0.281326334,2.56405942,5.700365895,5732
2026-09-18T22:12:38.659,19,0.002,0.7,5,manhattan,0.9987,0.9986,0.9989,16,437,3150,0.332014055,1.286734783,4.933911929,5732
2026-09-18T22:12:46.108,19,0.002,0.7,6,manhattan,0.9998,0.9999,0.9997,4,1040,3210,0.256330597,1.640746633,5.549270942,5732
2026-09-18T22:12:54.346,19,0.002,0.7,7,manhattan,0.9993,0.9993,0.9993,16,1102,3138,0.337579644,2.464755892,5.432133979,5732
2026-09-18T22:13:01.939,19,0.002,0.75,5,manhattan,0.9964,0.9952,0.9978,17,437,3131,0.342042018,1.531634863,4.172379754,5732
2026-09-18T22:13:09.786,19,0.002,0.75,6,manhattan,0.9997,0.9997,0.9998,4,1040,3210,0.42894556,1.957472623,5.454941237,5732
2026-09-18T22:13:18.59,19,0.002,0.75,7,manhattan,0.9987,0.9984,0.999,17,1102,3128,0.373653128,3.195534748,5.232427619,5732
2026-09-18T22:13:24.69,19,0.002,0.8,5,manhattan,0.9988,0.9988,0.9988,18,437,3127,0.318532156,1.068967865,3.50962171,5732
2026-09-18T22:13:29.893,19,0.002,0.8,6,manhattan,1.0,1.0,1.0,4,1040,3210,0.23333826,1.411687554,3.556343699,5732
2026-09-18T22:13:35.399,19,0.002,0.8,7,manhattan,0.9987,0.9977,0.9996,21,1102,3105,0.313515591,1.808731953,3.381806631,5732
2026-09-18T22:13:41.153,19,0.0025,0.5,5,manhattan,0.9987,0.998,0.9993,9,437,3186,0.289379672,0.96966741,3.41367406,5732
2026-09-18T22:13:46.294,19,0.0025,0.5,6,manhattan,0.9998,0.9999,0.9998,2,1040,3218,0.235653921,1.285585195,3.617476965,5732
2026-09-18T22:13:51.748,19,0.0025,0.5,7,manhattan,0.9968,0.9939,0.9999,6,1102,3186,0.217850309,1.63823402,3.594632412,5732
2026-09-18T22:13:55.793,19,0.0025,0.5,8,manhattan,0.9989,0.9988,0.999,59,671,2602,0.147127195,1.164761585,2.73118108,5732
2026-09-18T22:14:01.397,19,0.0025,0.55,5,manhattan,0.9943,0.99,0.9988,9,437,3186,0.284974008,0.961928009,3.426779792,5732
2026-09-18T22:14:06.544,19,0.0025,0.55,6,manhattan,0.9994,0.9992,0.9996,2,1040,3218,0.24253162,1.300580485,3.601469184,5732
2026-09-18T22:14:11.974,19,0.0025,0.55,7,manhattan,0.9999,0.9999,0.9999,6,1102,3180,0.182230234,1.681511223,3.563857722,5732
2026-09-18T22:14:15.986,19,0.0025,0.55,8,manhattan,0.9985,0.9986,0.9984,60,671,2588,0.155405003,1.156973295,2.697154087,5732
2026-09-18T22:14:21.532,19,0.0025,0.6,5,manhattan,0.999,0.9993,0.9988,9,437,3186,0.206956383,0.96920946,3.446357515,5732
2026-09-18T22:14:27.385,19,0.0025,0.6,6,manhattan,0.9997,0.9997,0.9998,2,1040,3218,0.240009438,1.313370534,4.297678449,5732
2026-09-18T22:14:32.805,19,0.0025,0.6,7,manhattan,1.0,1.0,1.0,6,1102,3180,0.186208119,1.692528839,3.53425944,5732
2026-09-18T22:14:37.5,19,0.0025,0.6,8,manhattan,0.9961,0.9946,0.9976,60,671,2587,0.16533484,1.786029527,2.741128097,5732
2026-09-18T22:14:45.961,19,0.0025,0.65,5,manhattan,0.9927,0.9888,0.9968,9,437,3186,0.371254986,1.542896504,5.241819049,5732
2026-09-18T22:14:52.938,19,0.0025,0.65,6,manhattan,0.9993,0.9987,0.9998,2,1040,3218,0.421235074,1.809638423,4.742059859,5732
2026-09-18T22:15:00.268,19,0.0025,0.65,7,manhattan,0.9999,0.9999,0.9999,7,1102,3178,0.220284979,1.735277901,5.370755361,5732
2026-09-18T22:15:07.065,19,0.0025,0.65,8,manhattan,0.9993,0.9996,0.9989,60,671,2579,0.347317834,2.177910065,4.268573456,5732
2026-09-18T22:15:14.132,19,0.0025,0.7,5,manhattan,0.9979,0.9974,0.9984,9,437,3186,0.346115166,1.434976018,3.953593641,5732
2026-09-18T22:15:22.33,19,0.0025,0.7,6,manhattan,0.9997,0.9997,0.9997,2,1040,3218,0.397815377,2.128671901,5.668745634,5732
2026-09-18T22:15:30.735,19,0.0025,0.7,7,manhattan,0.9997,0.9997,0.9998,7,1102,3178,0.370843899,2.694425245,5.337120107,5732
2026-09-18T22:15:36.041,19,0.0025,0.7,8,manhattan,0.9996,0.9996,0.9996,59,671,2547,0.16691493,1.337246015,3.799558227,5732
2026-09-18T22:15:44.268,19,0.0025,0.75,5,manhattan,0.9998,0.9999,0.9998,9,437,3170,0.489577296,1.640235884,4.937411191,5732
2026-09-18T22:15:51.206,19,0.0025,0.75,6,manhattan,1.0,1.0,1.0,2,1040,3218,0.389834605,1.945377564,4.60040739,5732
2026-09-18T22:15:59.616,19,0.0025,0.75,7,manhattan,0.9998,0.9999,0.9998,8,1102,3172,0.254876291,2.681617037,5.465266235,5732
2026-09-18T22:16:05.727,19,0.0025,0.75,8,manhattan,0.9976,0.9985,0.9966,59,671,2536,0.247688287,2.004013792,3.856801469,5732
2026-09-18T22:16:12.913,19,0.0025,0.8,5,manhattan,0.9967,0.995,0.9985,10,437,3168,0.213824233,0.833730618,4.861923638,5732
2026-09-18T22:16:20.95,19,0.0025,0.8,6,manhattan,1.0,1.0,1.0,2,1040,3218,0.267167882,2.200937043,5.566343035,5732
2026-09-18T22:16:28.231,19,0.0025,0.8,7,manhattan,0.9982,0.9966,0.9998,10,1102,3159,0.364296271,2.495214131,4.417365878,5732
2026-09-18T22:16:34.625,19,0.0025,0.8,8,manhattan,0.9962,0.9963,0.9962,61,671,2506,0.287328221,1.756358331,4.346824212,5732
2026-09-18T22:16:42.021,19,0.003,0.5,5,manhattan,0.9998,0.9998,0.9997,3,437,3216,0.373140562,1.416542995,4.419019373,5732
2026-09-18T22:16:50.029,19,0.003,0.5,6,manhattan,0.9999,0.9999,0.9999,1,1040,3223,0.308075507,1.73724652,5.960070389,5732
2026-09-18T22:16:57.841,19,0.003,0.5,7,manhattan,0.9984,0.9988,0.998,2,1102,3209,0.34566895,1.824075542,5.639926712,5732
2026-09-18T22:17:03.938,19,0.003,0.5,8,manhattan,0.9967,0.996,0.9973,37,671,2817,0.334354439,2.138654397,3.621695034,5732
2026-09-18T22:17:08.967,19,0.003,0.5,9,manhattan,0.999,0.9986,0.9995,52,595,2233,0.295470467,1.568357872,3.161891672,5732
2026-09-18T22:17:13.902,19,0.003,0.5,10,manhattan,0.9887,0.9861,0.9914,55,504,1750,1.043423944,1.323909737,2.564479655,5732
2026-09-18T22:17:20.991,19,0.003,0.55,5,manhattan,0.9997,0.9997,0.9998,3,437,3216,0.426221188,1.416280601,5.242971571,5732
2026-09-18T22:17:27.589,19,0.003,0.55,6,manhattan,0.9998,0.9997,0.9999,1,1040,3223,0.408792765,1.381214648,4.80526469,5732
2026-09-18T22:17:35.965,19,0.003,0.55,7,manhattan,0.9979,0.9963,0.9995,3,1102,3204,0.289026972,1.97325307,6.110037263,5732
2026-09-18T22:17:42.826,19,0.003,0.55,8,manhattan,0.9981,0.9988,0.9974,37,671,2805,0.255169414,1.963479818,4.638876783,5732
2026-09-18T22:17:47.583,19,0.003,0.55,9,manhattan,0.8296,0.9656,0.8414,52,595,2227,0.299418809,0.964183256,3.490597411,5732
2026-09-18T22:17:52.999,19,0.003,0.55,10,manhattan,0.9976,0.9972,0.9982,55,504,1750,0.861566453,1.765813035,2.785639817,5732
2026-09-18T22:17:59.942,19,0.003,0.6,5,manhattan,0.9994,0.9995,0.9993,3,437,3216,0.297681226,1.392534187,5.24888001,5732
2026-09-18T22:18:06.852,19,0.003,0.6,6,manhattan,1.0,1.0,1.0,1,1040,3223,0.43381078,1.677099694,4.796509795,5732
2026-09-18T22:18:14.778,19,0.003,0.6,7,manhattan,0.9992,0.9987,0.9997,3,1102,3204,0.322761331,2.047788196,5.54889764,5732
2026-09-18T22:18:22.024,19,0.003,0.6,8,manhattan,0.9968,0.9956,0.998,37,671,2804,0.347465479,2.079192994,4.810474856,5732
2026-09-18T22:18:26.42,19,0.003,0.6,9,manhattan,0.9975,0.9967,0.9983,52,595,2216,0.318968246,0.961666942,3.113368545,5732
2026-09-18T22:18:31.877,19,0.003,0.6,10,manhattan,0.9932,0.9908,0.9957,55,504,1750,0.975952504,1.556782714,2.920653865,5732
2026-09-18T22:18:38.407,19,0.003,0.65,5,manhattan,0.9987,0.9983,0.9992,3,437,3216,0.290596657,0.991801605,5.24519937,5732
2026-09-18T22:18:45.47,19,0.003,0.65,6,manhattan,0.9998,0.9999,0.9997,1,1040,3223,0.419591986,1.716771894,4.923435584,5732
2026-09-18T22:18:53.314,19,0.003,0.65,7,manhattan,0.9992,0.9988,0.9995,3,1102,3204,0.337820945,1.932713508,5.570433365,5732
2026-09-18T22:19:00.024,19,0.003,0.65,8,manhattan,0.9992,0.999,0.9995,38,671,2797,0.294305723,2.129518379,4.283677978,5732
2026-09-18T22:19:04.739,19,0.003,0.65,9,manhattan,0.9981,0.9987,0.9976,52,595,2214,0.226638518,1.055208697,3.429993123,5732
2026-09-18T22:19:09.896,19,0.003,0.65,10,manhattan,0.8187,0.9334,0.8447,54,504,1737,0.96279013,1.457971636,2.730878877,5732
2026-09-18T22:19:16.919,19,0.003,0.7,5,manhattan,0.9977,0.9963,0.9992,3,437,3216,0.405386252,1.344908661,5.26950256,5732
2026-09-18T22:19:23.778,19,0.003,0.7,6,manhattan,0.9997,0.9996,0.9998,1,1040,3223,0.516695162,1.65440956,4.684232046,5732
2026-09-18T22:19:31.475,19,0.003,0.7,7,manhattan,1.0,1.0,1.0,3,1102,3204,0.349674562,2.254566412,5.087510485,5732
2026-09-18T22:19:38.123,19,0.003,0.7,8,manhattan,0.9991,0.9993,0.9988,39,671,2764,0.293415595,1.670020781,4.682826768,5732
2026-09-18T22:19:43.131,19,0.003,0.7,9,manhattan,0.9991,0.999,0.9992,50,595,2182,0.4022436,1.768221865,2.83505859,5732
2026-09-18T22:19:48.264,19,0.003,0.7,10,manhattan,0.9818,0.983,0.9814,54,504,1731,0.878400947,1.740705972,2.510373828,5732
2026-09-18T22:19:55.073,19,0.003,0.75,5,manhattan,0.996,0.993,0.999,5,437,3203,0.394893075,1.337171913,5.074811857,5732
2026-09-18T22:20:03.215,19,0.003,0.75,6,manhattan,0.9998,0.9998,0.9999,1,1040,3223,0.459696226,1.877964303,5.801350784,5732
2026-09-18T22:20:10.432,19,0.003,0.75,7,manhattan,0.9996,0.9996,0.9997,4,1102,3202,0.257806834,1.684542688,5.269293315,5732
2026-09-18T22:20:17.505,19,0.003,0.75,8,manhattan,0.9994,0.9991,0.9996,39,671,2752,0.314055255,2.280343604,4.474920124,5732
2026-09-18T22:20:22.98,19,0.003,0.75,9,manhattan,0.9992,0.9993,0.9992,50,595,2169,0.366200007,1.40095105,3.691267931,5732
2026-09-18T22:20:27.316,19,0.003,0.75,10,manhattan,0.9964,0.995,0.9978,54,504,1725,0.969393073,0.901068381,2.461311455,5732
2026-09-18T22:20:34.08,19,0.003,0.8,5,manhattan,0.9988,0.9984,0.9992,5,437,3203,0.341339972,1.292108168,5.1275247,5732
2026-09-18T22:20:42.076,19,0.003,0.8,6,manhattan,0.9998,0.9998,0.9999,1,1040,3223,0.284630179,1.726060517,5.981844762,5732
2026-09-18T22:20:49.267,19,0.003,0.8,7,manhattan,0.9994,0.9993,0.9996,4,1102,3198,0.360714387,2.017370394,4.806121154,5732
2026-09-18T22:20:55.607,19,0.003,0.8,8,manhattan,0.999,0.9985,0.9994,38,671,2731,0.262544523,1.520036028,4.552979165,5732
2026-09-18T22:21:01.249,19,0.003,0.8,9,manhattan,0.9941,0.9896,0.9988,49,595,2149,0.392666882,1.940710205,3.304405215,5732
2026-09-18T22:21:05.564,19,0.003,0.8,10,manhattan,0.9931,0.9941,0.9921,54,504,1725,1.068630601,1.101386271,2.140386324,5732
2026-09-18T22:22:21.205,20,0.002,0.5,5,manhattan,0.9992,0.9994,0.9989,16,435,3149,1.274258601,8.940221694,6.545264916,5732
2026-09-18T22:22:30.486,20,0.002,0.5,6,manhattan,0.9997,0.9998,0.9997,2,1028,3215,0.439546153,1.930345956,5.502588343,5732
2026-09-18T22:22:38.876,20,0.002,0.5,7,manhattan,0.9995,0.9995,0.9995,15,1099,3125,0.339037512,2.451331962,5.595845984,5732
2026-09-18T22:22:48.071,20,0.002,0.55,5,manhattan,0.9828,0.976,0.9906,16,435,3149,0.240517115,1.274883122,5.149486875,5732
2026-09-18T22:22:56.086,20,0.002,0.55,6,manhattan,0.9997,0.9997,0.9998,3,1028,3213,0.432905286,1.816263087,5.762524222,5732
2026-09-18T22:23:03.517,20,0.002,0.55,7,manhattan,0.9999,0.9999,0.9999,16,1099,3123,0.349594733,2.486242797,4.592010572,5732
2026-09-18T22:23:11.393,20,0.002,0.6,5,manhattan,0.9977,0.9974,0.998,16,435,3149,0.378867414,0.840342779,5.195404711,5732
2026-09-18T22:23:19.992,20,0.002,0.6,6,manhattan,0.9996,0.9996,0.9997,3,1028,3213,0.502538526,2.277723225,5.815331,5732
2026-09-18T22:23:25.507,20,0.002,0.6,7,manhattan,0.9992,0.9992,0.9992,16,1099,3123,0.225536072,1.609518812,3.677470001,5732
2026-09-18T22:23:31.076,20,0.002,0.65,5,manhattan,0.9915,0.9868,0.9966,16,435,3149,0.349802861,0.902100845,3.253867165,5732
2026-09-18T22:23:36.308,20,0.002,0.65,6,manhattan,0.9995,0.9994,0.9995,3,1028,3213,0.240097298,1.279294582,3.710137741,5732
2026-09-18T22:23:41.405,20,0.002,0.65,7,manhattan,0.9996,0.9997,0.9994,17,1099,3121,0.183712268,1.450345868,3.460588881,5732
2026-09-18T22:23:46.943,20,0.002,0.7,5,manhattan,0.9982,0.9978,0.9986,16,435,3136,0.333025288,0.897637284,3.240768766,5732
2026-09-18T22:23:52.059,20,0.002,0.7,6,manhattan,0.9998,0.9999,0.9998,3,1028,3213,0.235008377,1.286541322,3.592390644,5732
2026-09-18T22:23:57.022,20,0.002,0.7,7,manhattan,0.9995,0.9995,0.9994,17,1099,3120,0.182762565,1.468144311,3.309421852,5732
2026-09-18T22:24:02.468,20,0.002,0.75,5,manhattan,0.9969,0.9972,0.9966,18,435,3130,0.326050231,0.827117688,3.25922707,5732
2026-09-18T22:24:07.583,20,0.002,0.75,6,manhattan,0.9999,0.9999,0.9999,3,1028,3213,0.231865167,1.282969845,3.597692163,5732
2026-09-18T22:24:12.554,20,0.002,0.75,7,manhattan,0.9994,0.9993,0.9995,18,1099,3111,0.179462002,1.446740027,3.342605929,5732
2026-09-18T22:24:18.026,20,0.002,0.8,5,manhattan,0.991,0.9841,0.9984,19,435,3121,0.319300901,0.803731026,3.285623126,5732
2026-09-18T22:24:23.099,20,0.002,0.8,6,manhattan,0.9998,0.9999,0.9998,3,1028,3213,0.231640627,1.285138419,3.553176393,5732
2026-09-18T22:24:28.94,20,0.002,0.8,7,manhattan,0.9982,0.9977,0.9986,19,1099,3091,0.174836408,1.495121028,4.168676485,5732
2026-09-18T22:24:35.18,20,0.0025,0.5,5,manhattan,0.9978,0.9973,0.9982,9,435,3185,0.368778131,0.891065491,3.938416832,5732
2026-09-18T22:24:41.77,20,0.0025,0.5,6,manhattan,0.9993,0.9988,0.9997,2,1028,3218,0.238549823,1.248861905,5.094811073,5732
2026-09-18T22:24:49.46,20,0.0025,0.5,7,manhattan,0.9998,0.9999,0.9998,10,1099,3166,0.35719089,2.011596608,5.317152391,5732
2026-09-18T22:24:54.848,20,0.0025,0.5,8,manhattan,0.9986,0.9986,0.9986,54,697,2657,0.278197929,1.620474198,3.486167792,5732
2026-09-18T22:25:02.902,20,0.0025,0.55,5,manhattan,0.9989,0.999,0.9989,9,435,3185,0.423863274,1.236412053,5.140916781,5732
2026-09-18T22:25:11.116,20,0.0025,0.55,6,manhattan,0.9998,0.9998,0.9998,2,1028,3218,0.404950581,2.033815033,5.772598839,5732
2026-09-18T22:25:17.401,20,0.0025,0.55,7,manhattan,0.9995,0.9997,0.9994,10,1099,3159,0.277661198,1.920226082,4.079120927,5732
2026-09-18T22:25:23.07,20,0.0025,0.55,8,manhattan,0.9809,0.9682,0.9962,55,697,2655,0.287243364,1.613618431,3.75434984,5732
2026-09-18T22:25:31.275,20,0.0025,0.6,5,manhattan,0.9956,0.9922,0.999,9,435,3185,0.439546851,1.441255664,5.094511314,5732
2026-09-18T22:25:38.268,20,0.0025,0.6,6,manhattan,0.9999,0.9999,0.9999,2,1028,3218,0.464706506,1.638124859,4.884978623,5732
2026-09-18T22:25:46.008,20,0.0025,0.6,7,manhattan,0.9996,0.9996,0.9996,10,1099,3159,0.292759435,1.943567626,5.49655817,5732
2026-09-18T22:25:51.953,20,0.0025,0.6,8,manhattan,0.9988,0.9986,0.9989,55,697,2655,0.294067843,1.635762474,4.011280096,5732
2026-09-18T22:25:59.621,20,0.0025,0.65,5,manhattan,0.998,0.9964,0.9996,9,435,3185,0.331263469,1.061357251,5.182824186,5732
2026-09-18T22:26:07.808,20,0.0025,0.65,6,manhattan,0.9998,0.9999,0.9998,2,1028,3218,0.418785248,1.983751903,5.782882282,5732
2026-09-18T22:26:13.692,20,0.0025,0.65,7,manhattan,0.9986,0.9979,0.9991,10,1099,3159,0.311289676,1.7632838,3.80709837,5732
2026-09-18T22:26:18.772,20,0.0025,0.65,8,manhattan,0.9976,0.9978,0.9974,55,697,2621,0.227401115,1.266996495,3.582520732,5732
2026-09-18T22:26:25.662,20,0.0025,0.7,5,manhattan,0.9964,0.9948,0.998,9,435,3172,0.37354201,1.2290081,3.909449567,5732
2026-09-18T22:26:32.353,20,0.0025,0.7,6,manhattan,0.9998,0.9998,0.9998,2,1028,3218,0.220789722,1.31509415,5.150273639,5732
2026-09-18T22:26:39.329,20,0.0025,0.7,7,manhattan,0.9997,0.9998,0.9997,10,1099,3159,0.319078596,1.919488208,4.734126719,5732
2026-09-18T22:26:43.615,20,0.0025,0.7,8,manhattan,0.9995,0.9996,0.9994,55,697,2612,0.25698089,1.066118337,2.96028891,5732
2026-09-18T22:26:51.178,20,0.0025,0.75,5,manhattan,0.9989,0.9985,0.9994,10,435,3170,0.319694876,1.469115805,4.503332709,5732
2026-09-18T22:26:58.41,20,0.0025,0.75,6,manhattan,0.9997,0.9997,0.9998,2,1028,3218,0.441816137,1.687693162,5.099068812,5732
2026-09-18T22:27:04.573,20,0.0025,0.75,7,manhattan,0.9998,0.9999,0.9998,10,1099,3159,0.365794159,1.514370287,4.280521358,5732
2026-09-18T22:27:10.909,20,0.0025,0.75,8,manhattan,0.9987,0.9986,0.9988,55,697,2589,0.333923098,1.735237951,4.263928446,5732
2026-09-18T22:27:19.463,20,0.0025,0.8,5,manhattan,0.9996,0.9996,0.9995,11,435,3163,0.573669723,1.606619557,4.885651614,5732
2026-09-18T22:27:31.4,20,0.0025,0.8,6,manhattan,0.9999,0.9999,0.9999,2,1028,3218,0.484447098,3.244270263,8.205301175,5732
2026-09-18T22:27:44.234,20,0.0025,0.8,7,manhattan,0.9999,0.9999,0.9999,13,1099,3133,0.469580665,4.408372405,7.951487801,5732
2026-09-18T22:27:53.5,20,0.0025,0.8,8,manhattan,0.9985,0.9991,0.9979,55,697,2563,0.393029778,2.697730837,6.171241628,5732
2026-09-18T22:28:04.779,20,0.003,0.5,5,manhattan,0.9992,0.9991,0.9993,4,435,3214,0.635276235,2.076027295,7.119521795,5732
2026-09-18T22:28:16.273,20,0.003,0.5,6,manhattan,0.9995,0.9995,0.9995,1,1028,3224,0.560696131,2.663492853,8.265828637,5732
2026-09-18T22:28:28.968,20,0.003,0.5,7,manhattan,0.9999,0.9999,0.9999,3,1099,3198,0.505037171,4.017805584,8.168375346,5732
2026-09-18T22:28:38.558,20,0.003,0.5,8,manhattan,0.9989,0.9989,0.9989,36,697,2857,0.377936569,2.661030177,6.546925882,5732
2026-09-18T22:28:46.562,20,0.003,0.5,9,manhattan,0.9982,0.9986,0.9978,57,601,2232,0.588629116,2.030311581,5.382130214,5732
2026-09-18T22:28:54.08,20,0.003,0.5,10,manhattan,0.9963,0.9945,0.9982,50,542,1732,1.315661471,1.513665657,4.68359628,5732
2026-09-18T22:29:04.091,20,0.003,0.55,5,manhattan,0.999,0.9985,0.9996,4,435,3214,0.566203193,1.976530795,7.464491982,5732
2026-09-18T22:29:16.125,20,0.003,0.55,6,manhattan,0.9996,0.9998,0.9994,1,1028,3224,0.559071272,2.951832866,8.517019678,5732
2026-09-18T22:29:28.74,20,0.003,0.55,7,manhattan,0.9996,0.9996,0.9997,3,1099,3195,0.629940842,3.616942539,8.364453516,5732
2026-09-18T22:29:38.302,20,0.003,0.55,8,manhattan,0.9992,0.9992,0.9991,36,697,2857,0.41011535,2.431506163,6.716736016,5732
2026-09-18T22:29:46.228,20,0.003,0.55,9,manhattan,0.9982,0.9992,0.9971,57,601,2226,0.517148852,2.236045041,5.14971805,5732
2026-09-18T22:29:53.91,20,0.003,0.55,10,manhattan,0.9951,0.9927,0.9975,50,542,1732,1.35885668,1.690423052,4.628481175,5732
2026-09-18T22:30:03.502,20,0.003,0.6,5,manhattan,0.9991,0.9993,0.9988,4,435,3214,0.518999997,2.062156311,7.007265416,5732
2026-09-18T22:30:15.14,20,0.003,0.6,6,manhattan,0.9999,0.9999,0.9999,1,1028,3224,0.581016476,2.85319318,8.200424572,5732
2026-09-18T22:30:27.02,20,0.003,0.6,7,manhattan,0.9998,0.9999,0.9998,3,1099,3195,0.456755415,3.239311735,8.179548707,5732
2026-09-18T22:30:36.216,20,0.003,0.6,8,manhattan,0.9986,0.9986,0.9984,36,697,2857,0.384275302,2.65626085,6.152404503,5732
2026-09-18T22:30:44.414,20,0.003,0.6,9,manhattan,0.9956,0.998,0.9932,57,601,2226,0.502109351,2.42119192,5.270546339,5732
2026-09-18T22:30:51.727,20,0.003,0.6,10,manhattan,0.9894,0.9878,0.9912,50,542,1732,1.270003515,1.688061715,4.351261654,5732
2026-09-18T22:31:01.82,20,0.003,0.65,5,manhattan,0.9988,0.9982,0.9994,4,435,3214,0.548216247,2.049880434,7.488647736,5732
2026-09-18T22:31:13.458,20,0.003,0.65,6,manhattan,0.9986,0.9977,0.9994,1,1028,3224,0.600309386,2.864827145,8.169041912,5732
2026-09-18T22:31:26.135,20,0.003,0.65,7,manhattan,0.9988,0.9986,0.999,3,1099,3195,0.443220228,3.292487485,8.938331298,5732
2026-09-18T22:31:35.728,20,0.003,0.65,8,manhattan,0.9994,0.9994,0.9993,38,697,2826,0.38981002,2.512448745,6.686246139,5732
2026-09-18T22:31:43.485,20,0.003,0.65,9,manhattan,0.9982,0.9989,0.9974,56,601,2207,0.504523417,2.030049536,5.218065999,5732
2026-09-18T22:31:51.312,20,0.003,0.65,10,manhattan,0.9274,0.9103,0.9736,50,542,1732,1.343028112,2.065610036,4.415130536,5732
2026-09-18T22:32:01.343,20,0.003,0.7,5,manhattan,0.9995,0.9997,0.9993,5,435,3203,0.551789192,1.939460044,7.536689586,5732
2026-09-18T22:32:13.508,20,0.003,0.7,6,manhattan,0.9999,0.9999,0.9999,1,1028,3224,0.607801968,2.997798682,8.556026639,5732
2026-09-18T22:32:25.147,20,0.003,0.7,7,manhattan,0.9992,0.9993,0.999,3,1099,3191,0.463485399,3.289657233,7.880698267,5732
2026-09-18T22:32:35.152,20,0.003,0.7,8,manhattan,0.9996,0.9995,0.9996,38,697,2817,0.409457445,2.732410359,6.85922323,5732
2026-09-18T22:32:43.11,20,0.003,0.7,9,manhattan,0.9877,0.9838,0.9923,56,601,2194,0.498699766,2.154299841,5.301295538,5732
2026-09-18T22:32:50.273,20,0.003,0.7,10,manhattan,0.9833,0.9762,0.9913,50,542,1732,1.34980063,1.979293999,3.829862047,5732
2026-09-18T22:32:59.838,20,0.003,0.75,5,manhattan,0.9993,0.9988,0.9998,5,435,3203,0.506759808,2.041007227,7.014309477,5732
2026-09-18T22:33:12.307,20,0.003,0.75,6,manhattan,0.9996,0.9994,0.9997,1,1028,3224,0.613861893,3.072062614,8.769543083,5732
2026-09-18T22:33:24.459,20,0.003,0.75,7,manhattan,0.9996,0.9996,0.9996,3,1099,3191,0.423657731,3.76052696,7.964190828,5732
2026-09-18T22:33:34.23,20,0.003,0.75,8,manhattan,0.9992,0.9994,0.999,38,697,2801,0.427438803,2.715277293,6.624393019,5732
2026-09-18T22:33:41.782,20,0.003,0.75,9,manhattan,0.9976,0.9985,0.9967,55,601,2176,0.501031698,2.025374634,5.021671377,5732
2026-09-18T22:33:49.252,20,0.003,0.75,10,manhattan,0.9814,0.9904,0.9739,49,542,1713,1.325482634,1.609910413,4.530429343,5732
2026-09-18T22:33:59.067,20,0.003,0.8,5,manhattan,0.9996,0.9997,0.9995,6,435,3201,0.590585721,1.889741512,7.329531153,5732
2026-09-18T22:34:11.427,20,0.003,0.8,6,manhattan,0.9998,0.9997,0.9998,1,1028,3224,0.495713838,3.10680199,8.753995416,5732
2026-09-18T22:34:23.624,20,0.003,0.8,7,manhattan,0.9997,0.9998,0.9997,5,1099,3180,0.470430913,3.634174359,8.086225556,5732
2026-09-18T22:34:32.946,20,0.003,0.8,8,manhattan,0.9987,0.9983,0.9992,41,697,2769,0.375326667,2.544993076,6.396884766,5732
2026-09-18T22:34:40.426,20,0.003,0.8,9,manhattan,0.99,0.9926,0.9878,54,601,2162,0.565905109,2.046287723,4.864115749,5732
2026-09-18T22:34:48.39,20,0.003,0.8,10,manhattan,0.9964,0.9972,0.9957,49,542,1713,1.331957418,2.267333135,4.361413375,5732
2026-09-18T22:36:25.518,21,0.002,0.5,5,manhattan,0.9992,0.9993,0.999,16,432,3144,1.955052689,12.229873479,10.225502659,5732
2026-09-18T22:36:39.407,21,0.002,0.5,6,manhattan,0.9993,0.9988,0.9997,5,1009,3204,0.567988198,3.72441164,7.911135415,5732
2026-09-18T22:36:51.871,21,0.002,0.5,7,manhattan,0.9994,0.9992,0.9996,24,1068,3085,0.463168738,4.488186072,7.50909645,5732
2026-09-18T22:37:05.774,21,0.002,0.55,5,manhattan,0.9925,0.9875,0.9977,16,432,3144,0.574599173,2.820663376,7.358823949,5732
2026-09-18T22:37:17.47,21,0.002,0.55,6,manhattan,0.9998,0.9999,0.9998,6,1009,3200,0.522180922,3.359209876,7.810802844,5732
2026-09-18T22:37:30.466,21,0.002,0.55,7,manhattan,0.9996,0.9995,0.9996,25,1068,3079,0.449634809,4.961962387,7.581496036,5732
2026-09-18T22:37:43.695,21,0.002,0.6,5,manhattan,0.9978,0.9977,0.998,16,432,3144,0.541458466,2.461163601,8.448027861,5732
2026-09-18T22:37:57.126,21,0.002,0.6,6,manhattan,0.9992,0.9988,0.9995,7,1009,3197,0.553090406,3.781854698,9.092272635,5732
2026-09-18T22:38:10.146,21,0.002,0.6,7,manhattan,0.9996,0.9995,0.9998,26,1068,3075,0.381107437,4.389102125,8.24389335,5732
2026-09-18T22:38:22.862,21,0.002,0.65,5,manhattan,0.9979,0.9966,0.9992,16,432,3144,0.526886554,2.356680218,8.030821447,5732
2026-09-18T22:38:36.123,21,0.002,0.65,6,manhattan,0.9998,0.9998,0.9997,7,1009,3197,0.542002321,3.531658966,9.181238104,5732
2026-09-18T22:38:49.863,21,0.002,0.65,7,manhattan,0.9998,0.9998,0.9998,26,1068,3075,0.454272625,4.675654408,8.606632647,5732
2026-09-18T22:39:02.882,21,0.002,0.7,5,manhattan,0.9957,0.9928,0.9988,17,432,3128,0.459895064,2.239061768,8.549882625,5732
2026-09-18T22:39:15.814,21,0.002,0.7,6,manhattan,0.9999,0.9999,0.9999,7,1009,3197,0.532094205,3.508650566,8.887437475,5732
2026-09-18T22:39:29.406,21,0.002,0.7,7,manhattan,0.9989,0.9982,0.9995,27,1068,3069,0.487099393,4.548866277,8.551889028,5732
2026-09-18T22:39:43.163,21,0.002,0.75,5,manhattan,0.9962,0.9946,0.9978,18,432,3125,0.649678432,2.868522801,8.512524199,5732
2026-09-18T22:39:56.352,21,0.002,0.75,6,manhattan,0.9983,0.9972,0.9993,7,1009,3197,0.511341332,3.741458033,8.931271732,5732
2026-09-18T22:40:10.664,21,0.002,0.75,7,manhattan,0.9998,0.9998,0.9998,29,1068,3064,0.429361466,5.271534595,8.604477551,5732
2026-09-18T22:40:24.058,21,0.002,0.8,5,manhattan,0.9954,0.9938,0.9971,19,432,3119,0.492524042,2.326910335,8.764438098,5732
2026-09-18T22:40:38.087,21,0.002,0.8,6,manhattan,0.9997,0.9998,0.9996,7,1009,3197,0.657188894,3.728132649,9.640559212,5732
2026-09-18T22:40:51.379,21,0.002,0.8,7,manhattan,0.9998,0.9999,0.9998,30,1068,3013,0.455281902,4.432556725,8.400128138,5732
2026-09-18T22:41:05.223,21,0.0025,0.5,5,manhattan,0.998,0.9974,0.9985,10,432,3179,0.53988068,2.239913485,9.382130441,5732
2026-09-18T22:41:18.394,21,0.0025,0.5,6,manhattan,0.9996,0.9996,0.9996,3,1009,3215,0.616102893,3.539389637,9.008921993,5732
2026-09-18T22:41:31.89,21,0.0025,0.5,7,manhattan,0.9993,0.9992,0.9994,12,1068,3152,0.458134224,3.989671177,9.043223113,5732
2026-09-18T22:41:42.355,21,0.0025,0.5,8,manhattan,0.9993,0.9989,0.9996,62,658,2576,0.399004008,3.388152976,6.674161209,5732
2026-09-18T22:41:54.688,21,0.0025,0.55,5,manhattan,0.9924,0.9877,0.9972,10,432,3179,0.500296199,2.023642638,8.341683974,5732
2026-09-18T22:42:08.222,21,0.0025,0.55,6,manhattan,0.9998,0.9999,0.9996,3,1009,3215,0.608329409,3.58122727,9.3401071,5732
2026-09-18T22:42:22.278,21,0.0025,0.55,7,manhattan,0.9983,0.9976,0.9991,13,1068,3135,0.505379603,4.685811019,8.860196338,5732
2026-09-18T22:42:33.023,21,0.0025,0.55,8,manhattan,0.9984,0.9976,0.9991,64,658,2558,0.381136421,3.889405584,6.466530996,5732
2026-09-18T22:42:45.754,21,0.0025,0.6,5,manhattan,0.9981,0.9972,0.999,10,432,3179,0.538609986,2.097711992,8.586846308,5732
2026-09-18T22:42:59.571,21,0.0025,0.6,6,manhattan,0.9982,0.9973,0.9992,4,1009,3213,0.596158504,3.386885775,9.829868218,5732
2026-09-18T22:43:13.586,21,0.0025,0.6,7,manhattan,0.9997,0.9997,0.9998,14,1068,3133,0.380566865,4.508605103,9.121108879,5732
2026-09-18T22:43:24.397,21,0.0025,0.6,8,manhattan,0.9993,0.9991,0.9995,64,658,2550,0.462453912,3.488538836,6.856884871,5732
2026-09-18T22:43:37.25,21,0.0025,0.65,5,manhattan,0.9961,0.993,0.9993,10,432,3179,0.553397708,2.248530163,8.581901609,5732
2026-09-18T22:43:51.034,21,0.0025,0.65,6,manhattan,0.9996,0.9998,0.9995,4,1009,3213,0.562944115,3.673336718,9.543686233,5732
2026-09-18T22:44:04.172,21,0.0025,0.65,7,manhattan,0.999,0.9986,0.9995,14,1068,3133,0.426733126,4.124301027,8.573246308,5732
2026-09-18T22:44:14.366,21,0.0025,0.65,8,manhattan,0.9994,0.9995,0.9994,65,658,2535,0.353984263,3.284344261,6.552705814,5732
2026-09-18T22:44:27.618,21,0.0025,0.7,5,manhattan,0.9969,0.9952,0.9986,11,432,3165,0.51473674,2.617668047,8.560717884,5732
2026-09-18T22:44:41.173,21,0.0025,0.7,6,manhattan,0.9999,0.9999,0.9999,4,1009,3213,0.496922442,4.038100437,9.016531489,5732
2026-09-18T22:44:55.02,21,0.0025,0.7,7,manhattan,0.9977,0.9958,0.9997,14,1068,3130,0.486830295,4.431359295,8.919713894,5732
2026-09-18T22:45:05.566,21,0.0025,0.7,8,manhattan,0.9996,0.9996,0.9996,65,658,2530,0.420633041,3.388193206,6.734507082,5732
2026-09-18T22:45:18.518,21,0.0025,0.75,5,manhattan,0.9966,0.9941,0.9991,11,432,3165,0.572189785,2.725883683,8.210601297,5732
2026-09-18T22:45:31.94,21,0.0025,0.75,6,manhattan,0.9999,0.9999,0.9999,4,1009,3213,0.518648416,3.506696056,9.393585543,5732
2026-09-18T22:45:45.328,21,0.0025,0.75,7,manhattan,0.9996,0.9995,0.9996,14,1068,3130,0.430302159,4.400484522,8.552433371,5732
2026-09-18T22:45:55.694,21,0.0025,0.75,8,manhattan,0.9999,0.9999,0.9999,64,658,2507,0.405811655,3.518090395,6.438904755,5732
2026-09-18T22:46:08.404,21,0.0025,0.8,5,manhattan,0.9973,0.9952,0.9994,12,432,3161,0.505192987,2.56373375,8.066406322,5732
2026-09-18T22:46:21.823,21,0.0025,0.8,6,manhattan,0.9998,0.9997,0.9998,4,1009,3213,0.506809325,3.897592039,9.011067031,5732
2026-09-18T22:46:35.992,21,0.0025,0.8,7,manhattan,0.9994,0.9995,0.9994,17,1068,3110,0.457786064,4.720391855,8.986652863,5732
2026-09-18T22:46:46.49,21,0.0025,0.8,8,manhattan,0.9999,0.9999,0.9999,64,658,2486,0.394578091,3.377969127,6.719814974,5732
2026-09-18T22:47:00.131,21,0.003,0.5,5,manhattan,0.9994,0.9992,0.9996,4,432,3214,0.548120425,2.452040153,9.176238161,5732
2026-09-18T22:47:12.944,21,0.003,0.5,6,manhattan,0.9992,0.9988,0.9996,1,1009,3224,0.576743372,2.983564663,9.249005881,5732
2026-09-18T22:47:26.405,21,0.003,0.5,7,manhattan,0.9999,0.9999,0.9999,4,1068,3194,0.484141682,4.010773676,8.960605385,5732
2026-09-18T22:47:36.938,21,0.003,0.5,8,manhattan,0.9998,0.9999,0.9997,38,658,2797,0.422379844,3.124551055,6.982909078,5732
2026-09-18T22:47:45.384,21,0.003,0.5,9,manhattan,0.9914,0.9941,0.9889,54,577,2110,0.532280123,2.727086002,5.182432445,5732
2026-09-18T22:47:52.247,21,0.003,0.5,10,manhattan,0.9949,0.9927,0.9971,52,506,1751,1.354952897,1.996801064,3.507796686,5732
2026-09-18T22:47:59.74,21,0.003,0.55,5,manhattan,0.9989,0.9983,0.9995,4,432,3214,0.453427474,1.495928603,5.540622555,5732
2026-09-18T22:48:06.42,21,0.003,0.55,6,manhattan,0.9993,0.9991,0.9994,1,1009,3224,0.289788593,1.714665897,4.673279802,5732
2026-09-18T22:48:14.486,21,0.003,0.55,7,manhattan,0.9993,0.9993,0.9994,6,1068,3183,0.329540064,1.948573156,5.784309001,5732
2026-09-18T22:48:21.361,21,0.003,0.55,8,manhattan,0.9987,0.9981,0.9992,39,658,2787,0.272998519,2.033548658,4.565350306,5732
2026-09-18T22:48:25.431,21,0.003,0.55,9,manhattan,0.9977,0.998,0.9974,54,577,2093,0.292377613,1.240043595,2.534484464,5732
2026-09-18T22:48:30.934,21,0.003,0.55,10,manhattan,0.9849,0.9789,0.9911,52,506,1751,1.063008371,1.678546178,2.758124972,5732
2026-09-18T22:48:37.438,21,0.003,0.6,5,manhattan,0.9988,0.9984,0.9992,4,432,3214,0.385790719,1.162045035,4.953111949,5732
2026-09-18T22:48:44.887,21,0.003,0.6,6,manhattan,0.9999,0.9999,0.9999,1,1009,3224,0.42696479,1.650376152,5.368821593,5732
2026-09-18T22:48:52.817,21,0.003,0.6,7,manhattan,0.9995,0.9994,0.9996,6,1068,3183,0.278366456,2.319333175,5.328969341,5732
2026-09-18T22:48:59.351,21,0.003,0.6,8,manhattan,0.9992,0.9989,0.9995,39,658,2787,0.256335276,1.644631909,4.625765952,5732
2026-09-18T22:49:04.224,21,0.003,0.6,9,manhattan,0.9984,0.9984,0.9983,54,577,2093,0.412938617,1.699674588,2.755696657,5732
2026-09-18T22:49:09.379,21,0.003,0.6,10,manhattan,0.998,0.9988,0.9973,52,506,1751,0.861952187,1.778424222,2.510838901,5732
2026-09-18T22:49:16.496,21,0.003,0.65,5,manhattan,0.9989,0.9984,0.9993,4,432,3214,0.342337796,1.388069927,5.384495253,5732
2026-09-18T22:49:23.976,21,0.003,0.65,6,manhattan,0.9999,0.9999,0.9999,1,1009,3224,0.428911478,1.562923516,5.485415748,5732
2026-09-18T22:49:31.955,21,0.003,0.65,7,manhattan,0.999,0.9985,0.9994,6,1068,3183,0.207739794,2.312161096,5.455800494,5732
2026-09-18T22:49:38.569,21,0.003,0.65,8,manhattan,0.9995,0.9995,0.9995,42,658,2770,0.267959673,1.619478959,4.721440244,5732
2026-09-18T22:49:43.09,21,0.003,0.65,9,manhattan,0.9986,0.9992,0.9979,54,577,2086,0.41579045,1.632271663,2.469888743,5732
2026-09-18T22:49:48.493,21,0.003,0.65,10,manhattan,0.9934,0.9909,0.9959,52,506,1751,0.956981983,1.914645197,2.527697699,5732
2026-09-18T22:49:55.623,21,0.003,0.7,5,manhattan,0.9978,0.9963,0.9992,5,432,3203,0.383849828,1.279624443,5.464745497,5732
2026-09-18T22:50:03.475,21,0.003,0.7,6,manhattan,0.9998,0.9998,0.9998,1,1009,3224,0.420602799,1.590435497,5.838239387,5732
2026-09-18T22:50:10.634,21,0.003,0.7,7,manhattan,0.9999,0.9999,0.9999,6,1068,3180,0.190337839,1.86583621,5.099258291,5732
2026-09-18T22:50:17.505,21,0.003,0.7,8,manhattan,0.9987,0.9985,0.9988,42,658,2766,0.301566431,2.01156951,4.552618784,5732
2026-09-18T22:50:22.604,21,0.003,0.7,9,manhattan,0.9981,0.9975,0.9986,53,577,2068,0.32800118,1.349939404,3.410788354,5732
2026-09-18T22:50:27.031,21,0.003,0.7,10,manhattan,0.9881,0.991,0.9858,52,506,1734,0.979701868,1.255588536,2.186203378,5732
2026-09-18T22:50:33.429,21,0.003,0.75,5,manhattan,0.9992,0.9986,0.9998,5,432,3203,0.258178599,1.228205483,4.908884135,5732
2026-09-18T22:50:41.401,21,0.003,0.75,6,manhattan,0.9979,0.9963,0.9996,1,1009,3224,0.428174093,1.778839009,5.750433914,5732
2026-09-18T22:50:49.05,21,0.003,0.75,7,manhattan,0.9987,0.9981,0.9993,6,1068,3180,0.30197647,2.666666515,4.678279047,5732
2026-09-18T22:50:55.411,21,0.003,0.75,8,manhattan,0.9994,0.9992,0.9996,42,658,2751,0.183223308,1.774926985,4.399505345,5732
2026-09-18T22:51:00.721,21,0.003,0.75,9,manhattan,0.998,0.997,0.999,53,577,2068,0.382115108,1.532843538,3.388290285,5732
2026-09-18T22:51:05.443,21,0.003,0.75,10,manhattan,0.9894,0.9846,0.9949,52,506,1734,0.96822302,0.929828078,2.820404474,5732
2026-09-18T22:51:11.469,21,0.003,0.8,5,manhattan,0.9989,0.9983,0.9994,5,432,3203,0.382582487,0.986342036,4.654417325,5732
2026-09-18T22:51:18.978,21,0.003,0.8,6,manhattan,0.9999,0.9999,0.9999,1,1009,3224,0.386371869,1.598403279,5.518745306,5732
2026-09-18T22:51:27.616,21,0.003,0.8,7,manhattan,0.9997,0.9998,0.9996,8,1068,3171,0.332180137,2.584076095,5.704403354,5732
2026-09-18T22:51:33.099,21,0.003,0.8,8,manhattan,0.9976,0.9985,0.9968,42,658,2731,0.269316063,1.342437464,3.869001917,5732
2026-09-18T22:51:38.183,21,0.003,0.8,9,manhattan,0.9993,0.9996,0.999,52,577,2041,0.323758875,1.125572896,3.624311991,5732
2026-09-18T22:51:43.935,21,0.003,0.8,10,manhattan,0.9941,0.9963,0.9919,52,506,1734,0.934032249,2.039926572,2.775253078,5732
2026-09-18T22:52:42.312,22,0.002,0.5,5,manhattan,0.9902,0.9851,0.9954,15,433,3151,1.084396591,5.986303294,4.746954622,5732
2026-09-18T22:52:48.421,22,0.002,0.5,6,manhattan,0.9999,0.9999,0.9999,3,1019,3212,0.251841473,1.311082322,3.604659258,5732
2026-09-18T22:52:54.442,22,0.002,0.5,7,manhattan,0.9996,0.9996,0.9995,16,1061,3135,0.200178627,2.312735331,3.505710314,5732
2026-09-18T22:53:01.862,22,0.002,0.55,5,manhattan,0.999,0.9986,0.9994,15,433,3151,0.379980966,0.835288639,4.132027717,5732
2026-09-18T22:53:10.213,22,0.002,0.55,6,manhattan,0.9998,0.9998,0.9998,5,1019,3205,0.442819827,2.123624186,5.781492719,5732
2026-09-18T22:53:16.974,22,0.002,0.55,7,manhattan,0.9995,0.9994,0.9996,17,1061,3132,0.348821379,2.49431199,3.91514995,5732
2026-09-18T22:53:27.071,22,0.002,0.6,5,manhattan,0.9858,0.9755,0.9976,15,433,3151,0.382273509,1.217254776,7.091640912,5732
2026-09-18T22:53:39.368,22,0.002,0.6,6,manhattan,0.9986,0.9977,0.9996,5,1019,3205,0.546496403,3.453412959,8.293901025,5732
2026-09-18T22:53:52.717,22,0.002,0.6,7,manhattan,0.9998,0.9999,0.9998,17,1061,3132,0.576613956,4.775734782,7.991925882,5732
2026-09-18T22:54:04.531,22,0.002,0.65,5,manhattan,0.9972,0.996,0.9984,15,433,3140,0.563091899,2.238010796,7.20214504,5732
2026-09-18T22:54:16.784,22,0.002,0.65,6,manhattan,0.9996,0.9996,0.9997,5,1019,3205,0.561999789,3.947184997,7.740732536,5732
2026-09-18T22:54:29.009,22,0.002,0.65,7,manhattan,0.9999,0.9999,0.9999,20,1061,3123,0.431958517,4.161270996,7.627688417,5732
2026-09-18T22:54:40.907,22,0.002,0.7,5,manhattan,0.9961,0.9935,0.9987,16,433,3136,0.528655845,2.420752967,7.212672578,5732
2026-09-18T22:54:52.705,22,0.002,0.7,6,manhattan,0.9981,0.9967,0.9996,5,1019,3205,0.560376048,3.553704743,7.680482275,5732
2026-09-18T22:55:05.297,22,0.002,0.7,7,manhattan,0.9992,0.9991,0.9993,20,1061,3123,0.506419332,4.458814565,7.623161859,5732
2026-09-18T22:55:16.748,22,0.002,0.75,5,manhattan,0.9963,0.9945,0.998,17,433,3133,0.494289912,2.32421334,6.841175103,5732
2026-09-18T22:55:29.381,22,0.002,0.75,6,manhattan,0.9995,0.9995,0.9995,5,1019,3205,0.591278268,3.58618908,8.452520547,5732
2026-09-18T22:55:41.901,22,0.002,0.75,7,manhattan,0.9934,0.9879,0.9993,20,1061,3118,0.507164609,4.283850627,7.724702965,5732
2026-09-18T22:55:53.704,22,0.002,0.8,5,manhattan,0.9961,0.9933,0.999,18,433,3129,0.469102042,2.379600618,7.2252589,5732
2026-09-18T22:56:06.171,22,0.002,0.8,6,manhattan,0.9973,0.9953,0.9994,5,1019,3205,0.485835544,3.953599368,8.022510325,5732
2026-09-18T22:56:19.011,22,0.002,0.8,7,manhattan,0.9994,0.9992,0.9996,23,1061,3096,0.484938222,4.536236584,7.812808827,5732
2026-09-18T22:56:31.081,22,0.0025,0.5,5,manhattan,0.9998,0.9998,0.9998,9,433,3184,0.506407598,2.108770604,7.752008076,5732
2026-09-18T22:56:43.511,22,0.0025,0.5,6,manhattan,0.9992,0.9988,0.9997,2,1019,3218,0.571228139,3.265189917,8.579751403,5732
2026-09-18T22:56:55.861,22,0.0025,0.5,7,manhattan,0.9995,0.9994,0.9996,8,1061,3170,0.470524082,3.736283136,8.138856125,5732
2026-09-18T22:57:05.945,22,0.0025,0.5,8,manhattan,0.997,0.9982,0.9958,62,655,2686,0.334563614,3.444831829,6.301247769,5732
2026-09-18T22:57:17.714,22,0.0025,0.55,5,manhattan,0.9993,0.999,0.9996,9,433,3184,0.550530301,2.161566417,7.515069913,5732
2026-09-18T22:57:29.63,22,0.0025,0.55,6,manhattan,0.9999,0.9999,0.9999,2,1019,3218,0.736216285,3.059768508,8.116627642,5732
2026-09-18T22:57:41.741,22,0.0025,0.55,7,manhattan,0.9998,0.9997,0.9998,8,1061,3170,0.478528043,3.735446297,7.893084424,5732
2026-09-18T22:57:52.585,22,0.0025,0.55,8,manhattan,0.9938,0.9907,0.9971,62,655,2686,0.392841974,3.831976075,6.615765166,5732
2026-09-18T22:58:03.715,22,0.0025,0.6,5,manhattan,0.9972,0.9958,0.9986,9,433,3184,0.513674173,2.149010755,6.94983989,5732
2026-09-18T22:58:16.163,22,0.0025,0.6,6,manhattan,0.9998,0.9999,0.9996,2,1019,3218,0.563418477,3.343153835,8.538263606,5732
2026-09-18T22:58:28.504,22,0.0025,0.6,7,manhattan,0.9998,0.9999,0.9997,8,1061,3170,0.433499497,3.925277716,7.978892365,5732
2026-09-18T22:58:38.425,22,0.0025,0.6,8,manhattan,0.9968,0.9988,0.9948,62,655,2686,0.391647827,3.228669797,6.296082652,5732
2026-09-18T22:58:49.728,22,0.0025,0.65,5,manhattan,0.9994,0.9996,0.9993,9,433,3173,0.479767377,1.965052645,7.425945624,5732
2026-09-18T22:59:02.112,22,0.0025,0.65,6,manhattan,0.9996,0.9994,0.9997,2,1019,3218,0.531090655,3.324806787,8.525539347,5732
2026-09-18T22:59:14.312,22,0.0025,0.65,7,manhattan,0.9999,0.9999,0.9999,8,1061,3170,0.440811259,3.513163855,8.242058477,5732
2026-09-18T22:59:24.23,22,0.0025,0.65,8,manhattan,0.9997,0.9997,0.9997,61,655,2662,0.355441294,3.540078832,6.002003774,5732
2026-09-18T22:59:35.667,22,0.0025,0.7,5,manhattan,0.9957,0.9931,0.9984,9,433,3173,0.710987698,2.121549339,7.121070178,5732
2026-09-18T22:59:48.231,22,0.0025,0.7,6,manhattan,0.9998,0.9998,0.9998,2,1019,3218,0.691059791,3.39798706,8.472278809,5732
2026-09-18T23:00:00.808,22,0.0025,0.7,7,manhattan,0.9998,0.9997,0.9998,9,1061,3168,0.431896567,4.233607027,7.907341352,5732
2026-09-18T23:00:10.964,22,0.0025,0.7,8,manhattan,0.9995,0.9994,0.9995,61,655,2655,0.415162297,3.340834613,6.39647375,5732
2026-09-18T23:00:22.533,22,0.0025,0.75,5,manhattan,0.9981,0.9977,0.9985,9,433,3173,0.466976629,2.038204423,7.576165953,5732
2026-09-18T23:00:35.049,22,0.0025,0.75,6,manhattan,0.9997,0.9998,0.9996,2,1019,3218,0.543721536,3.359610486,8.607250463,5732
2026-09-18T23:00:47.506,22,0.0025,0.75,7,manhattan,0.9999,0.9999,0.9999,10,1061,3166,0.419685783,4.276502616,7.757595315,5732
2026-09-18T23:00:57.649,22,0.0025,0.75,8,manhattan,0.9994,0.9992,0.9996,62,655,2652,0.36242543,3.319898964,6.457040183,5732
2026-09-18T23:01:09.39,22,0.0025,0.8,5,manhattan,0.9989,0.9988,0.999,11,433,3169,0.67077269,2.356054719,7.268659652,5732
2026-09-18T23:01:21.319,22,0.0025,0.8,6,manhattan,0.9998,0.9999,0.9998,3,1019,3215,0.551949687,3.038869667,8.334725818,5732
2026-09-18T23:01:33.908,22,0.0025,0.8,7,manhattan,0.9997,0.9997,0.9997,14,1061,3146,0.433752742,4.220942761,7.930342978,5732
2026-09-18T23:01:43.992,22,0.0025,0.8,8,manhattan,0.9996,0.9996,0.9997,65,655,2604,0.370543232,3.642558047,6.067393731,5732
2026-09-18T23:01:55.009,22,0.003,0.5,5,manhattan,0.9997,0.9998,0.9997,4,433,3215,0.468616504,1.782597243,7.298645136,5732
2026-09-18T23:02:07.221,22,0.003,0.5,6,manhattan,0.9995,0.9995,0.9996,1,1019,3224,0.542247394,2.729816659,8.935535269,5732
2026-09-18T23:02:19.266,22,0.003,0.5,7,manhattan,0.9995,0.9994,0.9997,3,1061,3204,0.465562342,3.41287249,8.162157928,5732
2026-09-18T23:02:29.344,22,0.003,0.5,8,manhattan,0.9998,0.9998,0.9998,36,655,2920,0.407261003,3.252014204,6.413002128,5732
2026-09-18T23:02:36.938,22,0.003,0.5,9,manhattan,0.9998,0.9999,0.9998,63,534,2219,0.509025951,2.495664328,4.58523554,5732
2026-09-18T23:02:44.873,22,0.003,0.5,10,manhattan,0.9779,0.9778,0.9788,63,455,1708,1.287197203,2.517827369,4.127057945,5732
2026-09-18T23:02:54.843,22,0.003,0.55,5,manhattan,0.9994,0.9994,0.9994,4,433,3215,0.508984465,1.928161807,7.529637704,5732
2026-09-18T23:03:07.286,22,0.003,0.55,6,manhattan,0.9999,0.9999,0.9999,1,1019,3224,0.651740917,2.761593643,9.023491391,5732
2026-09-18T23:03:19.615,22,0.003,0.55,7,manhattan,0.9998,0.9999,0.9996,3,1061,3202,0.482996213,3.704902781,8.137791881,5732
2026-09-18T23:03:30.987,22,0.003,0.55,8,manhattan,0.9979,0.9964,0.9995,36,655,2920,0.425911861,3.256055225,7.683890395,5732
2026-09-18T23:03:39.927,22,0.003,0.55,9,manhattan,0.9895,0.9965,0.9827,63,534,2219,0.508573099,2.871571656,5.548396388,5732
2026-09-18T23:03:48.306,22,0.003,0.55,10,manhattan,0.9972,0.9986,0.9959,63,455,1708,1.397899681,2.068313176,4.908162116,5732
2026-09-18T23:03:59.05,22,0.003,0.6,5,manhattan,0.9991,0.9991,0.999,4,433,3215,0.539757759,1.88863334,8.312400397,5732
2026-09-18T23:04:11.99,22,0.003,0.6,6,manhattan,0.9998,0.9999,0.9998,1,1019,3224,0.569465133,3.156795278,9.208988174,5732
2026-09-18T23:04:25.919,22,0.003,0.6,7,manhattan,0.9994,0.9994,0.9994,3,1061,3202,0.551841573,4.162371277,9.210100329,5732
2026-09-18T23:04:37.063,22,0.003,0.6,8,manhattan,0.9978,0.9966,0.9991,36,655,2920,0.453055639,3.138843332,7.54632432,5732
2026-09-18T23:04:46.304,22,0.003,0.6,9,manhattan,0.9949,0.9944,0.9956,63,534,2219,0.448777739,2.956651936,5.832056009,5732
2026-09-18T23:04:54.515,22,0.003,0.6,10,manhattan,0.9927,0.9957,0.9898,63,455,1708,1.400084532,2.137893379,4.668979775,5732
2026-09-18T23:05:05.831,22,0.003,0.65,5,manhattan,0.995,0.9914,0.9988,5,433,3204,0.484186336,2.044803841,8.783183911,5732
2026-09-18T23:05:18.907,22,0.003,0.65,6,manhattan,0.9996,0.9995,0.9998,1,1019,3224,0.55784349,3.014223156,9.500294919,5732
2026-09-18T23:05:32.827,22,0.003,0.65,7,manhattan,0.9991,0.9986,0.9996,3,1061,3202,0.431231002,3.86293507,9.622268193,5732
2026-09-18T23:05:44.354,22,0.003,0.65,8,manhattan,0.9992,0.999,0.9994,37,655,2895,0.416063691,3.193038365,7.913969712,5732
2026-09-18T23:05:53.79,22,0.003,0.65,9,manhattan,0.9983,0.9981,0.9986,62,534,2177,0.630827582,2.85715131,5.94463017,5732
2026-09-18T23:06:01.584,22,0.003,0.65,10,manhattan,0.9508,0.979,0.9331,61,455,1682,1.264851105,2.146854516,4.378369483,5732
2026-09-18T23:06:12.937,22,0.003,0.7,5,manhattan,0.9973,0.996,0.9986,5,433,3204,0.584307642,2.140580944,8.624386635,5732
2026-09-18T23:06:26.392,22,0.003,0.7,6,manhattan,0.9982,0.9968,0.9996,1,1019,3224,0.542586153,3.375825104,9.533468452,5732
2026-09-18T23:06:39.439,22,0.003,0.7,7,manhattan,0.9994,0.9992,0.9996,3,1061,3198,0.412134626,3.884228796,8.745855445,5732
2026-09-18T23:06:51.121,22,0.003,0.7,8,manhattan,0.9997,0.9997,0.9997,37,655,2894,0.415132147,3.195107486,8.056225549,5732
2026-09-18T23:07:00.078,22,0.003,0.7,9,manhattan,0.913,0.9926,0.8877,62,534,2177,0.584285851,2.798696318,5.552249339,5732
2026-09-18T23:07:08.132,22,0.003,0.7,10,manhattan,0.9767,0.9787,0.976,61,455,1682,1.409398298,1.991119573,4.650125258,5732
2026-09-18T23:07:19.191,22,0.003,0.75,5,manhattan,0.9961,0.9932,0.999,5,433,3204,0.515828178,2.235283119,8.30458712,5732
2026-09-18T23:07:31.792,22,0.003,0.75,6,manhattan,0.9998,0.9997,0.9998,1,1019,3224,0.545980933,3.001744807,9.049194256,5732
2026-09-18T23:07:45.665,22,0.003,0.75,7,manhattan,0.9999,0.9999,0.9999,3,1061,3198,0.56590933,4.164356667,9.139149802,5732
2026-09-18T23:07:56.922,22,0.003,0.75,8,manhattan,0.9999,0.9999,0.9999,37,655,2887,0.418793512,3.361447421,7.472275705,5732
2026-09-18T23:08:05.781,22,0.003,0.75,9,manhattan,0.9943,0.9952,0.9935,60,534,2137,0.601474861,2.670552419,5.582956075,5732
2026-09-18T23:08:13.395,22,0.003,0.75,10,manhattan,0.9902,0.9965,0.9841,61,455,1676,1.291277264,1.903476476,4.416768897,5732
2026-09-18T23:08:23.694,22,0.003,0.8,5,manhattan,0.9983,0.9976,0.999,5,433,3204,0.595066984,1.93828311,7.762447254,5732
2026-09-18T23:08:36.155,22,0.003,0.8,6,manhattan,0.9996,0.9996,0.9996,1,1019,3224,0.630210743,2.819876272,9.006378354,5732
2026-09-18T23:08:48.967,22,0.003,0.8,7,manhattan,0.9993,0.9993,0.9994,4,1061,3196,0.477791939,3.523784048,8.805922655,5732
2026-09-18T23:09:00.043,22,0.003,0.8,8,manhattan,0.9995,0.9997,0.9992,40,655,2863,0.364874996,3.249218903,7.458277399,5732
2026-09-18T23:09:08.384,22,0.003,0.8,9,manhattan,0.996,0.9988,0.9934,60,534,2123,0.508119925,2.577207542,5.252158919,5732
2026-09-18T23:09:16.422,22,0.003,0.8,10,manhattan,0.9811,0.985,0.9777,62,455,1661,1.439800316,2.303893954,4.290043615,5732
2026-09-18T23:10:52.196,23,0.002,0.5,5,manhattan,0.9995,0.9994,0.9996,15,432,3149,2.084349422,11.963376353,10.790883337,5732
2026-09-18T23:11:07.416,23,0.002,0.5,6,manhattan,1.0,1.0,1.0,4,968,3210,0.507854668,3.266455544,9.742214391,5732
2026-09-18T23:11:20.041,23,0.002,0.5,7,manhattan,0.9994,0.9992,0.9996,22,995,3117,0.528819511,3.492210022,8.600357711,5732
2026-09-18T23:11:34.899,23,0.002,0.55,5,manhattan,0.996,0.9931,0.999,15,432,3149,0.83327774,2.507913867,8.369862261,5732
2026-09-18T23:11:47.978,23,0.002,0.55,6,manhattan,0.9996,0.9994,0.9997,4,968,3210,0.554172347,3.281259051,9.229198795,5732
2026-09-18T23:12:00.96,23,0.002,0.55,7,manhattan,0.9996,0.9995,0.9998,22,995,3115,0.432055829,3.432698399,9.113681587,5732
2026-09-18T23:12:14.115,23,0.002,0.6,5,manhattan,0.9968,0.9948,0.9988,15,432,3149,0.734119617,2.419025498,8.214851994,5732
2026-09-18T23:12:27.41,23,0.002,0.6,6,manhattan,0.9995,0.9993,0.9997,5,968,3205,0.596205608,3.488891369,9.205436037,5732
2026-09-18T23:12:40.33,23,0.002,0.6,7,manhattan,0.9997,0.9996,0.9998,22,995,3115,0.488409085,3.592075498,8.834814493,5732
2026-09-18T23:12:53.032,23,0.002,0.65,5,manhattan,0.9924,0.9887,0.9962,15,432,3149,0.595492877,2.343007287,8.046750799,5732
2026-09-18T23:13:06.134,23,0.002,0.65,6,manhattan,0.9998,0.9997,0.9999,5,968,3205,0.560189182,3.237284341,9.297272969,5732
2026-09-18T23:13:18.673,23,0.002,0.65,7,manhattan,0.9999,0.9999,0.9999,24,995,3109,0.506030551,3.528958176,8.499752335,5732
2026-09-18T23:13:29.821,23,0.002,0.7,5,manhattan,0.9969,0.9952,0.9986,16,432,3134,0.590386007,2.061423643,6.725267772,5732
2026-09-18T23:13:38.408,23,0.002,0.7,6,manhattan,0.9992,0.9987,0.9996,5,968,3205,0.506804952,2.434444517,5.642178904,5732
2026-09-18T23:13:45.762,23,0.002,0.7,7,manhattan,0.9992,0.9986,0.9999,26,995,3104,0.271714779,1.854957117,5.225035045,5732
2026-09-18T23:13:53.555,23,0.002,0.75,5,manhattan,0.9973,0.9963,0.9983,18,432,3130,0.33212037,1.292148605,4.990106624,5732
2026-09-18T23:14:01.668,23,0.002,0.75,6,manhattan,0.9988,0.998,0.9996,5,968,3205,0.407197469,1.889012816,5.813362617,5732
2026-09-18T23:14:08.586,23,0.002,0.75,7,manhattan,0.9999,0.9999,0.9999,28,995,3098,0.279672993,2.464994319,4.170333342,5732
2026-09-18T23:14:16.736,23,0.002,0.8,5,manhattan,0.999,0.9989,0.9991,18,432,3128,0.433454262,1.440844653,4.998744744,5732
2026-09-18T23:14:24.746,23,0.002,0.8,6,manhattan,0.9998,0.9997,0.9999,5,968,3205,0.277520133,2.017800234,5.709882918,5732
2026-09-18T23:14:31.518,23,0.002,0.8,7,manhattan,0.9954,0.9924,0.9985,30,995,3081,0.346741382,2.109035343,4.312300804,5732
2026-09-18T23:14:40.237,23,0.0025,0.5,5,manhattan,0.9992,0.9991,0.9993,10,432,3181,0.362165849,1.397047061,5.67592367,5732
2026-09-18T23:14:47.782,23,0.0025,0.5,6,manhattan,0.9999,0.9999,0.9999,2,968,3218,0.394861528,1.736337626,5.410965834,5732
2026-09-18T23:14:55.382,23,0.0025,0.5,7,manhattan,0.9996,0.9996,0.9997,12,995,3165,0.190908942,1.505031457,5.902206637,5732
2026-09-18T23:15:00.718,23,0.0025,0.5,8,manhattan,0.9971,0.9971,0.997,75,544,2518,0.270323469,1.177963201,3.882409429,5732
2026-09-18T23:15:07.996,23,0.0025,0.55,5,manhattan,0.9984,0.9969,0.9999,10,432,3181,0.48849038,1.303870081,4.306550763,5732
2026-09-18T23:15:15.585,23,0.0025,0.55,6,manhattan,0.9996,0.9994,0.9997,2,968,3218,0.299723892,1.903823028,5.377372134,5732
2026-09-18T23:15:23.714,23,0.0025,0.55,7,manhattan,1.0,1.0,1.0,12,995,3165,0.33248166,1.89562449,5.898517615,5732
2026-09-18T23:15:28.018,23,0.0025,0.55,8,manhattan,0.9994,0.9995,0.9993,75,544,2518,0.304744718,1.27429296,2.721556454,5732
2026-09-18T23:15:35.925,23,0.0025,0.6,5,manhattan,0.9998,0.9998,0.9999,10,432,3181,0.51822716,1.061746743,5.088184232,5732
2026-09-18T23:15:43.914,23,0.0025,0.6,6,manhattan,0.9998,0.9998,0.9999,2,968,3218,0.275010733,2.085962688,5.620018097,5732
2026-09-18T23:15:50.463,23,0.0025,0.6,7,manhattan,0.9998,0.9999,0.9998,13,995,3163,0.18807862,1.488713999,4.870219372,5732
2026-09-18T23:15:55.793,23,0.0025,0.6,8,manhattan,0.9941,0.991,0.9972,75,544,2518,0.316071173,1.445897816,3.564938146,5732
2026-09-18T23:16:04.106,23,0.0025,0.65,5,manhattan,0.9934,0.9891,0.9978,10,432,3181,0.53952773,1.16072279,5.265328627,5732
2026-09-18T23:16:10.975,23,0.0025,0.65,6,manhattan,0.9998,0.9998,0.9999,2,968,3218,0.449201326,1.496609915,4.920110136,5732
2026-09-18T23:16:18.839,23,0.0025,0.65,7,manhattan,0.9993,0.9992,0.9994,13,995,3163,0.362882212,1.977747605,5.519139989,5732
2026-09-18T23:16:24.188,23,0.0025,0.65,8,manhattan,0.9992,0.9988,0.9996,75,544,2505,0.32330604,1.327291944,3.692956958,5732
2026-09-18T23:16:30.996,23,0.0025,0.7,5,manhattan,0.9991,0.9988,0.9994,11,432,3168,0.396593104,1.134783705,4.116081263,5732
2026-09-18T23:16:38.519,23,0.0025,0.7,6,manhattan,0.9999,0.9999,0.9999,2,968,3218,0.364385128,1.821302935,5.33518641,5732
2026-09-18T23:16:46.897,23,0.0025,0.7,7,manhattan,0.9999,0.9999,0.9999,13,995,3160,0.203461113,2.326220215,5.84528571,5732
2026-09-18T23:16:51.099,23,0.0025,0.7,8,manhattan,0.9989,0.9989,0.9989,75,544,2479,0.243787589,1.041579208,2.914557076,5732
2026-09-18T23:16:59.04,23,0.0025,0.75,5,manhattan,0.9989,0.9984,0.9994,11,432,3168,0.45418374,1.393446598,4.934763345,5732
2026-09-18T23:17:06.914,23,0.0025,0.75,6,manhattan,1.0,1.0,1.0,2,968,3218,0.349840174,1.659594182,5.853013867,5732
2026-09-18T23:17:13.783,23,0.0025,0.75,7,manhattan,0.9994,0.9993,0.9996,13,995,3160,0.370447079,2.092584348,4.389637271,5732
2026-09-18T23:17:18.819,23,0.0025,0.75,8,manhattan,0.9983,0.9974,0.9992,75,544,2475,0.280803516,1.169593203,3.582233103,5732
2026-09-18T23:17:26.899,23,0.0025,0.8,5,manhattan,0.9968,0.9946,0.9989,12,432,3166,0.286107199,1.161595946,5.42602063,5732
2026-09-18T23:17:34.054,23,0.0025,0.8,6,manhattan,0.9998,0.9997,0.9999,3,968,3215,0.46187111,1.904570332,4.775550931,5732
2026-09-18T23:17:41.782,23,0.0025,0.8,7,manhattan,1.0,1.0,1.0,13,995,3150,0.349395633,2.004257922,5.371842095,5732
2026-09-18T23:17:47.241,23,0.0025,0.8,8,manhattan,0.9973,0.9962,0.9984,76,544,2457,0.276454843,1.565594471,3.614363487,5732
2026-09-18T23:17:54.229,23,0.003,0.5,5,manhattan,0.999,0.9984,0.9997,4,432,3216,0.458104355,1.085180268,4.202974125,5732
2026-09-18T23:18:01.662,23,0.003,0.5,6,manhattan,0.9995,0.9992,0.9998,1,968,3224,0.425540956,1.524784413,5.475736302,5732
2026-09-18T23:18:09.819,23,0.003,0.5,7,manhattan,0.9999,0.9999,0.9999,3,995,3206,0.317466604,2.205275844,5.63147725,5732
2026-09-18T23:18:14.564,23,0.003,0.5,8,manhattan,0.9997,0.9997,0.9997,40,544,2804,0.250060741,0.943490286,3.547396507,5732
2026-09-18T23:18:19.118,23,0.003,0.5,9,manhattan,0.9971,0.9953,0.9988,58,474,1949,0.343679187,1.148291654,3.055903088,5732
2026-09-18T23:18:23.654,23,0.003,0.5,10,manhattan,0.9851,0.9796,0.9915,50,420,1475,0.98571589,0.652326921,2.895646686,5732
2026-09-18T23:18:30.27,23,0.003,0.55,5,manhattan,0.9977,0.9971,0.9983,4,432,3216,0.380401221,1.088738966,5.144713907,5732
2026-09-18T23:18:37.043,23,0.003,0.55,6,manhattan,1.0,1.0,1.0,1,968,3224,0.252793634,1.665693219,4.851300951,5732
2026-09-18T23:18:44.545,23,0.003,0.55,7,manhattan,0.9994,0.9992,0.9997,3,995,3206,0.308770933,1.794453119,5.396531438,5732
2026-09-18T23:18:50.805,23,0.003,0.55,8,manhattan,0.9996,0.9997,0.9996,40,544,2804,0.328489946,1.560172686,4.368453055,5732
2026-09-18T23:18:55.162,23,0.003,0.55,9,manhattan,0.9877,0.9907,0.9852,58,474,1949,0.368581338,1.006860714,2.966577093,5732
2026-09-18T23:18:59.0,23,0.003,0.55,10,manhattan,0.9951,0.9939,0.9964,50,420,1475,0.816197684,0.764353037,2.255427256,5732
2026-09-18T23:19:05.627,23,0.003,0.6,5,manhattan,0.9997,0.9996,0.9998,4,432,3216,0.40462144,1.077455604,5.141592277,5732
2026-09-18T23:19:13.428,23,0.003,0.6,6,manhattan,0.9998,0.9998,0.9998,1,968,3224,0.343945772,1.510496824,5.928960212,5732
2026-09-18T23:19:20.134,23,0.003,0.6,7,manhattan,0.9995,0.9994,0.9997,3,995,3206,0.38692678,1.789321943,4.5267759,5732
2026-09-18T23:19:25.973,23,0.003,0.6,8,manhattan,0.9991,0.9994,0.9988,40,544,2804,0.258704518,1.37262507,4.203580488,5732
2026-09-18T23:19:30.073,23,0.003,0.6,9,manhattan,0.9927,0.9893,0.9965,58,474,1949,0.430471827,0.89059809,2.776826471,5732
2026-09-18T23:19:33.931,23,0.003,0.6,10,manhattan,0.9812,0.9755,0.9871,50,420,1475,0.971534041,0.558140176,2.325719871,5732
2026-09-18T23:19:39.003,23,0.003,0.65,5,manhattan,0.9971,0.9956,0.9986,4,432,3216,0.41552703,0.968248563,3.684720496,5732
2026-09-18T23:19:45.3,23,0.003,0.65,6,manhattan,0.9998,0.9997,0.9998,1,968,3224,0.288273469,1.286402616,4.71908551,5732
2026-09-18T23:19:56.407,23,0.003,0.65,7,manhattan,0.9995,0.9993,0.9997,3,995,3202,0.245217801,1.720312523,9.138521648,5732
2026-09-18T23:20:06.408,23,0.003,0.65,8,manhattan,0.9989,0.9984,0.9995,41,544,2790,0.402528713,2.389201766,7.205096005,5732
2026-09-18T23:20:14.31,23,0.003,0.65,9,manhattan,0.9396,0.9298,0.9693,58,474,1943,0.572537136,1.641752505,5.682073062,5732
2026-09-18T23:20:21.244,23,0.003,0.65,10,manhattan,0.9882,0.9855,0.991,50,420,1475,1.320525642,1.296797595,4.313211814,5732
2026-09-18T23:20:32.616,23,0.003,0.7,5,manhattan,0.9975,0.9968,0.9982,5,432,3205,0.549032512,1.949512345,8.869945191,5732
2026-09-18T23:20:45.014,23,0.003,0.7,6,manhattan,0.9996,0.9994,0.9998,1,968,3224,0.518751947,2.776107872,9.096101466,5732
2026-09-18T23:20:57.997,23,0.003,0.7,7,manhattan,0.9998,0.9997,0.9999,3,995,3202,0.526707299,2.927904879,9.524017588,5732
2026-09-18T23:21:07.482,23,0.003,0.7,8,manhattan,0.9996,0.9994,0.9997,41,544,2769,0.362299945,2.226061614,6.890975572,5732
2026-09-18T23:21:14.714,23,0.003,0.7,9,manhattan,0.9888,0.9827,0.9955,56,474,1890,0.554154398,1.725937058,4.948476558,5732
2026-09-18T23:21:22.215,23,0.003,0.7,10,manhattan,0.9768,0.9823,0.973,50,420,1475,1.315240745,1.961845353,4.220568074,5732
2026-09-18T23:21:32.359,23,0.003,0.75,5,manhattan,0.9943,0.9908,0.9978,5,432,3205,0.482396371,2.017712234,7.641232246,5732
2026-09-18T23:21:44.929,23,0.003,0.75,6,manhattan,0.9999,0.9999,0.9999,1,968,3224,0.524406095,2.419865759,9.622648759,5732
2026-09-18T23:21:57.445,23,0.003,0.75,7,manhattan,0.9994,0.9992,0.9996,3,995,3202,0.490992517,2.836087781,9.184765087,5732
2026-09-18T23:22:06.509,23,0.003,0.75,8,manhattan,0.9974,0.9953,0.9996,42,544,2763,0.334997905,2.057233161,6.667966838,5732
2026-09-18T23:22:13.446,23,0.003,0.75,9,manhattan,0.988,0.9818,0.9944,55,474,1874,0.529525119,1.577525054,4.826015721,5732
2026-09-18T23:22:20.346,23,0.003,0.75,10,manhattan,0.9681,0.96,0.9783,49,420,1446,1.257047938,1.371614325,4.267387075,5732
2026-09-18T23:22:30.9,23,0.003,0.8,5,manhattan,0.9988,0.9985,0.9991,5,432,3205,0.473531964,1.980072345,8.097198129,5732
2026-09-18T23:22:43.208,23,0.003,0.8,6,manhattan,0.9999,0.9999,0.9999,1,968,3224,0.591580154,2.431565446,9.279817305,5732
2026-09-18T23:22:55.738,23,0.003,0.8,7,manhattan,0.9998,0.9999,0.9996,4,995,3194,0.466436571,2.699389711,9.360775048,5732
2026-09-18T23:23:06.049,23,0.003,0.8,8,manhattan,0.999,0.9986,0.9994,42,544,2750,0.398137786,2.437716655,7.472221089,5732
2026-09-18T23:23:13.93,23,0.003,0.8,9,manhattan,0.9967,0.9949,0.9986,55,474,1859,0.491926925,1.703033559,5.639424779,5732
2026-09-18T23:23:21.519,23,0.003,0.8,10,manhattan,0.8705,0.8773,0.9114,49,420,1446,1.475266531,1.861229501,4.248547156,5732
2026-09-18T23:24:31.846,24,0.002,0.5,5,manhattan,0.9969,0.9957,0.9981,15,422,3153,1.599513701,7.185854219,6.010125523,5732
2026-09-18T23:24:39.496,24,0.002,0.5,6,manhattan,0.9996,0.9996,0.9996,4,1000,3214,0.344796789,1.839628403,4.462430207,5732
2026-09-18T23:24:46.284,24,0.002,0.5,7,manhattan,0.9977,0.9962,0.9992,18,1078,3124,0.268173192,1.981855325,4.534397968,5732
2026-09-18T23:24:53.821,24,0.002,0.55,5,manhattan,0.9963,0.9951,0.9975,15,422,3153,0.324365814,0.881522552,4.017844207,5732
2026-09-18T23:25:00.328,24,0.002,0.55,6,manhattan,0.9999,0.9999,0.9999,4,1000,3214,0.390658544,1.647406863,4.466865134,5732
2026-09-18T23:25:06.866,24,0.002,0.55,7,manhattan,0.9993,0.9991,0.9994,18,1078,3123,0.219031966,2.275360402,4.040875726,5732
2026-09-18T23:25:13.849,24,0.002,0.6,5,manhattan,0.996,0.9962,0.9958,15,422,3153,0.419267874,1.262572949,4.138732985,5732
2026-09-18T23:25:20.271,24,0.002,0.6,6,manhattan,0.992,0.986,0.9983,4,1000,3214,0.28592666,1.467877384,4.665936087,5732
2026-09-18T23:25:26.202,24,0.002,0.6,7,manhattan,0.9993,0.9988,0.9998,18,1078,3122,0.284899432,1.924029115,3.719537048,5732
2026-09-18T23:25:33.36,24,0.002,0.65,5,manhattan,0.9943,0.9922,0.9964,15,422,3153,0.318659843,1.162894088,4.372076217,5732
2026-09-18T23:25:39.295,24,0.002,0.65,6,manhattan,0.9988,0.9977,0.9998,4,1000,3214,0.343362247,1.466436976,4.121930409,5732
2026-09-18T23:25:45.183,24,0.002,0.65,7,manhattan,0.9981,0.9966,0.9996,18,1078,3122,0.14626557,1.409457173,4.329923806,5732
2026-09-18T23:25:51.89,24,0.002,0.7,5,manhattan,0.9865,0.9776,0.9967,15,422,3141,0.293391096,0.834037893,4.191998624,5732
2026-09-18T23:25:57.389,24,0.002,0.7,6,manhattan,0.9999,0.9999,0.9999,4,1000,3214,0.478723065,1.535877248,3.481641207,5732
2026-09-18T23:26:03.807,24,0.002,0.7,7,manhattan,0.9999,0.9999,0.9999,19,1078,3117,0.232473078,1.931659983,4.250718593,5732
2026-09-18T23:26:10.441,24,0.002,0.75,5,manhattan,0.9967,0.9947,0.9986,16,422,3138,0.340644091,1.106674229,3.800846302,5732
2026-09-18T23:26:16.17,24,0.002,0.75,6,manhattan,0.9998,0.9998,0.9998,4,1000,3214,0.313658712,1.235839907,4.176079191,5732
2026-09-18T23:26:22.808,24,0.002,0.75,7,manhattan,0.9981,0.9966,0.9995,21,1078,3109,0.28176579,2.093871804,4.260144804,5732
2026-09-18T23:26:28.997,24,0.002,0.8,5,manhattan,0.9881,0.9798,0.9973,17,422,3130,0.351419078,0.847596618,3.483527203,5732
2026-09-18T23:26:35.3,24,0.002,0.8,6,manhattan,0.9998,0.9997,0.9998,4,1000,3214,0.333130836,1.318823258,4.648541675,5732
2026-09-18T23:26:42.072,24,0.002,0.8,7,manhattan,0.9991,0.9986,0.9996,23,1078,3090,0.279436371,2.361093688,4.122619394,5732
2026-09-18T23:26:48.369,24,0.0025,0.5,5,manhattan,0.9999,0.9999,0.9999,7,422,3199,0.308389111,0.780448051,3.945260586,5732
2026-09-18T23:26:54.61,24,0.0025,0.5,6,manhattan,0.9994,0.9995,0.9994,1,1000,3223,0.236159026,1.420400338,4.581296518,5732
2026-09-18T23:27:01.2,24,0.0025,0.5,7,manhattan,0.9856,0.9748,0.9983,7,1078,3178,0.341170345,1.717866468,4.526952249,5732
2026-09-18T23:27:05.578,24,0.0025,0.5,8,manhattan,0.9713,0.9661,0.9774,45,657,2669,0.157670526,0.914758663,3.301963735,5732
2026-09-18T23:27:12.514,24,0.0025,0.55,5,manhattan,0.9951,0.9915,0.9988,7,422,3199,0.416024092,1.212593278,4.225121103,5732
2026-09-18T23:27:18.8,24,0.0025,0.55,6,manhattan,0.9999,0.9999,0.9999,1,1000,3223,0.30861393,1.21786218,4.75610842,5732
2026-09-18T23:27:24.505,24,0.0025,0.55,7,manhattan,0.9998,0.9999,0.9997,7,1078,3172,0.159758364,1.422162506,4.120580025,5732
2026-09-18T23:27:29.626,24,0.0025,0.55,8,manhattan,0.4942,0.7047,0.6864,45,657,2659,0.215831625,1.545696246,3.356587788,5732
2026-09-18T23:27:36.008,24,0.0025,0.6,5,manhattan,0.9992,0.9991,0.9994,7,422,3199,0.312354634,0.815313702,4.13664843,5732
2026-09-18T23:27:41.484,24,0.0025,0.6,6,manhattan,0.9997,0.9998,0.9995,1,1000,3223,0.201911611,0.989264739,4.282263776,5732
2026-09-18T23:27:48.381,24,0.0025,0.6,7,manhattan,0.9985,0.9975,0.9995,7,1078,3172,0.257491584,1.855271193,4.780427884,5732
2026-09-18T23:27:53.153,24,0.0025,0.6,8,manhattan,0.7904,0.7914,0.937,45,657,2659,0.203113302,1.469206675,3.097826838,5732
2026-09-18T23:27:59.505,24,0.0025,0.65,5,manhattan,0.9973,0.9964,0.9983,7,422,3199,0.264799296,1.169158789,3.996665091,5732
2026-09-18T23:28:05.951,24,0.0025,0.65,6,manhattan,0.9991,0.9989,0.9993,1,1000,3223,0.370509449,1.349384725,4.723365598,5732
2026-09-18T23:28:11.704,24,0.0025,0.65,7,manhattan,0.9999,0.9999,0.9999,7,1078,3172,0.181708459,2.032377245,3.536754498,5732
2026-09-18T23:28:16.692,24,0.0025,0.65,8,manhattan,0.7008,0.7932,0.8388,45,657,2652,0.241077954,1.542305098,3.200394198,5732
2026-09-18T23:28:23.111,24,0.0025,0.7,5,manhattan,0.9988,0.9982,0.9993,7,422,3196,0.344405817,0.818754855,4.208931594,5732
2026-09-18T23:28:28.348,24,0.0025,0.7,6,manhattan,0.9997,0.9998,0.9996,1,1000,3223,0.411109913,1.262860626,3.560187116,5732
2026-09-18T23:28:34.872,24,0.0025,0.7,7,manhattan,0.9999,0.9999,0.9999,7,1078,3171,0.245963916,1.936210917,4.338861686,5732
2026-09-18T23:28:40.307,24,0.0025,0.7,8,manhattan,0.9367,0.9734,0.9153,45,657,2642,0.152218917,1.753039281,3.526311118,5732
2026-09-18T23:28:45.926,24,0.0025,0.75,5,manhattan,0.9996,0.9996,0.9996,7,422,3188,0.265386941,0.781909762,3.499459695,5732
2026-09-18T23:28:52.257,24,0.0025,0.75,6,manhattan,0.9997,0.9997,0.9997,1,1000,3223,0.280183045,1.353105664,4.688088094,5732
2026-09-18T23:28:58.864,24,0.0025,0.75,7,manhattan,0.9999,0.9999,0.9999,8,1078,3167,0.249765801,1.659532162,4.695566079,5732
2026-09-18T23:29:03.276,24,0.0025,0.75,8,manhattan,0.7522,0.858,0.7276,46,657,2637,0.248968492,1.337419012,2.822319532,5732
2026-09-18T23:29:09.857,24,0.0025,0.8,5,manhattan,0.9972,0.9961,0.9982,7,422,3185,0.401994426,1.096026004,3.969143121,5732
2026-09-18T23:29:16.308,24,0.0025,0.8,6,manhattan,0.9997,0.9997,0.9997,1,1000,3223,0.345007291,1.139607089,4.963545392,5732
2026-09-18T23:29:22.002,24,0.0025,0.8,7,manhattan,0.9999,0.9999,0.9999,8,1078,3157,0.260682706,1.773099609,3.657362792,5732
2026-09-18T23:29:26.845,24,0.0025,0.8,8,manhattan,0.7886,0.8772,0.833,48,657,2585,0.223949218,1.457076486,3.159105446,5732
2026-09-18T23:29:33.403,24,0.003,0.5,5,manhattan,0.9971,0.9952,0.999,3,422,3217,0.199279779,0.968872666,4.348311014,5732
2026-09-18T23:29:38.73,24,0.003,0.5,6,manhattan,0.9998,0.9998,0.9998,1,1000,3225,0.379947182,1.395124816,3.544931736,5732
2026-09-18T23:29:45.21,24,0.003,0.5,7,manhattan,0.9983,0.9981,0.9986,2,1078,3198,0.269752725,1.639178292,4.567209024,5732
2026-09-18T23:29:50.38,24,0.003,0.5,8,manhattan,0.5838,0.6294,0.7356,32,657,2792,0.215962508,1.290628018,3.660719998,5732
2026-09-18T23:29:54.477,24,0.003,0.5,9,manhattan,0.9992,0.9994,0.999,51,576,2090,0.353824205,1.328552511,2.412205907,5732
2026-09-18T23:29:58.276,24,0.003,0.5,10,manhattan,0.9787,0.9689,0.9914,51,499,1649,0.807022413,0.79764586,2.192864963,5732
2026-09-18T23:30:03.608,24,0.003,0.55,5,manhattan,0.9985,0.998,0.9989,3,422,3217,0.221179169,0.741887374,4.366196062,5732
2026-09-18T23:30:10.206,24,0.003,0.55,6,manhattan,0.9997,0.9997,0.9997,1,1000,3225,0.379783195,1.423465048,4.790998306,5732
2026-09-18T23:30:15.871,24,0.003,0.55,7,manhattan,0.9999,0.9999,0.9999,3,1078,3192,0.170312233,1.205181641,4.287040926,5732
2026-09-18T23:30:21.205,24,0.003,0.55,8,manhattan,0.9653,0.9777,0.9547,32,657,2789,0.167597918,1.614456682,3.544274948,5732
2026-09-18T23:30:25.558,24,0.003,0.55,9,manhattan,0.9989,0.999,0.9988,51,576,2090,0.274370008,1.290509567,2.783802645,5732
2026-09-18T23:30:29.02,24,0.003,0.55,10,manhattan,0.9799,0.968,0.9941,51,499,1649,0.918914854,1.052363974,1.487167152,5732
2026-09-18T23:30:32.628,24,0.003,0.6,5,manhattan,0.9979,0.9965,0.9994,3,422,3217,0.193066132,0.569493379,2.844319215,5732
2026-09-18T23:30:36.705,24,0.003,0.6,6,manhattan,0.9999,0.9999,0.9999,1,1000,3225,0.208634262,0.849048969,3.017371605,5732
2026-09-18T23:30:40.852,24,0.003,0.6,7,manhattan,0.9976,0.9975,0.9977,3,1078,3192,0.159486751,1.049393271,2.935775861,5732
2026-09-18T23:30:44.424,24,0.003,0.6,8,manhattan,0.8071,0.8081,0.9359,33,657,2782,0.141543245,0.893588697,2.534075746,5732
2026-09-18T23:30:47.182,24,0.003,0.6,9,manhattan,0.9964,0.9989,0.994,51,576,2090,0.20237431,0.757158259,1.796442899,5732
2026-09-18T23:30:50.112,24,0.003,0.6,10,manhattan,0.9959,0.9973,0.9944,51,499,1649,0.70900892,0.792086906,1.42666937,5732
2026-09-18T23:30:53.592,24,0.003,0.65,5,manhattan,0.9968,0.9961,0.9975,3,422,3217,0.190193417,0.570211697,2.718613059,5732
2026-09-18T23:30:57.678,24,0.003,0.65,6,manhattan,0.9999,0.9999,0.9999,1,1000,3225,0.213191901,0.840425306,3.029876912,5732
2026-09-18T23:31:01.775,24,0.003,0.65,7,manhattan,0.9975,0.9955,0.9995,3,1078,3192,0.157532938,1.037015494,2.900255518,5732
2026-09-18T23:31:05.365,24,0.003,0.65,8,manhattan,0.9595,0.9452,0.9755,34,657,2776,0.145052355,0.883531889,2.552970491,5732
2026-09-18T23:31:08.076,24,0.003,0.65,9,manhattan,0.9996,0.9996,0.9996,50,576,2075,0.20911065,0.722123662,1.777593062,5732
2026-09-18T23:31:11.128,24,0.003,0.65,10,manhattan,0.9965,0.9961,0.997,50,499,1636,0.667667159,0.906279503,1.475666374,5732
2026-09-18T23:31:14.599,24,0.003,0.7,5,manhattan,0.9997,0.9998,0.9996,4,422,3215,0.18461386,0.596398719,2.680595538,5732
2026-09-18T23:31:18.722,24,0.003,0.7,6,manhattan,0.999,0.999,0.9989,1,1000,3225,0.209844474,0.85088433,3.060469806,5732
2026-09-18T23:31:22.829,24,0.003,0.7,7,manhattan,0.9999,0.9999,0.9999,3,1078,3192,0.154396152,1.05261638,2.897713572,5732
2026-09-18T23:31:26.238,24,0.003,0.7,8,manhattan,0.8639,0.8346,0.961,34,657,2766,0.136204222,0.894664185,2.376292008,5732
2026-09-18T23:31:29.01,24,0.003,0.7,9,manhattan,0.9994,0.9993,0.9995,49,576,2061,0.224831943,0.73782086,1.807830953,5732
2026-09-18T23:31:32.49,24,0.003,0.7,10,manhattan,0.9904,0.9852,0.996,50,499,1630,0.738066352,1.313492547,1.426569846,5732
2026-09-18T23:31:36.051,24,0.003,0.75,5,manhattan,0.9995,0.9996,0.9994,4,422,3206,0.200571007,0.613962078,2.735948456,5732
2026-09-18T23:31:41.048,24,0.003,0.75,6,manhattan,0.9998,0.9999,0.9998,1,1000,3225,0.223113426,1.278253315,3.492972829,5732
2026-09-18T23:31:47.528,24,0.003,0.75,7,manhattan,0.9999,0.9999,0.9999,3,1078,3192,0.331120661,1.672128961,4.474222154,5732
2026-09-18T23:31:52.599,24,0.003,0.75,8,manhattan,0.9299,0.9222,0.9534,34,657,2763,0.276193427,1.500477939,3.29054516,5732
2026-09-18T23:31:56.14,24,0.003,0.75,9,manhattan,0.9956,0.9953,0.996,48,576,2047,0.222860321,0.741613455,2.574825602,5732
2026-09-18T23:32:00.643,24,0.003,0.75,10,manhattan,0.9954,0.9966,0.9942,50,499,1620,0.885106462,1.230879983,2.383900038,5732
2026-09-18T23:32:05.836,24,0.003,0.8,5,manhattan,0.9983,0.9968,0.9998,5,422,3204,0.297939864,0.779071269,4.113138427,5732
2026-09-18T23:32:11.179,24,0.003,0.8,6,manhattan,0.9993,0.9992,0.9994,1,1000,3225,0.384349354,1.354121087,3.601917754,5732
2026-09-18T23:32:16.52,24,0.003,0.8,7,manhattan,0.9999,0.9999,0.9999,4,1078,3184,0.154896426,1.119453943,4.059345347,5732
2026-09-18T23:32:22.041,24,0.003,0.8,8,manhattan,0.6391,0.8437,0.6505,35,657,2732,0.271135724,1.517680707,3.729672917,5732
2026-09-18T23:32:25.991,24,0.003,0.8,9,manhattan,0.9962,0.9986,0.9939,47,576,2033,0.364437229,1.113402677,2.469409412,5732
2026-09-18T23:32:29.57,24,0.003,0.8,10,manhattan,0.9807,0.9916,0.9714,50,499,1620,0.838332789,0.976196302,1.761394893,5732
2026-09-18T23:33:36.278,25,0.002,0.5,5,manhattan,0.999,0.999,0.9991,16,437,3151,1.393932555,7.037446476,6.103242018,5732
2026-09-18T23:33:43.325,25,0.002,0.5,6,manhattan,0.9991,0.9986,0.9996,4,1025,3207,0.300820681,1.11957875,4.377616523,5732
2026-09-18T23:33:50.137,25,0.002,0.5,7,manhattan,0.9995,0.9994,0.9996,20,1089,3114,0.314489615,2.054077518,4.438767531,5732
2026-09-18T23:33:57.292,25,0.002,0.55,5,manhattan,0.9945,0.9921,0.997,16,437,3151,0.453084297,0.862219794,3.4484866,5732
2026-09-18T23:34:03.816,25,0.002,0.55,6,manhattan,0.9982,0.9968,0.9997,5,1025,3205,0.307033001,1.509630302,4.704815311,5732
2026-09-18T23:34:10.39,25,0.002,0.55,7,manhattan,0.9996,0.9996,0.9996,20,1089,3104,0.30040729,2.117418054,4.153680295,5732
2026-09-18T23:34:16.809,25,0.002,0.6,5,manhattan,0.9983,0.9982,0.9984,16,437,3151,0.348931398,0.959339738,3.955100118,5732
2026-09-18T23:34:23.511,25,0.002,0.6,6,manhattan,0.9994,0.9996,0.9992,6,1025,3200,0.352640604,1.728181271,4.618391155,5732
2026-09-18T23:34:29.26,25,0.002,0.6,7,manhattan,0.9995,0.9997,0.9994,21,1089,3097,0.261800796,1.832430621,3.649357226,5732
2026-09-18T23:34:36.264,25,0.002,0.65,5,manhattan,0.9993,0.9992,0.9994,16,437,3151,0.442176472,1.055431267,4.182654756,5732
2026-09-18T23:34:43.101,25,0.002,0.65,6,manhattan,0.9996,0.9995,0.9998,6,1025,3200,0.355827814,1.961023949,4.518965469,5732
2026-09-18T23:34:48.707,25,0.002,0.65,7,manhattan,0.9996,0.9998,0.9995,21,1089,3096,0.162910444,1.380814249,4.057413045,5732
2026-09-18T23:34:55.806,25,0.002,0.7,5,manhattan,0.9914,0.9878,0.9954,16,437,3151,0.345914949,1.248710764,4.274775593,5732
2026-09-18T23:35:01.428,25,0.002,0.7,6,manhattan,0.9999,0.9999,0.9999,6,1025,3200,0.334656171,1.424943938,3.859195484,5732
2026-09-18T23:35:07.844,25,0.002,0.7,7,manhattan,0.9993,0.9992,0.9995,21,1089,3096,0.237847371,2.045992052,4.128691332,5732
2026-09-18T23:35:14.709,25,0.002,0.75,5,manhattan,0.9887,0.9916,0.9862,18,437,3131,0.38446536,1.324093768,3.929820265,5732
2026-09-18T23:35:20.442,25,0.002,0.75,6,manhattan,1.0,1.0,1.0,6,1025,3200,0.342505991,1.440123262,3.947821738,5732
2026-09-18T23:35:26.856,25,0.002,0.75,7,manhattan,0.9978,0.9963,0.9994,21,1089,3085,0.234687329,1.886028146,4.291112328,5732
2026-09-18T23:35:33.959,25,0.002,0.8,5,manhattan,0.9962,0.9958,0.9965,19,437,3122,0.503636878,1.156630085,4.062483249,5732
2026-09-18T23:35:39.555,25,0.002,0.8,6,manhattan,0.9982,0.9966,0.9998,6,1025,3200,0.286862045,1.519029413,3.787763756,5732
2026-09-18T23:35:45.591,25,0.002,0.8,7,manhattan,0.999,0.9989,0.9992,24,1089,3050,0.252138522,1.727614229,4.05325078,5732
2026-09-18T23:35:52.431,25,0.0025,0.5,5,manhattan,0.9976,0.9969,0.9984,7,437,3200,0.299397453,0.968816513,4.343258829,5732
2026-09-18T23:35:57.852,25,0.0025,0.5,6,manhattan,0.9997,0.9997,0.9998,2,1025,3219,0.306165641,1.280563876,3.831788333,5732
2026-09-18T23:36:04.264,25,0.0025,0.5,7,manhattan,0.9985,0.9981,0.9989,9,1089,3160,0.294222906,1.549084949,4.566142057,5732
2026-09-18T23:36:09.644,25,0.0025,0.5,8,manhattan,0.998,0.9967,0.9992,52,636,2682,0.270774574,1.712916532,3.392950627,5732
2026-09-18T23:36:15.555,25,0.0025,0.55,5,manhattan,0.9987,0.9979,0.9994,7,437,3200,0.303068595,0.821524555,3.735624867,5732
2026-09-18T23:36:21.699,25,0.0025,0.55,6,manhattan,0.9996,0.9996,0.9996,2,1025,3219,0.368526931,1.17814451,4.594183438,5732
2026-09-18T23:36:28.443,25,0.0025,0.55,7,manhattan,0.9993,0.9988,0.9998,10,1089,3151,0.318301767,1.885020334,4.537362524,5732
2026-09-18T23:36:32.547,25,0.0025,0.55,8,manhattan,0.9987,0.999,0.9983,52,636,2682,0.173382669,1.102197538,2.826586421,5732
2026-09-18T23:36:38.925,25,0.0025,0.6,5,manhattan,0.9996,0.9997,0.9995,7,437,3200,0.218909116,0.774116791,4.320901558,5732
2026-09-18T23:36:45.682,25,0.0025,0.6,6,manhattan,0.9998,0.9999,0.9998,2,1025,3219,0.43338477,1.763270204,4.557801392,5732
2026-09-18T23:36:51.336,25,0.0025,0.6,7,manhattan,0.9991,0.9986,0.9996,11,1089,3146,0.169413584,1.485905048,3.995988259,5732
2026-09-18T23:36:56.473,25,0.0025,0.6,8,manhattan,0.9946,0.9923,0.997,52,636,2682,0.244415254,1.659088879,3.230495969,5732
2026-09-18T23:37:02.855,25,0.0025,0.65,5,manhattan,0.9993,0.9994,0.9993,7,437,3200,0.356512888,0.887817844,4.019809543,5732
2026-09-18T23:37:08.487,25,0.0025,0.65,6,manhattan,0.9996,0.9997,0.9995,2,1025,3219,0.213332421,1.063012268,4.353480951,5732
2026-09-18T23:37:15.07,25,0.0025,0.65,7,manhattan,0.9999,0.9999,0.9999,11,1089,3146,0.30300902,1.883542003,4.393590711,5732
2026-09-18T23:37:20.026,25,0.0025,0.65,8,manhattan,0.9982,0.9989,0.9976,54,636,2663,0.21033951,1.27714619,3.465369983,5732
2026-09-18T23:37:25.816,25,0.0025,0.7,5,manhattan,0.9966,0.9938,0.9996,7,437,3200,0.253484924,0.608183333,3.83708182,5732
2026-09-18T23:37:31.873,25,0.0025,0.7,6,manhattan,0.9997,0.9998,0.9997,2,1025,3219,0.35543817,1.119171784,4.578963747,5732
2026-09-18T23:37:38.539,25,0.0025,0.7,7,manhattan,0.9998,0.9999,0.9998,11,1089,3146,0.338381091,1.93163023,4.391980868,5732
2026-09-18T23:37:42.687,25,0.0025,0.7,8,manhattan,0.9984,0.999,0.9978,54,636,2659,0.199161048,1.277446926,2.668951095,5732
2026-09-18T23:37:49.269,25,0.0025,0.75,5,manhattan,0.9988,0.9986,0.999,7,437,3189,0.319424676,1.118071852,4.043327996,5732
2026-09-18T23:37:55.735,25,0.0025,0.75,6,manhattan,0.9995,0.9994,0.9996,2,1025,3219,0.299374056,1.401617759,4.761984524,5732
2026-09-18T23:38:01.597,25,0.0025,0.75,7,manhattan,0.9999,0.9999,0.9999,11,1089,3144,0.475864457,1.705031091,3.67223642,5732
2026-09-18T23:38:06.619,25,0.0025,0.75,8,manhattan,0.9998,0.9999,0.9998,55,636,2631,0.199447049,1.55683769,3.262899571,5732
2026-09-18T23:38:13.597,25,0.0025,0.8,5,manhattan,0.9996,0.9996,0.9996,7,437,3186,0.255990553,1.215068246,4.458964189,5732
2026-09-18T23:38:19.377,25,0.0025,0.8,6,manhattan,0.9996,0.9996,0.9994,2,1025,3219,0.430219978,1.398149856,3.949276953,5732
2026-09-18T23:38:25.539,25,0.0025,0.8,7,manhattan,0.9977,0.9961,0.9992,11,1089,3134,0.26176406,1.884152067,4.013145838,5732
2026-09-18T23:38:30.487,25,0.0025,0.8,8,manhattan,0.998,0.9965,0.9995,54,636,2613,0.221135239,1.261962466,3.461770778,5732
2026-09-18T23:38:36.458,25,0.003,0.5,5,manhattan,0.9978,0.9963,0.9992,3,437,3217,0.340891469,0.860075735,3.595592151,5732
2026-09-18T23:38:42.559,25,0.003,0.5,6,manhattan,0.9993,0.9988,0.9997,1,1025,3223,0.27728393,1.441600826,4.378684257,5732
2026-09-18T23:38:49.051,25,0.003,0.5,7,manhattan,0.9995,0.9994,0.9997,4,1089,3187,0.250686869,1.439753522,4.798627078,5732
2026-09-18T23:38:53.584,25,0.003,0.5,8,manhattan,0.9991,0.9987,0.9994,34,636,2827,0.263258385,1.484180665,2.782669934,5732
2026-09-18T23:38:57.637,25,0.003,0.5,9,manhattan,0.9956,0.9958,0.9954,53,573,2217,0.320838242,1.056501398,2.673007102,5732
2026-09-18T23:39:02.119,25,0.003,0.5,10,manhattan,0.9849,0.9797,0.991,61,492,1779,0.89214134,1.448542321,2.139095448,5732
2026-09-18T23:39:07.903,25,0.003,0.55,5,manhattan,0.9992,0.9992,0.9991,3,437,3217,0.336649482,1.000683435,4.443929762,5732
2026-09-18T23:39:12.515,25,0.003,0.55,6,manhattan,0.9997,0.9997,0.9998,1,1025,3223,0.352102367,1.138114071,3.120020979,5732
2026-09-18T23:39:16.91,25,0.003,0.55,7,manhattan,0.9994,0.9996,0.9992,5,1089,3181,0.162442634,1.217571929,3.013045774,5732
2026-09-18T23:39:20.345,25,0.003,0.55,8,manhattan,0.9997,0.9997,0.9998,34,636,2827,0.147813319,0.864071758,2.420622448,5732
2026-09-18T23:39:23.141,25,0.003,0.55,9,manhattan,0.9967,0.995,0.9984,52,573,2203,0.197147981,0.772879368,1.82409678,5732
2026-09-18T23:39:26.098,25,0.003,0.55,10,manhattan,0.9967,0.9976,0.9958,61,492,1779,0.684432721,0.788429611,1.480250568,5732
2026-09-18T23:39:29.659,25,0.003,0.6,5,manhattan,0.9997,0.9997,0.9997,3,437,3217,0.196218323,0.576972887,2.78613442,5732
2026-09-18T23:39:33.875,25,0.003,0.6,6,manhattan,0.9996,0.9995,0.9998,1,1025,3223,0.227520161,0.939730596,3.046986708,5732
2026-09-18T23:39:38.251,25,0.003,0.6,7,manhattan,0.9998,0.9999,0.9998,5,1089,3181,0.16941685,1.129172424,3.074905013,5732
2026-09-18T23:39:41.548,25,0.003,0.6,8,manhattan,0.9999,0.9999,0.9999,34,636,2827,0.14438355,0.85243675,2.297521647,5732
2026-09-18T23:39:44.452,25,0.003,0.6,9,manhattan,0.9986,0.9993,0.9979,52,573,2191,0.202836836,0.748867638,1.950960143,5732
2026-09-18T23:39:47.207,25,0.003,0.6,10,manhattan,0.996,0.9971,0.9948,61,492,1773,0.673583638,0.638379833,1.440661845,5732
2026-09-18T23:39:50.852,25,0.003,0.65,5,manhattan,0.9994,0.9994,0.9992,3,437,3217,0.193691324,0.68536189,2.763273605,5732
2026-09-18T23:39:54.876,25,0.003,0.65,6,manhattan,0.9998,0.9997,0.9998,1,1025,3223,0.224922553,0.887433894,2.909738846,5732
2026-09-18T23:39:59.167,25,0.003,0.65,7,manhattan,0.9996,0.9998,0.9994,5,1089,3181,0.201851236,1.254243868,2.832294513,5732
2026-09-18T23:40:02.577,25,0.003,0.65,8,manhattan,0.9982,0.9972,0.9994,36,636,2813,0.140267172,0.876275344,2.390737619,5732
2026-09-18T23:40:05.326,25,0.003,0.65,9,manhattan,0.999,0.9992,0.9987,51,573,2175,0.211509664,0.714267473,1.822144575,5732
2026-09-18T23:40:08.383,25,0.003,0.65,10,manhattan,0.9908,0.9914,0.9904,60,492,1760,0.676773082,0.920748839,1.457679105,5732
2026-09-18T23:40:12.512,25,0.003,0.7,5,manhattan,0.9991,0.9986,0.9997,3,437,3217,0.196289491,0.608848543,3.321545846,5732
2026-09-18T23:40:16.644,25,0.003,0.7,6,manhattan,0.9984,0.9969,0.9999,1,1025,3223,0.212797398,0.97968871,2.937237475,5732
2026-09-18T23:40:21.47,25,0.003,0.7,7,manhattan,0.9996,0.9998,0.9995,5,1089,3181,0.173710835,1.364594225,3.284122414,5732
2026-09-18T23:40:26.778,25,0.003,0.7,8,manhattan,0.9994,0.9994,0.9995,36,636,2813,0.315482878,1.581290935,3.408689115,5732
2026-09-18T23:40:30.835,25,0.003,0.7,9,manhattan,0.9984,0.9979,0.9989,51,573,2169,0.33347226,1.218462964,2.503177,5732
2026-09-18T23:40:34.624,25,0.003,0.7,10,manhattan,0.9954,0.9976,0.9931,60,492,1747,1.028363232,1.0900156,1.6684444,5732
2026-09-18T23:40:39.754,25,0.003,0.75,5,manhattan,0.998,0.9967,0.9994,4,437,3206,0.228809712,0.843293122,4.054741647,5732
2026-09-18T23:40:46.148,25,0.003,0.75,6,manhattan,0.9998,0.9999,0.9997,1,1025,3223,0.331749274,1.518672241,4.541414647,5732
2026-09-18T23:40:51.794,25,0.003,0.75,7,manhattan,0.9996,0.9995,0.9997,5,1089,3181,0.242501267,1.608268756,3.792490158,5732
2026-09-18T23:40:56.327,25,0.003,0.75,8,manhattan,0.998,0.9965,0.9996,37,636,2802,0.209463243,0.882597591,3.438221733,5732
2026-09-18T23:41:00.604,25,0.003,0.75,9,manhattan,0.9997,0.9998,0.9997,50,573,2153,0.221451508,1.235635413,2.817983745,5732
2026-09-18T23:41:05.122,25,0.003,0.75,10,manhattan,0.99,0.9866,0.9937,60,492,1745,0.936409781,1.470074475,2.108608379,5732
2026-09-18T23:41:09.617,25,0.003,0.8,5,manhattan,0.999,0.9985,0.9995,5,437,3204,0.38003918,0.889854246,3.222369056,5732
2026-09-18T23:41:15.865,25,0.003,0.8,6,manhattan,0.9996,0.9997,0.9996,1,1025,3223,0.364908054,1.486113957,4.394404923,5732
2026-09-18T23:41:22.294,25,0.003,0.8,7,manhattan,0.9999,0.9999,0.9999,6,1089,3170,0.289622448,1.635844071,4.499768188,5732
2026-09-18T23:41:26.493,25,0.003,0.8,8,manhattan,0.9994,0.9995,0.9993,37,636,2775,0.27016095,1.170899619,2.75550243,5732
2026-09-18T23:41:30.694,25,0.003,0.8,9,manhattan,0.9993,0.9996,0.9991,50,573,2147,0.288408815,1.222311223,2.688804233,5732
2026-09-18T23:41:34.719,25,0.003,0.8,10,manhattan,0.9905,0.9874,0.9936,60,492,1745,0.860412911,0.872450763,2.289320458,5732
2026-09-18T23:42:41.161,26,0.002,0.5,5,manhattan,0.997,0.996,0.998,16,434,3145,1.460559012,7.919664393,5.074125937,5732
2026-09-18T23:42:49.22,26,0.002,0.5,6,manhattan,0.9996,0.9996,0.9997,3,1020,3210,0.427309891,1.81357623,4.588726215,5732
2026-09-18T23:42:54.903,26,0.002,0.5,7,manhattan,0.9994,0.9995,0.9992,17,1038,3142,0.231561949,1.498533353,3.95122282,5732
2026-09-18T23:43:02.265,26,0.002,0.55,5,manhattan,0.9986,0.999,0.9983,16,434,3145,0.314165251,0.666462476,4.067786262,5732
2026-09-18T23:43:08.606,26,0.002,0.55,6,manhattan,0.9997,0.9998,0.9997,3,1020,3210,0.327345848,1.615333766,4.391772393,5732
2026-09-18T23:43:13.722,26,0.002,0.55,7,manhattan,0.9998,0.9999,0.9998,17,1038,3137,0.257165922,1.355901981,3.50027499,5732
2026-09-18T23:43:20.778,26,0.002,0.6,5,manhattan,0.9988,0.9988,0.9988,16,434,3145,0.386985878,1.133881476,4.224471107,5732
2026-09-18T23:43:26.691,26,0.002,0.6,6,manhattan,0.9998,0.9998,0.9997,3,1020,3210,0.371862226,1.415370482,4.123984023,5732
2026-09-18T23:43:32.342,26,0.002,0.6,7,manhattan,0.9996,0.9997,0.9996,18,1038,3135,0.1501764,1.398547869,4.099048291,5732
2026-09-18T23:43:39.135,26,0.002,0.65,5,manhattan,0.9375,0.917,0.9802,16,434,3145,0.305171783,0.804758096,4.392868343,5732
2026-09-18T23:43:44.612,26,0.002,0.65,6,manhattan,0.9997,0.9997,0.9998,4,1020,3208,0.369889487,1.497622901,3.605877813,5732
2026-09-18T23:43:50.967,26,0.002,0.65,7,manhattan,0.9991,0.9989,0.9993,18,1038,3135,0.240971393,1.727759318,4.383998005,5732
2026-09-18T23:43:57.75,26,0.002,0.7,5,manhattan,0.9973,0.9968,0.9979,18,434,3139,0.380354932,1.019048981,3.988768753,5732
2026-09-18T23:44:03.591,26,0.002,0.7,6,manhattan,0.9997,0.9997,0.9998,4,1020,3205,0.290060004,1.53274548,4.015730512,5732
2026-09-18T23:44:09.499,26,0.002,0.7,7,manhattan,0.9991,0.9993,0.999,18,1038,3135,0.220462345,1.532562984,4.152204112,5732
2026-09-18T23:44:16.499,26,0.002,0.75,5,manhattan,0.9935,0.9892,0.9979,18,434,3124,0.38066398,0.952686723,4.165184963,5732
2026-09-18T23:44:21.966,26,0.002,0.75,6,manhattan,0.9996,0.9997,0.9995,4,1020,3205,0.261618168,1.411146966,3.79006422,5732
2026-09-18T23:44:28.064,26,0.002,0.75,7,manhattan,0.9994,0.9995,0.9994,20,1038,3127,0.224742222,1.641705575,4.228496831,5732
2026-09-18T23:44:35.093,26,0.002,0.8,5,manhattan,0.9992,0.9988,0.9995,19,434,3120,0.359049834,0.952834089,4.319119386,5732
2026-09-18T23:44:40.625,26,0.002,0.8,6,manhattan,0.9992,0.9988,0.9996,4,1020,3205,0.213225875,1.383734382,3.932164517,5732
2026-09-18T23:44:46.636,26,0.002,0.8,7,manhattan,0.998,0.9974,0.9986,26,1038,3085,0.252529505,1.41683708,4.339127811,5732
2026-09-18T23:44:53.505,26,0.0025,0.5,5,manhattan,0.9995,0.9996,0.9993,10,434,3180,0.26505478,1.115947967,4.145904773,5732
2026-09-18T23:44:59.109,26,0.0025,0.5,6,manhattan,0.998,0.9965,0.9996,3,1020,3215,0.310985446,1.121641922,4.164385279,5732
2026-09-18T23:45:05.596,26,0.0025,0.5,7,manhattan,0.9994,0.9994,0.9994,6,1038,3176,0.159952162,1.818944585,4.498402931,5732
2026-09-18T23:45:10.129,26,0.0025,0.5,8,manhattan,0.9836,0.9765,0.9914,59,600,2562,0.249871414,1.079766036,3.192010144,5732
2026-09-18T23:45:16.191,26,0.0025,0.55,5,manhattan,0.9948,0.9907,0.9991,10,434,3180,0.433028709,0.622726086,3.906079896,5732
2026-09-18T23:45:22.372,26,0.0025,0.55,6,manhattan,0.9994,0.9994,0.9996,3,1020,3215,0.242340493,1.477027948,4.457845578,5732
2026-09-18T23:45:28.659,26,0.0025,0.55,7,manhattan,0.9999,0.9999,0.9999,6,1038,3176,0.261935387,1.865061656,4.156752949,5732
2026-09-18T23:45:32.285,26,0.0025,0.55,8,manhattan,0.9991,0.9993,0.9989,59,600,2562,0.140384226,0.774232893,2.709812089,5732
2026-09-18T23:45:38.76,26,0.0025,0.6,5,manhattan,0.9948,0.9915,0.9981,10,434,3180,0.201523122,0.882594029,4.217500173,5732
2026-09-18T23:45:45.162,26,0.0025,0.6,6,manhattan,0.9996,0.9997,0.9996,3,1020,3215,0.38638231,1.59770316,4.414569164,5732
2026-09-18T23:45:50.502,26,0.0025,0.6,7,manhattan,0.9994,0.9992,0.9996,7,1038,3171,0.191200572,1.236694417,3.910437506,5732
2026-09-18T23:45:55.053,26,0.0025,0.6,8,manhattan,0.9984,0.9982,0.9986,59,600,2562,0.202587852,1.028554736,3.316172254,5732
2026-09-18T23:46:01.7,26,0.0025,0.65,5,manhattan,0.9963,0.9969,0.9958,10,434,3180,0.347667162,1.022585956,4.167184311,5732
2026-09-18T23:46:07.4,26,0.0025,0.65,6,manhattan,0.9998,0.9999,0.9998,3,1020,3215,0.299530349,1.47669725,3.915049758,5732
2026-09-18T23:46:13.638,26,0.0025,0.65,7,manhattan,0.999,0.9985,0.9996,7,1038,3171,0.27613001,1.660405174,4.298510185,5732
2026-09-18T23:46:18.307,26,0.0025,0.65,8,manhattan,0.9975,0.996,0.999,59,600,2555,0.227656352,1.040894443,3.3979068,5732
2026-09-18T23:46:24.492,26,0.0025,0.7,5,manhattan,0.9968,0.9949,0.9986,11,434,3178,0.251938438,0.989637329,3.805310093,5732
2026-09-18T23:46:30.197,26,0.0025,0.7,6,manhattan,0.9995,0.9995,0.9995,3,1020,3215,0.233107468,1.265409262,4.204170884,5732
2026-09-18T23:46:36.995,26,0.0025,0.7,7,manhattan,0.9996,0.9996,0.9997,7,1038,3171,0.280827119,1.737263676,4.77746446,5732
2026-09-18T23:46:41.328,26,0.0025,0.7,8,manhattan,0.9972,0.9955,0.9989,59,600,2544,0.199408255,0.915336136,3.215393442,5732
2026-09-18T23:46:47.414,26,0.0025,0.75,5,manhattan,0.9994,0.9996,0.9993,11,434,3163,0.289048422,0.693733352,3.973862029,5732
2026-09-18T23:46:53.891,26,0.0025,0.75,6,manhattan,0.9999,0.9999,0.9999,3,1020,3215,0.225987005,1.536522359,4.711020767,5732
2026-09-18T23:47:00.367,26,0.0025,0.75,7,manhattan,0.9996,0.9997,0.9994,8,1038,3168,0.356294243,1.727015648,4.390424944,5732
2026-09-18T23:47:04.304,26,0.0025,0.75,8,manhattan,0.9987,0.9992,0.9982,60,600,2538,0.215886899,0.758976613,2.95875992,5732
2026-09-18T23:47:10.726,26,0.0025,0.8,5,manhattan,0.9996,0.9997,0.9994,12,434,3161,0.213691717,0.998914423,4.139574844,5732
2026-09-18T23:47:17.368,26,0.0025,0.8,6,manhattan,0.9999,0.9999,0.9999,4,1020,3212,0.440495306,1.605431662,4.59428342,5732
2026-09-18T23:47:22.889,26,0.0025,0.8,7,manhattan,0.9994,0.9995,0.9993,11,1038,3143,0.168439211,1.521904289,3.8278268,5732
2026-09-18T23:47:27.028,26,0.0025,0.8,8,manhattan,0.997,0.9958,0.9981,60,600,2474,0.225060629,0.820702803,3.090552125,5732
2026-09-18T23:47:33.871,26,0.003,0.5,5,manhattan,0.9994,0.9994,0.9993,3,434,3217,0.351515489,1.193851996,4.154573759,5732
2026-09-18T23:47:39.081,26,0.003,0.5,6,manhattan,0.9996,0.9996,0.9997,1,1020,3224,0.360115752,1.252163085,3.595224775,5732
2026-09-18T23:47:45.458,26,0.003,0.5,7,manhattan,0.9999,0.9999,0.9999,4,1038,3199,0.294557506,1.75055155,4.327107209,5732
2026-09-18T23:47:50.529,26,0.003,0.5,8,manhattan,0.993,0.9894,0.9968,35,600,2782,0.167473514,1.259551041,3.642178615,5732
2026-09-18T23:47:54.11,26,0.003,0.5,9,manhattan,0.995,0.997,0.9932,55,474,2006,0.356127113,0.898388368,2.322916864,5732
2026-09-18T23:47:56.883,26,0.003,0.5,10,manhattan,0.9892,0.9866,0.9924,51,403,1523,0.7292124,0.659716291,1.381948959,5732
2026-09-18T23:48:00.426,26,0.003,0.55,5,manhattan,0.9986,0.9983,0.9989,3,434,3217,0.196269097,0.620877804,2.722495763,5732
2026-09-18T23:48:04.661,26,0.003,0.55,6,manhattan,0.998,0.9967,0.9994,1,1020,3224,0.246847354,0.857223745,3.129994182,5732
2026-09-18T23:48:08.867,26,0.003,0.55,7,manhattan,0.9992,0.999,0.9994,4,1038,3196,0.170027472,1.111397595,2.922832281,5732
2026-09-18T23:48:12.146,26,0.003,0.55,8,manhattan,0.9989,0.9993,0.9984,35,600,2782,0.143302057,0.711151082,2.422133814,5732
2026-09-18T23:48:14.528,26,0.003,0.55,9,manhattan,0.9991,0.9992,0.9989,55,474,2006,0.219004059,0.456729366,1.704096026,5732
2026-09-18T23:48:17.039,26,0.003,0.55,10,manhattan,0.9629,0.9484,0.9829,51,403,1523,0.698622524,0.459404358,1.35079197,5732
2026-09-18T23:48:20.606,26,0.003,0.6,5,manhattan,0.9996,0.9998,0.9994,3,434,3217,0.19325244,0.585379339,2.7853156,5732
2026-09-18T23:48:24.747,26,0.003,0.6,6,manhattan,0.9998,0.9997,0.9998,1,1020,3224,0.215090778,0.835557286,3.088756505,5732
2026-09-18T23:48:28.786,26,0.003,0.6,7,manhattan,0.9996,0.9995,0.9996,4,1038,3196,0.167790525,1.07285321,2.795708968,5732
2026-09-18T23:48:32.053,26,0.003,0.6,8,manhattan,0.9855,0.9778,0.9945,35,600,2782,0.139904486,0.694149885,2.431432769,5732
2026-09-18T23:48:34.387,26,0.003,0.6,9,manhattan,0.9946,0.9935,0.9958,55,474,2006,0.209659916,0.466493533,1.654687682,5732
2026-09-18T23:48:37.043,26,0.003,0.6,10,manhattan,0.9828,0.9825,0.9842,51,403,1523,0.699526341,0.597805719,1.357345043,5732
2026-09-18T23:48:40.581,26,0.003,0.65,5,manhattan,0.9996,0.9995,0.9997,3,434,3217,0.198617721,0.574663374,2.762396956,5732
2026-09-18T23:48:44.663,26,0.003,0.65,6,manhattan,0.9992,0.9987,0.9997,1,1020,3224,0.211105911,0.870149211,2.998845005,5732
2026-09-18T23:48:48.808,26,0.003,0.65,7,manhattan,0.9999,0.9999,0.9999,4,1038,3196,0.16279212,1.077916986,2.902323722,5732
2026-09-18T23:48:51.982,26,0.003,0.65,8,manhattan,0.9993,0.9991,0.9995,36,600,2779,0.134693345,0.691310206,2.346380689,5732
2026-09-18T23:48:54.362,26,0.003,0.65,9,manhattan,0.8768,0.9691,0.8687,55,474,1998,0.209091478,0.468701497,1.699081698,5732
2026-09-18T23:48:57.494,26,0.003,0.65,10,manhattan,0.9238,0.9125,0.9679,51,403,1523,0.698059813,0.702030642,1.729256089,5732
2026-09-18T23:49:01.064,26,0.003,0.7,5,manhattan,0.9994,0.9997,0.9993,3,434,3217,0.206804593,0.57329176,2.788654365,5732
2026-09-18T23:49:05.699,26,0.003,0.7,6,manhattan,0.9996,0.9994,0.9997,1,1020,3224,0.216141751,0.905168285,3.510961204,5732
2026-09-18T23:49:11.792,26,0.003,0.7,7,manhattan,0.9998,0.9999,0.9998,4,1038,3196,0.166113984,1.601530464,4.3180124,5732
2026-09-18T23:49:16.8,26,0.003,0.7,8,manhattan,0.9963,0.9976,0.995,37,600,2770,0.287089233,1.191562178,3.526770488,5732
2026-09-18T23:49:19.702,26,0.003,0.7,9,manhattan,0.9922,0.9956,0.9891,54,474,1970,0.299599352,0.730923513,1.868425494,5732
2026-09-18T23:49:22.916,26,0.003,0.7,10,manhattan,0.9728,0.9753,0.9722,51,403,1520,0.722497994,0.572541524,1.916232657,5732
2026-09-18T23:49:28.342,26,0.003,0.75,5,manhattan,0.9995,0.9997,0.9993,4,434,3206,0.280671792,0.905736933,4.237449513,5732
2026-09-18T23:49:34.879,26,0.003,0.75,6,manhattan,0.9998,0.9997,0.9998,1,1020,3224,0.243876024,1.415704812,4.874836761,5732
2026-09-18T23:49:40.235,26,0.003,0.75,7,manhattan,0.9992,0.999,0.9993,4,1038,3196,0.243850532,1.381579218,3.728022485,5732
2026-09-18T23:49:45.205,26,0.003,0.75,8,manhattan,0.999,0.999,0.999,38,600,2768,0.22285483,0.940088464,3.804680474,5732
2026-09-18T23:49:48.951,26,0.003,0.75,9,manhattan,0.9977,0.9971,0.9983,55,474,1964,0.229609954,0.724955291,2.788293006,5732
2026-09-18T23:49:52.633,26,0.003,0.75,10,manhattan,0.9519,0.9428,0.9715,51,403,1514,0.960149689,0.944550836,1.774984423,5732
2026-09-18T23:49:57.312,26,0.003,0.8,5,manhattan,0.9945,0.9906,0.9984,5,434,3204,0.216380747,0.59880005,3.861789874,5732
2026-09-18T23:50:03.725,26,0.003,0.8,6,manhattan,0.9992,0.9987,0.9996,1,1020,3224,0.2312976,1.302711379,4.876228768,5732
2026-09-18T23:50:09.423,26,0.003,0.8,7,manhattan,0.9997,0.9997,0.9998,6,1038,3189,0.341653753,1.642679513,3.711081282,5732
2026-09-18T23:50:13.745,26,0.003,0.8,8,manhattan,0.9976,0.9975,0.9977,39,600,2722,0.142858286,0.776305575,3.400360326,5732
2026-09-18T23:50:17.478,26,0.003,0.8,9,manhattan,0.973,0.9863,0.9641,54,474,1938,0.30553391,0.850584698,2.575024039,5732
2026-09-18T23:50:21.433,26,0.003,0.8,10,manhattan,0.9947,0.9965,0.9929,51,403,1504,0.926083321,0.816638946,2.078298148,5732
2026-09-18T23:51:28.05,27,0.002,0.5,5,manhattan,0.9972,0.996,0.9986,16,434,3148,1.342809315,7.404610808,5.865223767,5732
2026-09-18T23:51:35.875,27,0.002,0.5,6,manhattan,0.9995,0.9997,0.9994,4,1014,3206,0.38681379,1.646780945,4.338414172,5732
2026-09-18T23:51:41.373,27,0.002,0.5,7,manhattan,0.9996,0.9995,0.9996,16,1054,3141,0.160196606,1.21146172,4.123349304,5732
2026-09-18T23:51:49.392,27,0.002,0.55,5,manhattan,0.9994,0.9995,0.9993,16,434,3148,0.338956201,1.137135175,4.168410305,5732
2026-09-18T23:51:54.891,27,0.002,0.55,6,manhattan,0.9994,0.9995,0.9993,5,1014,3204,0.371309711,1.321139575,3.804157223,5732
2026-09-18T23:52:01.201,27,0.002,0.55,7,manhattan,0.9996,0.9996,0.9996,17,1054,3131,0.23566848,1.757703302,4.313161291,5732
2026-09-18T23:52:07.64,27,0.002,0.6,5,manhattan,0.8916,0.8672,0.9565,16,434,3148,0.38477086,0.919413683,3.765753428,5732
2026-09-18T23:52:13.465,27,0.002,0.6,6,manhattan,0.9998,0.9999,0.9996,5,1014,3204,0.208419813,1.168599255,4.445379598,5732
2026-09-18T23:52:20.114,27,0.002,0.6,7,manhattan,0.9994,0.9992,0.9996,18,1054,3125,0.273448452,1.910786429,4.462071328,5732
2026-09-18T23:52:26.203,27,0.002,0.65,5,manhattan,0.9914,0.9916,0.9914,16,434,3148,0.443051918,0.718827274,3.569008223,5732
2026-09-18T23:52:32.299,27,0.002,0.65,6,manhattan,0.9997,0.9997,0.9998,5,1014,3204,0.318068195,1.320715428,4.454120591,5732
2026-09-18T23:52:39.048,27,0.002,0.65,7,manhattan,0.9996,0.9997,0.9996,18,1054,3124,0.368259531,1.932836037,4.445458938,5732
2026-09-18T23:52:45.25,27,0.002,0.7,5,manhattan,0.9499,0.9623,0.9482,16,434,3148,0.344764416,0.729719728,3.839100449,5732
2026-09-18T23:52:51.522,27,0.002,0.7,6,manhattan,0.9994,0.9996,0.9992,5,1014,3204,0.277540316,1.390430001,4.594318481,5732
2026-09-18T23:52:58.053,27,0.002,0.7,7,manhattan,0.9979,0.9963,0.9995,19,1054,3121,0.294399874,1.87933513,4.354004713,5732
2026-09-18T23:53:04.106,27,0.002,0.75,5,manhattan,0.8509,0.9265,0.8685,19,434,3126,0.187480613,0.936890079,3.746677595,5732
2026-09-18T23:53:10.564,27,0.002,0.75,6,manhattan,0.9998,0.9999,0.9996,5,1014,3204,0.314865201,1.71883611,4.421461526,5732
2026-09-18T23:53:16.963,27,0.002,0.75,7,manhattan,0.9996,0.9997,0.9995,20,1054,3116,0.276293997,1.7380591,4.381914079,5732
2026-09-18T23:53:23.368,27,0.002,0.8,5,manhattan,0.9991,0.999,0.9992,19,434,3124,0.309659787,1.057983571,3.89248486,5732
2026-09-18T23:53:29.757,27,0.002,0.8,6,manhattan,0.9996,0.9996,0.9996,5,1014,3204,0.35845709,1.611037617,4.416417514,5732
2026-09-18T23:53:35.541,27,0.002,0.8,7,manhattan,0.9999,0.9999,0.9999,24,1054,3079,0.233697837,1.880260738,3.668756805,5732
2026-09-18T23:53:42.175,27,0.0025,0.5,5,manhattan,0.9959,0.9926,0.9992,7,434,3198,0.301873665,0.966348666,4.188431791,5732
2026-09-18T23:53:48.739,27,0.0025,0.5,6,manhattan,0.9998,0.9999,0.9997,2,1014,3218,0.364077082,1.349893182,4.847042144,5732
2026-09-18T23:53:54.505,27,0.0025,0.5,7,manhattan,0.9996,0.9998,0.9995,5,1054,3202,0.316833191,1.652709706,3.793166641,5732
2026-09-18T23:53:58.742,27,0.0025,0.5,8,manhattan,0.9989,0.9989,0.9989,56,624,2628,0.188059179,1.113418943,2.932909268,5732
2026-09-18T23:54:05.685,27,0.0025,0.55,5,manhattan,0.9998,0.9998,0.9998,7,434,3198,0.405258327,1.274942116,4.141471175,5732
2026-09-18T23:54:11.448,27,0.0025,0.55,6,manhattan,0.9999,0.9998,0.9999,2,1014,3218,0.397582205,1.383499157,3.979455551,5732
2026-09-18T23:54:18.022,27,0.0025,0.55,7,manhattan,0.9995,0.9994,0.9997,7,1054,3183,0.281405964,1.577078105,4.711585574,5732
2026-09-18T23:54:22.584,27,0.0025,0.55,8,manhattan,0.9981,0.997,0.9992,57,624,2607,0.282152288,1.150328622,3.127503709,5732
2026-09-18T23:54:28.352,27,0.0025,0.6,5,manhattan,0.9996,0.9996,0.9997,7,434,3198,0.240692726,0.596541801,3.883385093,5732
2026-09-18T23:54:34.859,27,0.0025,0.6,6,manhattan,0.9998,0.9999,0.9996,2,1014,3218,0.220731933,1.437659295,4.845810213,5732
2026-09-18T23:54:41.027,27,0.0025,0.6,7,manhattan,0.9997,0.9997,0.9998,8,1054,3180,0.251588743,1.726855433,4.179962901,5732
2026-09-18T23:54:45.08,27,0.0025,0.6,8,manhattan,0.9994,0.9995,0.9993,58,624,2603,0.208822519,1.210006086,2.624871825,5732
2026-09-18T23:54:51.694,27,0.0025,0.65,5,manhattan,0.9971,0.9961,0.9981,7,434,3198,0.376685539,0.951106004,4.21281368,5732
2026-09-18T23:54:58.225,27,0.0025,0.65,6,manhattan,0.9998,0.9999,0.9998,2,1014,3218,0.37304024,1.609177462,4.546400061,5732
2026-09-18T23:55:04.114,27,0.0025,0.65,7,manhattan,0.9996,0.9996,0.9997,8,1054,3180,0.297217413,1.684412225,3.897640059,5732
2026-09-18T23:55:08.663,27,0.0025,0.65,8,manhattan,0.9987,0.9985,0.999,59,624,2598,0.240359932,1.153091056,3.151571452,5732
2026-09-18T23:55:15.164,27,0.0025,0.7,5,manhattan,0.9955,0.9963,0.9947,7,434,3197,0.19103861,0.897430215,4.300967902,5732
2026-09-18T23:55:21.091,27,0.0025,0.7,6,manhattan,0.9994,0.9996,0.9993,2,1014,3218,0.335080497,1.594832471,3.98538543,5732
2026-09-18T23:55:27.281,27,0.0025,0.7,7,manhattan,0.998,0.9969,0.9991,9,1054,3178,0.221443058,1.591596303,4.374337481,5732
2026-09-18T23:55:31.894,27,0.0025,0.7,8,manhattan,0.9992,0.9993,0.9989,59,624,2595,0.174787858,1.046022334,3.390085618,5732
2026-09-18T23:55:38.187,27,0.0025,0.75,5,manhattan,0.9988,0.9989,0.9987,8,434,3183,0.475556424,1.212906528,3.524231965,5732
2026-09-18T23:55:44.172,27,0.0025,0.75,6,manhattan,0.9999,0.9999,0.9999,2,1014,3218,0.227052574,1.261237151,4.493400475,5732
2026-09-18T23:55:50.697,27,0.0025,0.75,7,manhattan,0.9993,0.9991,0.9995,9,1054,3176,0.322904428,1.743677766,4.454908611,5732
2026-09-18T23:55:55.213,27,0.0025,0.75,8,manhattan,0.9995,0.9995,0.9994,61,624,2587,0.143568223,1.243943947,3.126291194,5732
2026-09-18T23:56:01.653,27,0.0025,0.8,5,manhattan,0.9953,0.9916,0.999,8,434,3183,0.370744415,1.052283959,4.053950135,5732
2026-09-18T23:56:08.134,27,0.0025,0.8,6,manhattan,0.9995,0.9993,0.9996,2,1014,3218,0.315153506,1.516083921,4.647559578,5732
2026-09-18T23:56:13.863,27,0.0025,0.8,7,manhattan,0.9998,0.9999,0.9997,12,1054,3155,0.275784016,2.061252391,3.389727332,5732
2026-09-18T23:56:18.295,27,0.0025,0.8,8,manhattan,0.999,0.9988,0.9991,59,624,2536,0.197392216,1.007837772,3.223975755,5732
2026-09-18T23:56:24.859,27,0.003,0.5,5,manhattan,0.9984,0.998,0.9988,4,434,3211,0.376102643,0.901128452,4.165254664,5732
2026-09-18T23:56:30.428,27,0.003,0.5,6,manhattan,0.9998,0.9999,0.9998,1,1014,3220,0.313554349,1.493241265,3.759896465,5732
2026-09-18T23:56:34.861,27,0.003,0.5,7,manhattan,0.9984,0.998,0.9989,2,1054,3214,0.162377611,1.231636018,3.037136495,5732
2026-09-18T23:56:38.121,27,0.003,0.5,8,manhattan,0.9994,0.9995,0.9993,37,624,2781,0.154370093,0.731315742,2.371508764,5732
2026-09-18T23:56:40.524,27,0.003,0.5,9,manhattan,0.9992,0.9991,0.9993,62,517,2087,0.207451324,0.494220963,1.699923845,5732
2026-09-18T23:56:43.147,27,0.003,0.5,10,manhattan,0.9988,0.9985,0.9991,59,428,1618,0.681751861,0.599859962,1.338337864,5732
2026-09-18T23:56:46.778,27,0.003,0.55,5,manhattan,0.9991,0.999,0.9992,4,434,3211,0.194955522,0.600883697,2.824469072,5732
2026-09-18T23:56:50.983,27,0.003,0.55,6,manhattan,0.999,0.9983,0.9996,1,1014,3220,0.211539626,0.857812298,3.13433922,5732
2026-09-18T23:56:55.084,27,0.003,0.55,7,manhattan,0.9996,0.9997,0.9994,3,1054,3206,0.163162139,1.025838677,2.909572484,5732
2026-09-18T23:56:58.372,27,0.003,0.55,8,manhattan,0.9992,0.999,0.9993,37,624,2770,0.148993148,0.709612617,2.427080606,5732
2026-09-18T23:57:00.78,27,0.003,0.55,9,manhattan,0.9948,0.9925,0.9971,61,517,2073,0.206907958,0.509010005,1.689266965,5732
2026-09-18T23:57:03.25,27,0.003,0.55,10,manhattan,0.9373,0.9229,0.9738,59,428,1618,0.66447081,0.516554126,1.28737066,5732
2026-09-18T23:57:06.756,27,0.003,0.6,5,manhattan,0.9996,0.9995,0.9997,4,434,3211,0.18682138,0.592006374,2.723669378,5732
2026-09-18T23:57:10.944,27,0.003,0.6,6,manhattan,0.9998,0.9999,0.9996,1,1014,3220,0.211329962,0.858043613,3.117104405,5732
2026-09-18T23:57:15.059,27,0.003,0.6,7,manhattan,0.9992,0.9992,0.9992,3,1054,3206,0.200223723,1.035222978,2.877658486,5732
2026-09-18T23:57:18.351,27,0.003,0.6,8,manhattan,0.9951,0.9927,0.9976,37,624,2770,0.154779433,0.704344066,2.429826278,5732
2026-09-18T23:57:20.742,27,0.003,0.6,9,manhattan,0.9996,0.9994,0.9997,60,517,2059,0.209423154,0.504782718,1.674943066,5732
2026-09-18T23:57:23.38,27,0.003,0.6,10,manhattan,0.9854,0.9789,0.993,59,428,1618,0.676539672,0.621669526,1.337698955,5732
2026-09-18T23:57:26.999,27,0.003,0.65,5,manhattan,0.9997,0.9998,0.9997,4,434,3211,0.195639547,0.580664002,2.840302451,5732
2026-09-18T23:57:31.676,27,0.003,0.65,6,manhattan,0.9998,0.9999,0.9998,1,1014,3220,0.216707325,0.881437666,3.576389614,5732
2026-09-18T23:57:35.821,27,0.003,0.65,7,manhattan,0.9996,0.9996,0.9997,3,1054,3202,0.158135729,1.05358636,2.930637399,5732
2026-09-18T23:57:39.395,27,0.003,0.65,8,manhattan,0.9993,0.9992,0.9994,37,624,2770,0.247579221,0.986722291,2.337340147,5732
2026-09-18T23:57:43.111,27,0.003,0.65,9,manhattan,0.9947,0.9921,0.9974,60,517,2047,0.350538409,0.932309396,2.430981035,5732
2026-09-18T23:57:47.018,27,0.003,0.65,10,manhattan,0.7043,0.8472,0.8322,59,428,1612,1.086584575,0.886321322,1.932054442,5732
2026-09-18T23:57:51.928,27,0.003,0.7,5,manhattan,0.9994,0.9996,0.9993,4,434,3211,0.316583019,0.94998072,3.641155509,5732
2026-09-18T23:57:57.253,27,0.003,0.7,6,manhattan,0.9999,0.9999,0.9999,1,1014,3220,0.217327587,0.854893699,4.251039379,5732
2026-09-18T23:58:03.595,27,0.003,0.7,7,manhattan,0.9995,0.9994,0.9997,3,1054,3202,0.182644589,1.617830315,4.534700799,5732
2026-09-18T23:58:08.463,27,0.003,0.7,8,manhattan,0.9976,0.9963,0.999,38,624,2768,0.28643915,1.040295834,3.537557692,5732
2026-09-18T23:58:11.088,27,0.003,0.7,9,manhattan,0.9942,0.9925,0.996,60,517,2041,0.236195293,0.606466324,1.780548263,5732
2026-09-18T23:58:14.87,27,0.003,0.7,10,manhattan,0.9965,0.9947,0.9983,58,428,1599,0.962938244,0.892500534,1.922980168,5732
2026-09-18T23:58:20.44,27,0.003,0.75,5,manhattan,0.9997,0.9996,0.9998,5,434,3200,0.359124773,0.938743739,4.260895737,5732
2026-09-18T23:58:25.869,27,0.003,0.75,6,manhattan,0.9998,0.9997,0.9998,1,1014,3220,0.301826523,1.218554038,3.906203864,5732
2026-09-18T23:58:31.721,27,0.003,0.75,7,manhattan,0.9996,0.9995,0.9996,3,1054,3202,0.16251939,1.252393841,4.433732788,5732
2026-09-18T23:58:36.75,27,0.003,0.75,8,manhattan,0.9996,0.9996,0.9997,39,624,2763,0.250141211,1.137179873,3.638911786,5732
2026-09-18T23:58:40.015,27,0.003,0.75,9,manhattan,0.9982,0.9982,0.9982,59,517,2027,0.288936676,0.756419441,2.216829972,5732
2026-09-18T23:58:43.139,27,0.003,0.75,10,manhattan,0.9886,0.9852,0.9925,58,428,1593,0.787348957,0.365603605,1.967183447,5732
2026-09-18T23:58:48.602,27,0.003,0.8,5,manhattan,0.9996,0.9997,0.9995,5,434,3200,0.334951849,0.954698713,4.17005011,5732
2026-09-18T23:58:54.798,27,0.003,0.8,6,manhattan,0.9998,0.9999,0.9998,1,1014,3220,0.344897813,1.235036174,4.61414001,5732
2026-09-18T23:59:00.255,27,0.003,0.8,7,manhattan,0.9996,0.9995,0.9996,4,1054,3193,0.22559275,1.05774611,4.170351475,5732
2026-09-18T23:59:05.039,27,0.003,0.8,8,manhattan,0.9986,0.9981,0.9991,39,624,2730,0.161461293,1.167043818,3.452576292,5732
2026-09-18T23:59:08.754,27,0.003,0.8,9,manhattan,0.9975,0.9968,0.9982,57,517,1973,0.324989262,0.920234388,2.467066097,5732
2026-09-18T23:59:11.845,27,0.003,0.8,10,manhattan,0.9967,0.9972,0.9961,57,428,1576,0.790215733,0.377352383,1.909860472,5732
2026-09-19T00:00:18.695,28,0.002,0.5,5,manhattan,0.9985,0.9982,0.9989,16,430,3145,1.49922129,7.32199689,5.944986343,5732
2026-09-19T00:00:25.876,28,0.002,0.5,6,manhattan,0.9993,0.9994,0.9992,4,1002,3207,0.40413891,1.560785589,3.898690264,5732
2026-09-19T00:00:32.231,28,0.002,0.5,7,manhattan,0.9996,0.9996,0.9996,19,1065,3125,0.236700176,1.811464927,4.303474228,5732
2026-09-19T00:00:39.414,28,0.002,0.55,5,manhattan,0.9824,0.9894,0.977,16,430,3145,0.376392414,1.081933003,3.085101778,5732
2026-09-19T00:00:46.047,28,0.002,0.55,6,manhattan,0.9998,0.9998,0.9998,5,1002,3203,0.350471641,1.760650188,4.519246238,5732
2026-09-19T00:00:52.538,28,0.002,0.55,7,manhattan,0.9948,0.9912,0.9986,19,1065,3119,0.18720935,2.422050982,3.87895394,5732
2026-09-19T00:00:59.347,28,0.002,0.6,5,manhattan,0.9972,0.9967,0.9979,16,430,3145,0.275501229,1.300776007,4.140647676,5732
2026-09-19T00:01:05.962,28,0.002,0.6,6,manhattan,0.9999,0.9999,0.9999,5,1002,3203,0.325198507,1.598609142,4.687937018,5732
2026-09-19T00:01:12.121,28,0.002,0.6,7,manhattan,0.9996,0.9996,0.9997,19,1065,3119,0.264386748,2.4520852,3.439885353,5732
2026-09-19T00:01:19.062,28,0.002,0.65,5,manhattan,0.9985,0.9984,0.9986,16,430,3145,0.406899389,1.113554226,4.108220833,5732
2026-09-19T00:01:25.705,28,0.002,0.65,6,manhattan,0.9997,0.9997,0.9997,5,1002,3203,0.226700084,1.871272227,4.542095809,5732
2026-09-19T00:01:31.777,28,0.002,0.65,7,manhattan,0.9983,0.998,0.9986,19,1065,3119,0.280004598,2.136047363,3.653180301,5732
2026-09-19T00:01:38.539,28,0.002,0.7,5,manhattan,0.9972,0.9989,0.9955,16,430,3145,0.210694406,1.160031469,4.246895204,5732
2026-09-19T00:01:45.111,28,0.002,0.7,6,manhattan,0.9998,0.9999,0.9998,5,1002,3203,0.339496634,1.764577645,4.465735554,5732
2026-09-19T00:01:50.899,28,0.002,0.7,7,manhattan,0.9996,0.9997,0.9995,19,1065,3119,0.243569141,1.475818856,4.06535327,5732
2026-09-19T00:01:57.914,28,0.002,0.75,5,manhattan,0.9987,0.9988,0.9986,19,430,3123,0.309003558,1.13080741,4.152697192,5732
2026-09-19T00:02:03.967,28,0.002,0.75,6,manhattan,0.9997,0.9998,0.9997,5,1002,3203,0.273437976,1.818853651,3.95719195,5732
2026-09-19T00:02:10.876,28,0.002,0.75,7,manhattan,0.9996,0.9996,0.9995,19,1065,3116,0.181836595,2.334392144,4.389428169,5732
2026-09-19T00:02:17.964,28,0.002,0.8,5,manhattan,0.9968,0.9978,0.9958,19,430,3117,0.343962569,1.409193784,4.114396135,5732
2026-09-19T00:02:23.623,28,0.002,0.8,6,manhattan,0.9989,0.9983,0.9995,5,1002,3203,0.279941252,1.323585628,4.052895461,5732
2026-09-19T00:02:30.668,28,0.002,0.8,7,manhattan,0.9979,0.9966,0.9993,24,1065,3090,0.18628046,2.343591715,4.508431518,5732
2026-09-19T00:02:36.861,28,0.0025,0.5,5,manhattan,0.9984,0.9981,0.9986,10,430,3180,0.281122617,1.238257256,3.388997839,5732
2026-09-19T00:02:43.281,28,0.0025,0.5,6,manhattan,0.9998,0.9999,0.9998,3,1002,3215,0.296779508,1.687781929,4.432804456,5732
2026-09-19T00:02:49.952,28,0.0025,0.5,7,manhattan,0.9996,0.9997,0.9994,10,1065,3168,0.256948436,1.909022865,4.500688069,5732
2026-09-19T00:02:54.358,28,0.0025,0.5,8,manhattan,0.9834,0.9875,0.9807,59,671,2695,0.261086954,1.447641369,2.694132848,5732
2026-09-19T00:03:00.699,28,0.0025,0.55,5,manhattan,0.997,0.9956,0.9984,10,430,3180,0.29187518,0.705633407,4.205298613,5732
2026-09-19T00:03:07.58,28,0.0025,0.55,6,manhattan,0.9999,0.9999,0.9999,3,1002,3215,0.40752405,1.866910706,4.602231364,5732
2026-09-19T00:03:13.514,28,0.0025,0.55,7,manhattan,0.9996,0.9998,0.9995,10,1065,3163,0.223152563,1.856512449,3.852103439,5732
2026-09-19T00:03:18.651,28,0.0025,0.55,8,manhattan,0.9989,0.9986,0.9993,60,671,2678,0.228891286,1.50084971,3.403309935,5732
2026-09-19T00:03:25.596,28,0.0025,0.6,5,manhattan,0.9991,0.9988,0.9993,10,430,3180,0.30584638,1.17870327,4.394032598,5732
2026-09-19T00:03:31.315,28,0.0025,0.6,6,manhattan,0.9998,0.9999,0.9998,4,1002,3213,0.363647488,1.577090397,3.775133818,5732
2026-09-19T00:03:37.827,28,0.0025,0.6,7,manhattan,0.9997,0.9998,0.9996,10,1065,3163,0.279099523,1.86698362,4.364322793,5732
2026-09-19T00:03:43.334,28,0.0025,0.6,8,manhattan,0.9993,0.9994,0.9992,60,671,2678,0.160282302,1.874185659,3.470165273,5732
2026-09-19T00:03:49.569,28,0.0025,0.65,5,manhattan,0.9977,0.9967,0.9988,10,430,3180,0.349488135,1.057351087,3.659502897,5732
2026-09-19T00:03:55.957,28,0.0025,0.65,6,manhattan,0.9996,0.9998,0.9995,4,1002,3213,0.341185607,1.508575838,4.535439442,5732
2026-09-19T00:04:02.861,28,0.0025,0.65,7,manhattan,0.9999,0.9999,0.9999,10,1065,3163,0.301870243,2.254101568,4.34555901,5732
2026-09-19T00:04:07.225,28,0.0025,0.65,8,manhattan,0.9968,0.9946,0.999,60,671,2678,0.13709477,1.375857397,2.847021188,5732
2026-09-19T00:04:13.714,28,0.0025,0.7,5,manhattan,0.9988,0.9989,0.9987,10,430,3180,0.21573276,0.839853227,4.290826591,5732
2026-09-19T00:04:20.348,28,0.0025,0.7,6,manhattan,0.9997,0.9997,0.9997,4,1002,3213,0.426017825,1.782973992,4.421929532,5732
2026-09-19T00:04:26.194,28,0.0025,0.7,7,manhattan,0.9996,0.9996,0.9997,10,1065,3163,0.15972867,1.550654823,4.133093777,5732
2026-09-19T00:04:30.994,28,0.0025,0.7,8,manhattan,0.9972,0.9955,0.999,60,671,2677,0.170669384,1.426518765,3.200002368,5732
2026-09-19T00:04:37.994,28,0.0025,0.75,5,manhattan,0.9989,0.9992,0.9985,11,430,3166,0.444577881,1.078983463,4.297823785,5732
2026-09-19T00:04:43.624,28,0.0025,0.75,6,manhattan,0.9996,0.9996,0.9995,4,1002,3213,0.222851477,1.357478859,4.04758312,5732
2026-09-19T00:04:50.533,28,0.0025,0.75,7,manhattan,0.9998,0.9999,0.9998,10,1065,3160,0.29872913,2.07778167,4.528934419,5732
2026-09-19T00:04:55.82,28,0.0025,0.75,8,manhattan,0.9988,0.9982,0.9994,61,671,2660,0.203798691,1.53530712,3.545176264,5732
2026-09-19T00:05:00.774,28,0.0025,0.8,5,manhattan,0.9992,0.9992,0.9993,12,430,3159,0.299284159,0.835186429,2.947290646,5732
2026-09-19T00:05:05.084,28,0.0025,0.8,6,manhattan,0.9999,0.9999,0.9999,4,1002,3213,0.208921833,1.154948347,2.944403755,5732
2026-09-19T00:05:09.542,28,0.0025,0.8,7,manhattan,0.9993,0.9996,0.999,12,1065,3146,0.152572447,1.446208225,2.857873344,5732
2026-09-19T00:05:12.961,28,0.0025,0.8,8,manhattan,0.9982,0.999,0.9973,64,671,2615,0.13857764,1.038296834,2.239545796,5732
2026-09-19T00:05:17.352,28,0.003,0.5,5,manhattan,0.9995,0.9997,0.9993,4,430,3214,0.194874017,0.627205429,2.738888084,5732
2026-09-19T00:05:21.53,28,0.003,0.5,6,manhattan,0.9997,0.9997,0.9998,1,1002,3223,0.226215456,0.894020351,3.056139484,5732
2026-09-19T00:05:25.617,28,0.003,0.5,7,manhattan,0.999,0.9985,0.9995,3,1065,3201,0.156509752,1.139152263,2.78862601,5732
2026-09-19T00:05:29.246,28,0.003,0.5,8,manhattan,0.9972,0.9958,0.9988,37,671,2908,0.150309239,1.151259677,2.325380517,5732
2026-09-19T00:05:32.11,28,0.003,0.5,9,manhattan,0.992,0.9903,0.9939,60,581,2146,0.218103943,0.791351633,1.853084147,5732
2026-09-19T00:05:34.93,28,0.003,0.5,10,manhattan,0.9934,0.9942,0.9925,57,510,1650,0.690237165,0.604841047,1.515366232,5732
2026-09-19T00:05:38.56,28,0.003,0.55,5,manhattan,0.9998,0.9999,0.9998,4,430,3214,0.186158307,0.630617598,2.81038801,5732
2026-09-19T00:05:42.836,28,0.003,0.55,6,manhattan,0.9997,0.9998,0.9996,1,1002,3223,0.217686432,0.929388003,3.127436522,5732
2026-09-19T00:05:47.003,28,0.003,0.55,7,manhattan,0.9993,0.9988,0.9997,3,1065,3196,0.168529865,1.122432735,2.871669801,5732
2026-09-19T00:05:50.466,28,0.003,0.55,8,manhattan,0.998,0.9986,0.9975,36,671,2893,0.13103736,0.984132156,2.345925254,5732
2026-09-19T00:05:53.537,28,0.003,0.55,9,manhattan,0.9814,0.9876,0.9764,59,581,2132,0.206996098,0.959960559,1.901776617,5732
2026-09-19T00:05:56.459,28,0.003,0.55,10,manhattan,0.991,0.9919,0.9904,56,510,1637,0.685808734,0.641066071,1.593825359,5732
2026-09-19T00:06:00.568,28,0.003,0.6,5,manhattan,0.9983,0.9983,0.9983,4,430,3214,0.199559812,0.622858505,3.276896001,5732
2026-09-19T00:06:04.84,28,0.003,0.6,6,manhattan,0.9998,0.9999,0.9998,1,1002,3223,0.214755051,0.905847981,3.149074974,5732
2026-09-19T00:06:10.179,28,0.003,0.6,7,manhattan,0.9999,0.9999,0.9999,3,1065,3196,0.232792693,1.368099491,3.735930829,5732
2026-09-19T00:06:15.605,28,0.003,0.6,8,manhattan,0.999,0.9986,0.9995,36,671,2893,0.221479375,1.419857368,3.781500834,5732
2026-09-19T00:06:19.91,28,0.003,0.6,9,manhattan,0.9953,0.9942,0.9966,59,581,2132,0.238897105,1.680172436,2.382758946,5732
2026-09-19T00:06:23.787,28,0.003,0.6,10,manhattan,0.9792,0.9733,0.9861,56,510,1637,0.737452071,0.766589388,2.364857354,5732
2026-09-19T00:06:28.803,28,0.003,0.65,5,manhattan,0.9994,0.9994,0.9994,4,430,3214,0.240975863,0.667707467,4.103715019,5732
2026-09-19T00:06:35.326,28,0.003,0.65,6,manhattan,0.9998,0.9999,0.9996,1,1002,3223,0.423522185,1.575221862,4.520784494,5732
2026-09-19T00:06:40.263,28,0.003,0.65,7,manhattan,0.9998,0.9999,0.9996,3,1065,3196,0.167294721,1.229262181,3.538125781,5732
2026-09-19T00:06:45.712,28,0.003,0.65,8,manhattan,0.998,0.998,0.998,36,671,2893,0.198458623,1.422417053,3.826345256,5732
2026-09-19T00:06:50.102,28,0.003,0.65,9,manhattan,0.99,0.9927,0.9874,59,581,2125,0.228500733,1.409039504,2.74926888,5732
2026-09-19T00:06:53.462,28,0.003,0.65,10,manhattan,0.9853,0.9825,0.9888,56,510,1631,0.964985363,0.925785098,1.467680105,5732
2026-09-19T00:06:58.76,28,0.003,0.7,5,manhattan,0.9994,0.9993,0.9995,4,430,3214,0.212208496,0.767377337,4.315694855,5732
2026-09-19T00:07:05.262,28,0.003,0.7,6,manhattan,0.9997,0.9997,0.9998,1,1002,3223,0.429293943,1.471307035,4.59885712,5732
2026-09-19T00:07:10.914,28,0.003,0.7,7,manhattan,0.9999,0.9999,0.9999,3,1065,3196,0.2927336,1.6431823,3.70731879,5732
2026-09-19T00:07:16.209,28,0.003,0.7,8,manhattan,0.9973,0.9968,0.9978,36,671,2893,0.219627112,1.381885682,3.691567054,5732
2026-09-19T00:07:20.742,28,0.003,0.7,9,manhattan,0.9961,0.9973,0.9949,58,581,2110,0.233800015,1.400757369,2.896162948,5732
2026-09-19T00:07:23.827,28,0.003,0.7,10,manhattan,0.9877,0.9828,0.9929,56,510,1631,0.869110391,0.692955878,1.518919969,5732
2026-09-19T00:07:29.493,28,0.003,0.75,5,manhattan,0.9994,0.9994,0.9994,5,430,3203,0.382421817,1.000555485,4.279817781,5732
2026-09-19T00:07:35.701,28,0.003,0.75,6,manhattan,0.9998,0.9999,0.9998,1,1002,3223,0.323622188,1.202978373,4.677903193,5732
2026-09-19T00:07:41.485,28,0.003,0.75,7,manhattan,0.9997,0.9998,0.9997,4,1065,3194,0.177858991,1.245139771,4.349880373,5732
2026-09-19T00:07:47.04,28,0.003,0.75,8,manhattan,0.9998,0.9999,0.9998,37,671,2879,0.293977544,1.669487551,3.587817402,5732
2026-09-19T00:07:50.639,28,0.003,0.75,9,manhattan,0.9974,0.9974,0.9975,58,581,2098,0.309528415,1.190321097,2.090655523,5732
2026-09-19T00:07:54.785,28,0.003,0.75,10,manhattan,0.8583,0.9438,0.865,56,510,1618,0.821630296,1.445734281,1.876058733,5732
2026-09-19T00:08:00.549,28,0.003,0.8,5,manhattan,0.9989,0.9991,0.9986,6,430,3201,0.339985243,1.154285902,4.265629723,5732
2026-09-19T00:08:06.747,28,0.003,0.8,6,manhattan,0.9997,0.9998,0.9996,1,1002,3223,0.335107804,1.295410096,4.564970243,5732
2026-09-19T00:08:12.319,28,0.003,0.8,7,manhattan,0.9998,0.9999,0.9998,5,1065,3191,0.157415734,1.384472116,4.026703703,5732
2026-09-19T00:08:17.936,28,0.003,0.8,8,manhattan,0.9986,0.9992,0.9981,39,671,2855,0.248839369,1.723944865,3.641500385,5732
2026-09-19T00:08:22.284,28,0.003,0.8,9,manhattan,0.9918,0.9891,0.9947,56,581,2058,0.304115921,1.159107119,2.877371718,5732
2026-09-19T00:08:25.808,28,0.003,0.8,10,manhattan,0.7723,0.8728,0.8417,56,510,1618,0.907216732,1.002267995,1.612641732,5732
2026-09-19T00:09:32.364,29,0.002,0.5,5,manhattan,0.9977,0.998,0.9975,15,436,3154,1.350759076,7.214752727,5.765006201,5732
2026-09-19T00:09:39.574,29,0.002,0.5,6,manhattan,0.9994,0.9995,0.9994,5,995,3204,0.378121686,1.432887667,4.164841902,5732
2026-09-19T00:09:45.742,29,0.002,0.5,7,manhattan,0.9922,0.9871,0.9975,18,1024,3138,0.18371414,1.787915058,4.191600911,5732
2026-09-19T00:09:53.083,29,0.002,0.55,5,manhattan,0.9983,0.9987,0.9979,15,436,3154,0.339769714,1.076048242,3.490369952,5732
2026-09-19T00:09:59.402,29,0.002,0.55,6,manhattan,0.9997,0.9997,0.9998,6,995,3202,0.275532028,1.549038556,4.491643755,5732
2026-09-19T00:10:06.104,29,0.002,0.55,7,manhattan,0.9998,0.9999,0.9997,20,1024,3116,0.283502531,1.773467749,4.641102746,5732
2026-09-19T00:10:12.24,29,0.002,0.6,5,manhattan,0.9968,0.9965,0.9971,15,436,3154,0.195280563,1.072944213,3.540141402,5732
2026-09-19T00:10:18.401,29,0.002,0.6,6,manhattan,0.9997,0.9996,0.9998,7,995,3197,0.323306505,1.449698754,4.385269047,5732
2026-09-19T00:10:25.235,29,0.002,0.6,7,manhattan,0.9995,0.9994,0.9997,20,1024,3115,0.292340742,2.192901562,4.346212725,5732
2026-09-19T00:10:31.409,29,0.002,0.65,5,manhattan,0.9981,0.9979,0.9983,15,436,3154,0.309957242,0.828552481,3.895222082,5732
2026-09-19T00:10:38.006,29,0.002,0.65,6,manhattan,0.9997,0.9998,0.9997,7,995,3197,0.407430533,1.745651622,4.441525195,5732
2026-09-19T00:10:43.756,29,0.002,0.65,7,manhattan,0.9998,0.9999,0.9997,20,1024,3115,0.277004912,1.84625988,3.623545296,5732
2026-09-19T00:10:50.569,29,0.002,0.7,5,manhattan,0.9974,0.9966,0.9983,16,436,3137,0.359030347,1.153308961,3.988635357,5732
2026-09-19T00:10:57.113,29,0.002,0.7,6,manhattan,0.9993,0.9996,0.999,7,995,3197,0.242229655,1.692531419,4.606016904,5732
2026-09-19T00:11:02.45,29,0.002,0.7,7,manhattan,0.9992,0.999,0.9993,20,1024,3115,0.221735692,1.701692577,3.411374514,5732
2026-09-19T00:11:09.592,29,0.002,0.75,5,manhattan,0.9956,0.9924,0.9989,17,436,3134,0.382422585,1.294773772,4.2950661,5732
2026-09-19T00:11:15.616,29,0.002,0.75,6,manhattan,0.9998,0.9999,0.9998,7,995,3197,0.377796854,1.580470089,4.06365375,5732
2026-09-19T00:11:21.769,29,0.002,0.75,7,manhattan,0.9996,0.9996,0.9996,21,1024,3099,0.173756162,1.786201709,4.190246688,5732
2026-09-19T00:11:28.757,29,0.002,0.8,5,manhattan,0.9994,0.9994,0.9994,18,436,3129,0.423709639,1.304887426,4.041667629,5732
2026-09-19T00:11:34.598,29,0.002,0.8,6,manhattan,0.9991,0.999,0.9993,7,995,3197,0.363066269,1.599643072,3.875718261,5732
2026-09-19T00:11:40.638,29,0.002,0.8,7,manhattan,0.9999,0.9999,0.9999,26,1024,3075,0.220412688,1.928836992,3.888066838,5732
2026-09-19T00:11:47.842,29,0.0025,0.5,5,manhattan,0.9992,0.9992,0.9991,9,436,3185,0.345293605,1.225901346,4.415909698,5732
2026-09-19T00:11:53.637,29,0.0025,0.5,6,manhattan,0.9997,0.9998,0.9997,3,995,3213,0.304758532,1.49687532,3.990044476,5732
2026-09-19T00:12:00.193,29,0.0025,0.5,7,manhattan,0.9997,0.9997,0.9998,8,1024,3177,0.418988994,1.748555763,4.384797618,5732
2026-09-19T00:12:04.972,29,0.0025,0.5,8,manhattan,0.9873,0.9891,0.9857,61,613,2585,0.259986046,1.284935782,3.227577542,5732
2026-09-19T00:12:10.582,29,0.0025,0.55,5,manhattan,0.9996,0.9997,0.9996,9,436,3185,0.314973107,0.824938052,3.346623564,5732
2026-09-19T00:12:17.196,29,0.0025,0.55,6,manhattan,0.9996,0.9997,0.9994,3,995,3213,0.361606305,1.786465011,4.463792289,5732
2026-09-19T00:12:23.643,29,0.0025,0.55,7,manhattan,0.9988,0.9982,0.9992,10,1024,3159,0.200839654,1.701658076,4.541414786,5732
2026-09-19T00:12:27.601,29,0.0025,0.55,8,manhattan,0.9993,0.9992,0.9993,62,613,2582,0.269055012,1.135856589,2.550727147,5732
2026-09-19T00:12:34.351,29,0.0025,0.6,5,manhattan,0.9979,0.9972,0.9986,9,436,3185,0.360119733,1.161926823,4.1126992,5732
2026-09-19T00:12:41.077,29,0.0025,0.6,6,manhattan,0.998,0.9967,0.9994,3,995,3213,0.221348073,1.757776706,4.739145034,5732
2026-09-19T00:12:46.568,29,0.0025,0.6,7,manhattan,0.9994,0.9997,0.9992,10,1024,3158,0.31880111,1.675495511,3.493945899,5732
2026-09-19T00:12:50.88,29,0.0025,0.6,8,manhattan,0.9993,0.9991,0.9995,61,613,2568,0.200763736,1.079510556,3.028633801,5732
2026-09-19T00:12:57.82,29,0.0025,0.65,5,manhattan,0.9967,0.9959,0.9974,9,436,3185,0.360475156,1.152082198,4.346080236,5732
2026-09-19T00:13:03.447,29,0.0025,0.65,6,manhattan,0.9996,0.9997,0.9994,3,995,3213,0.328685195,1.568250579,3.727026129,5732
2026-09-19T00:13:09.622,29,0.0025,0.65,7,manhattan,0.9995,0.9995,0.9995,10,1024,3158,0.233183455,1.597197927,4.342195235,5732
2026-09-19T00:13:14.531,29,0.0025,0.65,8,manhattan,0.9989,0.9988,0.999,60,613,2535,0.253507338,1.47706116,3.174570605,5732
2026-09-19T00:13:19.67,29,0.0025,0.7,5,manhattan,0.9987,0.9983,0.9992,10,436,3170,0.414200412,0.803636966,2.839988564,5732
2026-09-19T00:13:24.039,29,0.0025,0.7,6,manhattan,0.9999,0.9999,0.9999,3,995,3213,0.223747311,1.113513327,3.029971772,5732
2026-09-19T00:13:28.261,29,0.0025,0.7,7,manhattan,0.9985,0.9978,0.9991,10,1024,3158,0.152206092,1.155066765,2.912726514,5732
2026-09-19T00:13:31.27,29,0.0025,0.7,8,manhattan,0.9991,0.999,0.9992,61,613,2528,0.133324134,0.707526468,2.165536305,5732
2026-09-19T00:13:35.912,29,0.0025,0.75,5,manhattan,0.9994,0.9994,0.9994,10,436,3170,0.231185554,0.783975508,2.746532038,5732
2026-09-19T00:13:40.163,29,0.0025,0.75,6,manhattan,0.9998,0.9999,0.9998,3,995,3213,0.216027816,1.087265481,2.942084186,5732
2026-09-19T00:13:44.407,29,0.0025,0.75,7,manhattan,0.9995,0.9995,0.9996,11,1024,3147,0.200078635,1.289219567,2.751692615,5732
2026-09-19T00:13:47.295,29,0.0025,0.75,8,manhattan,0.9989,0.9988,0.999,60,613,2476,0.131858303,0.674794901,2.079396149,5732
2026-09-19T00:13:51.619,29,0.0025,0.8,5,manhattan,0.9992,0.9993,0.999,11,436,3167,0.180205768,0.642914699,2.645247763,5732
2026-09-19T00:13:55.963,29,0.0025,0.8,6,manhattan,0.9996,0.9996,0.9995,4,995,3210,0.208550461,1.069756534,3.063611417,5732
2026-09-19T00:14:00.145,29,0.0025,0.8,7,manhattan,0.9994,0.9994,0.9994,14,1024,3132,0.157504047,1.182840994,2.840054983,5732
2026-09-19T00:14:03.054,29,0.0025,0.8,8,manhattan,0.999,0.9988,0.9992,59,613,2437,0.148243084,0.825024343,1.933266814,5732
2026-09-19T00:14:07.451,29,0.003,0.5,5,manhattan,0.9995,0.9997,0.9993,3,436,3213,0.19845245,0.593123683,2.751670545,5732
2026-09-19T00:14:11.611,29,0.003,0.5,6,manhattan,0.9998,0.9999,0.9998,1,995,3220,0.215709549,0.91851544,3.023651829,5732
2026-09-19T00:14:15.68,29,0.003,0.5,7,manhattan,0.9992,0.9992,0.9991,2,1024,3207,0.152376086,1.07819309,2.835338457,5732
2026-09-19T00:14:19.573,29,0.003,0.5,8,manhattan,0.9988,0.9986,0.999,40,613,2813,0.157032758,0.936444553,2.79763677,5732
2026-09-19T00:14:21.85,29,0.003,0.5,9,manhattan,0.9885,0.9805,0.9977,51,496,1900,0.203511058,0.479306029,1.591801768,5732
2026-09-19T00:14:24.44,29,0.003,0.5,10,manhattan,0.98,0.9683,0.9946,51,426,1487,0.735202989,0.508429593,1.343825096,5732
2026-09-19T00:14:28.638,29,0.003,0.55,5,manhattan,0.9994,0.9996,0.9992,3,436,3213,0.304707194,0.857216735,3.033492754,5732
2026-09-19T00:14:35.156,29,0.003,0.55,6,manhattan,0.9995,0.9994,0.9996,1,995,3220,0.40824043,1.46624057,4.640193847,5732
2026-09-19T00:14:40.867,29,0.003,0.55,7,manhattan,0.9996,0.9997,0.9995,3,1024,3203,0.280911477,1.446850935,3.980642659,5732
2026-09-19T00:14:45.269,29,0.003,0.55,8,manhattan,0.9948,0.9905,0.9994,41,613,2810,0.133675925,0.799696656,3.461720451,5732
2026-09-19T00:14:48.687,29,0.003,0.55,9,manhattan,0.995,0.994,0.9959,51,496,1894,0.214656131,0.672442295,2.528027927,5732
2026-09-19T00:14:52.535,29,0.003,0.55,10,manhattan,0.983,0.9797,0.9871,51,426,1487,0.956032468,0.880375987,2.009190786,5732
2026-09-19T00:14:57.324,29,0.003,0.6,5,manhattan,0.9999,0.9999,0.9999,3,436,3213,0.298204336,0.768461579,3.719012003,5732
2026-09-19T00:15:02.53,29,0.003,0.6,6,manhattan,0.9997,0.9998,0.9997,1,995,3220,0.212840606,0.930475492,4.060353569,5732
2026-09-19T00:15:08.64,29,0.003,0.6,7,manhattan,0.9996,0.9995,0.9996,4,1024,3200,0.233717024,1.429021835,4.444923299,5732
2026-09-19T00:15:13.668,29,0.003,0.6,8,manhattan,0.999,0.9984,0.9995,41,613,2807,0.261372312,1.321411191,3.442529654,5732
2026-09-19T00:15:16.282,29,0.003,0.6,9,manhattan,0.998,0.9973,0.9986,51,496,1894,0.272631856,0.602416355,1.736195196,5732
2026-09-19T00:15:19.831,29,0.003,0.6,10,manhattan,0.9677,0.9634,0.9755,51,426,1487,0.936433797,0.816286072,1.794066997,5732
2026-09-19T00:15:25.376,29,0.003,0.65,5,manhattan,0.9985,0.9981,0.9988,3,436,3213,0.3957602,1.021076485,4.124625071,5732
2026-09-19T00:15:30.975,29,0.003,0.65,6,manhattan,0.9995,0.9997,0.9994,1,995,3220,0.349975004,1.313863506,3.932826757,5732
2026-09-19T00:15:37.28,29,0.003,0.65,7,manhattan,0.9999,0.9999,0.9999,4,1024,3200,0.197833376,1.690787494,4.413651206,5732
2026-09-19T00:15:42.362,29,0.003,0.65,8,manhattan,0.9991,0.9988,0.9993,42,613,2762,0.259351941,1.152492623,3.66712882,5732
2026-09-19T00:15:45.139,29,0.003,0.65,9,manhattan,0.9964,0.9953,0.9975,50,496,1877,0.271410819,0.652833219,1.850026819,5732
2026-09-19T00:15:48.955,29,0.003,0.65,10,manhattan,0.987,0.9878,0.9863,51,426,1487,0.960841464,0.925820357,1.926753688,5732
2026-09-19T00:15:54.144,29,0.003,0.7,5,manhattan,0.9994,0.9994,0.9995,4,436,3202,0.217430789,1.062082018,3.907005152,5732
2026-09-19T00:15:59.851,29,0.003,0.7,6,manhattan,0.9996,0.9994,0.9997,1,995,3220,0.390299514,1.472072253,3.840027996,5732
2026-09-19T00:16:06.233,29,0.003,0.7,7,manhattan,0.9994,0.9996,0.9992,4,1024,3196,0.19312998,1.604002562,4.583567528,5732
2026-09-19T00:16:11.198,29,0.003,0.7,8,manhattan,0.9996,0.9996,0.9997,43,613,2759,0.24680606,1.150566887,3.565159402,5732
2026-09-19T00:16:13.751,29,0.003,0.7,9,manhattan,0.9923,0.9879,0.9971,50,496,1871,0.284254923,0.591810596,1.675135838,5732
2026-09-19T00:16:17.347,29,0.003,0.7,10,manhattan,0.9925,0.9895,0.9956,51,426,1470,0.912049109,0.827513977,1.854298037,5732
2026-09-19T00:16:22.856,29,0.003,0.75,5,manhattan,0.9981,0.9966,0.9996,4,436,3202,0.322388579,1.081725805,4.101968118,5732
2026-09-19T00:16:29.417,29,0.003,0.75,6,manhattan,0.9998,0.9999,0.9998,1,995,3220,0.328039373,1.439942229,4.789958494,5732
2026-09-19T00:16:34.869,29,0.003,0.75,7,manhattan,0.9977,0.9962,0.9993,4,1024,3196,0.268636022,1.191623404,3.989690815,5732
2026-09-19T00:16:39.479,29,0.003,0.75,8,manhattan,0.9978,0.9964,0.9992,46,613,2722,0.143551771,1.229823201,3.228909829,5732
2026-09-19T00:16:43.165,29,0.003,0.75,9,manhattan,0.9971,0.9957,0.9984,49,496,1857,0.391680557,0.892631119,2.399226789,5732
2026-09-19T00:16:46.849,29,0.003,0.75,10,manhattan,0.966,0.954,0.984,51,426,1470,0.945425173,0.963711873,1.772915265,5732
2026-09-19T00:16:51.54,29,0.003,0.8,5,manhattan,0.9993,0.9995,0.999,4,436,3202,0.321866864,0.625099009,3.740640822,5732
2026-09-19T00:16:57.34,29,0.003,0.8,6,manhattan,0.9999,0.9999,0.9999,1,995,3220,0.291281242,1.096772496,4.409594052,5732
2026-09-19T00:17:04.06,29,0.003,0.8,7,manhattan,0.9995,0.9997,0.9994,7,1024,3186,0.275133014,1.934979253,4.506959668,5732
2026-09-19T00:17:07.977,29,0.003,0.8,8,manhattan,0.9986,0.9983,0.999,45,613,2672,0.168286574,0.901466539,2.84391721,5732
2026-09-19T00:17:11.255,29,0.003,0.8,9,manhattan,0.9953,0.9936,0.997,47,496,1822,0.320293129,0.785855358,2.169294329,5732
2026-09-19T00:17:14.978,29,0.003,0.8,10,manhattan,0.9843,0.9778,0.9919,51,426,1470,1.010716219,0.609767296,2.097100233,5732
2026-09-19T00:18:22.245,30,0.002,0.5,5,manhattan,0.9972,0.998,0.9965,16,440,3149,1.426742074,7.739403329,5.349882114,5732
2026-09-19T00:18:29.918,30,0.002,0.5,6,manhattan,0.9999,0.9999,0.9999,3,1017,3211,0.425944025,1.631530042,4.472607432,5732
2026-09-19T00:18:36.011,30,0.002,0.5,7,manhattan,0.9995,0.9996,0.9994,18,1066,3130,0.259947828,1.494348501,4.331822496,5732
2026-09-19T00:18:43.68,30,0.002,0.55,5,manhattan,0.9964,0.9971,0.9958,16,440,3149,0.404352083,1.100827903,4.125150488,5732
2026-09-19T00:18:50.089,30,0.002,0.55,6,manhattan,0.9999,0.9999,0.9999,3,1017,3211,0.306868085,1.630352238,4.469792686,5732
2026-09-19T00:18:55.546,30,0.002,0.55,7,manhattan,0.9917,0.9858,0.998,19,1066,3107,0.287424114,1.672327099,3.493798793,5732
2026-09-19T00:19:02.554,30,0.002,0.6,5,manhattan,0.9941,0.9898,0.9986,16,440,3149,0.399294032,1.230969157,4.127210529,5732
2026-09-19T00:19:08.699,30,0.002,0.6,6,manhattan,0.9995,0.9995,0.9995,4,1017,3209,0.365870337,1.554453477,4.222563876,5732
2026-09-19T00:19:14.113,30,0.002,0.6,7,manhattan,0.9998,0.9999,0.9997,20,1066,3099,0.374936164,1.181201259,3.855362223,5732
2026-09-19T00:19:21.111,30,0.002,0.65,5,manhattan,0.9798,0.9664,0.9962,17,440,3133,0.272317639,1.168933835,4.209361905,5732
2026-09-19T00:19:26.566,30,0.002,0.65,6,manhattan,0.9996,0.9997,0.9994,4,1017,3209,0.239114713,1.555603276,3.656662745,5732
2026-09-19T00:19:32.699,30,0.002,0.65,7,manhattan,0.9962,0.9951,0.9974,21,1066,3095,0.18754351,1.871282335,4.071874389,5732
2026-09-19T00:19:39.678,30,0.002,0.7,5,manhattan,0.9993,0.9994,0.9992,17,440,3133,0.466601398,1.253106281,3.991105661,5732
2026-09-19T00:19:45.209,30,0.002,0.7,6,manhattan,0.9997,0.9997,0.9998,4,1017,3209,0.292413021,1.302319778,3.933876402,5732
2026-09-19T00:19:51.235,30,0.002,0.7,7,manhattan,0.9998,0.9999,0.9996,22,1066,3091,0.261431398,1.612071264,4.149240236,5732
2026-09-19T00:19:57.996,30,0.002,0.75,5,manhattan,0.9867,0.9814,0.9924,18,440,3130,0.357032263,1.036144476,4.100649375,5732
2026-09-19T00:20:03.615,30,0.002,0.75,6,manhattan,0.9987,0.9981,0.9993,4,1017,3209,0.328582948,1.300475618,3.985892703,5732
2026-09-19T00:20:09.392,30,0.002,0.75,7,manhattan,0.9685,0.9475,0.9979,23,1066,3087,0.233562674,1.36941797,4.171000566,5732
2026-09-19T00:20:16.257,30,0.002,0.8,5,manhattan,0.978,0.9711,0.9861,20,440,3118,0.369724113,1.169188826,3.995293488,5732
2026-09-19T00:20:21.777,30,0.002,0.8,6,manhattan,0.9994,0.9992,0.9996,4,1017,3209,0.34575079,1.273425015,3.897095503,5732
2026-09-19T00:20:27.888,30,0.002,0.8,7,manhattan,0.9994,0.9995,0.9994,24,1066,3061,0.245035792,1.561388094,4.291614691,5732
2026-09-19T00:20:34.708,30,0.0025,0.5,5,manhattan,0.9976,0.9963,0.9989,9,440,3183,0.387435669,0.976609755,4.115360547,5732
2026-09-19T00:20:40.264,30,0.0025,0.5,6,manhattan,0.9992,0.999,0.9993,2,1017,3216,0.332515575,1.013654864,4.20745803,5732
2026-09-19T00:20:46.628,30,0.0025,0.5,7,manhattan,0.9998,0.9997,0.9998,12,1066,3167,0.166090482,1.798411059,4.39740499,5732
2026-09-19T00:20:51.333,30,0.0025,0.5,8,manhattan,0.9991,0.9992,0.9988,65,618,2649,0.263619737,1.153725812,3.284382229,5732
2026-09-19T00:20:57.413,30,0.0025,0.55,5,manhattan,0.9998,0.9999,0.9996,9,440,3183,0.34821158,0.691844221,3.87571525,5732
2026-09-19T00:21:03.569,30,0.0025,0.55,6,manhattan,0.9997,0.9998,0.9996,2,1017,3216,0.243102094,1.323403765,4.581961666,5732
2026-09-19T00:21:09.979,30,0.0025,0.55,7,manhattan,0.9992,0.9993,0.9991,13,1066,3149,0.407493826,1.653404283,4.346963682,5732
2026-09-19T00:21:13.613,30,0.0025,0.55,8,manhattan,0.9986,0.9977,0.9994,65,618,2637,0.227538927,0.758452825,2.644436416,5732
2026-09-19T00:21:20.127,30,0.0025,0.6,5,manhattan,0.9995,0.9994,0.9996,9,440,3183,0.187122018,0.944125565,4.124525338,5732
2026-09-19T00:21:26.468,30,0.0025,0.6,6,manhattan,0.9999,0.9999,0.9999,2,1017,3216,0.371736172,1.50514737,4.460359564,5732
2026-09-19T00:21:31.954,30,0.0025,0.6,7,manhattan,0.9997,0.9997,0.9998,13,1066,3143,0.367206541,1.280790973,3.828577367,5732
2026-09-19T00:21:36.402,30,0.0025,0.6,8,manhattan,0.9995,0.9996,0.9993,65,618,2637,0.194843049,0.748436178,3.502932854,5732
2026-09-19T00:21:43.206,30,0.0025,0.65,5,manhattan,0.9983,0.9978,0.9987,9,440,3180,0.446039407,1.16835939,4.078126796,5732
2026-09-19T00:21:47.749,30,0.0025,0.65,6,manhattan,0.9999,0.9999,0.9999,2,1017,3216,0.327270769,1.088505655,3.124833996,5732
2026-09-19T00:21:52.082,30,0.0025,0.65,7,manhattan,0.9994,0.9995,0.9994,14,1066,3141,0.244775284,1.242987736,2.843158243,5732
2026-09-19T00:21:55.104,30,0.0025,0.65,8,manhattan,0.9996,0.9998,0.9994,66,618,2630,0.134801418,0.664010348,2.22112115,5732
2026-09-19T00:21:59.764,30,0.0025,0.7,5,manhattan,0.9987,0.9982,0.9992,10,440,3169,0.266586388,0.74982218,2.782554599,5732
2026-09-19T00:22:03.896,30,0.0025,0.7,6,manhattan,0.9999,0.9999,0.9999,2,1017,3216,0.208147756,0.94610019,2.975276636,5732
2026-09-19T00:22:08.161,30,0.0025,0.7,7,manhattan,0.9984,0.9973,0.9995,14,1066,3141,0.156478218,1.267081955,2.838864886,5732
2026-09-19T00:22:11.142,30,0.0025,0.7,8,manhattan,0.9987,0.9985,0.9989,69,618,2619,0.140534765,0.658814921,2.180319553,5732
2026-09-19T00:22:15.495,30,0.0025,0.75,5,manhattan,0.9958,0.9928,0.9989,10,440,3169,0.183934459,0.614825974,2.700804392,5732
2026-09-19T00:22:19.77,30,0.0025,0.75,6,manhattan,0.9999,0.9999,0.9999,2,1017,3216,0.216355302,0.9495998,3.106583194,5732
2026-09-19T00:22:23.735,30,0.0025,0.75,7,manhattan,0.9989,0.9986,0.9991,15,1066,3139,0.154199573,1.081718332,2.726456072,5732
2026-09-19T00:22:26.777,30,0.0025,0.75,8,manhattan,0.9992,0.9996,0.9988,67,618,2589,0.135921114,0.83195435,2.072163029,5732
2026-09-19T00:22:31.331,30,0.0025,0.8,5,manhattan,0.9991,0.9992,0.9989,11,440,3162,0.245645088,0.752624006,2.692499556,5732
2026-09-19T00:22:35.445,30,0.0025,0.8,6,manhattan,0.9997,0.9998,0.9997,2,1017,3216,0.213412747,0.944474353,2.953450167,5732
2026-09-19T00:22:39.626,30,0.0025,0.8,7,manhattan,0.9998,0.9999,0.9996,17,1066,3118,0.197438633,1.200085592,2.781665589,5732
2026-09-19T00:22:42.528,30,0.0025,0.8,8,manhattan,0.9987,0.9995,0.9979,71,618,2522,0.140209513,0.642732413,2.11665609,5732
2026-09-19T00:22:47.727,30,0.003,0.5,5,manhattan,0.9974,0.9954,0.9994,4,440,3211,0.284081995,0.727349958,3.287832602,5732
2026-09-19T00:22:51.712,30,0.003,0.5,6,manhattan,0.9991,0.9986,0.9997,1,1017,3220,0.20856876,0.83810898,2.935613314,5732
2026-09-19T00:22:56.566,30,0.003,0.5,7,manhattan,0.9997,0.9997,0.9997,4,1066,3209,0.167157868,1.497662542,3.187284175,5732
2026-09-19T00:23:01.739,30,0.003,0.5,8,manhattan,0.9988,0.9983,0.9992,39,618,2900,0.235955858,1.244089204,3.689886345,5732
2026-09-19T00:23:05.954,30,0.003,0.5,9,manhattan,0.9978,0.9971,0.9985,61,552,2119,0.265928762,1.086142014,2.859938885,5732
2026-09-19T00:23:09.209,30,0.003,0.5,10,manhattan,0.9958,0.9966,0.9949,59,484,1683,0.947117638,0.564801549,1.740092693,5732
2026-09-19T00:23:14.429,30,0.003,0.55,5,manhattan,0.9996,0.9996,0.9996,4,440,3211,0.309743104,0.927563248,3.979295908,5732
2026-09-19T00:23:20.898,30,0.003,0.55,6,manhattan,0.9996,0.9996,0.9996,1,1017,3220,0.338369048,1.085677359,5.043114392,5732
2026-09-19T00:23:26.392,30,0.003,0.55,7,manhattan,0.9999,0.9999,0.9999,6,1066,3195,0.289154224,1.492799209,3.70851401,5732
2026-09-19T00:23:31.387,30,0.003,0.55,8,manhattan,0.9998,0.9999,0.9996,39,618,2877,0.199967797,1.201753054,3.591510194,5732
2026-09-19T00:23:35.012,30,0.003,0.55,9,manhattan,0.9975,0.9978,0.9973,61,552,2119,0.274136587,0.580114614,2.767361522,5732
2026-09-19T00:23:38.779,30,0.003,0.55,10,manhattan,0.9965,0.9948,0.9981,59,484,1683,0.968315186,0.915968326,1.880291381,5732
2026-09-19T00:23:43.002,30,0.003,0.6,5,manhattan,0.9998,0.9999,0.9998,4,440,3211,0.194534559,0.579276239,3.446878745,5732
2026-09-19T00:23:48.998,30,0.003,0.6,6,manhattan,0.9997,0.9998,0.9997,1,1017,3220,0.352060468,1.107946273,4.533534162,5732
2026-09-19T00:23:55.108,30,0.003,0.6,7,manhattan,0.9996,0.9996,0.9996,7,1066,3190,0.294599684,1.757798662,4.054259143,5732
2026-09-19T00:23:59.607,30,0.003,0.6,8,manhattan,0.9947,0.9917,0.9977,39,618,2877,0.132036957,0.880624972,3.484002776,5732
2026-09-19T00:24:03.506,30,0.003,0.6,9,manhattan,0.9988,0.9993,0.9981,60,552,2104,0.219907782,0.841799886,2.834868494,5732
2026-09-19T00:24:07.547,30,0.003,0.6,10,manhattan,0.9945,0.9941,0.9949,59,484,1677,0.850068961,1.089937751,2.098269097,5732
2026-09-19T00:24:12.184,30,0.003,0.65,5,manhattan,0.9982,0.9966,0.9998,5,440,3209,0.345444745,0.745174797,3.54398525,5732
2026-09-19T00:24:18.044,30,0.003,0.65,6,manhattan,0.9996,0.9994,0.9998,1,1017,3220,0.309737587,1.162487967,4.385829486,5732
2026-09-19T00:24:23.919,30,0.003,0.65,7,manhattan,0.9989,0.9984,0.9994,7,1066,3190,0.274937877,1.904223777,3.692567833,5732
2026-09-19T00:24:28.414,30,0.003,0.65,8,manhattan,0.9988,0.9985,0.999,39,618,2876,0.139104483,0.771854821,3.581424614,5732
2026-09-19T00:24:32.277,30,0.003,0.65,9,manhattan,0.9993,0.9996,0.999,60,552,2104,0.328241843,0.977572378,2.554759215,5732
2026-09-19T00:24:36.17,30,0.003,0.65,10,manhattan,0.8525,0.8724,0.9242,59,484,1677,1.021998042,0.890414005,1.978224249,5732
2026-09-19T00:24:40.698,30,0.003,0.7,5,manhattan,0.9996,0.9998,0.9994,5,440,3200,0.198607847,0.619204608,3.707397386,5732
2026-09-19T00:24:46.601,30,0.003,0.7,6,manhattan,0.9991,0.9987,0.9994,1,1017,3220,0.327616554,0.98126489,4.591934382,5732
2026-09-19T00:24:53.01,30,0.003,0.7,7,manhattan,0.9993,0.9994,0.9992,7,1066,3190,0.247310105,1.726341281,4.431942516,5732
2026-09-19T00:24:57.191,30,0.003,0.7,8,manhattan,0.9993,0.9997,0.999,40,618,2873,0.142030138,1.154781464,2.882351952,5732
2026-09-19T00:25:01.07,30,0.003,0.7,9,manhattan,0.9989,0.9989,0.999,60,552,2098,0.274856652,0.935193345,2.665526199,5732
2026-09-19T00:25:05.269,30,0.003,0.7,10,manhattan,0.9979,0.999,0.9967,58,484,1664,0.954573273,0.779188373,2.462686315,5732
2026-09-19T00:25:10.677,30,0.003,0.75,5,manhattan,0.9991,0.9986,0.9996,5,440,3200,0.337519079,0.872724029,4.194754796,5732
2026-09-19T00:25:16.121,30,0.003,0.75,6,manhattan,0.9999,0.9999,0.9999,1,1017,3220,0.268960156,0.810510192,4.361941648,5732
2026-09-19T00:25:22.543,30,0.003,0.75,7,manhattan,0.9999,0.9999,0.9999,7,1066,3190,0.280096499,1.755285002,4.384627725,5732
2026-09-19T00:25:27.418,30,0.003,0.75,8,manhattan,0.9907,0.995,0.9869,40,618,2844,0.252082016,0.96765316,3.652926302,5732
2026-09-19T00:25:30.719,30,0.003,0.75,9,manhattan,0.9992,0.9995,0.9989,59,552,2077,0.247982678,0.521304846,2.529415604,5732
2026-09-19T00:25:34.23,30,0.003,0.75,10,manhattan,0.998,0.9979,0.9981,58,484,1664,0.921591324,0.468318029,2.117743101,5732
2026-09-19T00:25:39.772,30,0.003,0.8,5,manhattan,0.9989,0.9994,0.9985,6,440,3198,0.304107746,0.888461241,4.346212887,5732
2026-09-19T00:25:45.223,30,0.003,0.8,6,manhattan,0.9987,0.9984,0.999,1,1017,3220,0.298930336,1.317605675,3.826409143,5732
2026-09-19T00:25:51.236,30,0.003,0.8,7,manhattan,0.9995,0.9993,0.9996,7,1066,3189,0.203467338,1.625271908,4.18184588,5732
2026-09-19T00:25:56.045,30,0.003,0.8,8,manhattan,0.9993,0.9996,0.999,43,618,2809,0.195443545,1.087653729,3.52329482,5732
2026-09-19T00:25:59.851,30,0.003,0.8,9,manhattan,0.9954,0.9924,0.9986,57,552,2036,0.282655136,0.970396528,2.550396085,5732
2026-09-19T00:26:03.338,30,0.003,0.8,10,manhattan,0.9935,0.9932,0.9938,57,484,1644,0.801476284,0.438369779,2.244603138,5732
2026-09-19T00:27:09.738,31,0.002,0.5,5,manhattan,0.9968,0.9949,0.9988,16,429,3145,1.440618642,7.284904599,5.755078439,5732
2026-09-19T00:27:17.214,31,0.002,0.5,6,manhattan,0.9996,0.9998,0.9994,5,1007,3204,0.399019695,1.850804782,3.956770256,5732
2026-09-19T00:27:23.577,31,0.002,0.5,7,manhattan,0.9977,0.9962,0.9992,18,1044,3147,0.287071554,1.793588234,4.273838741,5732
2026-09-19T00:27:31.278,31,0.002,0.55,5,manhattan,0.9951,0.9923,0.9981,16,429,3145,0.517483406,1.299736696,3.452800803,5732
2026-09-19T00:27:37.675,31,0.002,0.55,6,manhattan,0.9994,0.9995,0.9993,6,1007,3202,0.235952925,1.733425079,4.424534304,5732
2026-09-19T00:27:44.536,31,0.002,0.55,7,manhattan,0.9964,0.9941,0.9987,20,1044,3138,0.393306673,1.999368508,4.466198162,5732
2026-09-19T00:27:50.833,31,0.002,0.6,5,manhattan,0.9947,0.9918,0.9978,16,429,3145,0.406704828,0.753518952,3.860005695,5732
2026-09-19T00:27:57.493,31,0.002,0.6,6,manhattan,0.9997,0.9998,0.9996,6,1007,3202,0.229733063,1.702278352,4.725242802,5732
2026-09-19T00:28:03.69,31,0.002,0.6,7,manhattan,0.999,0.9985,0.9994,20,1044,3138,0.274580708,2.268082194,3.65146976,5732
2026-09-19T00:28:10.59,31,0.002,0.65,5,manhattan,0.9888,0.9812,0.9971,16,429,3145,0.297352341,1.175799379,4.195411863,5732
2026-09-19T00:28:17.59,31,0.002,0.65,6,manhattan,0.9982,0.9968,0.9997,6,1007,3202,0.219320905,1.880917369,4.896991132,5732
2026-09-19T00:28:23.476,31,0.002,0.65,7,manhattan,0.9998,0.9999,0.9996,20,1044,3138,0.245856079,1.937745459,3.699583397,5732
2026-09-19T00:28:30.124,31,0.002,0.7,5,manhattan,0.9913,0.9851,0.9982,17,429,3129,0.214521757,0.95931103,4.149949894,5732
2026-09-19T00:28:36.918,31,0.002,0.7,6,manhattan,0.9999,0.9999,0.9999,6,1007,3202,0.41186373,1.788515378,4.590603136,5732
2026-09-19T00:28:42.743,31,0.002,0.7,7,manhattan,0.9996,0.9996,0.9995,20,1044,3136,0.158604258,1.95563567,3.707919311,5732
2026-09-19T00:28:50.143,31,0.002,0.75,5,manhattan,0.9954,0.992,0.9988,17,429,3129,0.406071646,1.420487641,4.382118815,5732
2026-09-19T00:28:56.582,31,0.002,0.75,6,manhattan,0.9999,0.9999,0.9999,6,1007,3202,0.292574843,1.592494314,4.542558434,5732
2026-09-19T00:29:02.695,31,0.002,0.75,7,manhattan,0.9995,0.9997,0.9994,21,1044,3123,0.173581945,1.758585006,4.178044345,5732
2026-09-19T00:29:09.705,31,0.002,0.8,5,manhattan,0.999,0.9995,0.9986,19,429,3123,0.31562228,1.158861665,4.269362958,5732
2026-09-19T00:29:15.723,31,0.002,0.8,6,manhattan,0.9992,0.9993,0.9992,6,1007,3202,0.364347027,1.853589706,3.796976601,5732
2026-09-19T00:29:22.282,31,0.002,0.8,7,manhattan,0.9992,0.999,0.9993,25,1044,3103,0.181023401,2.330969511,4.044401177,5732
2026-09-19T00:29:29.437,31,0.0025,0.5,5,manhattan,0.9958,0.9946,0.997,8,429,3194,0.32289011,1.155189546,4.493969387,5732
2026-09-19T00:29:35.089,31,0.0025,0.5,6,manhattan,0.9992,0.9988,0.9996,2,1007,3219,0.286269775,1.277615287,4.085530049,5732
2026-09-19T00:29:41.383,31,0.0025,0.5,7,manhattan,0.9996,0.9997,0.9996,5,1044,3196,0.270483955,1.575731273,4.44460154,5732
2026-09-19T00:29:46.96,31,0.0025,0.5,8,manhattan,0.9913,0.986,0.9971,46,738,2693,0.200140027,1.795314992,3.577667219,5732
2026-09-19T00:29:52.939,31,0.0025,0.55,5,manhattan,0.999,0.999,0.9991,8,429,3194,0.283080261,0.717493736,3.89197704,5732
2026-09-19T00:29:59.414,31,0.0025,0.55,6,manhattan,0.9999,0.9999,0.9999,2,1007,3219,0.210975283,1.600342248,4.661672576,5732
2026-09-19T00:30:05.75,31,0.0025,0.55,7,manhattan,0.9991,0.9986,0.9996,5,1044,3193,0.306294059,1.857132548,4.17048779,5732
2026-09-19T00:30:09.562,31,0.0025,0.55,8,manhattan,0.9988,0.9985,0.999,45,738,2681,0.132765683,1.146323886,2.530630774,5732
2026-09-19T00:30:14.03,31,0.0025,0.6,5,manhattan,0.9961,0.9937,0.9987,8,429,3194,0.187193744,0.65448329,2.774990153,5732
2026-09-19T00:30:18.464,31,0.0025,0.6,6,manhattan,0.9998,0.9998,0.9998,2,1007,3219,0.209806488,1.068172183,3.154176092,5732
2026-09-19T00:30:22.767,31,0.0025,0.6,7,manhattan,0.9992,0.9988,0.9996,5,1044,3193,0.158483572,1.21695968,2.924983531,5732
2026-09-19T00:30:26.445,31,0.0025,0.6,8,manhattan,0.9968,0.9949,0.9987,46,738,2678,0.142245249,1.210056701,2.322064249,5732
2026-09-19T00:30:31.079,31,0.0025,0.65,5,manhattan,0.9992,0.9993,0.9991,8,429,3194,0.237627371,0.815279589,2.746167675,5732
2026-09-19T00:30:35.442,31,0.0025,0.65,6,manhattan,0.9993,0.9992,0.9994,2,1007,3219,0.20847154,1.069691931,3.081758225,5732
2026-09-19T00:30:39.898,31,0.0025,0.65,7,manhattan,0.9994,0.9995,0.9994,5,1044,3193,0.157121876,1.364225684,2.930635791,5732
2026-09-19T00:30:43.455,31,0.0025,0.65,8,manhattan,0.9984,0.9976,0.9992,47,738,2670,0.135356517,1.046484838,2.373326892,5732
2026-09-19T00:30:47.935,31,0.0025,0.7,5,manhattan,0.9996,0.9996,0.9995,8,429,3183,0.182760076,0.674875427,2.766285267,5732
2026-09-19T00:30:52.356,31,0.0025,0.7,6,manhattan,0.9995,0.9996,0.9995,2,1007,3219,0.206096795,1.080861519,3.132000346,5732
2026-09-19T00:30:56.662,31,0.0025,0.7,7,manhattan,0.9998,0.9999,0.9998,5,1044,3193,0.160086361,1.217967561,2.924977245,5732
2026-09-19T00:31:00.235,31,0.0025,0.7,8,manhattan,0.9991,0.9991,0.999,46,738,2655,0.132045967,1.170864949,2.267476809,5732
2026-09-19T00:31:04.847,31,0.0025,0.75,5,manhattan,0.9996,0.9996,0.9996,8,429,3183,0.177317549,0.667064791,2.935022876,5732
2026-09-19T00:31:09.626,31,0.0025,0.75,6,manhattan,0.9997,0.9998,0.9996,2,1007,3219,0.215570984,1.101923504,3.458014879,5732
2026-09-19T00:31:14.52,31,0.0025,0.75,7,manhattan,0.9996,0.9996,0.9997,6,1044,3187,0.152326708,1.265206714,3.474532777,5732
2026-09-19T00:31:18.529,31,0.0025,0.75,8,manhattan,0.9972,0.9955,0.9989,48,738,2647,0.130893515,1.039117204,2.834543383,5732
2026-09-19T00:31:25.477,31,0.0025,0.8,5,manhattan,0.9971,0.9946,0.9996,8,429,3183,0.405039251,1.085378298,4.304004757,5732
2026-09-19T00:31:31.048,31,0.0025,0.8,6,manhattan,0.9995,0.9993,0.9996,2,1007,3219,0.355077403,1.646594053,3.566703873,5732
2026-09-19T00:31:37.647,31,0.0025,0.8,7,manhattan,0.9989,0.9985,0.9993,7,1044,3174,0.225595872,1.962154802,4.409774034,5732
2026-09-19T00:31:42.787,31,0.0025,0.8,8,manhattan,0.9998,0.9999,0.9998,51,738,2619,0.20616482,1.50696974,3.418172484,5732
2026-09-19T00:31:48.162,31,0.003,0.5,5,manhattan,0.9966,0.9946,0.9986,4,429,3215,0.322638611,0.786610273,3.06071754,5732
2026-09-19T00:31:54.588,31,0.003,0.5,6,manhattan,0.9997,0.9997,0.9998,1,1007,3224,0.302247312,1.510222531,4.610884505,5732
2026-09-19T00:32:01.148,31,0.003,0.5,7,manhattan,0.9995,0.9994,0.9996,2,1044,3213,0.227302514,1.542342568,4.78742081,5732
2026-09-19T00:32:05.852,31,0.003,0.5,8,manhattan,0.9939,0.9901,0.9979,36,738,2827,0.192699548,1.363354833,3.139297301,5732
2026-09-19T00:32:10.071,31,0.003,0.5,9,manhattan,0.9914,0.9862,0.997,50,556,2087,0.325772462,0.997548191,2.893596339,5732
2026-09-19T00:32:14.746,31,0.003,0.5,10,manhattan,0.9915,0.9876,0.9958,45,477,1662,0.883325876,1.354363597,2.43481808,5732
2026-09-19T00:32:19.818,31,0.003,0.55,5,manhattan,0.9989,0.9987,0.9991,4,429,3215,0.266012082,1.028736475,3.772384344,5732
2026-09-19T00:32:28.423,31,0.003,0.55,6,manhattan,0.9991,0.9986,0.9996,1,1007,3224,0.440502245,2.050387614,6.111309482,5732
2026-09-19T00:32:35.231,31,0.003,0.55,7,manhattan,0.9994,0.9995,0.9992,2,1044,3209,0.264483326,2.245414416,4.295780029,5732
2026-09-19T00:32:40.274,31,0.003,0.55,8,manhattan,0.999,0.9987,0.9993,35,738,2812,0.173418586,1.097242248,3.769502271,5732
2026-09-19T00:32:44.431,31,0.003,0.55,9,manhattan,0.9963,0.9933,0.9994,50,556,2081,0.222964738,1.290963715,2.641781118,5732
2026-09-19T00:32:49.045,31,0.003,0.55,10,manhattan,0.9795,0.9718,0.9886,45,477,1662,1.02420405,1.367820209,2.21964638,5732
2026-09-19T00:32:53.7,31,0.003,0.6,5,manhattan,0.9977,0.9958,0.9997,4,429,3215,0.284466891,0.657389948,3.710561829,5732
2026-09-19T00:33:00.411,31,0.003,0.6,6,manhattan,0.9999,0.9999,0.9999,1,1007,3224,0.354507918,1.111013217,5.241662314,5732
2026-09-19T00:33:06.068,31,0.003,0.6,7,manhattan,0.9991,0.9994,0.9988,2,1044,3209,0.325498684,1.637413407,3.689415334,5732
2026-09-19T00:33:11.912,31,0.003,0.6,8,manhattan,0.9951,0.9915,0.999,35,738,2812,0.23767598,1.674529825,3.928716523,5732
2026-09-19T00:33:16.082,31,0.003,0.6,9,manhattan,0.9972,0.9969,0.9975,50,556,2080,0.321548039,0.886579157,2.954333381,5732
2026-09-19T00:33:20.415,31,0.003,0.6,10,manhattan,0.957,0.9436,0.9784,45,477,1656,0.938131431,1.024754819,2.366167735,5732
2026-09-19T00:33:25.527,31,0.003,0.65,5,manhattan,0.9977,0.9972,0.9982,4,429,3215,0.427283302,0.817733115,3.864509136,5732
2026-09-19T00:33:31.833,31,0.003,0.65,6,manhattan,0.9995,0.9993,0.9996,1,1007,3224,0.381042462,1.143437412,4.779127777,5732
2026-09-19T00:33:38.772,31,0.003,0.65,7,manhattan,0.9976,0.9958,0.9995,2,1044,3209,0.292097967,1.964484709,4.680334185,5732
2026-09-19T00:33:43.429,31,0.003,0.65,8,manhattan,0.998,0.9978,0.9983,36,738,2806,0.228442115,1.126878657,3.298756347,5732
2026-09-19T00:33:47.824,31,0.003,0.65,9,manhattan,0.9951,0.9931,0.9972,49,556,2063,0.295004484,1.196552248,2.901479333,5732
2026-09-19T00:33:52.315,31,0.003,0.65,10,manhattan,0.7899,0.9274,0.8305,45,477,1646,0.990462856,1.152634331,2.345344327,5732
2026-09-19T00:33:57.606,31,0.003,0.7,5,manhattan,0.9994,0.9994,0.9995,5,429,3204,0.425222004,1.155614601,3.706865125,5732
2026-09-19T00:34:03.673,31,0.003,0.7,6,manhattan,0.9999,0.9999,0.9999,1,1007,3224,0.299708299,1.185091422,4.57988207,5732
2026-09-19T00:34:10.246,31,0.003,0.7,7,manhattan,0.9949,0.9923,0.9977,2,1044,3209,0.252159121,1.824243488,4.493705945,5732
2026-09-19T00:34:15.363,31,0.003,0.7,8,manhattan,0.992,0.9862,0.9981,35,738,2790,0.216847614,1.928892161,2.969093302,5732
2026-09-19T00:34:19.235,31,0.003,0.7,9,manhattan,0.9985,0.9977,0.9992,47,556,2025,0.273851146,1.140802089,2.453608965,5732
2026-09-19T00:34:23.455,31,0.003,0.7,10,manhattan,0.9418,0.9191,0.9784,44,477,1633,1.0534219,0.946869841,2.217497291,5732
2026-09-19T00:34:29.247,31,0.003,0.75,5,manhattan,0.9992,0.9995,0.999,5,429,3204,0.286611091,1.187167666,4.315016502,5732
2026-09-19T00:34:34.646,31,0.003,0.75,6,manhattan,0.995,0.9918,0.9985,1,1007,3224,0.30526362,1.065024364,4.026185435,5732
2026-09-19T00:34:41.163,31,0.003,0.75,7,manhattan,0.9998,0.9999,0.9998,2,1044,3209,0.228352439,1.58263083,4.703820923,5732
2026-09-19T00:34:46.702,31,0.003,0.75,8,manhattan,0.9926,0.9867,0.9988,36,738,2788,0.234271563,1.693739199,3.600479429,5732
2026-09-19T00:34:50.115,31,0.003,0.75,9,manhattan,0.9878,0.9806,0.9955,46,556,2011,0.262904282,0.712851242,2.433944923,5732
2026-09-19T00:34:54.131,31,0.003,0.75,10,manhattan,0.9872,0.9924,0.9825,44,477,1633,0.984538633,0.623399,2.405039126,5732
2026-09-19T00:35:00.047,31,0.003,0.8,5,manhattan,0.9994,0.9994,0.9993,5,429,3204,0.3070862,0.899029424,4.706825916,5732
2026-09-19T00:35:05.617,31,0.003,0.8,6,manhattan,0.9997,0.9997,0.9997,1,1007,3224,0.385758151,1.29827394,3.882361982,5732
2026-09-19T00:35:12.2,31,0.003,0.8,7,manhattan,0.9998,0.9999,0.9997,5,1044,3199,0.265686483,1.610164595,4.70396277,5732
2026-09-19T00:35:18.061,31,0.003,0.8,8,manhattan,0.9995,0.9997,0.9993,36,738,2764,0.282423054,1.770344474,3.805255176,5732
2026-09-19T00:35:21.758,31,0.003,0.8,9,manhattan,0.9959,0.9934,0.9984,45,556,1991,0.326616355,1.228316234,2.138535569,5732
2026-09-19T00:35:25.752,31,0.003,0.8,10,manhattan,0.9914,0.987,0.996,45,477,1630,1.011093711,0.917637395,2.062940619,5732
2026-09-19T00:36:33.866,32,0.002,0.5,5,manhattan,0.9962,0.9949,0.9974,16,426,3143,1.584858141,7.359567517,5.942887626,5732
2026-09-19T00:36:40.805,32,0.002,0.5,6,manhattan,1.0,1.0,1.0,5,985,3206,0.353693078,1.673806198,3.58681434,5732
2026-09-19T00:36:46.84,32,0.002,0.5,7,manhattan,0.9996,0.9997,0.9996,16,1035,3097,0.256577285,1.551411188,4.224471593,5732
2026-09-19T00:36:54.853,32,0.002,0.55,5,manhattan,0.999,0.9988,0.9992,16,426,3143,0.375422049,0.748627195,4.340356761,5732
2026-09-19T00:37:00.933,32,0.002,0.55,6,manhattan,1.0,1.0,1.0,5,985,3206,0.347129179,1.203799476,4.525744337,5732
2026-09-19T00:37:07.216,32,0.002,0.55,7,manhattan,0.9997,0.9996,0.9998,16,1035,3096,0.161095429,1.710655193,4.408801143,5732
2026-09-19T00:37:14.352,32,0.002,0.6,5,manhattan,0.9847,0.9939,0.9772,16,426,3143,0.240586549,0.922856359,4.498071867,5732
2026-09-19T00:37:20.689,32,0.002,0.6,6,manhattan,0.9984,0.9974,0.9994,5,985,3206,0.288065606,1.215861006,4.83010456,5732
2026-09-19T00:37:27.752,32,0.002,0.6,7,manhattan,1.0,1.0,1.0,16,1035,3089,0.276276526,1.982858013,4.801078984,5732
2026-09-19T00:37:35.085,32,0.002,0.65,5,manhattan,0.9839,0.9742,0.9952,17,426,3141,0.40617606,1.34546574,3.942581149,5732
2026-09-19T00:37:41.65,32,0.002,0.65,6,manhattan,1.0,1.0,1.0,5,985,3206,0.227349448,1.39903161,4.935630929,5732
2026-09-19T00:37:48.792,32,0.002,0.65,7,manhattan,1.0,1.0,1.0,17,1035,3086,0.513404461,1.789727334,4.835007004,5732
2026-09-19T00:37:55.334,32,0.002,0.7,5,manhattan,0.9985,0.9977,0.9993,18,426,3126,0.443618287,1.134471529,3.566208488,5732
2026-09-19T00:38:01.689,32,0.002,0.7,6,manhattan,1.0,1.0,1.0,5,985,3206,0.249206089,1.701077849,4.399009595,5732
2026-09-19T00:38:08.454,32,0.002,0.7,7,manhattan,0.9999,0.9999,0.9998,17,1035,3086,0.342426272,1.522609313,4.896319118,5732
2026-09-19T00:38:15.215,32,0.002,0.75,5,manhattan,0.9956,0.9924,0.9989,19,426,3119,0.475813892,1.036985017,3.777788179,5732
2026-09-19T00:38:21.828,32,0.002,0.75,6,manhattan,1.0,1.0,1.0,5,985,3206,0.354187206,1.452563888,4.802929989,5732
2026-09-19T00:38:29.562,32,0.002,0.75,7,manhattan,0.9948,0.9909,0.999,18,1035,3081,0.489424714,2.290174899,4.950294259,5732
2026-09-19T00:38:36.347,32,0.002,0.8,5,manhattan,0.977,0.9678,0.9879,19,426,3115,0.320522418,0.975812236,4.250484003,5732
2026-09-19T00:38:44.277,32,0.002,0.8,6,manhattan,1.0,1.0,1.0,5,985,3206,0.421526559,2.063734156,5.442349338,5732
2026-09-19T00:38:50.934,32,0.002,0.8,7,manhattan,1.0,1.0,1.0,24,1035,3049,0.504992769,1.876667662,4.271230097,5732
2026-09-19T00:38:56.683,32,0.0025,0.5,5,manhattan,0.9989,0.9983,0.9995,10,426,3177,0.331820094,0.821251792,3.394181631,5732
2026-09-19T00:39:01.339,32,0.0025,0.5,6,manhattan,1.0,1.0,1.0,2,985,3216,0.224616277,1.070940835,3.357799945,5732
2026-09-19T00:39:05.647,32,0.0025,0.5,7,manhattan,0.9993,0.9994,0.9993,9,1035,3134,0.16361726,1.150110474,2.99333768,5732
2026-09-19T00:39:08.739,32,0.0025,0.5,8,manhattan,0.9964,0.9981,0.9949,60,616,2583,0.13601142,0.688983171,2.264581116,5732
2026-09-19T00:39:13.703,32,0.0025,0.55,5,manhattan,0.9995,0.9997,0.9994,10,426,3177,0.18506512,0.784717503,3.101906895,5732
2026-09-19T00:39:18.47,32,0.0025,0.55,6,manhattan,1.0,1.0,1.0,2,985,3216,0.246469844,1.120701818,3.397148212,5732
2026-09-19T00:39:23.092,32,0.0025,0.55,7,manhattan,0.9999,0.9999,0.9999,10,1035,3130,0.312514828,1.202615874,3.105002893,5732
2026-09-19T00:39:26.45,32,0.0025,0.55,8,manhattan,0.9998,0.9999,0.9997,62,616,2571,0.158686182,0.776213341,2.414170113,5732
2026-09-19T00:39:31.436,32,0.0025,0.6,5,manhattan,0.9967,0.9948,0.9986,10,426,3177,0.230741293,0.869934007,2.94606626,5732
2026-09-19T00:39:35.865,32,0.0025,0.6,6,manhattan,0.9966,0.9938,0.9994,2,985,3216,0.233717443,1.001081605,3.192093031,5732
2026-09-19T00:39:39.982,32,0.0025,0.6,7,manhattan,0.999,0.9986,0.9994,10,1035,3130,0.150128452,1.117655408,2.846481015,5732
2026-09-19T00:39:43.108,32,0.0025,0.6,8,manhattan,0.9999,0.9999,0.9999,62,616,2560,0.142400366,0.703078622,2.278980378,5732
2026-09-19T00:39:47.921,32,0.0025,0.65,5,manhattan,0.9944,0.9921,0.9966,10,426,3177,0.252536124,0.763671999,2.897099931,5732
2026-09-19T00:39:52.226,32,0.0025,0.65,6,manhattan,0.9999,0.9999,0.9999,2,985,3216,0.209249992,0.980402419,3.112830292,5732
2026-09-19T00:39:56.811,32,0.0025,0.65,7,manhattan,0.9999,0.9999,0.9998,10,1035,3130,0.211486871,1.122135871,3.24864441,5732
2026-09-19T00:40:00.187,32,0.0025,0.65,8,manhattan,0.9994,0.9997,0.999,62,616,2560,0.236933358,0.804871202,2.331256558,5732
2026-09-19T00:40:05.497,32,0.0025,0.7,5,manhattan,0.9991,0.9988,0.9993,10,426,3165,0.32612579,0.765159411,3.325565857,5732
2026-09-19T00:40:11.833,32,0.0025,0.7,6,manhattan,0.9998,0.9999,0.9996,2,985,3216,0.21211265,1.328539897,4.793198156,5732
2026-09-19T00:40:18.39,32,0.0025,0.7,7,manhattan,0.9998,0.9999,0.9996,11,1035,3123,0.45866763,1.736559838,4.358513346,5732
2026-09-19T00:40:22.033,32,0.0025,0.7,8,manhattan,0.9997,0.9996,0.9998,63,616,2527,0.14640933,0.901750513,2.592269397,5732
2026-09-19T00:40:28.587,32,0.0025,0.75,5,manhattan,0.9984,0.9974,0.9994,12,426,3160,0.342693345,0.722140212,4.280693181,5732
2026-09-19T00:40:35.61,32,0.0025,0.75,6,manhattan,1.0,1.0,1.0,2,985,3216,0.374943636,1.664720048,4.980925907,5732
2026-09-19T00:40:41.219,32,0.0025,0.75,7,manhattan,0.9996,0.9998,0.9993,12,1035,3120,0.197269896,1.299431559,4.109523695,5732
2026-09-19T00:40:45.577,32,0.0025,0.75,8,manhattan,0.9988,0.9989,0.9987,64,616,2495,0.178953304,0.751934881,3.424696434,5732
2026-09-19T00:40:52.558,32,0.0025,0.8,5,manhattan,0.9997,0.9997,0.9998,12,426,3156,0.492489561,1.097168705,4.249255424,5732
2026-09-19T00:40:57.755,32,0.0025,0.8,6,manhattan,0.9997,0.9998,0.9997,2,985,3216,0.293582096,0.988940595,3.912314911,5732
2026-09-19T00:41:04.203,32,0.0025,0.8,7,manhattan,0.9999,0.9999,0.9999,15,1035,3102,0.319844189,1.575614219,4.548917698,5732
2026-09-19T00:41:08.779,32,0.0025,0.8,8,manhattan,0.999,0.9993,0.9986,62,616,2449,0.265219872,1.223846318,3.084057123,5732
2026-09-19T00:41:14.642,32,0.003,0.5,5,manhattan,0.9993,0.9992,0.9994,4,426,3210,0.188891519,0.62613748,3.935878264,5732
2026-09-19T00:41:21.346,32,0.003,0.5,6,manhattan,1.0,1.0,1.0,1,985,3220,0.419242817,1.535891043,4.746888522,5732
2026-09-19T00:41:26.438,32,0.003,0.5,7,manhattan,0.9999,0.9998,0.9999,5,1035,3165,0.227109054,1.44412391,3.417530851,5732
2026-09-19T00:41:31.5,32,0.003,0.5,8,manhattan,0.9991,0.9988,0.9994,40,616,2798,0.24065639,1.438980513,3.379822319,5732
2026-09-19T00:41:35.201,32,0.003,0.5,9,manhattan,0.9987,0.9994,0.998,59,529,2046,0.30191319,0.859634084,2.535683586,5732
2026-09-19T00:41:38.889,32,0.003,0.5,10,manhattan,0.9662,0.9801,0.9552,46,472,1591,1.020548345,0.854163271,1.811542211,5732
2026-09-19T00:41:43.688,32,0.003,0.55,5,manhattan,1.0,1.0,1.0,4,426,3210,0.210573486,0.578206688,4.006770028,5732
2026-09-19T00:41:49.929,32,0.003,0.55,6,manhattan,0.9998,0.9999,0.9997,1,985,3220,0.258756125,1.073696564,4.904975535,5732
2026-09-19T00:41:55.239,32,0.003,0.55,7,manhattan,1.0,1.0,1.0,5,1035,3165,0.310953175,1.575184276,3.421396221,5732
2026-09-19T00:42:00.267,32,0.003,0.55,8,manhattan,0.9985,0.9992,0.9978,41,616,2794,0.244005982,1.342468079,3.439047016,5732
2026-09-19T00:42:03.919,32,0.003,0.55,9,manhattan,0.9986,0.9989,0.9984,59,529,2046,0.364624158,0.802046608,2.48225244,5732
2026-09-19T00:42:07.999,32,0.003,0.55,10,manhattan,0.9848,0.9893,0.9814,46,472,1588,0.906344328,0.688505596,2.480626812,5732
2026-09-19T00:42:12.56,32,0.003,0.6,5,manhattan,0.9999,0.9998,0.9999,4,426,3210,0.28132403,0.946884368,3.3302571,5732
2026-09-19T00:42:18.859,32,0.003,0.6,6,manhattan,1.0,1.0,1.0,1,985,3220,0.235480727,1.338565065,4.722176208,5732
2026-09-19T00:42:24.939,32,0.003,0.6,7,manhattan,0.9998,0.9998,0.9999,5,1035,3165,0.252466283,1.432925548,4.391928521,5732
2026-09-19T00:42:29.581,32,0.003,0.6,8,manhattan,0.9992,0.9995,0.999,43,616,2786,0.253766729,1.318073054,3.065912969,5732
2026-09-19T00:42:33.025,32,0.003,0.6,9,manhattan,0.8482,0.9437,0.8605,59,529,2046,0.216698642,0.685498926,2.539838169,5732
2026-09-19T00:42:37.396,32,0.003,0.6,10,manhattan,0.9898,0.994,0.9859,46,472,1588,0.881200115,1.145109065,2.341276347,5732
2026-09-19T00:42:43.073,32,0.003,0.65,5,manhattan,0.9995,0.9994,0.9996,4,426,3210,0.299835759,1.042459252,4.333184402,5732
2026-09-19T00:42:48.507,32,0.003,0.65,6,manhattan,0.9999,0.9999,0.9999,1,985,3220,0.408506945,1.321413915,3.701352618,5732
2026-09-19T00:42:54.833,32,0.003,0.65,7,manhattan,0.9998,0.9999,0.9997,5,1035,3165,0.308209808,1.65056181,4.364649817,5732
2026-09-19T00:43:00.048,32,0.003,0.65,8,manhattan,0.9992,0.999,0.9994,43,616,2786,0.15188126,1.439451244,3.621873651,5732
2026-09-19T00:43:03.544,32,0.003,0.65,9,manhattan,0.998,0.9988,0.9971,59,529,2033,0.357932518,0.901644144,2.233800917,5732
2026-09-19T00:43:07.501,32,0.003,0.65,10,manhattan,0.9595,0.9498,0.9778,46,472,1588,0.734089159,0.922926341,2.297774266,5732
2026-09-19T00:43:12.957,32,0.003,0.7,5,manhattan,0.9981,0.9965,0.9997,5,426,3199,0.211012229,0.924601625,4.317202258,5732
2026-09-19T00:43:19.408,32,0.003,0.7,6,manhattan,0.9998,0.9997,0.9999,1,985,3220,0.478406193,1.396957881,4.564767843,5732
2026-09-19T00:43:25.346,32,0.003,0.7,7,manhattan,1.0,1.0,1.0,6,1035,3162,0.228887984,1.161691567,4.544672321,5732
2026-09-19T00:43:32.837,32,0.003,0.7,8,manhattan,0.9998,0.9999,0.9996,43,616,2776,0.343226444,2.065838826,5.07743897,5732
2026-09-19T00:43:37.675,32,0.003,0.7,9,manhattan,0.9983,0.9984,0.9982,58,529,2015,0.419665427,1.231706892,3.1818802,5732
2026-09-19T00:43:41.754,32,0.003,0.7,10,manhattan,0.9984,0.999,0.9978,46,472,1572,1.032813044,0.735891764,2.306675755,5732
2026-09-19T00:43:47.95,32,0.003,0.75,5,manhattan,0.9998,0.9998,0.9997,5,426,3199,0.353818653,1.16436265,4.664663742,5732
2026-09-19T00:43:54.056,32,0.003,0.75,6,manhattan,1.0,1.0,1.0,1,985,3220,0.244314122,1.285726661,4.573632526,5732
2026-09-19T00:43:59.621,32,0.003,0.75,7,manhattan,0.9826,0.9692,0.9992,6,1035,3162,0.269998696,1.412810401,3.880329947,5732
2026-09-19T00:44:04.552,32,0.003,0.75,8,manhattan,0.9999,0.9999,0.9999,43,616,2740,0.208196854,1.044916061,3.675464385,5732
2026-09-19T00:44:08.547,32,0.003,0.75,9,manhattan,0.9989,0.9995,0.9984,56,529,1977,0.335498848,0.973594494,2.683660994,5732
2026-09-19T00:44:12.742,32,0.003,0.75,10,manhattan,0.9942,0.9982,0.9901,46,472,1572,0.986487696,0.875007282,2.330803288,5732
2026-09-19T00:44:17.581,32,0.003,0.8,5,manhattan,0.9997,0.9998,0.9997,6,426,3197,0.316125067,0.628983654,3.890869146,5732
2026-09-19T00:44:23.934,32,0.003,0.8,6,manhattan,0.9999,0.9999,0.9999,1,985,3220,0.295964663,1.022198276,5.030826224,5732
2026-09-19T00:44:30.547,32,0.003,0.8,7,manhattan,0.9974,0.9956,0.9993,8,1035,3154,0.286169065,1.858073869,4.456798075,5732
2026-09-19T00:44:34.764,32,0.003,0.8,8,manhattan,0.9984,0.9969,0.9999,42,616,2681,0.210388895,1.271992081,2.732349215,5732
2026-09-19T00:44:38.28,32,0.003,0.8,9,manhattan,0.9976,0.9964,0.9988,55,529,1954,0.331999796,0.884464081,2.296063432,5732
2026-09-19T00:44:42.433,32,0.003,0.8,10,manhattan,0.9979,0.998,0.9978,46,472,1572,1.044348112,0.843861253,2.260998186,5732
2026-09-19T00:45:52.1,33,0.002,0.5,5,manhattan,0.9966,0.9967,0.9965,16,430,3146,1.145931377,8.320491672,5.869876108,5732
2026-09-19T00:46:00.631,33,0.002,0.5,6,manhattan,0.9996,0.9996,0.9996,4,1020,3207,0.373160447,2.039457303,4.886548383,5732
2026-09-19T00:46:07.628,33,0.002,0.5,7,manhattan,0.9981,0.9966,0.9996,21,1023,3098,0.185798734,2.226600064,4.582188301,5732
2026-09-19T00:46:15.671,33,0.002,0.55,5,manhattan,0.9984,0.9986,0.9982,16,430,3146,0.198026417,0.795425858,4.460567621,5732
2026-09-19T00:46:23.387,33,0.002,0.55,6,manhattan,0.9996,0.9996,0.9996,5,1020,3205,0.273982587,2.134947749,5.303971553,5732
2026-09-19T00:46:30.686,33,0.002,0.55,7,manhattan,0.9995,0.9994,0.9997,23,1023,3083,0.277127054,2.551972265,4.466249355,5732
2026-09-19T00:46:37.662,33,0.002,0.6,5,manhattan,0.9983,0.9981,0.9986,16,430,3146,0.346593147,1.177877859,4.23252409,5732
2026-09-19T00:46:45.145,33,0.002,0.6,6,manhattan,0.9966,0.9936,0.9997,5,1020,3205,0.30140733,1.720494373,5.457476695,5732
2026-09-19T00:46:51.18,33,0.002,0.6,7,manhattan,0.9994,0.9995,0.9994,23,1023,3076,0.28194904,1.987386806,3.762524072,5732
2026-09-19T00:46:58.66,33,0.002,0.65,5,manhattan,0.996,0.993,0.9991,17,430,3144,0.49212946,1.177527255,4.395330842,5732
2026-09-19T00:47:06.329,33,0.002,0.65,6,manhattan,0.9998,0.9999,0.9998,5,1020,3205,0.419388437,1.99496997,5.251103678,5732
2026-09-19T00:47:12.829,33,0.002,0.65,7,manhattan,0.9995,0.9994,0.9997,23,1023,3076,0.163166854,1.792314956,4.543155647,5732
2026-09-19T00:47:20.642,33,0.002,0.7,5,manhattan,0.989,0.9814,0.9972,18,430,3126,0.424117813,1.181144687,4.789282501,5732
2026-09-19T00:47:27.149,33,0.002,0.7,6,manhattan,0.9997,0.9998,0.9996,5,1020,3205,0.257009882,1.891458454,4.355534124,5732
2026-09-19T00:47:34.041,33,0.002,0.7,7,manhattan,0.9991,0.9986,0.9996,24,1023,3072,0.23870216,2.052482715,4.59917672,5732
2026-09-19T00:47:41.615,33,0.002,0.75,5,manhattan,0.9957,0.9964,0.9952,19,430,3123,0.328996895,1.309469635,4.440671873,5732
2026-09-19T00:47:47.189,33,0.002,0.75,6,manhattan,0.9999,0.9999,0.9999,5,1020,3205,0.376110612,1.567943248,3.626863011,5732
2026-09-19T00:47:52.128,33,0.002,0.75,7,manhattan,0.998,0.9965,0.9995,28,1023,3057,0.19478438,1.625180679,3.115739154,5732
2026-09-19T00:47:57.361,33,0.002,0.8,5,manhattan,0.9956,0.9935,0.9978,20,430,3120,0.1911395,0.74948477,3.234359168,5732
2026-09-19T00:48:02.055,33,0.002,0.8,6,manhattan,0.9994,0.9992,0.9996,5,1020,3205,0.225919164,1.194402031,3.271375922,5732
2026-09-19T00:48:06.772,33,0.002,0.8,7,manhattan,0.9995,0.9997,0.9994,31,1023,3043,0.163151278,1.397862731,3.153772588,5732
2026-09-19T00:48:11.974,33,0.0025,0.5,5,manhattan,0.9981,0.9972,0.999,10,430,3181,0.267897168,0.845703171,3.049241041,5732
2026-09-19T00:48:16.574,33,0.0025,0.5,6,manhattan,0.9983,0.9975,0.9992,3,1020,3215,0.229699397,1.092625934,3.275865045,5732
2026-09-19T00:48:21.405,33,0.0025,0.5,7,manhattan,0.9995,0.9995,0.9995,11,1023,3144,0.172439479,1.428566665,3.228122406,5732
2026-09-19T00:48:24.858,33,0.0025,0.5,8,manhattan,0.9883,0.9815,0.9961,61,619,2563,0.140225365,0.978424992,2.331700726,5732
2026-09-19T00:48:29.885,33,0.0025,0.55,5,manhattan,0.9993,0.9993,0.9994,10,430,3181,0.259718117,0.857918353,2.977693816,5732
2026-09-19T00:48:34.476,33,0.0025,0.55,6,manhattan,0.9992,0.9988,0.9997,3,1020,3215,0.223715321,1.160608246,3.204133788,5732
2026-09-19T00:48:39.295,33,0.0025,0.55,7,manhattan,0.9999,0.9999,0.9999,11,1023,3133,0.164771876,1.416738613,3.235403366,5732
2026-09-19T00:48:42.825,33,0.0025,0.55,8,manhattan,0.997,0.9991,0.995,62,619,2561,0.144147306,0.986599852,2.396552889,5732
2026-09-19T00:48:47.836,33,0.0025,0.6,5,manhattan,0.9974,0.9958,0.9989,10,430,3181,0.255179756,0.795323533,3.013132504,5732
2026-09-19T00:48:53.117,33,0.0025,0.6,6,manhattan,0.9996,0.9997,0.9996,3,1020,3215,0.244588525,1.13357273,3.90023602,5732
2026-09-19T00:48:57.877,33,0.0025,0.6,7,manhattan,0.9998,0.9999,0.9998,12,1023,3125,0.175962346,1.404571972,3.176199902,5732
2026-09-19T00:49:01.758,33,0.0025,0.6,8,manhattan,0.9979,0.9985,0.9974,61,619,2550,0.147215787,1.268042889,2.46299953,5732
2026-09-19T00:49:09.243,33,0.0025,0.65,5,manhattan,0.998,0.9976,0.9986,10,430,3181,0.397991348,1.319820332,4.654398345,5732
2026-09-19T00:49:15.846,33,0.0025,0.65,6,manhattan,0.9994,0.9994,0.9995,3,1020,3215,0.32514689,1.548851208,4.724388666,5732
2026-09-19T00:49:22.646,33,0.0025,0.65,7,manhattan,0.9995,0.9994,0.9997,12,1023,3125,0.159976919,1.642066991,4.995297323,5732
2026-09-19T00:49:28.132,33,0.0025,0.65,8,manhattan,0.9992,0.9992,0.999,61,619,2537,0.319258217,1.708840907,3.455109235,5732
2026-09-19T00:49:34.552,33,0.0025,0.7,5,manhattan,0.9995,0.9997,0.9994,11,430,3167,0.330575588,1.345799079,3.563724406,5732
2026-09-19T00:49:40.824,33,0.0025,0.7,6,manhattan,0.9998,0.9999,0.9997,3,1020,3215,0.228104919,1.140232941,4.901486283,5732
2026-09-19T00:49:48.241,33,0.0025,0.7,7,manhattan,0.9998,0.9999,0.9998,12,1023,3125,0.296710217,2.119781121,4.997043845,5732
2026-09-19T00:49:52.683,33,0.0025,0.7,8,manhattan,0.9814,0.9935,0.9718,61,619,2525,0.205477859,1.401777898,2.831159472,5732
2026-09-19T00:49:59.972,33,0.0025,0.75,5,manhattan,0.9993,0.9993,0.9993,12,430,3165,0.405675014,1.311715034,4.389199078,5732
2026-09-19T00:50:07.055,33,0.0025,0.75,6,manhattan,0.9989,0.9984,0.9993,3,1020,3215,0.363423371,1.510392511,5.206423251,5732
2026-09-19T00:50:13.13,33,0.0025,0.75,7,manhattan,0.9999,0.9999,0.9999,13,1023,3119,0.254970372,1.505448022,4.31211078,5732
2026-09-19T00:50:18.207,33,0.0025,0.75,8,manhattan,0.956,0.9969,0.9315,60,619,2511,0.151671455,1.753749943,3.168752859,5732
2026-09-19T00:50:24.81,33,0.0025,0.8,5,manhattan,0.996,0.993,0.9991,12,430,3165,0.46275558,1.159564746,3.732709043,5732
2026-09-19T00:50:31.76,33,0.0025,0.8,6,manhattan,0.9998,0.9998,0.9998,3,1020,3215,0.27155888,1.588679564,5.086790259,5732
2026-09-19T00:50:38.918,33,0.0025,0.8,7,manhattan,0.9993,0.999,0.9996,15,1023,3111,0.245668831,1.982362818,4.926295746,5732
2026-09-19T00:50:43.125,33,0.0025,0.8,8,manhattan,0.997,0.9959,0.9981,62,619,2499,0.144852146,0.958145089,3.101080433,5732
2026-09-19T00:50:50.576,33,0.003,0.5,5,manhattan,0.9996,0.9995,0.9997,3,430,3217,0.317065548,1.107836402,4.824909085,5732
2026-09-19T00:50:56.192,33,0.003,0.5,6,manhattan,0.9997,0.9998,0.9997,1,1020,3224,0.3813455,1.420611176,3.805441405,5732
2026-09-19T00:51:03.669,33,0.003,0.5,7,manhattan,0.9999,0.9999,0.9999,5,1023,3184,0.295566216,1.90308311,5.271330588,5732
2026-09-19T00:51:09.521,33,0.003,0.5,8,manhattan,0.9999,0.9999,0.9999,35,619,2788,0.251537391,1.398221716,4.199961498,5732
2026-09-19T00:51:14.407,33,0.003,0.5,9,manhattan,0.9953,0.9948,0.9958,56,534,2025,0.427553165,1.556962163,2.898937428,5732
2026-09-19T00:51:19.278,33,0.003,0.5,10,manhattan,0.994,0.993,0.9951,53,468,1599,0.978700516,1.422428309,2.467116468,5732
2026-09-19T00:51:25.442,33,0.003,0.55,5,manhattan,0.9992,0.9992,0.9992,3,430,3217,0.221208715,1.01561579,4.924076328,5732
2026-09-19T00:51:32.91,33,0.003,0.55,6,manhattan,0.9996,0.9995,0.9997,1,1020,3224,0.475865988,1.486738642,5.502452794,5732
2026-09-19T00:51:39.083,33,0.003,0.55,7,manhattan,0.9997,0.9997,0.9997,5,1023,3173,0.259543025,1.210691128,4.700010751,5732
2026-09-19T00:51:45.474,33,0.003,0.55,8,manhattan,0.9981,0.9982,0.9981,35,619,2788,0.247360948,1.779071063,4.360299426,5732
2026-09-19T00:51:50.175,33,0.003,0.55,9,manhattan,0.9991,0.9994,0.9988,57,534,2022,0.467497388,1.198112352,3.032879377,5732
2026-09-19T00:51:54.014,33,0.003,0.55,10,manhattan,0.9984,0.9981,0.9987,53,468,1599,0.960992101,1.094384679,1.780979687,5732
2026-09-19T00:52:00.064,33,0.003,0.6,5,manhattan,0.9994,0.9993,0.9995,3,430,3217,0.365338072,1.105590933,4.575892338,5732
2026-09-19T00:52:07.501,33,0.003,0.6,6,manhattan,0.9997,0.9997,0.9998,1,1020,3224,0.347933958,1.394467116,5.688510219,5732
2026-09-19T00:52:14.013,33,0.003,0.6,7,manhattan,0.9993,0.9991,0.9995,6,1023,3168,0.322402684,1.870247059,4.315755382,5732
2026-09-19T00:52:19.855,33,0.003,0.6,8,manhattan,0.9996,0.9997,0.9996,34,619,2773,0.220659553,1.323423727,4.295985949,5732
2026-09-19T00:52:24.742,33,0.003,0.6,9,manhattan,0.997,0.9954,0.9986,57,534,2016,0.275046338,1.450920646,3.159067261,5732
2026-09-19T00:52:28.935,33,0.003,0.6,10,manhattan,0.9934,0.9965,0.9904,53,468,1599,1.045762668,1.454160027,1.690976398,5732
2026-09-19T00:52:34.307,33,0.003,0.65,5,manhattan,0.9999,0.9999,0.9999,3,430,3217,0.234671054,0.735163172,4.3987158,5732
2026-09-19T00:52:41.793,33,0.003,0.65,6,manhattan,0.9998,0.9998,0.9998,1,1020,3224,0.425492636,1.609344433,5.448011393,5732
2026-09-19T00:52:48.12,33,0.003,0.65,7,manhattan,0.9997,0.9998,0.9997,6,1023,3168,0.281414821,1.900044941,4.142091165,5732
2026-09-19T00:52:53.868,33,0.003,0.65,8,manhattan,0.9995,0.9992,0.9997,36,619,2764,0.279964286,1.575149549,3.886750913,5732
2026-09-19T00:52:58.273,33,0.003,0.65,9,manhattan,0.9991,0.9991,0.9991,57,534,2013,0.385279664,0.944432649,3.072579226,5732
2026-09-19T00:53:02.258,33,0.003,0.65,10,manhattan,0.7698,0.8578,0.8668,53,468,1599,0.958381572,1.437031646,1.586316692,5732
2026-09-19T00:53:08.237,33,0.003,0.7,5,manhattan,0.9995,0.9995,0.9996,4,430,3206,0.271296346,0.90815335,4.796878189,5732
2026-09-19T00:53:15.437,33,0.003,0.7,6,manhattan,0.9999,0.9999,0.9999,1,1020,3224,0.368627111,1.453051017,5.374725468,5732
2026-09-19T00:53:21.519,33,0.003,0.7,7,manhattan,0.9996,0.9994,0.9997,6,1023,3168,0.185061137,1.877654991,4.01746242,5732
2026-09-19T00:53:26.535,33,0.003,0.7,8,manhattan,0.9998,0.9997,0.9998,37,619,2751,0.158735419,1.170413064,3.684275604,5732
2026-09-19T00:53:31.006,33,0.003,0.7,9,manhattan,0.9976,0.9974,0.9978,57,534,1999,0.365505691,1.313225004,2.789790555,5732
2026-09-19T00:53:35.571,33,0.003,0.7,10,manhattan,0.9751,0.9604,0.9928,53,468,1593,1.095370769,1.049572723,2.41685102,5732
2026-09-19T00:53:40.89,33,0.003,0.75,5,manhattan,0.997,0.9949,0.9991,4,430,3206,0.390564978,1.035702231,3.888796916,5732
2026-09-19T00:53:47.925,33,0.003,0.75,6,manhattan,0.9992,0.999,0.9996,1,1020,3224,0.293522518,1.491783283,5.240467347,5732
2026-09-19T00:53:55.101,33,0.003,0.75,7,manhattan,0.999,0.9987,0.9992,7,1023,3166,0.250305739,1.558198355,5.364554333,5732
2026-09-19T00:54:00.018,33,0.003,0.75,8,manhattan,0.9994,0.9995,0.9994,37,619,2734,0.281756206,1.557947067,3.07343129,5732
2026-09-19T00:54:04.038,33,0.003,0.75,9,manhattan,0.9922,0.9909,0.9936,54,534,1945,0.291792966,1.12332428,2.602227771,5732
2026-09-19T00:54:08.631,33,0.003,0.75,10,manhattan,0.9922,0.995,0.9896,52,468,1579,1.090116744,1.09503162,2.40425206,5732
2026-09-19T00:54:15.258,33,0.003,0.8,5,manhattan,0.9993,0.9988,0.9998,4,430,3206,0.455585457,1.310548544,4.856795851,5732
2026-09-19T00:54:21.117,33,0.003,0.8,6,manhattan,0.9998,0.9999,0.9998,1,1020,3224,0.328058088,1.154519268,4.373493085,5732
2026-09-19T00:54:28.015,33,0.003,0.8,7,manhattan,0.9996,0.9997,0.9994,7,1023,3166,0.250720108,1.680602235,4.963452251,5732
2026-09-19T00:54:34.152,33,0.003,0.8,8,manhattan,0.9993,0.9993,0.9992,39,619,2730,0.289220151,1.59435173,4.251609594,5732
2026-09-19T00:54:37.575,33,0.003,0.8,9,manhattan,0.9984,0.9982,0.9986,53,534,1931,0.311628119,1.055871644,2.052861095,5732
2026-09-19T00:54:41.825,33,0.003,0.8,10,manhattan,0.9973,0.9968,0.9978,51,468,1566,0.985358352,1.021144221,2.23977659,5732
2026-09-19T00:55:54.695,34,0.002,0.5,5,manhattan,0.9989,0.9985,0.9993,15,429,3150,1.507015891,7.511950374,6.778022905,5732
2026-09-19T00:56:02.186,34,0.002,0.5,6,manhattan,0.999,0.9987,0.9993,3,1026,3212,0.414776599,1.362186234,4.079852885,5732
2026-09-19T00:56:08.816,34,0.002,0.5,7,manhattan,0.9996,0.9994,0.9997,14,1075,3146,0.315496771,1.705435722,4.604811754,5732
2026-09-19T00:56:17.531,34,0.002,0.55,5,manhattan,0.9994,0.9994,0.9994,15,429,3150,0.236309881,1.260499604,4.376586219,5732
2026-09-19T00:56:23.673,34,0.002,0.55,6,manhattan,0.9984,0.9974,0.9994,3,1026,3212,0.240658902,1.31491712,4.583924512,5732
2026-09-19T00:56:31.086,34,0.002,0.55,7,manhattan,0.9999,0.9999,0.9999,14,1075,3140,0.329244692,1.914179643,5.166694139,5732
2026-09-19T00:56:37.827,34,0.002,0.6,5,manhattan,0.9969,0.9956,0.9983,15,429,3150,0.540611084,1.351531028,3.404258797,5732
2026-09-19T00:56:44.562,34,0.002,0.6,6,manhattan,0.9959,0.9932,0.9987,3,1026,3212,0.357143517,1.606147864,4.765750039,5732
2026-09-19T00:56:51.75,34,0.002,0.6,7,manhattan,0.9999,0.9999,0.9999,14,1075,3139,0.281898752,1.957849693,4.944878224,5732
2026-09-19T00:56:57.385,34,0.002,0.65,5,manhattan,0.9993,0.9994,0.9992,15,429,3150,0.475197607,0.685066461,3.101236528,5732
2026-09-19T00:57:01.914,34,0.002,0.65,6,manhattan,0.9996,0.9996,0.9995,3,1026,3212,0.252644376,1.141414726,3.132722475,5732
2026-09-19T00:57:06.676,34,0.002,0.65,7,manhattan,0.9996,0.9995,0.9997,16,1075,3129,0.204545058,1.315988277,3.238795911,5732
2026-09-19T00:57:11.674,34,0.002,0.7,5,manhattan,0.9974,0.996,0.9989,17,429,3132,0.336870948,0.727893875,2.792983143,5732
2026-09-19T00:57:16.267,34,0.002,0.7,6,manhattan,0.9996,0.9997,0.9996,3,1026,3212,0.220450657,1.080115254,3.290236159,5732
2026-09-19T00:57:20.811,34,0.002,0.7,7,manhattan,0.9997,0.9998,0.9996,16,1075,3127,0.210354252,1.320689578,3.010933968,5732
2026-09-19T00:57:25.44,34,0.002,0.75,5,manhattan,0.9826,0.9879,0.9787,18,429,3127,0.301323517,0.672186599,2.674267796,5732
2026-09-19T00:57:30.061,34,0.002,0.75,6,manhattan,0.9999,0.9999,0.9999,3,1026,3212,0.218520591,1.094189752,3.30545843,5732
2026-09-19T00:57:34.799,34,0.002,0.75,7,manhattan,0.9988,0.9983,0.9993,17,1075,3118,0.222597161,1.342764891,3.170566988,5732
2026-09-19T00:57:39.556,34,0.002,0.8,5,manhattan,0.9978,0.998,0.9975,18,429,3123,0.183604665,0.770359092,2.775525181,5732
2026-09-19T00:57:44.293,34,0.002,0.8,6,manhattan,0.999,0.9987,0.9994,3,1026,3212,0.223679982,1.081219795,3.424888744,5732
2026-09-19T00:57:48.975,34,0.002,0.8,7,manhattan,0.9996,0.9996,0.9996,21,1075,3087,0.16130586,1.352576623,3.16664386,5732
2026-09-19T00:57:54.016,34,0.0025,0.5,5,manhattan,0.9995,0.9994,0.9996,9,429,3183,0.293487108,0.651287902,3.111577238,5732
2026-09-19T00:57:58.765,34,0.0025,0.5,6,manhattan,0.9993,0.9988,0.9997,2,1026,3218,0.253883851,1.09963612,3.393081806,5732
2026-09-19T00:58:04.115,34,0.0025,0.5,7,manhattan,0.9996,0.9997,0.9996,7,1075,3177,0.336711779,1.536257276,3.475182686,5732
2026-09-19T00:58:07.432,34,0.0025,0.5,8,manhattan,0.997,0.996,0.998,56,622,2530,0.152279634,0.745784296,2.411104125,5732
2026-09-19T00:58:13.842,34,0.0025,0.55,5,manhattan,0.9988,0.9991,0.9984,9,429,3183,0.279412679,0.811214674,4.149724964,5732
2026-09-19T00:58:20.743,34,0.0025,0.55,6,manhattan,0.9997,0.9997,0.9998,2,1026,3218,0.423789135,1.469466318,5.004289606,5732
2026-09-19T00:58:28.843,34,0.0025,0.55,7,manhattan,0.9995,0.9994,0.9997,7,1075,3171,0.387519545,2.760561601,4.935770004,5732
2026-09-19T00:58:34.165,34,0.0025,0.55,8,manhattan,0.9977,0.9963,0.999,56,622,2530,0.254376441,1.383589186,3.680538254,5732
2026-09-19T00:58:41.663,34,0.0025,0.6,5,manhattan,0.9995,0.9996,0.9994,9,429,3183,0.264010427,0.97779146,4.976669447,5732
2026-09-19T00:58:48.443,34,0.0025,0.6,6,manhattan,0.9995,0.9997,0.9993,2,1026,3218,0.480440387,1.920551757,4.376397088,5732
2026-09-19T00:58:56.246,34,0.0025,0.6,7,manhattan,0.9999,0.9999,0.9999,7,1075,3171,0.28881563,2.011881335,5.50027137,5732
2026-09-19T00:59:01.853,34,0.0025,0.6,8,manhattan,0.9821,0.9704,0.9964,57,622,2521,0.19854394,1.527287273,3.878096872,5732
2026-09-19T00:59:07.869,34,0.0025,0.65,5,manhattan,0.9946,0.9904,0.9991,9,429,3183,0.348855305,0.881251929,3.309078308,5732
2026-09-19T00:59:16.319,34,0.0025,0.65,6,manhattan,0.9992,0.9989,0.9994,2,1026,3218,0.335400787,1.756013501,6.35579193,5732
2026-09-19T00:59:24.135,34,0.0025,0.65,7,manhattan,0.9998,0.9999,0.9998,7,1075,3171,0.285077511,1.790625477,5.737108622,5732
2026-09-19T00:59:28.29,34,0.0025,0.65,8,manhattan,0.9891,0.993,0.9858,58,622,2509,0.254826778,1.10197336,2.793709074,5732
2026-09-19T00:59:36.745,34,0.0025,0.7,5,manhattan,0.9997,0.9998,0.9996,10,429,3170,0.701471636,1.669958412,4.54851411,5732
2026-09-19T00:59:43.79,34,0.0025,0.7,6,manhattan,0.9998,0.9999,0.9998,2,1026,3218,0.399029539,1.881907142,4.760576891,5732
2026-09-19T00:59:50.238,34,0.0025,0.7,7,manhattan,0.9997,0.9997,0.9998,8,1075,3164,0.177640564,1.487196383,4.781081752,5732
2026-09-19T00:59:56.183,34,0.0025,0.7,8,manhattan,0.9992,0.9992,0.999,58,622,2494,0.266635554,1.448201723,4.224794776,5732
2026-09-19T01:00:02.906,34,0.0025,0.75,5,manhattan,0.999,0.999,0.9989,10,429,3170,0.482125869,0.932218863,3.870738317,5732
2026-09-19T01:00:10.575,34,0.0025,0.75,6,manhattan,0.9996,0.9996,0.9996,2,1026,3218,0.407979149,1.922809449,5.332777007,5732
2026-09-19T01:00:17.515,34,0.0025,0.75,7,manhattan,0.9998,0.9998,0.9997,10,1075,3156,0.256479644,1.916380972,4.764769956,5732
2026-09-19T01:00:21.88,34,0.0025,0.75,8,manhattan,0.9959,0.9974,0.9943,56,622,2466,0.197302789,0.911108197,3.248963134,5732
2026-09-19T01:00:30.265,34,0.0025,0.8,5,manhattan,0.9991,0.9992,0.9992,11,429,3163,0.333591897,1.410173527,5.424541138,5732
2026-09-19T01:00:39.683,34,0.0025,0.8,6,manhattan,0.9995,0.9995,0.9995,2,1026,3218,0.553066032,3.008916671,5.851932201,5732
2026-09-19T01:00:46.27,34,0.0025,0.8,7,manhattan,0.9997,0.9998,0.9997,11,1075,3138,0.306104228,1.705098389,4.573470939,5732
2026-09-19T01:00:51.143,34,0.0025,0.8,8,manhattan,0.9963,0.997,0.9956,56,622,2441,0.251279397,0.832251238,3.78770729,5732
2026-09-19T01:00:59.135,34,0.003,0.5,5,manhattan,0.9999,0.9999,0.9999,4,429,3214,0.50809833,1.352073905,4.887584711,5732
2026-09-19T01:01:04.901,34,0.003,0.5,6,manhattan,0.9997,0.9997,0.9997,1,1026,3224,0.356074805,1.16878136,4.23867791,5732
2026-09-19T01:01:11.971,34,0.003,0.5,7,manhattan,0.9996,0.9998,0.9995,1,1075,3203,0.321450047,1.434490469,5.310777821,5732
2026-09-19T01:01:17.612,34,0.003,0.5,8,manhattan,0.9948,0.993,0.9966,38,622,2749,0.229510686,1.584259934,3.82382274,5732
2026-09-19T01:01:21.423,34,0.003,0.5,9,manhattan,0.9971,0.9981,0.9962,57,533,2204,0.422271134,1.157006248,2.228902292,5732
2026-09-19T01:01:25.737,34,0.003,0.5,10,manhattan,0.9906,0.9919,0.9895,61,448,1696,1.080669863,1.108490117,2.121554113,5732
2026-09-19T01:01:31.868,34,0.003,0.55,5,manhattan,0.9995,0.9995,0.9995,4,429,3214,0.389206004,1.128549251,4.609910732,5732
2026-09-19T01:01:41.075,34,0.003,0.55,6,manhattan,0.9998,0.9997,0.9998,1,1026,3224,0.434641783,1.521597927,7.232356176,5732
2026-09-19T01:01:48.849,34,0.003,0.55,7,manhattan,0.9998,0.9997,0.9998,2,1075,3194,0.473166201,2.162583322,5.13437324,5732
2026-09-19T01:01:55.016,34,0.003,0.55,8,manhattan,0.9985,0.9989,0.9981,38,622,2749,0.293709064,1.516686962,4.352391709,5732
2026-09-19T01:01:59.382,34,0.003,0.55,9,manhattan,0.9994,0.9996,0.9991,57,533,2204,0.401571206,0.954812121,3.006068541,5732
2026-09-19T01:02:03.165,34,0.003,0.55,10,manhattan,0.994,0.9951,0.993,61,448,1696,1.146252287,0.950261537,1.683327793,5732
2026-09-19T01:02:09.168,34,0.003,0.6,5,manhattan,0.9996,0.9995,0.9997,4,429,3214,0.363720198,1.12134805,4.515621488,5732
2026-09-19T01:02:16.22,34,0.003,0.6,6,manhattan,0.9998,0.9999,0.9998,1,1026,3224,0.444057515,1.474753937,5.129855551,5732
2026-09-19T01:02:22.272,34,0.003,0.6,7,manhattan,0.9999,0.9999,0.9999,2,1075,3194,0.316516036,1.88539062,3.847460265,5732
2026-09-19T01:02:27.881,34,0.003,0.6,8,manhattan,0.9989,0.9992,0.9986,39,622,2744,0.324414674,1.348348847,3.933784243,5732
2026-09-19T01:02:32.332,34,0.003,0.6,9,manhattan,0.9969,0.9979,0.996,58,533,2193,0.347958123,0.986434398,3.11327585,5732
2026-09-19T01:02:36.731,34,0.003,0.6,10,manhattan,0.9643,0.9784,0.9557,61,448,1696,1.041055431,1.018555901,2.337346911,5732
2026-09-19T01:02:41.779,34,0.003,0.65,5,manhattan,0.9962,0.9932,0.9992,4,429,3214,0.239721002,0.668232531,4.137382392,5732
2026-09-19T01:02:49.041,34,0.003,0.65,6,manhattan,0.9998,0.9999,0.9996,1,1026,3224,0.417481345,1.163465037,5.678336848,5732
2026-09-19T01:02:56.627,34,0.003,0.65,7,manhattan,0.9998,0.9999,0.9998,2,1075,3192,0.345734444,1.766144896,5.47146747,5732
2026-09-19T01:03:01.245,34,0.003,0.65,8,manhattan,0.9986,0.9988,0.9985,40,622,2738,0.176835922,1.17280066,3.265759629,5732
2026-09-19T01:03:05.657,34,0.003,0.65,9,manhattan,0.9962,0.9978,0.9947,58,533,2182,0.382168161,1.111969753,2.91498243,5732
2026-09-19T01:03:10.079,34,0.003,0.65,10,manhattan,0.8186,0.9344,0.8375,61,448,1696,1.189284964,0.876848781,2.352114306,5732
2026-09-19T01:03:16.353,34,0.003,0.7,5,manhattan,0.9954,0.9924,0.9985,5,429,3203,0.390925498,1.213691722,4.665134287,5732
2026-09-19T01:03:23.539,34,0.003,0.7,6,manhattan,0.9999,0.9999,0.9999,1,1026,3224,0.395468119,1.190075638,5.591633423,5732
2026-09-19T01:03:32.248,34,0.003,0.7,7,manhattan,0.9998,0.9999,0.9998,3,1075,3190,0.305491928,1.497252838,6.903196831,5732
2026-09-19T01:03:42.455,34,0.003,0.7,8,manhattan,0.9995,0.9995,0.9995,40,622,2726,0.488791247,3.020851859,6.693431412,5732
2026-09-19T01:03:49.886,34,0.003,0.7,9,manhattan,0.999,0.9992,0.9989,55,533,2134,0.6228638,1.923233456,4.878388421,5732
2026-09-19T01:03:56.092,34,0.003,0.7,10,manhattan,0.9859,0.9864,0.9857,61,448,1696,1.257714192,1.260129096,3.685163636,5732
2026-09-19T01:04:03.635,34,0.003,0.75,5,manhattan,0.9984,0.9969,0.9999,5,429,3203,0.395363637,1.453273042,5.69075897,5732
2026-09-19T01:04:15.516,34,0.003,0.75,6,manhattan,0.999,0.9986,0.9994,1,1026,3224,0.649347011,2.616426447,8.611206766,5732
2026-09-19T01:04:21.594,34,0.003,0.75,7,manhattan,0.9999,0.9999,0.9999,4,1075,3188,0.281391913,1.48921836,4.30453963,5732
2026-09-19T01:04:26.629,34,0.003,0.75,8,manhattan,0.9966,0.9957,0.9975,40,622,2691,0.310218232,0.838183074,3.883395456,5732
2026-09-19T01:04:30.713,34,0.003,0.75,9,manhattan,0.9976,0.9992,0.996,53,533,2106,0.248980778,0.96195696,2.871102857,5732
2026-09-19T01:04:34.927,34,0.003,0.75,10,manhattan,0.9854,0.9895,0.9819,61,448,1683,1.069565507,1.069210085,2.072178095,5732
2026-09-19T01:04:39.989,34,0.003,0.8,5,manhattan,0.997,0.995,0.999,6,429,3201,0.316122689,0.660737157,4.082855329,5732
2026-09-19T01:04:46.291,34,0.003,0.8,6,manhattan,0.9999,0.9999,0.9999,1,1026,3224,0.345048985,1.07227216,4.88076034,5732
2026-09-19T01:04:52.93,34,0.003,0.8,7,manhattan,0.9997,0.9998,0.9996,5,1075,3179,0.301180878,1.84773418,4.48796524,5732
2026-09-19T01:04:57.262,34,0.003,0.8,8,manhattan,0.9991,0.999,0.9992,42,622,2679,0.154066267,0.902126881,3.273405763,5732
2026-09-19T01:05:01.239,34,0.003,0.8,9,manhattan,0.9975,0.9991,0.9959,53,533,2095,0.336779492,0.854401509,2.78379382,5732
2026-09-19T01:05:05.977,34,0.003,0.8,10,manhattan,0.9076,0.8898,0.9667,61,448,1677,1.042817417,0.757856768,2.934253132,5732
2026-09-19T01:08:09.787,35,0.002,0.5,5,manhattan,0.996,0.9937,0.9983,16,433,3145,0.977262251,5.913238866,5.183942661,5732
2026-09-19T01:08:18.326,35,0.002,0.5,6,manhattan,0.9998,0.9999,0.9997,4,1016,3214,0.413952833,1.877848085,4.99773779,5732
2026-09-19T01:08:23.406,35,0.002,0.5,7,manhattan,0.9997,0.9998,0.9997,12,1048,3144,0.26887214,1.646594648,3.161367142,5732
2026-09-19T01:08:31.644,35,0.002,0.55,5,manhattan,0.9996,0.9995,0.9996,16,433,3145,0.330344242,1.311236357,4.197006757,5732
2026-09-19T01:08:38.973,35,0.002,0.55,6,manhattan,0.9999,0.9999,0.9999,4,1016,3214,0.413570381,1.809263202,5.104128201,5732
2026-09-19T01:08:44.895,35,0.002,0.55,7,manhattan,0.9997,0.9998,0.9995,13,1048,3135,0.23652485,1.50551321,4.177007483,5732
2026-09-19T01:08:52.287,35,0.002,0.6,5,manhattan,0.9993,0.9993,0.9993,16,433,3145,0.582021098,1.030339565,4.369501567,5732
2026-09-19T01:08:58.321,35,0.002,0.6,6,manhattan,0.9999,0.9999,0.9999,4,1016,3214,0.359503276,1.575722533,4.09662207,5732
2026-09-19T01:09:04.874,35,0.002,0.6,7,manhattan,0.9994,0.9993,0.9996,13,1048,3135,0.234547782,1.863259767,4.452322765,5732
2026-09-19T01:09:12.233,35,0.002,0.65,5,manhattan,0.999,0.9992,0.9987,16,433,3145,0.356565191,1.130678506,4.483769871,5732
2026-09-19T01:09:18.185,35,0.002,0.65,6,manhattan,0.9997,0.9997,0.9998,4,1016,3214,0.351862495,1.190025685,4.40686975,5732
2026-09-19T01:09:24.705,35,0.002,0.65,7,manhattan,0.9978,0.9964,0.9992,13,1048,3135,0.209264104,1.77160427,4.535558543,5732
2026-09-19T01:09:30.947,35,0.002,0.7,5,manhattan,0.998,0.9966,0.9993,16,433,3133,0.37802792,0.993769738,3.412248716,5732
2026-09-19T01:09:37.58,35,0.002,0.7,6,manhattan,0.9992,0.9988,0.9996,4,1016,3214,0.357587738,1.688528778,4.584291027,5732
2026-09-19T01:09:44.618,35,0.002,0.7,7,manhattan,0.9987,0.9985,0.9988,14,1048,3131,0.26065007,1.610755222,5.162917069,5732
2026-09-19T01:09:53.225,35,0.002,0.75,5,manhattan,0.9955,0.9932,0.9979,18,433,3126,0.50419998,1.129876169,5.539118918,5732
2026-09-19T01:10:01.442,35,0.002,0.75,6,manhattan,0.9998,0.9999,0.9996,4,1016,3214,0.525210905,2.178514162,5.498682954,5732
2026-09-19T01:10:07.317,35,0.002,0.75,7,manhattan,0.9996,0.9998,0.9995,14,1048,3131,0.288157287,1.698414749,3.885636797,5732
2026-09-19T01:10:14.569,35,0.002,0.8,5,manhattan,0.9991,0.999,0.9992,19,433,3121,0.322581029,1.179012267,4.30300529,5732
2026-09-19T01:10:21.832,35,0.002,0.8,6,manhattan,0.9994,0.9994,0.9994,4,1016,3214,0.361483627,1.74130319,5.155726345,5732
2026-09-19T01:10:27.441,35,0.002,0.8,7,manhattan,0.9984,0.9978,0.9989,18,1048,3103,0.171934333,1.587970326,3.845169824,5732
2026-09-19T01:10:34.936,35,0.0025,0.5,5,manhattan,0.996,0.9953,0.9967,10,433,3180,0.563372486,1.193603936,4.423866545,5732
2026-09-19T01:10:42.304,35,0.0025,0.5,6,manhattan,0.9993,0.9992,0.9995,1,1016,3222,0.438748529,1.478482381,5.445934314,5732
2026-09-19T01:10:48.319,35,0.0025,0.5,7,manhattan,0.9999,0.9999,0.9999,7,1048,3170,0.274553034,1.278486082,4.459168682,5732
2026-09-19T01:10:53.451,35,0.0025,0.5,8,manhattan,0.999,0.9984,0.9996,59,591,2594,0.169647938,1.323939377,3.635133764,5732
2026-09-19T01:11:01.082,35,0.0025,0.55,5,manhattan,0.9982,0.9973,0.999,10,433,3180,0.352900337,0.990067031,5.017361107,5732
2026-09-19T01:11:06.607,35,0.0025,0.55,6,manhattan,0.9999,0.9999,0.9999,1,1016,3222,0.274531593,1.143461424,4.104771296,5732
2026-09-19T01:11:13.387,35,0.0025,0.55,7,manhattan,0.9998,0.9999,0.9998,8,1048,3163,0.259269238,1.461364831,5.05567124,5732
2026-09-19T01:11:18.532,35,0.0025,0.55,8,manhattan,0.9974,0.997,0.9977,58,591,2574,0.28138184,1.397704182,3.462545786,5732
2026-09-19T01:11:25.438,35,0.0025,0.6,5,manhattan,0.9992,0.9992,0.9992,10,433,3180,0.295599159,0.762638454,4.628240289,5732
2026-09-19T01:11:32.051,35,0.0025,0.6,6,manhattan,0.9996,0.9998,0.9994,1,1016,3222,0.297271441,1.626996893,4.686457855,5732
2026-09-19T01:11:38.2,35,0.0025,0.6,7,manhattan,0.999,0.9987,0.9993,8,1048,3163,0.315869488,1.594001684,4.236519558,5732
2026-09-19T01:11:42.394,35,0.0025,0.6,8,manhattan,0.999,0.9985,0.9996,58,591,2566,0.143709078,0.689263785,3.359271415,5732
2026-09-19T01:11:49.253,35,0.0025,0.65,5,manhattan,0.9994,0.9995,0.9993,10,433,3180,0.457481719,1.162304824,4.115710334,5732
2026-09-19T01:11:55.293,35,0.0025,0.65,6,manhattan,0.9995,0.9995,0.9994,1,1016,3222,0.379112835,1.367618004,4.291128911,5732
2026-09-19T01:12:01.217,35,0.0025,0.65,7,manhattan,0.9999,0.9999,0.9999,8,1048,3163,0.156203621,1.226461697,4.538023453,5732
2026-09-19T01:12:06.209,35,0.0025,0.65,8,manhattan,0.9994,0.9997,0.9992,59,591,2555,0.216503157,1.254481688,3.511140893,5732
2026-09-19T01:12:12.328,35,0.0025,0.7,5,manhattan,0.998,0.9984,0.9976,10,433,3168,0.284083511,0.963267726,3.620807492,5732
2026-09-19T01:12:18.41,35,0.0025,0.7,6,manhattan,0.9996,0.9996,0.9997,1,1016,3222,0.334745573,1.345578455,4.399367814,5732
2026-09-19T01:12:24.713,35,0.0025,0.7,7,manhattan,0.999,0.9984,0.9995,8,1048,3162,0.250517979,1.443627508,4.602929303,5732
2026-09-19T01:12:29.406,35,0.0025,0.7,8,manhattan,0.998,0.9971,0.9988,59,591,2552,0.245275619,1.2133126,3.231549086,5732
2026-09-19T01:12:35.858,35,0.0025,0.75,5,manhattan,0.9986,0.998,0.9992,11,433,3166,0.411015865,0.960787171,4.099642638,5732
2026-09-19T01:12:42.498,35,0.0025,0.75,6,manhattan,0.9986,0.9977,0.9995,1,1016,3222,0.396919859,1.406176214,4.833139939,5732
2026-09-19T01:12:49.227,35,0.0025,0.75,7,manhattan,0.9986,0.9984,0.9987,8,1048,3162,0.290793029,1.657686568,4.775880875,5732
2026-09-19T01:12:53.759,35,0.0025,0.75,8,manhattan,0.9977,0.9969,0.9986,61,591,2540,0.218332581,0.718700577,3.592360421,5732
2026-09-19T01:13:00.795,35,0.0025,0.8,5,manhattan,0.9996,0.9997,0.9994,12,433,3163,0.436603352,1.262351618,4.083285799,5732
2026-09-19T01:13:07.266,35,0.0025,0.8,6,manhattan,0.9998,0.9999,0.9996,1,1016,3222,0.379984105,1.432914198,4.656068636,5732
2026-09-19T01:13:12.667,35,0.0025,0.8,7,manhattan,0.999,0.9985,0.9996,11,1048,3152,0.174173726,1.429455167,3.794735446,5732
2026-09-19T01:13:17.238,35,0.0025,0.8,8,manhattan,0.996,0.9968,0.9953,64,591,2489,0.226496543,0.814372161,3.527219554,5732
2026-09-19T01:13:24.11,35,0.003,0.5,5,manhattan,0.9974,0.9958,0.999,4,433,3215,0.362009322,1.047069357,4.283884201,5732
2026-09-19T01:13:29.874,35,0.003,0.5,6,manhattan,0.9994,0.9994,0.9994,1,1016,3224,0.374383949,1.187622305,4.197767119,5732
2026-09-19T01:13:36.304,35,0.003,0.5,7,manhattan,0.9972,0.9965,0.9979,4,1048,3194,0.314560381,1.493819328,4.6175795,5732
2026-09-19T01:13:42.036,35,0.003,0.5,8,manhattan,0.9996,0.9994,0.9998,36,591,2815,0.266752456,1.490216702,3.971429954,5732
2026-09-19T01:13:45.306,35,0.003,0.5,9,manhattan,0.9918,0.9902,0.9933,56,490,2048,0.346033468,0.81425832,2.106749125,5732
2026-09-19T01:13:49.101,35,0.003,0.5,10,manhattan,0.989,0.9858,0.9926,53,416,1564,0.908066328,0.915979001,1.969205919,5732
2026-09-19T01:13:54.7,35,0.003,0.55,5,manhattan,0.9996,0.9996,0.9996,4,433,3215,0.254511856,1.056696775,4.284955357,5732
2026-09-19T01:14:01.293,35,0.003,0.55,6,manhattan,0.9993,0.9995,0.9992,1,1016,3224,0.465590367,1.606973593,4.517419982,5732
2026-09-19T01:14:06.899,35,0.003,0.55,7,manhattan,0.9994,0.9997,0.9993,4,1048,3189,0.205693256,1.263950217,4.133914337,5732
2026-09-19T01:14:12.1,35,0.003,0.55,8,manhattan,0.9995,0.9996,0.9994,36,591,2791,0.148023596,1.232978382,3.812791384,5732
2026-09-19T01:14:16.365,35,0.003,0.55,9,manhattan,0.9975,0.9978,0.9973,56,490,2048,0.429075435,1.0344359,2.797458136,5732
2026-09-19T01:14:19.503,35,0.003,0.55,10,manhattan,0.9815,0.9708,0.9944,53,416,1564,0.992161083,0.615661362,1.513384817,5732
2026-09-19T01:14:24.686,35,0.003,0.6,5,manhattan,0.9994,0.9996,0.9992,4,433,3215,0.207559906,0.676380084,4.296590643,5732
2026-09-19T01:14:31.627,35,0.003,0.6,6,manhattan,0.9996,0.9996,0.9996,1,1016,3224,0.46486304,1.656005837,4.816439271,5732
2026-09-19T01:14:38.327,35,0.003,0.6,7,manhattan,0.9995,0.9995,0.9995,4,1048,3189,0.239162269,1.667328583,4.782312144,5732
2026-09-19T01:14:42.511,35,0.003,0.6,8,manhattan,0.9996,0.9998,0.9995,37,591,2789,0.201934885,1.018115168,2.961291992,5732
2026-09-19T01:14:46.497,35,0.003,0.6,9,manhattan,0.9981,0.9972,0.9989,56,490,2048,0.352838249,1.055210691,2.574676662,5732
2026-09-19T01:14:50.316,35,0.003,0.6,10,manhattan,0.9921,0.9917,0.9927,53,416,1564,0.910884635,0.896274807,2.009007933,5732
2026-09-19T01:14:56.308,35,0.003,0.65,5,manhattan,0.9996,0.9996,0.9995,4,433,3215,0.324497476,1.089159583,4.575966011,5732
2026-09-19T01:15:02.265,35,0.003,0.65,6,manhattan,0.9999,0.9999,0.9999,1,1016,3224,0.367517847,1.436662303,4.150351144,5732
2026-09-19T01:15:09.304,35,0.003,0.65,7,manhattan,0.9993,0.9992,0.9994,4,1048,3189,0.305943288,1.795642956,4.934072111,5732
2026-09-19T01:15:15.349,35,0.003,0.65,8,manhattan,0.9998,0.9999,0.9996,38,591,2777,0.382709803,1.607066063,4.052035576,5732
2026-09-19T01:15:18.84,35,0.003,0.65,9,manhattan,0.9993,0.9996,0.999,57,490,2037,0.361199023,0.728594229,2.398166674,5732
2026-09-19T01:15:22.235,35,0.003,0.65,10,manhattan,0.9896,0.9882,0.9913,53,416,1564,0.788774406,0.482305701,2.121734979,5732
2026-09-19T01:15:27.845,35,0.003,0.7,5,manhattan,0.9994,0.9996,0.9992,5,433,3204,0.362654726,0.817099953,4.428626511,5732
2026-09-19T01:15:34.493,35,0.003,0.7,6,manhattan,0.9997,0.9997,0.9998,1,1016,3224,0.371930074,1.569570349,4.704210822,5732
2026-09-19T01:15:40.051,35,0.003,0.7,7,manhattan,0.9995,0.9994,0.9996,4,1048,3189,0.411613287,1.488773432,3.655072345,5732
2026-09-19T01:15:45.037,35,0.003,0.7,8,manhattan,0.9993,0.9992,0.9995,38,591,2775,0.208305881,1.156614921,3.618955439,5732
2026-09-19T01:15:48.666,35,0.003,0.7,9,manhattan,0.996,0.9944,0.9975,57,490,2024,0.309349659,0.592326396,2.720567513,5732
2026-09-19T01:15:52.7,35,0.003,0.7,10,manhattan,0.7719,0.8935,0.8354,53,416,1564,0.928581379,0.727159759,2.369809978,5732
2026-09-19T01:15:57.427,35,0.003,0.75,5,manhattan,0.9997,0.9998,0.9997,5,433,3204,0.306969188,0.736818116,3.679685547,5732
2026-09-19T01:16:03.61,35,0.003,0.75,6,manhattan,0.9997,0.9997,0.9997,1,1016,3224,0.332575952,1.322073147,4.52537002,5732
2026-09-19T01:16:10.386,35,0.003,0.75,7,manhattan,0.9973,0.9964,0.9983,4,1048,3189,0.310901673,1.838523296,4.623277574,5732
2026-09-19T01:16:14.427,35,0.003,0.75,8,manhattan,0.9994,0.9995,0.9993,38,591,2768,0.237554661,0.935828325,2.864378839,5732
2026-09-19T01:16:18.11,35,0.003,0.75,9,manhattan,0.9971,0.996,0.9982,54,490,1982,0.323022427,0.769141311,2.579542787,5732
2026-09-19T01:16:21.846,35,0.003,0.75,10,manhattan,0.9957,0.9958,0.9957,53,416,1564,1.024186545,0.62871708,2.080216684,5732
2026-09-19T01:16:27.353,35,0.003,0.8,5,manhattan,0.9996,0.9996,0.9996,5,433,3204,0.330538402,0.997551856,4.175699635,5732
2026-09-19T01:16:31.917,35,0.003,0.8,6,manhattan,0.9998,0.9999,0.9998,1,1016,3224,0.325162295,1.104489614,3.131843817,5732
2026-09-19T01:16:36.244,35,0.003,0.8,7,manhattan,0.9996,0.9996,0.9997,4,1048,3189,0.177660344,1.172238356,2.976176367,5732
2026-09-19T01:16:39.454,35,0.003,0.8,8,manhattan,0.9972,0.9961,0.9983,41,591,2729,0.147500274,0.693109458,2.366742547,5732
2026-09-19T01:16:41.933,35,0.003,0.8,9,manhattan,0.9971,0.9957,0.9986,53,490,1932,0.201371824,0.552251722,1.723676846,5732
2026-09-19T01:16:44.604,35,0.003,0.8,10,manhattan,0.9965,0.9977,0.9954,52,416,1540,0.726625402,0.586197121,1.355791632,5732
2026-09-19T01:17:38.278,36,0.002,0.5,5,manhattan,0.9984,0.9988,0.998,16,439,3150,1.524716293,7.607109737,6.116356095,5732
2026-09-19T01:17:45.931,36,0.002,0.5,6,manhattan,0.9995,0.9995,0.9994,3,1003,3216,0.347063837,1.51301815,4.390609502,5732
2026-09-19T01:17:51.967,36,0.002,0.5,7,manhattan,0.9991,0.999,0.9993,18,1066,3106,0.172074085,1.480330104,4.373547964,5732
2026-09-19T01:18:00.731,36,0.002,0.55,5,manhattan,0.9937,0.9901,0.9974,16,439,3150,0.38133763,1.213294162,4.581110244,5732
2026-09-19T01:18:06.673,36,0.002,0.55,6,manhattan,0.9998,0.9999,0.9998,4,1003,3214,0.386567,1.370861924,4.181499189,5732
2026-09-19T01:18:13.508,36,0.002,0.55,7,manhattan,0.9982,0.9971,0.9992,18,1066,3105,0.290408971,1.784874191,4.756637214,5732
2026-09-19T01:18:19.874,36,0.002,0.6,5,manhattan,0.9987,0.999,0.9984,16,439,3150,0.35836165,1.139790075,3.421722552,5732
2026-09-19T01:18:26.525,36,0.002,0.6,6,manhattan,0.9993,0.9991,0.9995,4,1003,3214,0.349357007,1.656361958,4.637924906,5732
2026-09-19T01:18:33.306,36,0.002,0.6,7,manhattan,0.9978,0.9973,0.9983,19,1066,3102,0.470029481,1.807873081,4.500362634,5732
2026-09-19T01:18:40.351,36,0.002,0.65,5,manhattan,0.9969,0.9955,0.9983,16,439,3150,0.430399417,1.082495324,4.297558225,5732
2026-09-19T01:18:47.438,36,0.002,0.65,6,manhattan,0.9998,0.9999,0.9998,4,1003,3214,0.362263196,1.741236491,4.980855325,5732
2026-09-19T01:18:53.216,36,0.002,0.65,7,manhattan,0.9997,0.9998,0.9997,20,1066,3098,0.366572056,1.46495705,3.944093989,5732
2026-09-19T01:19:00.884,36,0.002,0.7,5,manhattan,0.9997,0.9998,0.9996,16,439,3150,0.489624444,1.197271304,4.63125939,5732
2026-09-19T01:19:06.742,36,0.002,0.7,6,manhattan,0.9996,0.9995,0.9996,4,1003,3214,0.439543254,1.460131783,3.951859296,5732
2026-09-19T01:19:13.011,36,0.002,0.7,7,manhattan,0.9994,0.9993,0.9996,23,1066,3089,0.281061408,1.693614903,4.291277464,5732
2026-09-19T01:19:19.851,36,0.002,0.75,5,manhattan,0.9951,0.9937,0.9964,18,439,3131,0.327738741,1.133695302,4.059843907,5732
2026-09-19T01:19:25.657,36,0.002,0.75,6,manhattan,0.9998,0.9997,0.9998,4,1003,3214,0.340705273,1.141799899,4.321005495,5732
2026-09-19T01:19:32.41,36,0.002,0.75,7,manhattan,0.9971,0.9956,0.9987,24,1066,3087,0.216753609,2.159803111,4.373378668,5732
2026-09-19T01:19:39.063,36,0.002,0.8,5,manhattan,0.9954,0.993,0.9979,19,439,3126,0.443562343,1.396512898,3.507929449,5732
2026-09-19T01:19:45.653,36,0.002,0.8,6,manhattan,0.9995,0.9995,0.9995,4,1003,3214,0.279259222,1.587561056,4.720552017,5732
2026-09-19T01:19:52.601,36,0.002,0.8,7,manhattan,0.999,0.9986,0.9994,30,1066,3039,0.442230189,1.720453318,4.782452664,5732
2026-09-19T01:19:58.701,36,0.0025,0.5,5,manhattan,0.9968,0.9955,0.9981,9,439,3186,0.228336094,0.772118297,3.659756534,5732
2026-09-19T01:20:05.437,36,0.0025,0.5,6,manhattan,0.9998,0.9997,0.9999,1,1003,3222,0.361214458,1.171118171,5.198844845,5732
2026-09-19T01:20:12.432,36,0.0025,0.5,7,manhattan,0.9997,0.9998,0.9996,12,1066,3154,0.372900938,2.155818036,4.462821873,5732
2026-09-19T01:20:16.192,36,0.0025,0.5,8,manhattan,0.9861,0.9806,0.9924,63,636,2500,0.165223979,0.789707905,2.803406313,5732
2026-09-19T01:20:23.186,36,0.0025,0.55,5,manhattan,0.9945,0.9912,0.9979,9,439,3186,0.267360285,1.26991264,4.367231514,5732
2026-09-19T01:20:29.478,36,0.0025,0.55,6,manhattan,0.9999,0.9999,0.9999,1,1003,3222,0.398888407,1.316527256,4.573547825,5732
2026-09-19T01:20:35.49,36,0.0025,0.55,7,manhattan,0.9998,0.9999,0.9997,12,1066,3144,0.278718092,1.296650834,4.433607804,5732
2026-09-19T01:20:40.077,36,0.0025,0.55,8,manhattan,0.9985,0.9975,0.9995,63,636,2491,0.230069207,1.15271093,3.201479252,5732
2026-09-19T01:20:46.27,36,0.0025,0.6,5,manhattan,0.9998,0.9999,0.9998,9,439,3186,0.32577634,1.202995988,3.441217502,5732
2026-09-19T01:20:52.583,36,0.0025,0.6,6,manhattan,0.9998,0.9999,0.9998,1,1003,3222,0.286342809,1.491153275,4.53308127,5732
2026-09-19T01:20:59.131,36,0.0025,0.6,7,manhattan,0.9967,0.9942,0.9993,12,1066,3144,0.272824531,1.833262847,4.438898145,5732
2026-09-19T01:21:02.784,36,0.0025,0.6,8,manhattan,0.9938,0.9906,0.9972,63,636,2482,0.22230313,0.913212236,2.514550473,5732
2026-09-19T01:21:09.267,36,0.0025,0.65,5,manhattan,0.998,0.9976,0.9984,9,439,3186,0.30050237,0.718758265,4.342968707,5732
2026-09-19T01:21:16.127,36,0.0025,0.65,6,manhattan,0.9979,0.9963,0.9996,1,1003,3222,0.321125047,1.529643249,5.007280489,5732
2026-09-19T01:21:21.752,36,0.0025,0.65,7,manhattan,0.9997,0.9997,0.9998,12,1066,3144,0.303061357,1.529641853,3.789817149,5732
2026-09-19T01:21:26.56,36,0.0025,0.65,8,manhattan,0.9963,0.9971,0.9955,64,636,2456,0.278034485,1.335234536,3.191588533,5732
2026-09-19T01:21:34.198,36,0.0025,0.7,5,manhattan,0.9958,0.9936,0.9979,9,439,3186,0.38517597,1.143880332,4.970809976,5732
2026-09-19T01:21:40.326,36,0.0025,0.7,6,manhattan,0.9999,0.9999,0.9999,1,1003,3222,0.357588227,1.347840826,4.418527943,5732
2026-09-19T01:21:46.484,36,0.0025,0.7,7,manhattan,0.9997,0.9998,0.9995,13,1066,3142,0.251870177,1.555314896,4.347267929,5732
2026-09-19T01:21:51.231,36,0.0025,0.7,8,manhattan,0.9991,0.999,0.9993,64,636,2453,0.22627801,1.20911346,3.308563887,5732
2026-09-19T01:21:57.283,36,0.0025,0.75,5,manhattan,0.9989,0.9991,0.9988,10,439,3172,0.389880692,1.053052874,3.43337425,5732
2026-09-19T01:22:03.688,36,0.0025,0.75,6,manhattan,0.9997,0.9997,0.9998,1,1003,3222,0.342372106,1.393039619,4.666745559,5732
2026-09-19T01:22:11.187,36,0.0025,0.75,7,manhattan,0.9999,0.9999,0.9999,13,1066,3141,0.294332238,2.160488674,5.04153773,5732
2026-09-19T01:22:14.864,36,0.0025,0.75,8,manhattan,0.9991,0.9992,0.9989,64,636,2412,0.253624172,0.951524954,2.46849305,5732
2026-09-19T01:22:21.707,36,0.0025,0.8,5,manhattan,0.9998,0.9999,0.9998,11,439,3169,0.375487791,0.953944468,4.344917559,5732
2026-09-19T01:22:28.672,36,0.0025,0.8,6,manhattan,0.999,0.9989,0.9991,1,1003,3222,0.369027189,1.606734666,4.985731925,5732
2026-09-19T01:22:34.653,36,0.0025,0.8,7,manhattan,0.9999,0.9999,0.9999,16,1066,3123,0.308189596,1.569553029,4.100618671,5732
2026-09-19T01:22:38.964,36,0.0025,0.8,8,manhattan,0.9995,0.9997,0.9993,64,636,2380,0.213163904,0.783061945,3.312501541,5732
2026-09-19T01:22:46.113,36,0.003,0.5,5,manhattan,0.9996,0.9995,0.9996,3,439,3217,0.452342096,1.172389982,4.36003674,5732
2026-09-19T01:22:52.078,36,0.003,0.5,6,manhattan,0.9998,0.9999,0.9998,1,1003,3224,0.262264942,1.047602317,4.651371527,5732
2026-09-19T01:22:59.729,36,0.003,0.5,7,manhattan,0.9993,0.9994,0.9992,4,1066,3199,0.283678642,1.887490168,5.477454123,5732
2026-09-19T01:23:05.128,36,0.003,0.5,8,manhattan,0.999,0.9991,0.999,41,636,2736,0.214175974,1.221734347,3.960911361,5732
2026-09-19T01:23:08.561,36,0.003,0.5,9,manhattan,0.9953,0.993,0.9977,52,550,1988,0.227928291,0.61879123,2.583147507,5732
2026-09-19T01:23:12.794,36,0.003,0.5,10,manhattan,0.9879,0.9845,0.9919,53,486,1584,1.066139322,0.631859172,2.517821212,5732
2026-09-19T01:23:18.795,36,0.003,0.55,5,manhattan,0.9959,0.9947,0.9971,3,439,3217,0.33960646,0.9279343,4.720983496,5732
2026-09-19T01:23:25.687,36,0.003,0.55,6,manhattan,0.9999,0.9999,0.9999,1,1003,3224,0.305231955,1.678596503,4.900054356,5732
2026-09-19T01:23:32.014,36,0.003,0.55,7,manhattan,0.9981,0.9966,0.9996,5,1066,3193,0.195065502,1.584840387,4.544070873,5732
2026-09-19T01:23:37.334,36,0.003,0.55,8,manhattan,0.9995,0.9995,0.9995,41,636,2727,0.242620182,1.264782865,3.810160112,5732
2026-09-19T01:23:41.032,36,0.003,0.55,9,manhattan,0.9945,0.9939,0.995,52,550,1988,0.315148516,0.79185839,2.587809765,5732
2026-09-19T01:23:44.826,36,0.003,0.55,10,manhattan,0.9987,0.9984,0.999,53,486,1584,1.04386399,0.835113568,1.912008316,5732
2026-09-19T01:23:50.198,36,0.003,0.6,5,manhattan,0.9991,0.9988,0.9995,3,439,3217,0.218430499,0.790580853,4.360317223,5732
2026-09-19T01:23:56.777,36,0.003,0.6,6,manhattan,0.9996,0.9996,0.9997,1,1003,3224,0.25177226,1.55119761,4.773643718,5732
2026-09-19T01:24:03.18,36,0.003,0.6,7,manhattan,0.9996,0.9997,0.9996,5,1066,3192,0.212781453,1.551917465,4.635853972,5732
2026-09-19T01:24:07.678,36,0.003,0.6,8,manhattan,0.9991,0.9988,0.9994,41,636,2718,0.142490137,0.940601631,3.4119345,5732
2026-09-19T01:24:11.307,36,0.003,0.6,9,manhattan,0.9943,0.9905,0.9981,52,550,1988,0.291043689,0.540893426,2.793353352,5732
2026-09-19T01:24:15.656,36,0.003,0.6,10,manhattan,0.9914,0.9851,0.9983,53,486,1584,0.897750204,1.048756025,2.399883794,5732
2026-09-19T01:24:20.954,36,0.003,0.65,5,manhattan,0.9988,0.9982,0.9995,3,439,3217,0.236953955,0.967360218,4.091325164,5732
2026-09-19T01:24:26.865,36,0.003,0.65,6,manhattan,0.9998,0.9998,0.9998,1,1003,3224,0.212085833,1.010962858,4.685289969,5732
2026-09-19T01:24:33.464,36,0.003,0.65,7,manhattan,0.9999,0.9999,0.9999,5,1066,3192,0.309590263,1.788643388,4.49843173,5732
2026-09-19T01:24:38.332,36,0.003,0.65,8,manhattan,0.9957,0.9944,0.997,41,636,2703,0.203527966,1.247347397,3.41435939,5732
2026-09-19T01:24:41.2,36,0.003,0.65,9,manhattan,0.9982,0.9978,0.9984,53,550,1967,0.246045829,0.513338019,2.105403213,5732
2026-09-19T01:24:44.971,36,0.003,0.65,10,manhattan,0.9585,0.9469,0.9787,53,486,1578,0.971507885,0.820783595,1.975573842,5732
2026-09-19T01:24:50.516,36,0.003,0.7,5,manhattan,0.9995,0.9995,0.9994,3,439,3217,0.379024555,0.927731899,4.236385602,5732
2026-09-19T01:24:56.417,36,0.003,0.7,6,manhattan,0.9991,0.9987,0.9996,1,1003,3224,0.344563029,1.238357142,4.314963312,5732
2026-09-19T01:25:02.519,36,0.003,0.7,7,manhattan,0.9979,0.9966,0.9993,5,1066,3188,0.156331012,1.359159102,4.58413605,5732
2026-09-19T01:25:07.729,36,0.003,0.7,8,manhattan,0.9997,0.9997,0.9997,42,636,2700,0.273231218,1.399620348,3.532413584,5732
2026-09-19T01:25:11.679,36,0.003,0.7,9,manhattan,0.9918,0.988,0.9958,53,550,1964,0.300153443,0.792191323,2.854515428,5732
2026-09-19T01:25:14.584,36,0.003,0.7,10,manhattan,0.9749,0.9683,0.9829,52,486,1565,0.852544847,0.650500381,1.399887491,5732
2026-09-19T01:25:18.497,36,0.003,0.75,5,manhattan,0.9976,0.9961,0.999,4,439,3206,0.233605413,0.647012645,3.029773928,5732
2026-09-19T01:25:22.785,36,0.003,0.75,6,manhattan,0.9982,0.9976,0.9989,1,1003,3224,0.211215889,0.857162686,3.217443583,5732
2026-09-19T01:25:27.131,36,0.003,0.75,7,manhattan,0.9993,0.9988,0.9998,5,1066,3188,0.170847671,1.109752647,3.063136292,5732
2026-09-19T01:25:30.644,36,0.003,0.75,8,manhattan,0.9934,0.9912,0.9959,42,636,2672,0.16877988,0.996034972,2.345847977,5732
2026-09-19T01:25:33.027,36,0.003,0.75,9,manhattan,0.9984,0.9978,0.9991,51,550,1925,0.201857431,0.502035038,1.676920032,5732
2026-09-19T01:25:35.779,36,0.003,0.75,10,manhattan,0.9935,0.9931,0.9939,52,486,1565,0.730592879,0.611639339,1.406835726,5732
2026-09-19T01:25:39.426,36,0.003,0.8,5,manhattan,0.9993,0.9988,0.9997,4,439,3206,0.215234839,0.613290737,2.816361809,5732
2026-09-19T01:25:43.618,36,0.003,0.8,6,manhattan,0.9999,0.9999,0.9999,1,1003,3224,0.216810878,0.875114072,3.098327173,5732
2026-09-19T01:25:47.733,36,0.003,0.8,7,manhattan,0.9974,0.9953,0.9995,7,1066,3182,0.162938072,1.113976581,2.835878828,5732
2026-09-19T01:25:50.926,36,0.003,0.8,8,manhattan,0.9997,0.9997,0.9996,42,636,2628,0.142564798,0.846264295,2.202265242,5732
2026-09-19T01:25:53.696,36,0.003,0.8,9,manhattan,0.9984,0.9979,0.9989,50,550,1905,0.219833122,0.573339822,1.973850646,5732
2026-09-19T01:25:56.525,36,0.003,0.8,10,manhattan,0.9917,0.9922,0.9914,52,486,1559,0.772867206,0.579518335,1.474404766,5732
2026-09-19T01:26:59.262,37,0.002,0.5,5,manhattan,0.9989,0.9983,0.9996,16,440,3148,1.499101706,7.40864876,5.854595478,5732
2026-09-19T01:27:06.423,37,0.002,0.5,6,manhattan,0.9981,0.9973,0.9988,3,1004,3212,0.358386024,1.32976156,4.198446257,5732
2026-09-19T01:27:12.79,37,0.002,0.5,7,manhattan,0.9996,0.9996,0.9996,14,1057,3137,0.287602606,1.479007728,4.593344349,5732
2026-09-19T01:27:20.693,37,0.002,0.55,5,manhattan,0.992,0.9865,0.9981,16,440,3148,0.38742549,0.672435097,4.051284433,5732
2026-09-19T01:27:27.154,37,0.002,0.55,6,manhattan,0.9995,0.9997,0.9993,3,1004,3212,0.313289478,1.390550404,4.754358641,5732
2026-09-19T01:27:32.555,37,0.002,0.55,7,manhattan,0.9997,0.9998,0.9997,15,1057,3132,0.31209198,1.874776742,3.210949597,5732
2026-09-19T01:27:39.242,37,0.002,0.6,5,manhattan,0.996,0.9939,0.9982,16,440,3148,0.299224134,0.887255288,4.169899521,5732
2026-09-19T01:27:45.309,37,0.002,0.6,6,manhattan,0.9998,0.9997,0.9998,3,1004,3212,0.376739976,1.661116965,4.027047747,5732
2026-09-19T01:27:51.045,37,0.002,0.6,7,manhattan,0.9996,0.9997,0.9994,16,1057,3130,0.180695858,1.413230118,4.138237794,5732
2026-09-19T01:27:58.045,37,0.002,0.65,5,manhattan,0.9952,0.9924,0.9981,16,440,3148,0.328314025,0.835695347,4.453936938,5732
2026-09-19T01:28:04.442,37,0.002,0.65,6,manhattan,0.999,0.9986,0.9994,3,1004,3212,0.442561655,1.998648718,3.953036123,5732
2026-09-19T01:28:11.052,37,0.002,0.65,7,manhattan,0.999,0.9986,0.9994,16,1057,3130,0.189212379,1.632578751,4.784991886,5732
2026-09-19T01:28:18.7,37,0.002,0.7,5,manhattan,0.9979,0.9982,0.9977,16,440,3148,0.423573545,1.30961108,4.48386688,5732
2026-09-19T01:28:24.254,37,0.002,0.7,6,manhattan,0.9993,0.9992,0.9993,3,1004,3212,0.369300129,1.373169552,3.808886835,5732
2026-09-19T01:28:30.768,37,0.002,0.7,7,manhattan,0.9996,0.9997,0.9996,17,1057,3119,0.286439609,1.6688044,4.556303582,5732
2026-09-19T01:28:37.616,37,0.002,0.75,5,manhattan,0.9944,0.9963,0.9927,18,440,3130,0.323274275,1.162455262,3.961040289,5732
2026-09-19T01:28:43.27,37,0.002,0.75,6,manhattan,0.9991,0.9992,0.999,3,1004,3212,0.295493978,1.088271201,4.267283616,5732
2026-09-19T01:28:50.651,37,0.002,0.75,7,manhattan,0.9998,0.9999,0.9997,17,1057,3115,0.296233039,2.256892545,4.825838866,5732
2026-09-19T01:28:57.075,37,0.002,0.8,5,manhattan,0.9972,0.9976,0.9967,20,440,3120,0.482864851,1.026742527,3.502551318,5732
2026-09-19T01:29:03.638,37,0.002,0.8,6,manhattan,0.9996,0.9997,0.9995,4,1004,3209,0.33569786,1.639136642,4.58456739,5732
2026-09-19T01:29:10.521,37,0.002,0.8,7,manhattan,0.9994,0.9992,0.9996,19,1057,3088,0.292151722,2.259039258,4.328284847,5732
2026-09-19T01:29:17.32,37,0.0025,0.5,5,manhattan,0.9994,0.9992,0.9996,7,440,3201,0.249979851,0.963350488,4.363691187,5732
2026-09-19T01:29:24.229,37,0.0025,0.5,6,manhattan,0.998,0.9965,0.9996,2,1004,3220,0.384803925,1.79103713,4.730032278,5732
2026-09-19T01:29:30.735,37,0.0025,0.5,7,manhattan,0.9992,0.9994,0.999,7,1057,3175,0.27084907,1.818031502,4.411140757,5732
2026-09-19T01:29:35.687,37,0.0025,0.5,8,manhattan,0.9995,0.9997,0.9993,60,609,2613,0.286717228,1.374975089,3.287785952,5732
2026-09-19T01:29:42.475,37,0.0025,0.55,5,manhattan,0.9978,0.9969,0.9987,7,440,3201,0.393218548,0.943687919,4.30057991,5732
2026-09-19T01:29:48.162,37,0.0025,0.55,6,manhattan,0.9997,0.9997,0.9998,2,1004,3220,0.357906284,1.285824939,4.040743561,5732
2026-09-19T01:29:55.175,37,0.0025,0.55,7,manhattan,0.9995,0.9994,0.9996,7,1057,3174,0.451200539,1.417372198,5.141359915,5732
2026-09-19T01:29:59.998,37,0.0025,0.55,8,manhattan,0.9982,0.9972,0.9991,60,609,2613,0.264690251,1.185165008,3.370343779,5732
2026-09-19T01:30:06.013,37,0.0025,0.6,5,manhattan,0.998,0.9975,0.9986,7,440,3201,0.386244892,0.958395944,3.466746462,5732
2026-09-19T01:30:12.39,37,0.0025,0.6,6,manhattan,0.9997,0.9998,0.9997,2,1004,3220,0.389687161,1.472502916,4.512586333,5732
2026-09-19T01:30:19.403,37,0.0025,0.6,7,manhattan,0.9996,0.9996,0.9997,7,1057,3174,0.472599643,1.780703477,4.75599649,5732
2026-09-19T01:30:23.181,37,0.0025,0.6,8,manhattan,0.9996,0.9997,0.9996,61,609,2600,0.219990614,0.885093838,2.669896373,5732
2026-09-19T01:30:30.0,37,0.0025,0.65,5,manhattan,0.9943,0.9902,0.9984,7,440,3201,0.301894168,0.874731132,4.336075857,5732
2026-09-19T01:30:37.284,37,0.0025,0.65,6,manhattan,0.9998,0.9999,0.9998,2,1004,3220,0.256112828,1.798666527,5.226970297,5732
2026-09-19T01:30:42.954,37,0.0025,0.65,7,manhattan,0.9993,0.9988,0.9997,7,1057,3174,0.250184766,1.463211785,3.952606459,5732
2026-09-19T01:30:47.604,37,0.0025,0.65,8,manhattan,0.9971,0.9977,0.9965,61,609,2597,0.221580272,1.135305983,3.29006236,5732
2026-09-19T01:30:55.008,37,0.0025,0.7,5,manhattan,0.9987,0.998,0.9994,7,440,3201,0.355037692,1.154609498,4.654016767,5732
2026-09-19T01:31:00.538,37,0.0025,0.7,6,manhattan,0.9999,0.9999,0.9999,2,1004,3220,0.352505314,1.321826887,3.850618216,5732
2026-09-19T01:31:06.896,37,0.0025,0.7,7,manhattan,0.9997,0.9998,0.9997,8,1057,3166,0.25742794,1.512673902,4.585666273,5732
2026-09-19T01:31:11.632,37,0.0025,0.7,8,manhattan,0.9973,0.9954,0.9992,60,609,2570,0.23490069,1.316077898,3.182379255,5732
2026-09-19T01:31:18.03,37,0.0025,0.75,5,manhattan,0.9987,0.9983,0.9992,8,440,3187,0.414994935,0.957757105,3.761895145,5732
2026-09-19T01:31:24.722,37,0.0025,0.75,6,manhattan,0.9997,0.9998,0.9997,2,1004,3220,0.378492574,1.409532229,4.899847905,5732
2026-09-19T01:31:31.647,37,0.0025,0.75,7,manhattan,0.9996,0.9995,0.9996,8,1057,3166,0.503101516,1.77551713,4.64372446,5732
2026-09-19T01:31:35.55,37,0.0025,0.75,8,manhattan,0.999,0.999,0.9991,59,609,2558,0.161817677,0.896894858,2.840416698,5732
2026-09-19T01:31:42.217,37,0.0025,0.8,5,manhattan,0.9946,0.9902,0.9991,8,440,3186,0.226908467,0.700045679,4.561846469,5732
2026-09-19T01:31:48.938,37,0.0025,0.8,6,manhattan,0.9997,0.9997,0.9998,2,1004,3220,0.34799559,1.723425626,4.647100171,5732
2026-09-19T01:31:55.055,37,0.0025,0.8,7,manhattan,0.9995,0.9994,0.9997,10,1057,3143,0.233556873,1.207328106,4.673327895,5732
2026-09-19T01:31:59.969,37,0.0025,0.8,8,manhattan,0.9996,0.9997,0.9995,60,609,2533,0.28768481,1.269311097,3.353686134,5732
2026-09-19T01:32:06.935,37,0.003,0.5,5,manhattan,0.9996,0.9995,0.9997,3,440,3218,0.263733914,0.820869919,4.571934211,5732
2026-09-19T01:32:12.561,37,0.003,0.5,6,manhattan,0.9998,0.9999,0.9998,1,1004,3224,0.368698306,0.924437065,4.330190537,5732
2026-09-19T01:32:18.939,37,0.003,0.5,7,manhattan,0.9998,0.9999,0.9998,4,1057,3197,0.244935143,1.528657719,4.600481993,5732
2026-09-19T01:32:24.02,37,0.003,0.5,8,manhattan,0.9996,0.9996,0.9997,41,609,2791,0.238786871,1.309476775,3.529676153,5732
2026-09-19T01:32:27.717,37,0.003,0.5,9,manhattan,0.9868,0.981,0.9936,54,526,2134,0.332197482,0.742097213,2.620668294,5732
2026-09-19T01:32:31.594,37,0.003,0.5,10,manhattan,0.9792,0.974,0.9861,61,459,1697,0.906502022,0.610545205,2.356465466,5732
2026-09-19T01:32:37.191,37,0.003,0.55,5,manhattan,0.9993,0.9991,0.9995,3,440,3218,0.307815246,0.89156387,4.393041796,5732
2026-09-19T01:32:44.004,37,0.003,0.55,6,manhattan,0.9992,0.9988,0.9996,1,1004,3224,0.415179734,1.552568596,4.842450276,5732
2026-09-19T01:32:49.458,37,0.003,0.55,7,manhattan,0.9997,0.9998,0.9997,4,1057,3196,0.268548565,1.3991793,3.782767715,5732
2026-09-19T01:32:54.333,37,0.003,0.55,8,manhattan,0.9976,0.9964,0.9988,41,609,2791,0.23884854,1.105472631,3.529080476,5732
2026-09-19T01:32:58.253,37,0.003,0.55,9,manhattan,0.999,0.9991,0.9988,54,526,2134,0.312558799,0.609143001,2.996408422,5732
2026-09-19T01:33:02.179,37,0.003,0.55,10,manhattan,0.9065,0.96,0.8961,61,459,1697,0.956864394,0.813482103,2.153116992,5732
2026-09-19T01:33:07.173,37,0.003,0.6,5,manhattan,0.998,0.9964,0.9996,3,440,3218,0.248614733,0.87957805,3.856616399,5732
2026-09-19T01:33:13.212,37,0.003,0.6,6,manhattan,0.9996,0.9997,0.9995,1,1004,3224,0.344124286,1.076275674,4.615713479,5732
2026-09-19T01:33:20.021,37,0.003,0.6,7,manhattan,0.9997,0.9998,0.9997,4,1057,3196,0.280686779,1.80736261,4.718364796,5732
2026-09-19T01:33:24.05,37,0.003,0.6,8,manhattan,0.9993,0.9994,0.9991,43,609,2782,0.146386375,0.982723913,2.896939495,5732
2026-09-19T01:33:28.084,37,0.003,0.6,9,manhattan,0.9975,0.9979,0.9972,55,526,2123,0.389607333,0.836169361,2.805263323,5732
2026-09-19T01:33:32.362,37,0.003,0.6,10,manhattan,0.7137,0.8078,0.833,61,459,1697,0.958196826,0.853537571,2.46246742,5732
2026-09-19T01:33:37.742,37,0.003,0.65,5,manhattan,0.9995,0.9996,0.9994,3,440,3218,0.3309835,0.858178737,4.188744808,5732
2026-09-19T01:33:43.559,37,0.003,0.65,6,manhattan,0.9991,0.9987,0.9995,1,1004,3224,0.26767045,0.986513643,4.559396086,5732
2026-09-19T01:33:50.197,37,0.003,0.65,7,manhattan,0.9968,0.9955,0.9982,4,1057,3196,0.274975854,1.778339347,4.582417464,5732
2026-09-19T01:33:55.039,37,0.003,0.65,8,manhattan,0.9981,0.9973,0.9989,43,609,2779,0.229293688,1.018143873,3.590915962,5732
2026-09-19T01:33:57.876,37,0.003,0.65,9,manhattan,0.9968,0.9974,0.9963,55,526,2123,0.214006539,0.545462795,2.075250547,5732
2026-09-19T01:34:00.883,37,0.003,0.65,10,manhattan,0.8128,0.9321,0.8341,61,459,1697,0.775011684,0.685626448,1.545060024,5732
2026-09-19T01:34:04.473,37,0.003,0.7,5,manhattan,0.9972,0.9956,0.9988,3,440,3218,0.198171275,0.573532514,2.815950374,5732
2026-09-19T01:34:08.768,37,0.003,0.7,6,manhattan,0.9996,0.9994,0.9997,1,1004,3224,0.226570575,0.845745025,3.220948081,5732
2026-09-19T01:34:13.103,37,0.003,0.7,7,manhattan,0.9994,0.9994,0.9995,4,1057,3196,0.158701566,1.09298563,3.081100949,5732
2026-09-19T01:34:16.509,37,0.003,0.7,8,manhattan,0.9992,0.9996,0.9988,43,609,2761,0.147059296,0.881884769,2.375244541,5732
2026-09-19T01:34:19.0,37,0.003,0.7,9,manhattan,0.9971,0.998,0.9962,54,526,2109,0.216025443,0.52657756,1.745901124,5732
2026-09-19T01:34:21.746,37,0.003,0.7,10,manhattan,0.9876,0.9841,0.9917,61,459,1697,0.750454425,0.574279048,1.412283629,5732
2026-09-19T01:34:25.433,37,0.003,0.75,5,manhattan,0.9984,0.998,0.9988,4,440,3207,0.21107453,0.585562403,2.888308923,5732
2026-09-19T01:34:29.567,37,0.003,0.75,6,manhattan,0.9999,0.9999,0.9999,1,1004,3224,0.220766203,0.838583007,3.072459621,5732
2026-09-19T01:34:33.772,37,0.003,0.75,7,manhattan,0.9994,0.9994,0.9996,5,1057,3191,0.17473071,1.041117688,2.987806135,5732
2026-09-19T01:34:36.983,37,0.003,0.75,8,manhattan,0.9986,0.9981,0.9992,43,609,2734,0.144953371,0.801887395,2.26130498,5732
2026-09-19T01:34:39.656,37,0.003,0.75,9,manhattan,0.9975,0.9976,0.9974,53,526,2087,0.218588828,0.54024495,1.912110773,5732
2026-09-19T01:34:42.486,37,0.003,0.75,10,manhattan,0.9843,0.981,0.9885,61,459,1691,0.719670184,0.690305956,1.418405081,5732
2026-09-19T01:34:46.232,37,0.003,0.8,5,manhattan,0.9976,0.9965,0.9987,4,440,3207,0.234587871,0.615937584,2.893009803,5732
2026-09-19T01:34:50.437,37,0.003,0.8,6,manhattan,0.9993,0.9994,0.9991,1,1004,3224,0.242950042,0.854078562,3.106012862,5732
2026-09-19T01:34:54.551,37,0.003,0.8,7,manhattan,0.9992,0.9988,0.9997,6,1057,3179,0.165084645,1.059637304,2.887434649,5732
2026-09-19T01:34:57.81,37,0.003,0.8,8,manhattan,0.9995,0.9994,0.9997,43,609,2711,0.14048632,0.824740595,2.291493755,5732
2026-09-19T01:35:00.831,37,0.003,0.8,9,manhattan,0.9924,0.9948,0.9902,54,526,2072,0.278521907,0.858696121,1.881756475,5732
2026-09-19T01:35:03.588,37,0.003,0.8,10,manhattan,0.8993,0.893,0.9555,62,459,1684,0.739705496,0.559906122,1.454578699,5732
2026-09-19T01:36:11.977,38,0.002,0.5,5,manhattan,0.9972,0.997,0.9975,15,437,3152,1.513084779,7.751390047,6.293967829,5732
2026-09-19T01:36:19.487,38,0.002,0.5,6,manhattan,0.9998,0.9999,0.9996,4,1017,3209,0.215724077,1.330790532,4.682074124,5732
2026-09-19T01:36:26.467,38,0.002,0.5,7,manhattan,0.9997,0.9998,0.9997,13,1067,3152,0.282795568,1.875044095,4.818137044,5732
2026-09-19T01:36:34.312,38,0.002,0.55,5,manhattan,0.9969,0.9948,0.9989,15,437,3152,0.279561984,1.123338741,4.157182673,5732
2026-09-19T01:36:40.716,38,0.002,0.55,6,manhattan,0.9996,0.9998,0.9994,4,1017,3209,0.310737895,1.511450142,4.578865125,5732
2026-09-19T01:36:46.872,38,0.002,0.55,7,manhattan,0.9995,0.9992,0.9997,14,1067,3149,0.247623126,2.135820508,3.765444551,5732
2026-09-19T01:36:53.9,38,0.002,0.6,5,manhattan,0.9951,0.9953,0.995,15,437,3152,0.395129337,1.061394651,4.248170977,5732
2026-09-19T01:37:00.743,38,0.002,0.6,6,manhattan,0.9998,0.9997,0.9999,4,1017,3209,0.251680488,1.833672258,4.755520661,5732
2026-09-19T01:37:06.994,38,0.002,0.6,7,manhattan,0.999,0.9991,0.999,16,1067,3144,0.300701627,1.744880672,4.202826914,5732
2026-09-19T01:37:14.694,38,0.002,0.65,5,manhattan,0.9936,0.9916,0.9957,15,437,3152,0.332380047,1.205608543,4.67254239,5732
2026-09-19T01:37:21.057,38,0.002,0.65,6,manhattan,0.9998,0.9999,0.9998,4,1017,3209,0.315852725,1.521021687,4.52291845,5732
2026-09-19T01:37:27.242,38,0.002,0.65,7,manhattan,0.9996,0.9998,0.9995,16,1067,3141,0.162595989,1.389058105,4.630035001,5732
2026-09-19T01:37:34.856,38,0.002,0.7,5,manhattan,0.9956,0.9928,0.9986,16,437,3135,0.204877509,1.233980534,4.76187308,5732
2026-09-19T01:37:40.759,38,0.002,0.7,6,manhattan,0.9997,0.9998,0.9997,4,1017,3209,0.380221566,1.496158034,4.024677401,5732
2026-09-19T01:37:47.164,38,0.002,0.7,7,manhattan,0.9993,0.9994,0.9993,17,1067,3131,0.292708497,1.653270082,4.456632744,5732
2026-09-19T01:37:54.054,38,0.002,0.75,5,manhattan,0.9996,0.9998,0.9995,17,437,3133,0.332206421,1.095020527,4.04179621,5732
2026-09-19T01:37:59.916,38,0.002,0.75,6,manhattan,0.9996,0.9996,0.9996,4,1017,3209,0.221660869,1.190957648,4.447308996,5732
2026-09-19T01:38:06.653,38,0.002,0.75,7,manhattan,0.9998,0.9999,0.9996,17,1067,3128,0.262991291,1.781675179,4.689688296,5732
2026-09-19T01:38:12.835,38,0.002,0.8,5,manhattan,0.9969,0.996,0.9978,18,437,3129,0.356234632,0.985162353,3.454136331,5732
2026-09-19T01:38:19.417,38,0.002,0.8,6,manhattan,0.9981,0.9967,0.9994,5,1017,3204,0.327366069,1.48545541,4.767112856,5732
2026-09-19T01:38:25.621,38,0.002,0.8,7,manhattan,0.9988,0.9988,0.9987,19,1067,3097,0.52005487,1.805557352,3.875583069,5732
2026-09-19T01:38:32.501,38,0.0025,0.5,5,manhattan,0.9943,0.9899,0.9988,9,437,3184,0.459650501,1.007138137,4.25557325,5732
2026-09-19T01:38:38.957,38,0.0025,0.5,6,manhattan,0.9998,0.9999,0.9998,2,1017,3216,0.315698725,1.346063015,4.783702545,5732
2026-09-19T01:38:44.789,38,0.0025,0.5,7,manhattan,0.9994,0.9995,0.9993,6,1067,3183,0.271442999,1.950450799,3.607234179,5732
2026-09-19T01:38:49.142,38,0.0025,0.5,8,manhattan,0.9992,0.9995,0.9989,64,641,2632,0.227999599,1.016070284,3.098456728,5732
2026-09-19T01:38:56.724,38,0.0025,0.55,5,manhattan,0.9997,0.9998,0.9996,9,437,3184,0.42623429,1.174515113,4.540074413,5732
2026-09-19T01:39:03.46,38,0.0025,0.55,6,manhattan,0.9999,0.9999,0.9999,2,1017,3216,0.346749412,2.102998786,4.282577888,5732
2026-09-19T01:39:09.732,38,0.0025,0.55,7,manhattan,0.9996,0.9995,0.9996,6,1067,3183,0.257520495,1.632469081,4.379180789,5732
2026-09-19T01:39:14.237,38,0.0025,0.55,8,manhattan,0.999,0.9991,0.9989,66,641,2626,0.247901394,1.135775956,3.11797399,5732
2026-09-19T01:39:21.531,38,0.0025,0.6,5,manhattan,0.9992,0.9994,0.999,9,437,3184,0.338183838,1.212091398,4.421508874,5732
2026-09-19T01:39:28.224,38,0.0025,0.6,6,manhattan,0.9983,0.9968,0.9998,2,1017,3216,0.300587641,1.497747668,4.891778244,5732
2026-09-19T01:39:35.011,38,0.0025,0.6,7,manhattan,0.997,0.9966,0.9974,6,1067,3183,0.287153668,1.826276926,4.671335583,5732
2026-09-19T01:39:39.46,38,0.0025,0.6,8,manhattan,0.9966,0.9984,0.9949,66,641,2626,0.233657122,1.374439163,2.838691436,5732
2026-09-19T01:39:46.317,38,0.0025,0.65,5,manhattan,0.9989,0.9985,0.9994,9,437,3184,0.374062009,1.114115027,4.235259184,5732
2026-09-19T01:39:52.908,38,0.0025,0.65,6,manhattan,0.9997,0.9998,0.9997,2,1017,3216,0.349271842,1.379116504,4.858762517,5732
2026-09-19T01:39:58.72,38,0.0025,0.65,7,manhattan,0.9994,0.9994,0.9993,6,1067,3183,0.307929427,1.719813301,3.78111575,5732
2026-09-19T01:40:03.241,38,0.0025,0.65,8,manhattan,0.9993,0.9996,0.999,66,641,2593,0.214986728,1.063886636,3.239994204,5732
2026-09-19T01:40:10.205,38,0.0025,0.7,5,manhattan,0.9779,0.964,0.9955,10,437,3178,0.38304332,1.2504203,4.220768652,5732
2026-09-19T01:40:15.749,38,0.0025,0.7,6,manhattan,0.9995,0.9996,0.9993,2,1017,3216,0.332286928,1.197519781,4.011853577,5732
2026-09-19T01:40:22.496,38,0.0025,0.7,7,manhattan,0.9995,0.9997,0.9993,7,1067,3175,0.228550117,1.836628314,4.678539153,5732
2026-09-19T01:40:27.161,38,0.0025,0.7,8,manhattan,0.9978,0.9988,0.9969,67,641,2572,0.244301075,1.278933777,3.13944439,5732
2026-09-19T01:40:33.307,38,0.0025,0.75,5,manhattan,0.9961,0.9946,0.9976,10,437,3169,0.320519159,0.827232554,3.943856511,5732
2026-09-19T01:40:39.72,38,0.0025,0.75,6,manhattan,0.9995,0.9992,0.9997,2,1017,3216,0.429940842,1.58657504,4.392848521,5732
2026-09-19T01:40:46.341,38,0.0025,0.75,7,manhattan,0.9998,0.9999,0.9998,7,1067,3172,0.312687226,1.697975535,4.607378348,5732
2026-09-19T01:40:50.299,38,0.0025,0.75,8,manhattan,0.9983,0.9986,0.998,68,641,2560,0.269727288,0.794724435,2.890748901,5732
2026-09-19T01:40:57.377,38,0.0025,0.8,5,manhattan,0.997,0.9955,0.9985,10,437,3169,0.301282212,1.005450076,4.599971889,5732
2026-09-19T01:41:04.063,38,0.0025,0.8,6,manhattan,0.9999,0.9999,0.9999,3,1017,3213,0.320999806,1.714570455,4.64908701,5732
2026-09-19T01:41:09.988,38,0.0025,0.8,7,manhattan,0.9993,0.9988,0.9997,11,1067,3141,0.213054429,1.907984255,3.80148629,5732
2026-09-19T01:41:14.424,38,0.0025,0.8,8,manhattan,0.9986,0.9986,0.9986,68,641,2525,0.239586718,1.129222049,3.062929063,5732
2026-09-19T01:41:21.466,38,0.003,0.5,5,manhattan,0.9982,0.9967,0.9997,4,437,3211,0.527858056,1.02047629,4.427487498,5732
2026-09-19T01:41:27.028,38,0.003,0.5,6,manhattan,0.9999,0.9999,0.9999,1,1017,3220,0.356136053,1.268506542,3.933539346,5732
2026-09-19T01:41:33.648,38,0.003,0.5,7,manhattan,0.9996,0.9998,0.9995,4,1067,3207,0.249357375,1.839730943,4.528441133,5732
2026-09-19T01:41:38.808,38,0.003,0.5,8,manhattan,0.9995,0.9997,0.9993,36,641,2856,0.197413402,1.139164167,3.819897293,5732
2026-09-19T01:41:42.675,38,0.003,0.5,9,manhattan,0.9992,0.9994,0.9991,53,527,2034,0.346705174,1.030394662,2.487520609,5732
2026-09-19T01:41:46.092,38,0.003,0.5,10,manhattan,0.9956,0.9979,0.9934,56,460,1617,0.783250976,0.416625179,2.214248737,5732
2026-09-19T01:41:51.577,38,0.003,0.55,5,manhattan,0.9998,0.9999,0.9998,4,437,3211,0.282824067,1.002197777,4.19794347,5732
2026-09-19T01:41:57.896,38,0.003,0.55,6,manhattan,0.9996,0.9997,0.9995,1,1017,3220,0.346877822,1.197693615,4.771706323,5732
2026-09-19T01:42:03.801,38,0.003,0.55,7,manhattan,0.9996,0.9997,0.9994,4,1067,3207,0.271737599,1.738440464,3.891573807,5732
2026-09-19T01:42:08.958,38,0.003,0.55,8,manhattan,0.9997,0.9998,0.9997,36,641,2856,0.298358027,1.165486373,3.689714239,5732
2026-09-19T01:42:12.919,38,0.003,0.55,9,manhattan,0.9952,0.9977,0.9928,53,527,2034,0.27157466,0.837546017,2.847999883,5732
2026-09-19T01:42:16.698,38,0.003,0.55,10,manhattan,0.9926,0.987,0.9986,56,460,1617,0.930838342,0.474277003,2.371565344,5732
2026-09-19T01:42:21.561,38,0.003,0.6,5,manhattan,0.9993,0.9995,0.9991,4,437,3211,0.2929968,0.743936963,3.823663066,5732
2026-09-19T01:42:27.914,38,0.003,0.6,6,manhattan,0.9996,0.9998,0.9995,1,1017,3220,0.323564798,1.296638894,4.730424391,5732
