timestamp,rep,window,threshold,kmer,metric,f1_score,precision,recall,windows,kmerset,final_len,extract_time,fit_time,classify_time,n_test
2026-09-18T17:29:47.744,1,0.0015,0.5,5,manhattan,0.9485,0.9457,0.9521,3,411,9583,1.523154686,6.882271678,3.194744067,295
2026-09-18T17:29:53.572,1,0.0015,0.5,6,manhattan,0.967,0.964,0.9722,1,1246,9645,0.688833963,2.563242434,1.107622501,295
2026-09-18T17:29:57.974,1,0.0015,0.5,7,manhattan,0.9924,0.9953,0.9899,10,1473,9339,0.536734695,2.438091585,1.425745932,295
2026-09-18T17:30:00.922,1,0.0015,0.5,8,manhattan,0.9747,0.9762,0.9737,47,810,7194,0.327871605,1.802826553,0.814465531,295
2026-09-18T17:30:01.837,1,0.0015,0.5,9,manhattan,0.4556,0.5074,0.4689,18,308,462,0.481717884,0.200802283,0.230158691,295
2026-09-18T17:30:02.904,1,0.0015,0.5,10,manhattan,0.1779,0.2734,0.224,3,155,48,0.900628435,0.107010401,0.057552122,165
2026-09-18T17:30:05.282,1,0.0015,0.55,5,manhattan,0.9411,0.9362,0.9503,5,411,9436,0.416457025,1.161946486,0.797912716,295
2026-09-18T17:30:08.229,1,0.0015,0.55,6,manhattan,0.996,0.9944,0.9977,4,1246,9623,0.401048211,1.680185731,0.864318275,295
2026-09-18T17:30:11.271,1,0.0015,0.55,7,manhattan,0.9786,0.9738,0.9848,3,1473,9055,0.308852552,1.922844484,0.80834303,295
2026-09-18T17:30:13.485,1,0.0015,0.55,8,manhattan,0.9789,0.974,0.9848,43,810,6336,0.215296805,1.414671261,0.581621301,295
2026-09-18T17:30:13.945,1,0.0015,0.55,9,manhattan,0.1975,0.4412,0.2496,8,308,191,0.254587164,0.072538326,0.13107563,292
2026-09-18T17:30:17.847,1,0.0015,0.6,5,manhattan,0.9719,0.9691,0.9775,2,411,9059,0.37360804,1.130689627,0.806789619,295
2026-09-18T17:30:20.836,1,0.0015,0.6,6,manhattan,0.9874,0.9854,0.9894,5,1246,9173,0.388856429,1.680635928,0.912615861,295
2026-09-18T17:30:23.951,1,0.0015,0.6,7,manhattan,0.9804,0.9807,0.9812,1,1473,8985,0.319801718,1.973333692,0.819722488,295
2026-09-18T17:30:25.902,1,0.0015,0.6,8,manhattan,0.9796,0.9777,0.9821,54,810,5491,0.176481925,1.290425974,0.48203217,295
2026-09-18T17:30:26.297,1,0.0015,0.6,9,manhattan,0.3948,0.4554,0.405,1,308,55,0.223018951,0.060323077,0.103214176,273
2026-09-18T17:30:29.444,1,0.0015,0.65,5,manhattan,0.9554,0.9498,0.9623,1,411,8995,0.270328213,1.176213534,0.801726821,295
2026-09-18T17:30:32.27,1,0.0015,0.65,6,manhattan,0.9749,0.9802,0.9702,3,1246,9041,0.384623694,1.609538638,0.830318815,295
2026-09-18T17:30:35.318,1,0.0015,0.65,7,manhattan,0.9901,0.988,0.9925,2,1473,8960,0.30379604,1.892471326,0.849391784,295
2026-09-18T17:30:36.958,1,0.0015,0.65,8,manhattan,0.9681,0.9656,0.9723,75,810,4452,0.167708526,1.07339494,0.397075356,295
2026-09-18T17:30:37.302,1,0.0015,0.65,9,manhattan,0.2784,0.3754,0.2971,1,308,16,0.228117019,0.051379196,0.062617644,157
2026-09-18T17:30:40.453,1,0.0015,0.7,5,manhattan,0.929,0.919,0.9441,3,411,8969,0.247134744,1.262633663,0.816373177,295
2026-09-18T17:30:43.252,1,0.0015,0.7,6,manhattan,0.9883,0.9869,0.9901,1,1246,8982,0.381541457,1.632996107,0.782310581,295
2026-09-18T17:30:46.222,1,0.0015,0.7,7,manhattan,0.9955,0.9936,0.9975,3,1473,8892,0.267966528,1.883460257,0.8172082,295
2026-09-18T17:30:47.439,1,0.0015,0.7,8,manhattan,0.8261,0.8376,0.8247,76,810,2965,0.170926745,0.762159401,0.282260745,295
2026-09-18T17:30:50.944,1,0.0015,0.75,5,manhattan,0.9573,0.9502,0.9658,8,411,8872,0.33451589,1.329793368,0.80685527,295
2026-09-18T17:30:53.771,1,0.0015,0.75,6,manhattan,0.988,0.9894,0.9867,1,1246,8981,0.386418617,1.600156223,0.839264093,295
2026-09-18T17:30:56.744,1,0.0015,0.75,7,manhattan,0.9759,0.9741,0.9784,3,1473,8808,0.28258383,1.872527295,0.816120072,295
2026-09-18T17:30:57.572,1,0.0015,0.75,8,manhattan,0.6414,0.6554,0.6666,54,810,1679,0.164607851,0.471837291,0.189080533,295
2026-09-18T17:31:00.973,1,0.0015,0.8,5,manhattan,0.8773,0.8662,0.9036,29,411,8456,0.321323491,1.283576844,0.76315464,295
2026-09-18T17:31:03.775,1,0.0015,0.8,6,manhattan,0.9683,0.9629,0.9747,1,1246,8961,0.36556602,1.627562521,0.807271943,295
2026-09-18T17:31:06.748,1,0.0015,0.8,7,manhattan,0.9918,0.9955,0.9885,5,1473,8716,0.274238769,1.902850377,0.794095818,295
2026-09-18T17:31:07.297,1,0.0015,0.8,8,manhattan,0.5308,0.62,0.556,26,810,587,0.176393087,0.233555983,0.136780269,295
2026-09-18T17:31:10.762,1,0.002,0.5,5,manhattan,0.9463,0.9448,0.9488,2,411,9612,0.303671583,1.174056555,0.793589468,295
2026-09-18T17:31:13.765,1,0.002,0.5,6,manhattan,0.975,0.9692,0.9821,1,1246,9651,0.398802183,1.700533933,0.902011223,295
2026-09-18T17:31:16.899,1,0.002,0.5,7,manhattan,0.984,0.9844,0.9839,1,1473,9631,0.296864427,1.892390938,0.943078834,295
2026-09-18T17:31:19.415,1,0.002,0.5,8,manhattan,1.0,1.0,1.0,5,810,8713,0.197332915,1.51265509,0.803609045,295
2026-09-18T17:31:20.38,1,0.002,0.5,9,manhattan,0.5003,0.6193,0.5365,49,308,2341,0.241691171,0.488662277,0.233571348,295
2026-09-18T17:31:21.434,1,0.002,0.5,10,manhattan,0.2885,0.3675,0.3201,12,155,456,0.705193947,0.142008103,0.204671913,292
2026-09-18T17:31:23.633,1,0.002,0.55,5,manhattan,0.8928,0.8971,0.8955,3,411,9591,0.249017876,1.092120658,0.856591239,295
2026-09-18T17:31:26.526,1,0.002,0.55,6,manhattan,0.967,0.963,0.9714,1,1246,9645,0.396226993,1.658849203,0.83528188,295
2026-09-18T17:31:29.669,1,0.002,0.55,7,manhattan,0.9946,0.9951,0.9942,3,1473,9617,0.302921906,1.967104403,0.871400255,295
2026-09-18T17:31:32.671,1,0.002,0.55,8,manhattan,0.9882,0.9844,0.9929,11,810,8441,0.246206204,1.867721303,0.885927602,295
2026-09-18T17:31:33.445,1,0.002,0.55,9,manhattan,0.5531,0.5728,0.5809,31,308,1367,0.24023924,0.33823543,0.194089134,295
2026-09-18T17:31:34.412,1,0.002,0.55,10,manhattan,0.2501,0.269,0.2639,7,155,186,0.695142731,0.106461798,0.163512948,280
2026-09-18T17:31:36.67,1,0.002,0.6,5,manhattan,0.9309,0.932,0.9307,2,411,9277,0.311136854,1.124594853,0.819973219,295
2026-09-18T17:31:40.202,1,0.002,0.6,6,manhattan,0.9643,0.9614,0.9705,1,1246,9462,0.391182005,1.848287883,1.290897752,295
2026-09-18T17:31:43.975,1,0.002,0.6,7,manhattan,0.9946,0.9951,0.9942,4,1473,9244,0.451552853,2.503268006,0.813652019,295
2026-09-18T17:31:47.385,1,0.002,0.6,8,manhattan,0.9921,0.9926,0.9918,19,810,8080,0.19574179,2.156430429,1.055890747,295
2026-09-18T17:31:48.473,1,0.002,0.6,9,manhattan,0.477,0.5361,0.5294,26,308,875,0.339288358,0.389664841,0.356483993,295
2026-09-18T17:31:49.822,1,0.002,0.6,10,manhattan,0.1125,0.217,0.1755,2,155,41,1.081506243,0.113519124,0.150693292,180
2026-09-18T17:31:53.012,1,0.002,0.65,5,manhattan,0.9378,0.9347,0.9428,2,411,9051,0.523141826,1.500236393,1.164425785,295
2026-09-18T17:31:57.073,1,0.002,0.65,6,manhattan,0.9911,0.9876,0.9951,3,1246,9112,0.710849418,2.427822604,0.920658021,295
2026-09-18T17:32:00.556,1,0.002,0.65,7,manhattan,0.991,0.9876,0.995,3,1473,9042,0.295078724,2.01136551,1.174448155,295
2026-09-18T17:32:04.158,1,0.002,0.65,8,manhattan,0.9878,0.9905,0.9853,32,810,7426,0.340792112,2.283039914,0.970011817,295
2026-09-18T17:32:04.764,1,0.002,0.65,9,manhattan,0.268,0.466,0.3153,9,308,342,0.357142596,0.10383297,0.142410389,295
2026-09-18T17:32:09.325,1,0.002,0.7,5,manhattan,0.9544,0.9511,0.959,1,411,9003,0.492893126,1.648893811,1.251390186,295
2026-09-18T17:32:13.561,1,0.002,0.7,6,manhattan,0.9834,0.9794,0.9881,1,1246,9030,0.721408869,2.381330625,1.131104554,295
2026-09-18T17:32:17.757,1,0.002,0.7,7,manhattan,0.983,0.9819,0.9845,1,1473,8990,0.539957314,2.740341617,0.913357437,295
2026-09-18T17:32:20.424,1,0.002,0.7,8,manhattan,0.9902,0.988,0.9926,36,810,6359,0.174304412,1.674711637,0.815893158,295
2026-09-18T17:32:21.447,1,0.002,0.7,9,manhattan,0.2944,0.3569,0.3135,3,308,125,0.383103877,0.200385889,0.436688942,292
2026-09-18T17:32:25.872,1,0.002,0.75,5,manhattan,0.9375,0.9278,0.9515,1,411,8993,0.480215876,1.567343508,1.305684001,295
2026-09-18T17:32:30.215,1,0.002,0.75,6,manhattan,0.9876,0.9894,0.986,1,1246,8985,0.692207579,2.385308718,1.263560249,295
2026-09-18T17:32:34.888,1,0.002,0.75,7,manhattan,0.9956,0.9936,0.9977,2,1473,8948,0.560666527,2.694172794,1.41614659,295
2026-09-18T17:32:37.739,1,0.002,0.75,8,manhattan,0.971,0.9639,0.9804,41,810,5588,0.233774097,2.086074295,0.528564587,295
2026-09-18T17:32:38.23,1,0.002,0.75,9,manhattan,0.3007,0.3413,0.3504,1,308,45,0.276438142,0.116157731,0.096550545,263
2026-09-18T17:32:42.789,1,0.002,0.8,5,manhattan,0.9491,0.9422,0.9574,1,411,8968,0.636946672,1.764667902,1.136059587,295
2026-09-18T17:32:47.066,1,0.002,0.8,6,manhattan,0.9802,0.9812,0.9794,1,1246,8970,0.698029482,2.277758303,1.297637092,295
2026-09-18T17:32:51.454,1,0.002,0.8,7,manhattan,0.9764,0.9729,0.9805,1,1473,8907,0.593573248,2.600701275,1.191237244,295
2026-09-18T17:32:54.133,1,0.002,0.8,8,manhattan,0.9153,0.919,0.9122,50,810,4472,0.361421077,1.658536524,0.657495249,295
2026-09-18T17:32:54.834,1,0.002,0.8,9,manhattan,0.222,0.2253,0.2589,1,308,21,0.445061521,0.160490635,0.093189849,147
2026-09-18T17:32:59.139,1,0.0025,0.5,5,manhattan,0.9185,0.917,0.9233,1,411,9660,0.436528446,1.362282789,1.200544299,295
2026-09-18T17:33:03.895,1,0.0025,0.5,6,manhattan,0.958,0.9531,0.9648,1,1246,9655,0.63556074,2.707405003,1.409960324,295
2026-09-18T17:33:08.66,1,0.0025,0.5,7,manhattan,0.9836,0.978,0.9902,1,1473,9650,0.483304469,2.854899981,1.425265703,295
2026-09-18T17:33:12.431,1,0.0025,0.5,8,manhattan,0.996,0.9944,0.9977,2,810,8892,0.528934117,2.111006464,1.128963289,295
2026-09-18T17:33:14.372,1,0.0025,0.5,9,manhattan,0.8754,0.8677,0.8903,55,308,4256,0.440005357,0.947983024,0.550265755,295
2026-09-18T17:33:16.346,1,0.0025,0.5,10,manhattan,0.2566,0.4772,0.353,26,155,1185,1.226865472,0.35123374,0.393857347,295
2026-09-18T17:33:19.155,1,0.0025,0.55,5,manhattan,0.9648,0.971,0.9601,2,411,9610,0.546954717,1.293836327,0.965373725,295
2026-09-18T17:33:23.554,1,0.0025,0.55,6,manhattan,0.9959,0.9976,0.9942,1,1246,9649,0.665466031,2.541474011,1.189741941,295
2026-09-18T17:33:28.114,1,0.0025,0.55,7,manhattan,0.9874,0.9853,0.9901,1,1473,9634,0.540478261,2.733736794,1.282520915,295
2026-09-18T17:33:32.132,1,0.0025,0.55,8,manhattan,0.9915,0.988,0.9952,2,810,8800,0.483126584,2.346169497,1.186322789,295
2026-09-18T17:33:34.037,1,0.0025,0.55,9,manhattan,0.7165,0.7413,0.7461,48,308,3066,0.445133317,1.042354589,0.416275158,295
2026-09-18T17:33:35.892,1,0.0025,0.55,10,manhattan,0.3405,0.4064,0.365,15,155,678,1.23091229,0.371359777,0.249952843,295
2026-09-18T17:33:38.877,1,0.0025,0.6,5,manhattan,0.943,0.9386,0.9482,4,411,9373,0.549498478,1.517833617,0.915630214,295
2026-09-18T17:33:43.23,1,0.0025,0.6,6,manhattan,0.9653,0.9628,0.969,1,1246,9466,0.505539716,2.592017904,1.252937174,295
2026-09-18T17:33:47.872,1,0.0025,0.6,7,manhattan,0.9827,0.9798,0.9869,4,1473,9416,0.509187458,2.778151133,1.351824888,295
2026-09-18T17:33:51.86,1,0.0025,0.6,8,manhattan,0.9931,0.9913,0.995,5,810,8723,0.282103532,2.425569315,1.277419284,295
2026-09-18T17:33:53.18,1,0.0025,0.6,9,manhattan,0.589,0.6297,0.6288,34,308,2015,0.418076506,0.471506941,0.427892635,295
2026-09-18T17:33:54.752,1,0.0025,0.6,10,manhattan,0.312,0.4508,0.3595,6,155,359,1.184944471,0.081752494,0.301724616,293
2026-09-18T17:33:58.507,1,0.0025,0.65,5,manhattan,0.9372,0.9296,0.9476,1,411,9141,0.591900899,1.798633421,1.361818695,295
2026-09-18T17:34:02.513,1,0.0025,0.65,6,manhattan,0.9852,0.9906,0.98,1,1246,9135,0.580663777,2.012684604,1.409894395,295
2026-09-18T17:34:07.793,1,0.0025,0.65,7,manhattan,0.9955,0.9936,0.9975,1,1473,9084,0.592724188,3.393268757,1.291924841,295
2026-09-18T17:34:12.261,1,0.0025,0.65,8,manhattan,0.9931,0.9912,0.9952,9,810,8510,0.377590812,2.786378582,1.300895122,295
2026-09-18T17:34:13.76,1,0.0025,0.65,9,manhattan,0.3966,0.505,0.4424,32,308,1400,0.480000555,0.601282475,0.415971907,295
2026-09-18T17:34:15.786,1,0.0025,0.65,10,manhattan,0.325,0.3464,0.3234,5,155,248,1.287450735,0.331560275,0.404633027,286
2026-09-18T17:34:21.436,1,0.0025,0.7,5,manhattan,0.9325,0.9249,0.9492,1,411,9033,0.446750424,2.662919359,2.537649081,295
2026-09-18T17:34:29.994,1,0.0025,0.7,6,manhattan,0.9872,0.9896,0.9851,1,1246,9034,0.984405559,4.845455362,2.725598812,295
2026-09-18T17:34:38.927,1,0.0025,0.7,7,manhattan,0.9749,0.9692,0.982,2,1473,9029,0.764998592,5.592271042,2.572010806,295
2026-09-18T17:34:46.964,1,0.0025,0.7,8,manhattan,0.9931,0.9912,0.9952,13,810,8152,0.510129338,5.218098125,2.30450544,295
2026-09-18T17:34:48.756,1,0.0025,0.7,9,manhattan,0.4096,0.4955,0.4514,14,308,659,0.571888842,0.657970659,0.558979859,295
2026-09-18T17:34:50.918,1,0.0025,0.7,10,manhattan,0.2666,0.3581,0.3026,2,155,59,1.384746975,0.464130858,0.30963729,227
2026-09-18T17:34:58.111,1,0.0025,0.75,5,manhattan,0.935,0.9333,0.9422,1,411,8997,0.957635096,3.373464409,2.857719548,295
2026-09-18T17:35:06.798,1,0.0025,0.75,6,manhattan,0.9716,0.9698,0.9737,1,1246,8989,1.066981342,4.947435093,2.67036654,295
2026-09-18T17:35:16.173,1,0.0025,0.75,7,manhattan,0.9837,0.9805,0.9873,1,1473,8986,0.773754948,5.975507478,2.620921949,295
2026-09-18T17:35:23.426,1,0.0025,0.75,8,manhattan,0.9941,0.9951,0.9933,25,810,7430,0.530358252,4.70234174,2.017926057,295
2026-09-18T17:35:25.05,1,0.0025,0.75,9,manhattan,0.296,0.4382,0.3082,5,308,262,0.601095091,0.462018926,0.557475128,295
2026-09-18T17:35:26.854,1,0.0025,0.75,10,manhattan,0.1404,0.1696,0.2385,1,155,24,1.274078843,0.304155374,0.20390687,160
2026-09-18T17:35:34.292,1,0.0025,0.8,5,manhattan,0.9485,0.9458,0.9523,1,411,8972,0.806532324,3.897733894,2.730526467,295
2026-09-18T17:35:43.083,1,0.0025,0.8,6,manhattan,1.0,1.0,1.0,1,1246,8974,0.986496399,5.20021595,2.601692186,295
2026-09-18T17:35:52.744,1,0.0025,0.8,7,manhattan,0.9885,0.9892,0.9883,1,1473,8949,0.852587655,6.143077718,2.661270265,295
2026-09-18T17:35:59.578,1,0.0025,0.8,8,manhattan,0.9585,0.9495,0.9713,36,810,6544,0.595847423,4.168480387,2.065765414,295
2026-09-18T17:36:01.205,1,0.0025,0.8,9,manhattan,0.1944,0.3558,0.2828,3,308,125,0.576716135,0.485001824,0.560847137,291
2026-09-18T17:36:09.354,1,0.003,0.5,5,manhattan,0.9546,0.9536,0.9562,1,411,9664,1.038639798,3.14691428,2.445175733,295
2026-09-18T17:36:17.984,1,0.003,0.5,6,manhattan,0.9746,0.9692,0.9812,1,1246,9659,1.0537858,4.932672939,2.640734119,295
2026-09-18T17:36:26.987,1,0.003,0.5,7,manhattan,0.9822,0.9776,0.9871,1,1473,9655,0.712571217,5.740979024,2.545808503,295
2026-09-18T17:36:34.427,1,0.003,0.5,8,manhattan,0.988,0.9904,0.9862,1,810,8931,0.577249793,4.335942722,2.505599801,295
2026-09-18T17:36:39.255,1,0.003,0.5,9,manhattan,0.9406,0.9306,0.9574,41,308,5631,0.651980368,2.625271877,1.547417986,295
2026-09-18T17:36:42.687,1,0.003,0.5,10,manhattan,0.4002,0.5097,0.4369,30,155,1837,1.439465984,1.132918893,0.857419348,295
2026-09-18T17:36:50.031,1,0.003,0.55,5,manhattan,0.9238,0.9224,0.9273,2,411,9622,0.923549522,3.543176125,2.873481969,295
2026-09-18T17:36:58.566,1,0.003,0.55,6,manhattan,0.9747,0.9746,0.9759,1,1246,9653,1.014924824,4.941074223,2.576779852,295
2026-09-18T17:37:07.33,1,0.003,0.55,7,manhattan,1.0,1.0,1.0,1,1473,9640,0.880717579,5.27217592,2.607878731,295
2026-09-18T17:37:15.142,1,0.003,0.55,8,manhattan,0.9878,0.9866,0.9893,2,810,8922,0.696322212,4.72451776,2.388158944,295
2026-09-18T17:37:19.72,1,0.003,0.55,9,manhattan,0.922,0.9138,0.9349,45,308,4719,0.655323184,2.559946485,1.359752858,295
2026-09-18T17:37:23.452,1,0.003,0.55,10,manhattan,0.3951,0.4826,0.434,20,155,1248,1.642452973,0.876566769,1.20998189,295
2026-09-18T17:37:30.117,1,0.003,0.6,5,manhattan,0.9564,0.9539,0.9612,3,411,9401,0.783246386,3.4399572,2.438261301,295
2026-09-18T17:37:38.961,1,0.003,0.6,6,manhattan,0.9875,0.9828,0.9929,1,1246,9470,1.058316826,4.953700488,2.829370602,295
2026-09-18T17:37:47.988,1,0.003,0.6,7,manhattan,1.0,1.0,1.0,2,1473,9461,0.737639088,5.620621455,2.651101297,295
2026-09-18T17:37:55.313,1,0.003,0.6,8,manhattan,0.9709,0.9665,0.976,1,810,8810,0.549535355,4.317194096,2.455685806,295
2026-09-18T17:37:59.074,1,0.003,0.6,9,manhattan,0.7097,0.7358,0.7377,39,308,3382,0.606752378,1.949980008,1.201953768,295
2026-09-18T17:38:02.099,1,0.003,0.6,10,manhattan,0.2966,0.2912,0.342,14,155,806,1.434612011,0.880794964,0.694482172,295
2026-09-18T17:38:08.92,1,0.003,0.65,5,manhattan,0.9534,0.957,0.9515,1,411,9145,0.92974843,3.263950405,2.624417857,295
2026-09-18T17:38:17.93,1,0.003,0.65,6,manhattan,0.9571,0.9572,0.9595,1,1246,9143,0.956335698,5.280879337,2.769395265,295
2026-09-18T17:38:27.247,1,0.003,0.65,7,manhattan,0.9821,0.9774,0.988,1,1473,9118,0.736382083,5.784422848,2.79404255,295
2026-09-18T17:38:35.202,1,0.003,0.65,8,manhattan,0.9946,0.9944,0.9949,3,810,8765,0.589198597,4.706644804,2.655399333,295
2026-09-18T17:38:38.376,1,0.003,0.65,9,manhattan,0.6001,0.6936,0.6188,33,308,2362,0.554292319,1.488804974,1.128711651,295
2026-09-18T17:38:40.897,1,0.003,0.65,10,manhattan,0.2945,0.3617,0.3406,7,155,430,1.376692664,0.581898223,0.558705173,295
2026-09-18T17:38:47.568,1,0.003,0.7,5,manhattan,0.9518,0.9489,0.9588,1,411,9037,0.916461255,3.310104351,2.442465331,295
2026-09-18T17:38:56.298,1,0.003,0.7,6,manhattan,0.9923,0.9921,0.9926,1,1246,9044,0.976146612,5.227395333,2.5230968,295
2026-09-18T17:39:05.835,1,0.003,0.7,7,manhattan,0.9873,0.9828,0.9925,1,1473,9046,0.850496187,5.821750037,2.862165228,295
2026-09-18T17:39:14.267,1,0.003,0.7,8,manhattan,0.9899,0.993,0.9869,5,810,8618,0.556120485,5.203292041,2.669032641,295
2026-09-18T17:39:17.159,1,0.003,0.7,9,manhattan,0.4057,0.4803,0.4622,30,308,1627,0.557223559,1.446013049,0.886072942,295
2026-09-18T17:39:20.05,1,0.003,0.7,10,manhattan,0.2756,0.3203,0.3537,5,155,296,1.459809787,0.590866688,0.837845616,286
2026-09-18T17:39:26.886,1,0.003,0.75,5,manhattan,0.9518,0.9503,0.954,1,411,9001,0.667292522,3.512913386,2.652021387,295
2026-09-18T17:39:35.292,1,0.003,0.75,6,manhattan,0.9747,0.9692,0.9811,1,1246,8993,1.03123068,4.78665287,2.571794717,295
2026-09-18T17:39:44.82,1,0.003,0.75,7,manhattan,1.0,1.0,1.0,1,1473,8990,0.784814324,5.885466005,2.854596802,295
2026-09-18T17:39:52.522,1,0.003,0.75,8,manhattan,0.9946,0.9951,0.9942,9,810,8391,0.553782895,4.918444932,2.225673921,295
2026-09-18T17:39:54.303,1,0.003,0.75,9,manhattan,0.4051,0.5139,0.432,13,308,660,0.526007905,0.695598236,0.557493007,295
2026-09-18T17:39:56.709,1,0.003,0.75,10,manhattan,0.3476,0.4031,0.3802,2,155,104,1.34387031,0.546057048,0.508988131,247
2026-09-18T17:40:03.533,1,0.003,0.8,5,manhattan,0.9743,0.9696,0.9798,1,411,8976,0.980834362,3.447458507,2.393065578,295
2026-09-18T17:40:11.989,1,0.003,0.8,6,manhattan,0.9819,0.9798,0.9849,1,1246,8978,0.863019156,5.005628637,2.583686112,295
2026-09-18T17:40:21.046,1,0.003,0.8,7,manhattan,0.9919,0.9919,0.9919,1,1473,8955,0.826824305,5.662948166,2.561370968,295
2026-09-18T17:40:28.679,1,0.003,0.8,8,manhattan,1.0,1.0,1.0,13,810,7891,0.55487263,4.936314675,2.138753588,295
2026-09-18T17:40:30.448,1,0.003,0.8,9,manhattan,0.3607,0.4608,0.4243,6,308,324,0.555797678,0.619026434,0.5658945,295
2026-09-18T17:40:32.487,1,0.003,0.8,10,manhattan,0.1441,0.1594,0.137,1,155,44,1.305342827,0.496077333,0.235416626,223
2026-09-18T17:42:00.196,2,0.0015,0.5,5,manhattan,0.9298,0.9317,0.93,2,408,9630,2.328647005,10.492012047,4.812521122,295
2026-09-18T17:42:10.726,2,0.0015,0.5,6,manhattan,0.9685,0.9619,0.9781,1,1257,9669,0.989311353,5.067167861,2.753007484,295
2026-09-18T17:42:19.849,2,0.0015,0.5,7,manhattan,0.988,0.987,0.9893,4,1487,9289,0.841371277,5.922753526,2.356307945,295
2026-09-18T17:42:27.098,2,0.0015,0.5,8,manhattan,0.969,0.9637,0.9764,49,825,7300,0.647597266,4.656945502,1.927672058,295
2026-09-18T17:42:29.17,2,0.0015,0.5,9,manhattan,0.3542,0.458,0.4271,28,353,903,0.600711452,0.880372074,0.587182697,295
2026-09-18T17:42:31.722,2,0.0015,0.5,10,manhattan,0.3567,0.4338,0.3925,7,186,203,1.657629775,0.320877345,0.570333545,293
2026-09-18T17:42:39.1,2,0.0015,0.55,5,manhattan,0.9358,0.9414,0.9337,5,408,9581,1.049289344,3.619721387,2.706561951,295
2026-09-18T17:42:48.144,2,0.0015,0.55,6,manhattan,0.9427,0.9368,0.95,1,1257,9645,0.959610209,5.352855581,2.728661565,295
2026-09-18T17:42:57.41,2,0.0015,0.55,7,manhattan,0.9858,0.9888,0.9834,5,1487,9101,0.790577072,5.851899143,2.620393181,295
2026-09-18T17:43:04.474,2,0.0015,0.55,8,manhattan,0.9767,0.9747,0.981,53,825,6332,0.560962305,4.61906901,1.880183583,295
2026-09-18T17:43:06.433,2,0.0015,0.55,9,manhattan,0.2172,0.2264,0.3237,19,353,547,0.588125276,0.752922536,0.614611693,295
2026-09-18T17:43:09.187,2,0.0015,0.55,10,manhattan,0.3509,0.4196,0.3649,5,186,125,1.589355332,0.433048252,0.726543954,286
2026-09-18T17:43:15.871,2,0.0015,0.6,5,manhattan,0.949,0.9611,0.9393,7,408,9359,0.67715754,3.529684874,2.473510641,295
2026-09-18T17:43:24.814,2,0.0015,0.6,6,manhattan,0.9768,0.9756,0.979,8,1257,9574,0.933859849,5.340964185,2.664192706,295
2026-09-18T17:43:34.041,2,0.0015,0.6,7,manhattan,0.9962,0.9976,0.9949,1,1487,9014,0.801993965,5.850160025,2.57096626,295
2026-09-18T17:43:40.304,2,0.0015,0.6,8,manhattan,0.9577,0.956,0.9619,49,825,5437,0.492307925,4.16350021,1.602718493,295
2026-09-18T17:43:42.006,2,0.0015,0.6,9,manhattan,0.3742,0.4436,0.4116,14,353,363,0.533566204,0.610152045,0.556340415,295
2026-09-18T17:43:44.398,2,0.0015,0.6,10,manhattan,0.2192,0.2668,0.2391,3,186,53,1.39851808,0.412800901,0.57723799,192
2026-09-18T17:43:51.102,2,0.0015,0.65,5,manhattan,0.9314,0.9262,0.9383,1,408,8991,0.705475827,3.49857957,2.49614077,295
2026-09-18T17:44:00.181,2,0.0015,0.65,6,manhattan,0.9819,0.9831,0.981,1,1257,9063,0.997937317,5.331336068,2.747091016,295
2026-09-18T17:44:09.648,2,0.0015,0.65,7,manhattan,0.9918,0.9955,0.9885,3,1487,8956,0.809405178,5.974382194,2.679194345,295
2026-09-18T17:44:15.292,2,0.0015,0.65,8,manhattan,0.9629,0.957,0.9711,65,825,4646,0.447443111,3.800102345,1.393995225,295
2026-09-18T17:44:16.873,2,0.0015,0.65,9,manhattan,0.3116,0.4908,0.3376,7,353,160,0.540433632,0.535976987,0.501464473,291
2026-09-18T17:44:18.822,2,0.0015,0.65,10,manhattan,0.2542,0.2596,0.3323,1,186,16,1.304695747,0.290285304,0.337491341,106
2026-09-18T17:44:25.877,2,0.0015,0.7,5,manhattan,0.962,0.9616,0.9638,3,408,8974,0.835064256,3.556843236,2.659408715,295
2026-09-18T17:44:34.309,2,0.0015,0.7,6,manhattan,0.9656,0.9615,0.9706,1,1257,9031,0.847986857,5.059087219,2.522394964,295
2026-09-18T17:44:41.549,2,0.0015,0.7,7,manhattan,0.9963,0.9977,0.9949,3,1487,8871,0.736825016,4.724668059,1.77401861,295
2026-09-18T17:44:44.058,2,0.0015,0.7,8,manhattan,0.8271,0.8325,0.8416,68,825,3230,0.281565335,1.509625025,0.713808037,295
2026-09-18T17:44:45.033,2,0.0015,0.7,9,manhattan,0.3814,0.4743,0.4044,3,353,56,0.38613101,0.276080346,0.308896343,256
2026-09-18T17:44:51.474,2,0.0015,0.75,5,manhattan,0.9335,0.9359,0.9355,12,408,8837,0.762956711,1.950829978,1.31575191,295
2026-09-18T17:44:56.381,2,0.0015,0.75,6,manhattan,0.9647,0.9592,0.9729,1,1257,8980,0.761862436,2.672963799,1.468920239,295
2026-09-18T17:45:01.72,2,0.0015,0.75,7,manhattan,0.983,0.9823,0.9842,4,1487,8783,0.516668093,3.315512236,1.504626131,295
2026-09-18T17:45:03.4,2,0.0015,0.75,8,manhattan,0.6155,0.6699,0.662,70,825,2061,0.325627463,1.030804439,0.320715243,295
2026-09-18T17:45:09.396,2,0.0015,0.8,5,manhattan,0.9166,0.9174,0.9192,33,408,8342,0.520667209,2.336096911,1.35401644,295
2026-09-18T17:45:14.059,2,0.0015,0.8,6,manhattan,0.9632,0.9682,0.9585,2,1257,8954,0.545722158,2.635444965,1.479640465,295
2026-09-18T17:45:18.637,2,0.0015,0.8,7,manhattan,0.9915,0.988,0.9952,5,1487,8635,0.55457294,2.685776262,1.335685045,295
2026-09-18T17:45:19.811,2,0.0015,0.8,8,manhattan,0.4912,0.6683,0.4893,35,825,858,0.346463926,0.63908249,0.186247629,295
2026-09-18T17:45:25.693,2,0.002,0.5,5,manhattan,0.86,0.9048,0.8424,2,408,9665,0.77194934,2.11846524,1.272835737,295
2026-09-18T17:45:30.712,2,0.002,0.5,6,manhattan,0.9786,0.9768,0.981,1,1257,9673,0.770499085,2.70854293,1.537875704,295
2026-09-18T17:45:36.013,2,0.002,0.5,7,manhattan,0.9688,0.967,0.9712,2,1487,9624,0.508889027,3.113133284,1.67698616,295
2026-09-18T17:45:40.565,2,0.002,0.5,8,manhattan,0.987,0.984,0.9903,8,825,8616,0.303006973,2.939796454,1.307406778,295
2026-09-18T17:45:42.396,2,0.002,0.5,9,manhattan,0.5141,0.6166,0.5767,54,353,2658,0.448617632,0.93719617,0.443343284,295
2026-09-18T17:45:44.417,2,0.002,0.5,10,manhattan,0.3028,0.3098,0.3623,22,186,793,1.169985575,0.383501484,0.465275838,295
2026-09-18T17:45:48.084,2,0.002,0.55,5,manhattan,0.9094,0.9116,0.9086,2,408,9622,0.533213156,1.878382514,1.251157756,295
2026-09-18T17:45:52.853,2,0.002,0.55,6,manhattan,0.9833,0.983,0.9844,1,1257,9650,0.693990908,2.953345323,1.117670365,295
2026-09-18T17:45:57.607,2,0.002,0.55,7,manhattan,0.9942,0.9936,0.9949,4,1487,9523,0.520689977,3.205884879,1.026172911,295
2026-09-18T17:46:00.781,2,0.002,0.55,8,manhattan,0.9976,0.9977,0.9976,10,825,8376,0.233859165,2.006056453,0.931252323,295
2026-09-18T17:46:01.714,2,0.002,0.55,9,manhattan,0.5193,0.5717,0.5327,47,353,1857,0.272316806,0.401949723,0.257040271,295
2026-09-18T17:46:02.92,2,0.002,0.55,10,manhattan,0.3462,0.4356,0.3862,14,186,499,0.882096876,0.106735856,0.214655102,295
2026-09-18T17:46:05.651,2,0.002,0.6,5,manhattan,0.9359,0.9319,0.9416,4,408,9575,0.37048313,1.331528508,1.026566956,295
2026-09-18T17:46:09.116,2,0.002,0.6,6,manhattan,0.9728,0.9718,0.9746,1,1257,9638,0.458314332,1.996618793,1.008356177,295
2026-09-18T17:46:12.913,2,0.002,0.6,7,manhattan,0.996,0.9944,0.9977,4,1487,9269,0.359485215,2.39766889,1.015746089,295
2026-09-18T17:46:15.961,2,0.002,0.6,8,manhattan,0.987,0.9822,0.9929,26,825,7913,0.224661131,1.974869713,0.84607963,295
2026-09-18T17:46:16.833,2,0.002,0.6,9,manhattan,0.4728,0.5708,0.4967,29,353,1125,0.275423278,0.374456542,0.21949818,295
2026-09-18T17:46:18.007,2,0.002,0.6,10,manhattan,0.4068,0.4615,0.4351,5,186,267,0.803759065,0.16460352,0.20416654,295
2026-09-18T17:46:20.647,2,0.002,0.65,5,manhattan,0.9665,0.9616,0.9731,3,408,9081,0.349001402,1.311729329,0.977334193,295
2026-09-18T17:46:24.033,2,0.002,0.65,6,manhattan,0.9926,0.9926,0.9926,2,1257,9128,0.452012689,1.954238374,0.977531496,295
2026-09-18T17:46:27.652,2,0.002,0.65,7,manhattan,0.9918,0.9887,0.9952,2,1487,9098,0.337190813,2.288683724,0.991523368,295
2026-09-18T17:46:30.541,2,0.002,0.65,8,manhattan,0.9779,0.972,0.9852,34,825,7179,0.226169983,1.872718941,0.787626974,295
2026-09-18T17:46:31.278,2,0.002,0.65,9,manhattan,0.3858,0.5384,0.435,16,353,647,0.26786023,0.296330142,0.171200453,295
2026-09-18T17:46:32.321,2,0.002,0.65,10,manhattan,0.3534,0.3619,0.3676,3,186,141,0.821567766,0.08118147,0.138600963,285
2026-09-18T17:46:34.877,2,0.002,0.7,5,manhattan,0.9618,0.9558,0.9696,1,408,8994,0.316490191,1.271751101,0.965583878,295
2026-09-18T17:46:38.365,2,0.002,0.7,6,manhattan,0.968,0.9684,0.9686,1,1257,9035,0.452477343,1.97528911,1.058850762,295
2026-09-18T17:46:42.035,2,0.002,0.7,7,manhattan,0.9811,0.9793,0.9835,1,1487,8989,0.346636784,2.302364594,1.019176206,295
2026-09-18T17:46:44.743,2,0.002,0.7,8,manhattan,0.9905,0.9894,0.9918,38,825,6371,0.25319774,1.751826527,0.700458076,295
2026-09-18T17:46:45.31,2,0.002,0.7,9,manhattan,0.3806,0.515,0.4235,10,353,383,0.258238539,0.142535824,0.164677971,295
2026-09-18T17:46:46.35,2,0.002,0.7,10,manhattan,0.3291,0.387,0.3776,3,186,68,0.763785866,0.167332641,0.107335164,233
2026-09-18T17:46:49.015,2,0.002,0.75,5,manhattan,0.9447,0.9458,0.9448,1,408,8979,0.399856858,1.301712474,0.961650275,295
2026-09-18T17:46:52.399,2,0.002,0.75,6,manhattan,0.9602,0.9521,0.9731,1,1257,9007,0.425561192,1.969433333,0.982163442,295
2026-09-18T17:46:56.141,2,0.002,0.75,7,manhattan,0.992,0.9892,0.9952,2,1487,8962,0.356967295,2.39455236,0.987779454,295
2026-09-18T17:46:58.927,2,0.002,0.75,8,manhattan,0.987,0.9852,0.9894,40,825,5450,0.206701781,1.966850112,0.610368553,295
2026-09-18T17:46:59.459,2,0.002,0.75,9,manhattan,0.3548,0.466,0.3984,6,353,186,0.259418788,0.112405714,0.158068887,293
2026-09-18T17:47:00.474,2,0.002,0.75,10,manhattan,0.314,0.2923,0.3502,1,186,22,0.806802889,0.077475759,0.128924098,165
2026-09-18T17:47:03.132,2,0.002,0.8,5,manhattan,0.9537,0.9498,0.9586,1,408,8960,0.358324312,1.342558829,0.95474576,295
2026-09-18T17:47:07.464,2,0.002,0.8,6,manhattan,0.9666,0.9647,0.9698,1,1257,8965,0.464358541,2.337832118,1.5282508,295
2026-09-18T17:47:11.899,2,0.002,0.8,7,manhattan,0.9954,0.9976,0.9933,1,1487,8851,0.383791465,3.028123531,1.021214316,295
2026-09-18T17:47:14.713,2,0.002,0.8,8,manhattan,0.9273,0.9187,0.9402,50,825,4380,0.190624795,1.729450691,0.891538585,295
2026-09-18T17:47:15.537,2,0.002,0.8,9,manhattan,0.3297,0.3171,0.3957,3,353,92,0.362045318,0.256484264,0.203437187,280
2026-09-18T17:47:20.938,2,0.0025,0.5,5,manhattan,0.9394,0.9438,0.9367,2,408,9680,0.632760174,1.901041488,1.410031564,295
2026-09-18T17:47:26.176,2,0.0025,0.5,6,manhattan,0.9722,0.976,0.9688,1,1257,9677,0.750406083,3.00246599,1.483457502,295
2026-09-18T17:47:30.276,2,0.0025,0.5,7,manhattan,0.993,0.9952,0.9908,1,1487,9640,0.61504911,2.342230726,1.139384105,295
2026-09-18T17:47:34.785,2,0.0025,0.5,8,manhattan,0.9915,0.988,0.9952,1,825,8978,0.463250439,2.560359387,1.482072479,295
2026-09-18T17:47:37.262,2,0.0025,0.5,9,manhattan,0.8536,0.8607,0.8576,53,353,4447,0.397533377,1.34906881,0.727116443,295
2026-09-18T17:47:39.334,2,0.0025,0.5,10,manhattan,0.4015,0.4531,0.4661,31,186,1391,1.103877959,0.618741831,0.345566116,295
2026-09-18T17:47:43.433,2,0.0025,0.55,5,manhattan,0.897,0.9193,0.8842,2,408,9634,0.665220958,1.923830854,1.504030175,295
2026-09-18T17:47:48.44,2,0.0025,0.55,6,manhattan,0.9732,0.9694,0.9778,1,1257,9654,0.575054959,2.907738374,1.521154712,295
2026-09-18T17:47:53.239,2,0.0025,0.55,7,manhattan,0.9834,0.9802,0.9869,2,1487,9630,0.645297042,3.088592087,1.062643496,295
2026-09-18T17:47:57.75,2,0.0025,0.55,8,manhattan,1.0,1.0,1.0,4,825,8831,0.306565319,2.595325729,1.605867918,295
2026-09-18T17:48:00.033,2,0.0025,0.55,9,manhattan,0.7728,0.7777,0.7917,47,353,3619,0.287171289,1.331434082,0.662436594,295
2026-09-18T17:48:02.116,2,0.0025,0.55,10,manhattan,0.3192,0.4952,0.3926,21,186,969,1.274923993,0.384675796,0.421324477,295
2026-09-18T17:48:06.043,2,0.0025,0.6,5,manhattan,0.9303,0.9288,0.9359,2,408,9594,0.489908387,2.122261745,1.312625113,295
2026-09-18T17:48:11.147,2,0.0025,0.6,6,manhattan,0.9774,0.9792,0.9762,1,1257,9642,0.789705452,2.920487211,1.391018099,295
2026-09-18T17:48:16.306,2,0.0025,0.6,7,manhattan,0.9871,0.993,0.9818,3,1487,9562,0.663201915,3.396729046,1.095849908,295
2026-09-18T17:48:20.396,2,0.0025,0.6,8,manhattan,0.9964,0.9951,0.9977,7,825,8669,0.238749105,2.37555433,1.473721621,295
2026-09-18T17:48:22.338,2,0.0025,0.6,9,manhattan,0.6296,0.7003,0.693,46,353,2790,0.495079648,0.753573108,0.669598124,295
2026-09-18T17:48:24.056,2,0.0025,0.6,10,manhattan,0.4654,0.4841,0.4684,13,186,638,1.148516907,0.171460891,0.395280644,295
2026-09-18T17:48:28.161,2,0.0025,0.65,5,manhattan,0.923,0.9195,0.9308,1,408,9170,0.713673523,1.878724877,1.509005742,295
2026-09-18T17:48:33.22,2,0.0025,0.65,6,manhattan,0.9606,0.956,0.9678,1,1257,9171,0.635273553,2.78345216,1.637350576,295
2026-09-18T17:48:38.441,2,0.0025,0.65,7,manhattan,0.9824,0.9819,0.9835,2,1487,9145,0.47026607,3.338013786,1.409860592,295
2026-09-18T17:48:42.221,2,0.0025,0.65,8,manhattan,0.989,0.9897,0.9885,8,825,8349,0.459643413,2.136436882,1.179191081,295
2026-09-18T17:48:43.512,2,0.0025,0.65,9,manhattan,0.5875,0.5917,0.6039,31,353,1623,0.371057156,0.58459312,0.33247778,295
2026-09-18T17:48:45.346,2,0.0025,0.65,10,manhattan,0.3787,0.4089,0.4243,5,186,327,1.209578486,0.267189404,0.354443299,295
2026-09-18T17:48:49.397,2,0.0025,0.7,5,manhattan,0.9574,0.9521,0.9648,1,408,9034,0.68520871,1.940691041,1.423080299,295
2026-09-18T17:48:54.498,2,0.0025,0.7,6,manhattan,0.9839,0.9867,0.9817,1,1257,9039,0.721992882,2.944139328,1.431920605,295
2026-09-18T17:48:59.678,2,0.0025,0.7,7,manhattan,0.991,0.9876,0.995,1,1487,9051,0.382681337,3.342335429,1.452894586,295
2026-09-18T17:49:03.85,2,0.0025,0.7,8,manhattan,0.9915,0.9913,0.9919,19,825,8037,0.458532308,2.594983717,1.113518927,295
2026-09-18T17:49:04.58,2,0.0025,0.7,9,manhattan,0.5041,0.6878,0.555,20,353,968,0.270931503,0.247304109,0.209643358,295
2026-09-18T17:49:06.147,2,0.0025,0.7,10,manhattan,0.3014,0.3754,0.3843,4,186,241,1.035554068,0.254660497,0.275445488,290
2026-09-18T17:49:10.041,2,0.0025,0.75,5,manhattan,0.9344,0.9296,0.9404,1,408,8991,0.616024444,2.010338145,1.265529845,295
2026-09-18T17:49:15.15,2,0.0025,0.75,6,manhattan,0.9954,0.9976,0.9933,1,1257,9029,0.758926097,2.833769349,1.504246893,295
2026-09-18T17:49:20.604,2,0.0025,0.75,7,manhattan,0.9946,0.9951,0.9942,1,1487,8982,0.736924122,3.320122882,1.393925034,295
2026-09-18T17:49:24.915,2,0.0025,0.75,8,manhattan,0.9816,0.9766,0.9878,26,825,7369,0.388337927,2.678793805,1.242165614,295
2026-09-18T17:49:26.033,2,0.0025,0.75,9,manhattan,0.513,0.549,0.5357,13,353,626,0.405127503,0.374966663,0.335463428,295
2026-09-18T17:49:27.382,2,0.0025,0.75,10,manhattan,0.334,0.3552,0.3595,2,186,139,1.078332514,0.071720624,0.19660915,275
2026-09-18T17:49:30.74,2,0.0025,0.8,5,manhattan,0.9562,0.9553,0.9584,1,408,8964,0.352101589,1.623855135,1.380329022,295
2026-09-18T17:49:35.818,2,0.0025,0.8,6,manhattan,0.9777,0.972,0.985,1,1257,8970,0.845835255,2.840469227,1.3904938,295
2026-09-18T17:49:41.22,2,0.0025,0.8,7,manhattan,0.9894,0.9889,0.9901,2,1487,8904,0.663578081,3.382194157,1.353231353,295
2026-09-18T17:49:45.068,2,0.0025,0.8,8,manhattan,0.9913,0.992,0.9908,32,825,6386,0.362057261,2.417452774,1.065691442,295
2026-09-18T17:49:45.868,2,0.0025,0.8,9,manhattan,0.163,0.3271,0.2428,5,353,263,0.472272891,0.145932767,0.179170467,295
2026-09-18T17:49:47.508,2,0.0025,0.8,10,manhattan,0.2329,0.2562,0.3011,2,186,55,1.253490177,0.166889287,0.217529911,207
2026-09-18T17:49:50.977,2,0.003,0.5,5,manhattan,0.9773,0.9741,0.9817,1,408,9687,0.442564065,1.990996846,1.032047474,295
2026-09-18T17:49:55.817,2,0.003,0.5,6,manhattan,0.9769,0.9812,0.9736,1,1257,9682,0.475875447,2.758789649,1.602915934,295
2026-09-18T17:50:01.106,2,0.003,0.5,7,manhattan,0.9741,0.9708,0.978,1,1487,9666,0.453646906,3.137844056,1.693961585,295
2026-09-18T17:50:05.709,2,0.003,0.5,8,manhattan,0.9959,0.9944,0.9975,2,825,9042,0.430833026,2.740747887,1.429195396,295
2026-09-18T17:50:08.755,2,0.003,0.5,9,manhattan,0.9541,0.945,0.9672,34,353,5820,0.487002219,1.49812579,1.057796578,295
2026-09-18T17:50:11.137,2,0.003,0.5,10,manhattan,0.4752,0.5701,0.5207,38,186,2191,1.201715679,0.673233645,0.503967237,295
2026-09-18T17:50:16.676,2,0.003,0.55,5,manhattan,0.9643,0.9665,0.9623,1,408,9664,0.378179085,2.727430052,2.43188367,295
2026-09-18T17:50:25.806,2,0.003,0.55,6,manhattan,0.9596,0.9613,0.9593,1,1257,9659,1.011270306,5.66179327,2.453638058,295
2026-09-18T17:50:35.079,2,0.003,0.55,7,manhattan,1.0,1.0,1.0,1,1487,9650,0.79108419,5.595229031,2.883405444,295
2026-09-18T17:50:42.539,2,0.003,0.55,8,manhattan,0.9946,0.9951,0.9942,1,825,8985,0.589272838,4.560299694,2.304780895,295
2026-09-18T17:50:47.804,2,0.003,0.55,9,manhattan,0.8867,0.8788,0.9027,41,353,5120,0.65619215,3.090119726,1.515630471,295
2026-09-18T17:50:51.184,2,0.003,0.55,10,manhattan,0.514,0.5952,0.5668,30,186,1591,1.573422848,0.90726008,0.89592525,295
2026-09-18T17:50:58.027,2,0.003,0.6,5,manhattan,0.9137,0.914,0.9169,2,408,9627,0.691815002,3.522795516,2.625719002,295
2026-09-18T17:51:06.832,2,0.003,0.6,6,manhattan,0.9643,0.9638,0.9655,1,1257,9647,0.953449156,5.332794984,2.515340571,295
2026-09-18T17:51:16.129,2,0.003,0.6,7,manhattan,0.9856,0.9828,0.9893,2,1487,9621,0.752489589,6.054087358,2.486723364,295
2026-09-18T17:51:24.021,2,0.003,0.6,8,manhattan,0.9926,0.9926,0.9926,3,825,8952,0.604033525,4.797376588,2.484247629,295
2026-09-18T17:51:28.188,2,0.003,0.6,9,manhattan,0.8358,0.8329,0.8446,45,353,4204,0.614126995,2.296398608,1.253312221,295
2026-09-18T17:51:31.389,2,0.003,0.6,10,manhattan,0.5452,0.5595,0.5699,22,186,1115,1.478809771,0.970078517,0.749980889,295
2026-09-18T17:51:38.495,2,0.003,0.65,5,manhattan,0.9747,0.9769,0.9734,1,408,9177,0.934484161,3.482343625,2.686761723,295
2026-09-18T17:51:47.404,2,0.003,0.65,6,manhattan,0.991,0.9876,0.995,1,1257,9176,1.031062572,5.265796333,2.608684351,295
2026-09-18T17:51:56.964,2,0.003,0.65,7,manhattan,0.9935,0.992,0.9951,1,1487,9165,0.814370198,5.951286015,2.777290199,295
2026-09-18T17:52:04.379,2,0.003,0.65,8,manhattan,0.9976,0.9976,0.9975,4,825,8859,0.59477913,4.489889992,2.327452509,295
2026-09-18T17:52:08.135,2,0.003,0.65,9,manhattan,0.6759,0.6978,0.708,41,353,3303,0.663891948,2.032449771,1.056451573,295
2026-09-18T17:52:11.014,2,0.003,0.65,10,manhattan,0.4046,0.4464,0.4569,13,186,707,1.598702407,0.63262943,0.644686,295
2026-09-18T17:52:17.628,2,0.003,0.7,5,manhattan,0.9498,0.9559,0.9472,1,408,9042,0.89939392,3.397803834,2.311625066,295
2026-09-18T17:52:26.387,2,0.003,0.7,6,manhattan,0.9749,0.9697,0.9822,1,1257,9044,1.032355894,5.094303105,2.627209834,295
2026-09-18T17:52:35.022,2,0.003,0.7,7,manhattan,1.0,1.0,1.0,1,1487,9056,0.856176732,5.426991736,2.348468604,295
2026-09-18T17:52:43.174,2,0.003,0.7,8,manhattan,0.9946,0.9944,0.9949,7,825,8545,0.573281339,5.027123075,2.547897947,295
2026-09-18T17:52:46.075,2,0.003,0.7,9,manhattan,0.5899,0.6396,0.6302,33,353,2241,0.596794331,1.383016167,0.918057968,295
2026-09-18T17:52:48.882,2,0.003,0.7,10,manhattan,0.2367,0.3253,0.2954,5,186,341,1.660460514,0.512039219,0.631475582,294
2026-09-18T17:52:55.539,2,0.003,0.75,5,manhattan,0.9538,0.9458,0.9647,1,408,9031,0.883491118,3.512361151,2.257841023,295
2026-09-18T17:53:04.452,2,0.003,0.75,6,manhattan,0.9767,0.9746,0.981,1,1257,9034,0.972628983,5.260939357,2.677115029,295
2026-09-18T17:53:14.171,2,0.003,0.75,7,manhattan,0.9925,0.9955,0.9899,2,1487,9017,0.857166523,6.353117286,2.504487088,295
2026-09-18T17:53:22.391,2,0.003,0.75,8,manhattan,0.9849,0.983,0.9869,8,825,8279,0.607819135,5.310518812,2.297231466,295
2026-09-18T17:53:24.686,2,0.003,0.75,9,manhattan,0.5233,0.6053,0.5732,21,353,1222,0.591526898,1.026587,0.673493734,295
2026-09-18T17:53:27.46,2,0.003,0.75,10,manhattan,0.3363,0.4178,0.3913,5,186,266,1.672239325,0.544966614,0.552833333,293
2026-09-18T17:53:34.26,2,0.003,0.8,5,manhattan,0.9554,0.9555,0.9578,1,408,8968,0.860343465,3.552119168,2.384162554,295
2026-09-18T17:53:43.126,2,0.003,0.8,6,manhattan,0.9753,0.975,0.9778,1,1257,8974,1.052294827,5.302934812,2.508158368,295
2026-09-18T17:53:52.046,2,0.003,0.8,7,manhattan,0.9959,0.9977,0.9942,1,1487,8951,0.697675178,5.530361868,2.689158049,295
2026-09-18T17:54:00.088,2,0.003,0.8,8,manhattan,0.9946,0.9951,0.9942,18,825,7800,0.563842772,5.343220968,2.131384909,295
2026-09-18T17:54:02.052,2,0.003,0.8,9,manhattan,0.5307,0.5632,0.5478,15,353,753,0.5852578,0.812116348,0.563914568,295
2026-09-18T17:54:04.438,2,0.003,0.8,10,manhattan,0.2684,0.3315,0.3015,2,186,139,1.341832898,0.586825179,0.454229872,277
2026-09-18T17:55:34.977,3,0.0015,0.5,5,manhattan,0.9492,0.945,0.9566,2,405,9573,2.355267099,10.639428593,4.851904859,295
2026-09-18T17:55:45.328,3,0.0015,0.5,6,manhattan,0.9733,0.9676,0.9797,1,1248,9640,0.99329622,4.918017085,2.719191079,295
2026-09-18T17:55:54.806,3,0.0015,0.5,7,manhattan,0.996,0.9944,0.9977,3,1470,9277,0.805986375,6.062287849,2.604690265,295
2026-09-18T17:56:02.211,3,0.0015,0.5,8,manhattan,0.9777,0.972,0.9853,42,771,7036,0.48295687,4.966424462,1.95188102,295
2026-09-18T17:56:04.383,3,0.0015,0.5,9,manhattan,0.316,0.4881,0.3311,18,289,528,0.648583566,0.911407188,0.607017496,295
2026-09-18T17:56:06.796,3,0.0015,0.5,10,manhattan,0.2222,0.2801,0.2492,2,137,41,1.761444447,0.32117864,0.326432175,205
2026-09-18T17:56:14.435,3,0.0015,0.55,5,manhattan,0.9581,0.9514,0.9664,7,405,9379,1.034732944,3.99523435,2.605029484,295
2026-09-18T17:56:22.818,3,0.0015,0.55,6,manhattan,0.9738,0.9664,0.9828,4,1248,9498,0.922618467,4.955951824,2.501981042,295
2026-09-18T17:56:32.139,3,0.0015,0.55,7,manhattan,0.9919,0.9919,0.9919,4,1470,9148,0.832765916,5.911441813,2.573386122,295
2026-09-18T17:56:39.358,3,0.0015,0.55,8,manhattan,0.9772,0.974,0.9811,47,771,6287,0.492245207,5.020219539,1.703634121,295
2026-09-18T17:56:41.088,3,0.0015,0.55,9,manhattan,0.3314,0.403,0.3836,11,289,306,0.606542715,0.631921099,0.488595789,295
2026-09-18T17:56:43.357,3,0.0015,0.55,10,manhattan,0.2945,0.418,0.3231,1,137,19,1.391314435,0.566275136,0.308595886,173
2026-09-18T17:56:50.469,3,0.0015,0.6,5,manhattan,0.9365,0.9252,0.9544,3,405,9078,0.688488319,3.725052105,2.695850316,295
2026-09-18T17:56:58.953,3,0.0015,0.6,6,manhattan,0.944,0.9368,0.9533,2,1248,9115,0.940896853,5.094367707,2.445217638,295
2026-09-18T17:57:07.886,3,0.0015,0.6,7,manhattan,0.9963,0.9977,0.9949,1,1470,9071,0.824797091,5.521181923,2.581744594,295
2026-09-18T17:57:14.608,3,0.0015,0.6,8,manhattan,0.9845,0.982,0.9878,63,771,5284,0.521939578,4.485079809,1.712686885,295
2026-09-18T17:57:16.076,3,0.0015,0.6,9,manhattan,0.3111,0.3369,0.3726,2,289,79,0.539758476,0.420685359,0.50379885,289
2026-09-18T17:57:17.846,3,0.0015,0.6,10,manhattan,0.2784,0.2798,0.312,1,137,17,1.349817718,0.170730631,0.246829538,156
2026-09-18T17:57:24.102,3,0.0015,0.65,5,manhattan,0.9631,0.9548,0.9756,3,405,9006,0.669292149,3.465876994,2.117666464,295
2026-09-18T17:57:32.749,3,0.0015,0.65,6,manhattan,0.9738,0.968,0.9809,1,1248,9069,0.942052098,5.158998249,2.543298825,295
2026-09-18T17:57:41.966,3,0.0015,0.65,7,manhattan,0.9852,0.9804,0.9906,3,1470,8988,0.749834642,5.983337669,2.480784406,295
2026-09-18T17:57:47.975,3,0.0015,0.65,8,manhattan,0.9288,0.9214,0.941,75,771,4139,0.496965504,4.202243992,1.305929704,295
2026-09-18T17:57:49.549,3,0.0015,0.65,9,manhattan,0.3703,0.4404,0.4057,2,289,54,0.635070734,0.448077758,0.48742008,278
2026-09-18T17:57:59.706,3,0.0015,0.7,5,manhattan,0.9472,0.9398,0.9574,3,405,8982,0.879853991,3.938071803,2.465621923,295
2026-09-18T17:58:08.378,3,0.0015,0.7,6,manhattan,0.9778,0.9716,0.9852,1,1248,9031,0.991295336,5.047678917,2.617561185,295
2026-09-18T17:58:17.338,3,0.0015,0.7,7,manhattan,0.9869,0.9853,0.9893,2,1470,8898,0.779336738,5.64027278,2.534240614,295
2026-09-18T17:58:22.355,3,0.0015,0.7,8,manhattan,0.8136,0.8226,0.8255,74,771,2825,0.440778221,3.519521912,1.053423951,295
2026-09-18T17:58:23.772,3,0.0015,0.7,9,manhattan,0.328,0.3759,0.3439,2,289,34,0.559967695,0.420096597,0.433853872,246
2026-09-18T17:58:32.364,3,0.0015,0.75,5,manhattan,0.9079,0.8958,0.9291,9,405,8885,0.849310281,3.692273403,2.51523539,295
2026-09-18T17:58:41.004,3,0.0015,0.75,6,manhattan,0.9672,0.9612,0.9739,1,1248,8979,0.886579292,5.052577797,2.697566946,295
2026-09-18T17:58:50.154,3,0.0015,0.75,7,manhattan,0.9923,0.9896,0.9953,3,1470,8789,0.777534691,5.852441112,2.506532531,295
2026-09-18T17:58:53.238,3,0.0015,0.75,8,manhattan,0.5245,0.6579,0.5674,50,771,1388,0.486067742,1.982597237,0.608973892,295
2026-09-18T17:58:54.464,3,0.0015,0.75,9,manhattan,0.3671,0.4071,0.4042,1,289,16,0.574217771,0.334740919,0.314225167,189
2026-09-18T17:59:03.797,3,0.0015,0.8,5,manhattan,0.932,0.929,0.9399,29,405,8546,0.65801452,4.647176166,2.376379086,295
2026-09-18T17:59:12.411,3,0.0015,0.8,6,manhattan,0.9759,0.9721,0.9804,1,1248,8962,0.982972414,4.925291479,2.689657345,295
2026-09-18T17:59:21.866,3,0.0015,0.8,7,manhattan,0.9963,0.9977,0.9949,4,1470,8721,0.736873975,6.05082926,2.662248044,295
2026-09-18T17:59:24.368,3,0.0015,0.8,8,manhattan,0.5244,0.5988,0.5416,28,771,631,0.518975581,1.408007003,0.571648238,295
2026-09-18T17:59:33.882,3,0.002,0.5,5,manhattan,0.9464,0.9413,0.9554,3,405,9619,0.999085578,3.78725559,2.545236852,295
2026-09-18T17:59:42.812,3,0.002,0.5,6,manhattan,0.9568,0.95,0.9666,1,1248,9645,0.932713473,5.029421763,2.965233506,295
2026-09-18T17:59:52.344,3,0.002,0.5,7,manhattan,0.9914,0.9912,0.9919,5,1470,9521,0.774033546,6.195521575,2.553270002,295
2026-09-18T18:00:00.701,3,0.002,0.5,8,manhattan,0.9976,0.9977,0.9975,10,771,8595,0.555925068,5.492552983,2.305591752,295
2026-09-18T18:00:03.549,3,0.002,0.5,9,manhattan,0.5917,0.6662,0.628,46,289,2233,0.54040374,1.471176533,0.831709986,295
2026-09-18T18:00:06.155,3,0.002,0.5,10,manhattan,0.3251,0.3422,0.3434,8,137,329,1.39381713,0.381461908,0.826932629,292
2026-09-18T18:00:12.631,3,0.002,0.55,5,manhattan,0.9362,0.936,0.9389,2,405,9516,0.896876489,3.173865492,2.402919003,295
2026-09-18T18:00:21.217,3,0.002,0.55,6,manhattan,0.9871,0.9821,0.9927,1,1248,9587,0.999932823,4.936371037,2.646811992,295
2026-09-18T18:00:29.915,3,0.002,0.55,7,manhattan,0.9882,0.9844,0.9929,2,1470,9318,0.873186588,5.433672619,2.371251754,295
2026-09-18T18:00:36.597,3,0.002,0.55,8,manhattan,0.9882,0.987,0.9896,19,771,8293,0.464510097,4.495324625,1.718640998,295
2026-09-18T18:00:38.192,3,0.002,0.55,9,manhattan,0.611,0.6598,0.6184,29,289,1328,0.456944465,0.770831181,0.365264655,295
2026-09-18T18:00:40.12,3,0.002,0.55,10,manhattan,0.2417,0.3745,0.2823,5,137,210,1.249145906,0.32060189,0.355802551,285
2026-09-18T18:00:44.117,3,0.002,0.6,5,manhattan,0.9678,0.9638,0.9731,1,405,9207,0.547987321,2.228936071,1.216787369,295
2026-09-18T18:00:49.178,3,0.002,0.6,6,manhattan,0.98,0.9783,0.9826,1,1248,9206,0.690215495,2.952823818,1.415085143,295
2026-09-18T18:00:54.585,3,0.002,0.6,7,manhattan,0.9788,0.9714,0.9879,2,1470,9190,0.626358936,3.415807184,1.362997686,295
2026-09-18T18:00:58.95,3,0.002,0.6,8,manhattan,0.9725,0.9657,0.9812,28,771,7825,0.451485387,2.683488539,1.227487062,295
2026-09-18T18:01:00.147,3,0.002,0.6,9,manhattan,0.5399,0.6486,0.5723,17,289,814,0.421364706,0.4249102,0.348919967,295
2026-09-18T18:01:01.823,3,0.002,0.6,10,manhattan,0.2435,0.3682,0.2468,1,137,50,1.298170262,0.156629177,0.217850832,247
2026-09-18T18:01:05.578,3,0.002,0.65,5,manhattan,0.9634,0.9565,0.9734,1,405,9102,0.609920242,1.855972107,1.287367763,295
2026-09-18T18:01:10.135,3,0.002,0.65,6,manhattan,0.9839,0.9779,0.9905,1,1248,9103,0.757620343,2.58874458,1.207771482,295
2026-09-18T18:01:15.075,3,0.002,0.65,7,manhattan,0.9918,0.9913,0.9925,1,1470,9106,0.518551365,3.010487477,1.408820654,295
2026-09-18T18:01:19.439,3,0.002,0.65,8,manhattan,0.9788,0.977,0.9812,30,771,7163,0.357781645,2.826905343,1.175854482,295
2026-09-18T18:01:20.208,3,0.002,0.65,9,manhattan,0.3285,0.3677,0.4052,9,289,433,0.418513852,0.176777214,0.169443594,295
2026-09-18T18:01:21.558,3,0.002,0.65,10,manhattan,0.3275,0.39,0.3218,1,137,40,1.211362303,0.049536642,0.086839037,228
2026-09-18T18:01:25.388,3,0.002,0.7,5,manhattan,0.9722,0.9637,0.9831,1,405,9007,0.618438789,1.9319365,1.278212473,295
2026-09-18T18:01:30.325,3,0.002,0.7,6,manhattan,0.9859,0.9852,0.9874,1,1248,9036,0.732226385,2.809207339,1.392147433,295
2026-09-18T18:01:35.66,3,0.002,0.7,7,manhattan,0.9915,0.988,0.9952,2,1470,9041,0.503752825,3.386394973,1.443506096,295
2026-09-18T18:01:39.695,3,0.002,0.7,8,manhattan,0.9762,0.9723,0.9822,35,771,6368,0.260349005,2.530480426,1.241768916,295
2026-09-18T18:01:40.497,3,0.002,0.7,9,manhattan,0.4078,0.4864,0.44,4,289,216,0.35370333,0.276930803,0.169912789,295
2026-09-18T18:01:42.009,3,0.002,0.7,10,manhattan,0.338,0.3666,0.3598,1,137,22,1.115389487,0.105953562,0.28846908,186
2026-09-18T18:01:45.706,3,0.002,0.75,5,manhattan,0.955,0.9496,0.9645,1,405,8993,0.567631733,1.838104459,1.287817262,295
2026-09-18T18:01:50.186,3,0.002,0.75,6,manhattan,0.9785,0.9715,0.9876,1,1248,8988,0.438659585,2.6527726,1.382379005,295
2026-09-18T18:01:53.772,3,0.002,0.75,7,manhattan,0.9976,0.9976,0.9977,2,1470,8945,0.34773448,2.234221662,1.001706723,295
2026-09-18T18:01:56.264,3,0.002,0.75,8,manhattan,0.9953,0.9953,0.9954,42,771,5583,0.195643244,1.660318247,0.628794513,295
2026-09-18T18:01:56.785,3,0.002,0.75,9,manhattan,0.3239,0.3934,0.3893,3,289,102,0.277341261,0.083801149,0.157580416,295
2026-09-18T18:02:00.402,3,0.002,0.8,5,manhattan,0.9338,0.9239,0.948,1,405,8961,0.379707773,1.330329472,0.957623852,295
2026-09-18T18:02:03.741,3,0.002,0.8,6,manhattan,0.9815,0.9785,0.9856,1,1248,8967,0.436890574,1.916777787,0.983453691,295
2026-09-18T18:02:07.371,3,0.002,0.8,7,manhattan,1.0,1.0,1.0,1,1470,8869,0.349448595,2.292529538,0.986213821,295
2026-09-18T18:02:09.423,3,0.002,0.8,8,manhattan,0.9533,0.9464,0.963,50,771,4272,0.192861883,1.373702756,0.483648019,295
2026-09-18T18:02:09.937,3,0.002,0.8,9,manhattan,0.3769,0.4888,0.4247,2,289,72,0.244896469,0.111295726,0.156641469,288
2026-09-18T18:02:13.669,3,0.0025,0.5,5,manhattan,0.9548,0.9501,0.962,2,405,9646,0.433717682,1.458500051,0.981484445,295
2026-09-18T18:02:17.148,3,0.0025,0.5,6,manhattan,0.9625,0.9565,0.972,1,1248,9649,0.454111421,1.983483384,1.039050046,295
2026-09-18T18:02:20.802,3,0.0025,0.5,7,manhattan,0.9909,0.9927,0.9892,1,1470,9634,0.346591597,2.275052373,1.030394051,295
2026-09-18T18:02:23.788,3,0.0025,0.5,8,manhattan,0.9899,0.9872,0.9929,4,771,8918,0.244535181,1.767088605,0.972864069,295
2026-09-18T18:02:25.404,3,0.0025,0.5,9,manhattan,0.8468,0.8611,0.8746,47,289,3837,0.260671531,0.743543404,0.609640597,295
2026-09-18T18:02:26.717,3,0.0025,0.5,10,manhattan,0.3629,0.404,0.3942,18,137,873,0.807751963,0.255939083,0.247934079,295
2026-09-18T18:02:29.378,3,0.0025,0.55,5,manhattan,0.926,0.9217,0.9355,2,405,9537,0.365650039,1.31149068,0.982082845,295
2026-09-18T18:02:32.811,3,0.0025,0.55,6,manhattan,0.9584,0.9478,0.9726,1,1248,9591,0.466156956,1.925165661,1.03955891,295
2026-09-18T18:02:36.45,3,0.0025,0.55,7,manhattan,0.9801,0.9809,0.9798,5,1470,9482,0.347043191,2.292982319,0.996992782,295
2026-09-18T18:02:39.366,3,0.0025,0.55,8,manhattan,0.9894,0.9896,0.9894,3,771,8748,0.238950178,1.732829824,0.9422582,295
2026-09-18T18:02:40.686,3,0.0025,0.55,9,manhattan,0.7943,0.7959,0.8252,46,289,2925,0.261313373,0.715692915,0.340763058,295
2026-09-18T18:02:41.907,3,0.0025,0.55,10,manhattan,0.2611,0.3375,0.2659,9,137,483,0.884964909,0.110723446,0.216278424,295
2026-09-18T18:02:44.515,3,0.0025,0.6,5,manhattan,0.9837,0.978,0.9905,1,405,9211,0.375851553,1.246809364,0.984205114,295
2026-09-18T18:02:47.973,3,0.0025,0.6,6,manhattan,0.9675,0.9619,0.9742,1,1248,9210,0.462203797,1.978678999,1.014841922,295
2026-09-18T18:02:52.024,3,0.0025,0.6,7,manhattan,0.9955,0.9936,0.9975,1,1470,9205,0.339402409,2.632520569,1.076590391,295
2026-09-18T18:02:55.195,3,0.0025,0.6,8,manhattan,0.994,0.9928,0.9952,6,771,8625,0.232047759,1.982959295,0.954140725,295
2026-09-18T18:02:56.281,3,0.0025,0.6,9,manhattan,0.6392,0.6909,0.666,39,289,2111,0.286439701,0.511025472,0.286104323,295
2026-09-18T18:02:57.478,3,0.0025,0.6,10,manhattan,0.1646,0.2134,0.2102,7,137,354,0.897610382,0.084577226,0.212720079,293
2026-09-18T18:03:00.779,3,0.0025,0.65,5,manhattan,0.9466,0.9386,0.9566,1,405,9141,0.387660745,1.505609218,1.406065833,295
2026-09-18T18:03:05.218,3,0.0025,0.65,6,manhattan,0.9826,0.978,0.9879,1,1248,9138,0.629400875,2.80255125,1.004647532,295
2026-09-18T18:03:10.157,3,0.0025,0.65,7,manhattan,0.9922,0.9922,0.9925,1,1470,9114,0.352940872,3.084758566,1.498844177,295
2026-09-18T18:03:14.717,3,0.0025,0.65,8,manhattan,0.991,0.9876,0.995,14,771,8366,0.456155118,2.95516916,1.146027063,295
2026-09-18T18:03:16.244,3,0.0025,0.65,9,manhattan,0.6619,0.68,0.6837,23,289,1292,0.449781188,0.646961431,0.418291408,295
2026-09-18T18:03:18.116,3,0.0025,0.65,10,manhattan,0.1633,0.3708,0.2182,3,137,164,1.253517974,0.23688071,0.380507525,289
2026-09-18T18:03:21.734,3,0.0025,0.7,5,manhattan,0.9394,0.9289,0.9557,1,405,9037,0.511034133,1.850319568,1.253534666,295
2026-09-18T18:03:25.53,3,0.0025,0.7,6,manhattan,0.9445,0.9372,0.9597,1,1248,9040,0.445649096,2.009352335,1.338476254,295
2026-09-18T18:03:30.896,3,0.0025,0.7,7,manhattan,0.9894,0.9889,0.9901,1,1470,9050,0.580686336,3.28736576,1.493957379,295
2026-09-18T18:03:35.248,3,0.0025,0.7,8,manhattan,0.9837,0.9803,0.9876,17,771,7924,0.235020277,2.793397146,1.32055406,295
2026-09-18T18:03:36.519,3,0.0025,0.7,9,manhattan,0.5487,0.6493,0.5811,16,289,841,0.523734011,0.524109618,0.22122808,295
2026-09-18T18:03:38.21,3,0.0025,0.7,10,manhattan,0.2964,0.3813,0.3122,1,137,58,1.294348614,0.155926014,0.23912562,260
2026-09-18T18:03:41.859,3,0.0025,0.75,5,manhattan,0.9789,0.9742,0.9845,1,405,8997,0.401852155,1.926084704,1.317946953,295
2026-09-18T18:03:46.754,3,0.0025,0.75,6,manhattan,0.9675,0.9606,0.9764,1,1248,9013,0.796253775,2.866700654,1.229504498,295
2026-09-18T18:03:51.583,3,0.0025,0.75,7,manhattan,0.9976,0.9976,0.9977,1,1470,8973,0.352122891,2.861833273,1.611977848,295
2026-09-18T18:03:55.796,3,0.0025,0.75,8,manhattan,0.9801,0.9767,0.9837,30,771,7235,0.42430286,2.726148184,1.058538642,295
2026-09-18T18:03:56.83,3,0.0025,0.75,9,manhattan,0.4993,0.5308,0.5049,10,289,439,0.521836562,0.352257475,0.157552898,295
2026-09-18T18:03:58.65,3,0.0025,0.75,10,manhattan,0.2492,0.3013,0.3001,1,137,50,1.392600564,0.191774035,0.234258238,246
2026-09-18T18:04:02.498,3,0.0025,0.8,5,manhattan,0.9426,0.9326,0.9613,1,405,8977,0.611416453,1.988536405,1.245733599,295
2026-09-18T18:04:07.725,3,0.0025,0.8,6,manhattan,0.9742,0.9666,0.9832,1,1248,8971,0.827945258,2.792252727,1.603900837,295
2026-09-18T18:04:12.198,3,0.0025,0.8,7,manhattan,0.9876,0.9855,0.99,1,1470,8914,0.596995545,2.495777944,1.368685634,295
2026-09-18T18:04:16.138,3,0.0025,0.8,8,manhattan,0.9854,0.9819,0.9894,37,771,6396,0.343047568,2.625214607,0.96854075,295
2026-09-18T18:04:17.116,3,0.0025,0.8,9,manhattan,0.4252,0.6383,0.4616,3,289,201,0.446993751,0.297616199,0.231551187,295
2026-09-18T18:04:18.72,3,0.0025,0.8,10,manhattan,0.28,0.366,0.2641,1,137,24,1.265138454,0.110451205,0.226512205,190
2026-09-18T18:04:22.729,3,0.003,0.5,5,manhattan,0.9458,0.9362,0.9591,1,405,9659,0.604965488,2.034791203,1.366939391,295
2026-09-18T18:04:27.817,3,0.003,0.5,6,manhattan,0.9871,0.9821,0.9928,1,1248,9653,0.769983028,2.878187529,1.436668559,295
2026-09-18T18:04:32.851,3,0.003,0.5,7,manhattan,1.0,1.0,1.0,1,1470,9649,0.609525987,3.181838019,1.233562698,295
2026-09-18T18:04:36.511,3,0.003,0.5,8,manhattan,0.9952,0.9953,0.9952,1,771,9007,0.259640534,2.130335893,1.267925054,295
2026-09-18T18:04:39.467,3,0.003,0.5,9,manhattan,0.9221,0.9116,0.9454,39,289,5131,0.526404184,1.505753371,0.921170377,295
2026-09-18T18:04:41.885,3,0.003,0.5,10,manhattan,0.5074,0.544,0.5492,30,137,1732,1.204367136,0.801902682,0.410039863,295
2026-09-18T18:04:45.762,3,0.003,0.55,5,manhattan,0.9689,0.9698,0.9682,3,405,9579,0.499392491,2.034169754,1.341110739,295
2026-09-18T18:04:50.829,3,0.003,0.55,6,manhattan,0.9624,0.9522,0.9756,1,1248,9595,0.747240664,2.850235491,1.465902884,295
2026-09-18T18:04:56.078,3,0.003,0.55,7,manhattan,1.0,1.0,1.0,2,1470,9585,0.578272969,3.417898793,1.250695825,295
2026-09-18T18:04:59.931,3,0.003,0.55,8,manhattan,0.9913,0.9911,0.9918,2,771,8932,0.249458017,2.193551239,1.407541859,295
2026-09-18T18:05:02.477,3,0.003,0.55,9,manhattan,0.8769,0.8652,0.9077,37,289,4269,0.516930069,1.247314527,0.779621132,295
2026-09-18T18:05:04.709,3,0.003,0.55,10,manhattan,0.4494,0.4956,0.5276,19,137,1048,1.219407118,0.524355668,0.485693253,295
2026-09-18T18:05:08.531,3,0.003,0.6,5,manhattan,0.9463,0.9402,0.9571,1,405,9215,0.44591142,1.951470632,1.423048591,295
2026-09-18T18:05:13.61,3,0.003,0.6,6,manhattan,0.9832,0.9769,0.9904,1,1248,9214,0.668563983,2.954807242,1.45359314,295
2026-09-18T18:05:18.809,3,0.003,0.6,7,manhattan,0.9938,0.9936,0.9942,1,1470,9212,0.537851249,3.189586427,1.469206448,295
2026-09-18T18:05:22.331,3,0.003,0.6,8,manhattan,0.9959,0.9976,0.9942,4,771,8828,0.280679537,1.909984461,1.326977926,295
2026-09-18T18:05:24.517,3,0.003,0.6,9,manhattan,0.7968,0.8074,0.8338,38,289,3339,0.426788094,1.015333186,0.742281371,295
2026-09-18T18:05:26.371,3,0.003,0.6,10,manhattan,0.3012,0.3412,0.344,10,137,643,1.166923591,0.306884563,0.378592407,295
2026-09-18T18:05:29.977,3,0.003,0.65,5,manhattan,0.9482,0.9397,0.9622,1,405,9145,0.401860256,1.984073264,1.218247263,295
2026-09-18T18:05:35.041,3,0.003,0.65,6,manhattan,0.9845,0.9798,0.9904,1,1248,9143,0.822258428,2.934735262,1.304387398,295
2026-09-18T18:05:40.38,3,0.003,0.65,7,manhattan,1.0,1.0,1.0,1,1470,9131,0.609786076,3.262378416,1.464599295,295
2026-09-18T18:05:43.994,3,0.003,0.65,8,manhattan,1.0,1.0,1.0,2,771,8702,0.43411033,2.241102641,0.93648735,295
2026-09-18T18:05:45.974,3,0.003,0.65,9,manhattan,0.7,0.7245,0.7321,36,289,2646,0.386671862,1.063028113,0.520804446,295
2026-09-18T18:05:47.843,3,0.003,0.65,10,manhattan,0.2396,0.3038,0.3132,6,137,360,1.280045807,0.2787413,0.308525625,295
2026-09-18T18:05:51.663,3,0.003,0.7,5,manhattan,0.9619,0.9538,0.9736,1,405,9043,0.550236073,1.786337714,1.480672929,295
2026-09-18T18:05:56.751,3,0.003,0.7,6,manhattan,0.9769,0.9757,0.9791,1,1248,9053,0.658941244,2.788409219,1.639039898,295
2026-09-18T18:06:01.833,3,0.003,0.7,7,manhattan,0.9955,0.9936,0.9976,1,1470,9056,0.461817783,3.110543777,1.506807695,295
2026-09-18T18:06:06.18,3,0.003,0.7,8,manhattan,0.9878,0.9831,0.9929,5,771,8587,0.467484849,2.794524945,1.08027089,295
2026-09-18T18:06:07.553,3,0.003,0.7,9,manhattan,0.684,0.7347,0.7113,25,289,1566,0.478904396,0.47668407,0.403149737,295
2026-09-18T18:06:09.383,3,0.003,0.7,10,manhattan,0.2269,0.3325,0.309,3,137,204,1.301756963,0.187812634,0.337459632,294
2026-09-18T18:06:12.512,3,0.003,0.75,5,manhattan,0.9412,0.934,0.9506,1,405,9017,0.672295326,1.285395234,1.169328787,295
2026-09-18T18:06:17.184,3,0.003,0.75,6,manhattan,0.9839,0.9815,0.9868,1,1248,9017,0.708086426,2.562258931,1.400043135,295
2026-09-18T18:06:21.7,3,0.003,0.75,7,manhattan,0.996,0.9944,0.9977,1,1470,8992,0.355105814,2.739629447,1.418669819,295
2026-09-18T18:06:25.373,3,0.003,0.75,8,manhattan,0.9858,0.9828,0.9894,11,771,8368,0.343999854,2.362742915,0.962941012,295
2026-09-18T18:06:26.51,3,0.003,0.75,9,manhattan,0.4376,0.5724,0.4884,18,289,989,0.460766043,0.485757646,0.188969695,295
2026-09-18T18:06:28.274,3,0.003,0.75,10,manhattan,0.2493,0.2874,0.3162,2,137,128,1.261568445,0.29178801,0.207922886,290
2026-09-18T18:06:31.492,3,0.003,0.8,5,manhattan,0.9536,0.9458,0.9634,1,405,8983,0.434100273,1.751073777,1.031453684,295
2026-09-18T18:06:39.342,3,0.003,0.8,6,manhattan,0.9668,0.9566,0.9808,1,1248,8983,0.671982787,4.642063431,2.532834638,295
2026-09-18T18:06:48.584,3,0.003,0.8,7,manhattan,0.987,0.9854,0.9887,1,1470,8918,0.725351063,5.752583231,2.760197999,295
2026-09-18T18:06:55.991,3,0.003,0.8,8,manhattan,0.9867,0.9822,0.9925,17,771,7642,0.528268669,4.770971675,2.089957126,295
2026-09-18T18:06:57.724,3,0.003,0.8,9,manhattan,0.4577,0.5462,0.4902,11,289,582,0.537320874,0.713723249,0.477879614,295
2026-09-18T18:07:00.099,3,0.003,0.8,10,manhattan,0.2195,0.3632,0.2887,2,137,91,1.368555799,0.345425805,0.657689129,282
2026-09-18T18:08:31.082,4,0.0015,0.5,5,manhattan,0.952,0.9574,0.9472,3,409,9602,2.193179682,10.349196996,4.899147074,295
2026-09-18T18:08:41.439,4,0.0015,0.5,6,manhattan,0.9936,0.9921,0.9952,1,1239,9663,0.919023524,5.010349422,2.799278975,295
2026-09-18T18:08:50.789,4,0.0015,0.5,7,manhattan,0.9902,0.988,0.9926,6,1443,9291,0.778852947,5.887602661,2.680995204,295
2026-09-18T18:08:58.49,4,0.0015,0.5,8,manhattan,0.9955,0.9936,0.9975,46,772,7122,0.506676942,4.988184018,2.203944048,295
2026-09-18T18:09:00.492,4,0.0015,0.5,9,manhattan,0.2695,0.5373,0.3434,17,297,519,0.683278994,0.822290066,0.493284098,295
2026-09-18T18:09:02.693,4,0.0015,0.5,10,manhattan,0.1619,0.1998,0.2181,3,137,58,1.413830373,0.237645543,0.546639175,184
2026-09-18T18:09:09.741,4,0.0015,0.55,5,manhattan,0.9573,0.9538,0.9634,4,409,9489,1.147764297,3.453712171,2.442950239,295
2026-09-18T18:09:18.905,4,0.0015,0.55,6,manhattan,0.9646,0.9576,0.973,4,1239,9617,1.068191831,5.317110297,2.774743853,295
2026-09-18T18:09:27.996,4,0.0015,0.55,7,manhattan,0.9875,0.9828,0.9929,3,1443,9133,0.780374022,5.68245059,2.624748417,295
2026-09-18T18:09:35.127,4,0.0015,0.55,8,manhattan,0.9914,0.988,0.9951,55,772,6250,0.521429805,4.774356745,1.832320969,295
2026-09-18T18:09:36.808,4,0.0015,0.55,9,manhattan,0.4006,0.4678,0.402,9,297,243,0.606173743,0.543739223,0.527647431,295
2026-09-18T18:09:39.005,4,0.0015,0.55,10,manhattan,0.1629,0.2232,0.2497,1,137,17,1.443711778,0.222203833,0.52829011,91
2026-09-18T18:09:45.849,4,0.0015,0.6,5,manhattan,0.96,0.9563,0.9643,4,409,9109,0.684975859,3.710557026,2.445358647,295
2026-09-18T18:09:54.5,4,0.0015,0.6,6,manhattan,0.9824,0.9812,0.9837,4,1239,9164,0.938228285,5.127336798,2.583353738,295
2026-09-18T18:10:03.484,4,0.0015,0.6,7,manhattan,0.9874,0.9868,0.9886,2,1443,9002,0.703570136,5.724926273,2.551217226,295
2026-09-18T18:10:10.253,4,0.0015,0.6,8,manhattan,0.9553,0.9498,0.9632,57,772,5123,0.557034638,4.6901003,1.518984532,295
2026-09-18T18:10:11.796,4,0.0015,0.6,9,manhattan,0.2418,0.2994,0.2826,3,297,86,0.537047027,0.48375334,0.519849785,290
2026-09-18T18:10:21.889,4,0.0015,0.65,5,manhattan,0.9767,0.9696,0.9853,1,409,9006,1.041195991,3.553844179,2.741543379,295
2026-09-18T18:10:30.742,4,0.0015,0.65,6,manhattan,0.9798,0.9769,0.9836,1,1239,9079,0.978729344,5.019358955,2.852544934,295
2026-09-18T18:10:38.427,4,0.0015,0.65,7,manhattan,1.0,1.0,1.0,3,1443,8967,0.733792227,4.923288499,2.024647098,295
2026-09-18T18:10:41.634,4,0.0015,0.65,8,manhattan,0.9198,0.922,0.9239,81,772,4173,0.352581399,2.272275132,0.579655268,295
2026-09-18T18:10:42.659,4,0.0015,0.65,9,manhattan,0.3082,0.3293,0.3074,1,297,35,0.452413857,0.273410381,0.297010536,243
2026-09-18T18:10:48.541,4,0.0015,0.7,5,manhattan,0.9593,0.9536,0.9671,3,409,8963,0.700092875,2.338746341,1.469256944,295
2026-09-18T18:10:53.58,4,0.0015,0.7,6,manhattan,0.9813,0.9836,0.9795,1,1239,9020,0.771451162,2.880399334,1.384611414,295
2026-09-18T18:10:58.859,4,0.0015,0.7,7,manhattan,0.9955,0.9936,0.9975,3,1443,8883,0.55647465,3.2847817,1.435623662,295
2026-09-18T18:11:01.301,4,0.0015,0.7,8,manhattan,0.7457,0.7488,0.7887,75,772,2807,0.24288937,1.849961562,0.346213616,295
2026-09-18T18:11:01.989,4,0.0015,0.7,9,manhattan,0.3303,0.3433,0.3826,1,297,18,0.461061961,0.13497955,0.089492938,182
2026-09-18T18:11:07.456,4,0.0015,0.75,5,manhattan,0.8991,0.891,0.9175,10,409,8868,0.636156697,2.316869941,1.344366183,295
2026-09-18T18:11:12.135,4,0.0015,0.75,6,manhattan,0.9747,0.9742,0.9759,1,1239,8986,0.725176879,2.460605289,1.490896583,295
2026-09-18T18:11:16.687,4,0.0015,0.75,7,manhattan,0.9935,0.992,0.9952,3,1443,8804,0.5673692,2.708664454,1.271680911,295
2026-09-18T18:11:18.505,4,0.0015,0.75,8,manhattan,0.624,0.6359,0.6382,51,772,1496,0.376708646,1.131450619,0.307409142,295
2026-09-18T18:11:24.521,4,0.0015,0.8,5,manhattan,0.9525,0.9438,0.9651,26,409,8480,0.561725392,2.490023577,1.270375786,295
2026-09-18T18:11:29.464,4,0.0015,0.8,6,manhattan,0.9748,0.9666,0.9853,2,1239,8943,0.765731576,2.79555273,1.379410119,295
2026-09-18T18:11:34.486,4,0.0015,0.8,7,manhattan,0.9921,0.9892,0.9954,3,1443,8679,0.50882596,3.140684294,1.369793038,295
2026-09-18T18:11:35.675,4,0.0015,0.8,8,manhattan,0.4936,0.6061,0.53,22,772,610,0.351675906,0.470218788,0.354877642,295
2026-09-18T18:11:41.402,4,0.002,0.5,5,manhattan,0.9528,0.9502,0.9566,3,409,9664,0.705081432,1.892501149,1.356347394,295
2026-09-18T18:11:46.407,4,0.002,0.5,6,manhattan,0.9726,0.9674,0.98,1,1239,9671,0.745175456,2.957987258,1.292397247,295
2026-09-18T18:11:51.272,4,0.002,0.5,7,manhattan,1.0,1.0,1.0,1,1443,9630,0.546793943,3.209815829,1.105231065,295
2026-09-18T18:11:55.642,4,0.002,0.5,8,manhattan,0.9879,0.9831,0.993,9,772,8575,0.399083434,2.755934884,1.212861867,295
2026-09-18T18:11:57.317,4,0.002,0.5,9,manhattan,0.5886,0.6416,0.6439,47,297,2144,0.409136676,0.750187829,0.513588091,295
2026-09-18T18:11:59.042,4,0.002,0.5,10,manhattan,0.2662,0.2402,0.3265,8,137,269,1.154441128,0.398550196,0.16960877,288
2026-09-18T18:12:02.964,4,0.002,0.55,5,manhattan,0.9403,0.9535,0.931,3,409,9581,0.786759894,1.787404121,1.345930699,295
2026-09-18T18:12:08.037,4,0.002,0.55,6,manhattan,0.9654,0.9588,0.974,1,1239,9650,0.813172699,2.913582348,1.343618951,295
2026-09-18T18:12:13.424,4,0.002,0.55,7,manhattan,0.9922,0.9926,0.9919,4,1443,9437,0.554566096,3.335068996,1.495199577,295
2026-09-18T18:12:17.729,4,0.002,0.55,8,manhattan,0.979,0.9749,0.9845,14,772,8284,0.359193837,2.658583678,1.284674402,295
2026-09-18T18:12:19.157,4,0.002,0.55,9,manhattan,0.5126,0.5523,0.5364,38,297,1389,0.397046233,0.552120182,0.477501144,295
2026-09-18T18:12:20.844,4,0.002,0.55,10,manhattan,0.1688,0.4072,0.2434,3,137,104,1.200025449,0.152458532,0.332467863,260
2026-09-18T18:12:24.501,4,0.002,0.6,5,manhattan,0.9336,0.929,0.9411,2,409,9229,0.473940981,1.688783829,1.491349154,295
2026-09-18T18:12:29.046,4,0.002,0.6,6,manhattan,0.9871,0.9821,0.9928,1,1239,9238,0.658895987,2.440685354,1.443232806,295
2026-09-18T18:12:34.363,4,0.002,0.6,7,manhattan,0.9837,0.978,0.9906,1,1443,9221,0.568997132,3.126994344,1.618109288,295
2026-09-18T18:12:38.667,4,0.002,0.6,8,manhattan,0.9875,0.9861,0.9896,18,772,7887,0.368061731,2.773475745,1.15928225,295
2026-09-18T18:12:39.733,4,0.002,0.6,9,manhattan,0.4622,0.5212,0.5185,20,297,774,0.448901398,0.243302551,0.371386317,295
2026-09-18T18:12:41.345,4,0.002,0.6,10,manhattan,0.2917,0.3703,0.3023,1,137,25,1.182206969,0.150081203,0.278354588,144
2026-09-18T18:12:45.241,4,0.002,0.65,5,manhattan,0.9336,0.9249,0.9449,2,409,9123,0.537229382,2.034350852,1.322077928,295
2026-09-18T18:12:50.189,4,0.002,0.65,6,manhattan,0.9646,0.9665,0.9637,2,1239,9126,0.738576149,2.687584385,1.51910403,295
2026-09-18T18:12:55.286,4,0.002,0.65,7,manhattan,0.9885,0.9897,0.9876,1,1443,9107,0.525458882,3.108123147,1.458758674,295
2026-09-18T18:12:59.526,4,0.002,0.65,8,manhattan,0.9793,0.9775,0.9828,34,772,7273,0.412592075,2.797567093,1.025104408,295
2026-09-18T18:13:00.456,4,0.002,0.65,9,manhattan,0.4618,0.5471,0.4872,8,297,337,0.390764983,0.256344302,0.280986559,295
2026-09-18T18:13:05.06,4,0.002,0.7,5,manhattan,0.9682,0.9649,0.973,1,409,9010,0.377650526,1.597545835,1.222910778,295
2026-09-18T18:13:09.951,4,0.002,0.7,6,manhattan,0.9874,0.9868,0.9885,1,1239,9083,0.717127107,2.761721937,1.409363181,295
2026-09-18T18:13:14.963,4,0.002,0.7,7,manhattan,0.9821,0.9802,0.9846,2,1443,9022,0.614633902,3.101301394,1.292679756,295
2026-09-18T18:13:18.613,4,0.002,0.7,8,manhattan,0.9874,0.9855,0.9894,47,772,6429,0.316206845,2.526101095,0.804818907,295
2026-09-18T18:13:20.179,4,0.002,0.7,9,manhattan,0.3525,0.4169,0.4125,4,297,169,0.495148443,0.509896767,0.559271795,295
2026-09-18T18:13:28.171,4,0.002,0.75,5,manhattan,0.9566,0.9628,0.9536,1,409,8987,0.61400135,3.328017955,2.578073314,295
2026-09-18T18:13:37.297,4,0.002,0.75,6,manhattan,0.9812,0.9822,0.9806,1,1239,9025,1.233970223,5.24368352,2.644659971,295
2026-09-18T18:13:46.509,4,0.002,0.75,7,manhattan,0.9896,0.9895,0.9896,1,1443,8985,0.812575486,5.529298045,2.867654896,295
2026-09-18T18:13:53.188,4,0.002,0.75,8,manhattan,0.9592,0.9598,0.9591,41,772,5446,0.489254602,4.615576316,1.57130023,295
2026-09-18T18:13:54.527,4,0.002,0.75,9,manhattan,0.2295,0.3107,0.2836,1,297,40,0.555392599,0.34189344,0.438444963,255
2026-09-18T18:14:03.268,4,0.002,0.8,5,manhattan,0.94,0.9396,0.9432,1,409,8948,0.860429091,3.785780332,2.45930268,295
2026-09-18T18:14:12.533,4,0.002,0.8,6,manhattan,0.9887,0.9853,0.9927,1,1239,8965,0.941931552,5.670284579,2.649341296,295
2026-09-18T18:14:22.034,4,0.002,0.8,7,manhattan,0.9866,0.9847,0.9887,1,1443,8881,0.781137178,6.023647991,2.692228833,295
2026-09-18T18:14:27.905,4,0.002,0.8,8,manhattan,0.9434,0.9343,0.9558,56,772,4335,0.457640922,4.103206676,1.305458973,295
2026-09-18T18:14:29.378,4,0.002,0.8,9,manhattan,0.2041,0.2682,0.26,1,297,31,0.608134748,0.409515565,0.451904994,234
2026-09-18T18:14:38.17,4,0.0025,0.5,5,manhattan,0.9576,0.9614,0.9545,1,409,9680,0.747643859,3.734634965,2.539740967,295
2026-09-18T18:14:46.575,4,0.0025,0.5,6,manhattan,0.9964,0.9951,0.9977,1,1239,9675,1.045197271,4.897596457,2.459549219,295
2026-09-18T18:14:55.575,4,0.0025,0.5,7,manhattan,0.9764,0.969,0.9856,1,1443,9662,0.700140158,5.772782811,2.524306173,295
2026-09-18T18:15:03.418,4,0.0025,0.5,8,manhattan,0.9856,0.9818,0.9903,3,772,8830,0.622573535,4.599149913,2.617573756,295
2026-09-18T18:15:07.687,4,0.0025,0.5,9,manhattan,0.8221,0.8214,0.8356,58,297,3922,0.534348357,2.401875293,1.329475872,295
2026-09-18T18:15:10.47,4,0.0025,0.5,10,manhattan,0.2028,0.259,0.2534,18,137,694,1.569881474,0.57366826,0.633375895,295
2026-09-18T18:15:17.482,4,0.0025,0.55,5,manhattan,0.9284,0.9313,0.9272,2,409,9599,0.838846442,3.572531904,2.598672735,295
2026-09-18T18:15:26.041,4,0.0025,0.55,6,manhattan,0.9746,0.9689,0.9822,1,1239,9654,0.992128054,4.879932675,2.684163346,295
2026-09-18T18:15:35.121,4,0.0025,0.55,7,manhattan,0.9798,0.9734,0.9879,1,1443,9634,0.764443702,5.634295131,2.677370788,295
2026-09-18T18:15:42.723,4,0.0025,0.55,8,manhattan,0.9951,0.9953,0.995,4,772,8729,0.561652617,4.590560197,2.447387259,295
2026-09-18T18:15:46.048,4,0.0025,0.55,9,manhattan,0.7412,0.7612,0.7531,45,297,2900,0.583096211,1.789965133,0.948797724,295
2026-09-18T18:15:48.689,4,0.0025,0.55,10,manhattan,0.2796,0.4032,0.324,11,137,407,1.399741002,0.59617847,0.642619605,293
2026-09-18T18:15:55.338,4,0.0025,0.6,5,manhattan,0.9605,0.9571,0.9655,2,409,9241,0.727118119,3.400347665,2.519096917,295
2026-09-18T18:16:03.516,4,0.0025,0.6,6,manhattan,0.9806,0.9742,0.9881,1,1239,9254,0.958706113,4.877858598,2.335778224,295
2026-09-18T18:16:12.47,4,0.0025,0.6,7,manhattan,0.9902,0.988,0.9926,1,1443,9247,0.806241575,5.474517227,2.669076222,295
2026-09-18T18:16:19.731,4,0.0025,0.6,8,manhattan,0.9873,0.9846,0.9904,6,772,8548,0.612890803,4.297988777,2.346376368,295
2026-09-18T18:16:22.459,4,0.0025,0.6,9,manhattan,0.4806,0.5052,0.4924,32,297,1896,0.557132904,1.299978664,0.868615612,295
2026-09-18T18:16:24.608,4,0.0025,0.6,10,manhattan,0.2889,0.3691,0.3424,3,137,125,1.289987791,0.333040492,0.523252455,268
2026-09-18T18:16:31.406,4,0.0025,0.65,5,manhattan,0.9594,0.9522,0.9692,1,409,9153,0.959200869,3.18506001,2.650419786,295
2026-09-18T18:16:39.729,4,0.0025,0.65,6,manhattan,0.9754,0.9752,0.9757,1,1239,9153,0.826741333,5.116209746,2.376906529,295
2026-09-18T18:16:48.762,4,0.0025,0.65,7,manhattan,0.9881,0.9895,0.9869,1,1443,9152,0.738516504,5.648747328,2.64275002,295
2026-09-18T18:16:55.923,4,0.0025,0.65,8,manhattan,0.9792,0.9753,0.9837,9,772,8279,0.499238421,4.42581022,2.23285354,295
2026-09-18T18:16:58.506,4,0.0025,0.65,9,manhattan,0.5229,0.5664,0.5343,22,297,1088,0.626869127,1.114949556,0.837952195,295
2026-09-18T18:17:00.518,4,0.0025,0.65,10,manhattan,0.2512,0.2701,0.2929,2,137,60,1.192413093,0.539223353,0.278064258,226
2026-09-18T18:17:06.798,4,0.0025,0.7,5,manhattan,0.9518,0.9475,0.9608,1,409,9095,0.817850043,3.228578005,2.228742191,295
2026-09-18T18:17:14.734,4,0.0025,0.7,6,manhattan,0.9909,0.9909,0.991,1,1239,9104,0.874208925,4.892677601,2.166050445,295
2026-09-18T18:17:23.626,4,0.0025,0.7,7,manhattan,0.9818,0.9769,0.9876,1,1443,9079,0.706340183,5.701988424,2.479576989,295
2026-09-18T18:17:30.982,4,0.0025,0.7,8,manhattan,0.9898,0.9903,0.9894,16,772,7960,0.519895531,4.767253113,2.064701382,295
2026-09-18T18:17:32.701,4,0.0025,0.7,9,manhattan,0.5873,0.6235,0.6088,12,297,566,0.560061771,0.658919245,0.497171326,295
2026-09-18T18:17:41.536,4,0.0025,0.75,5,manhattan,0.9463,0.9405,0.9546,1,409,9032,1.042479885,3.958444381,2.340102451,295
2026-09-18T18:17:50.162,4,0.0025,0.75,6,manhattan,0.9713,0.9641,0.9807,1,1239,9030,0.979246938,4.932326666,2.711904254,295
2026-09-18T18:17:59.345,4,0.0025,0.75,7,manhattan,0.9873,0.9856,0.9893,2,1443,9015,0.759470161,5.753047396,2.66436703,295
2026-09-18T18:18:07.141,4,0.0025,0.75,8,manhattan,0.9864,0.9846,0.9884,29,772,7420,0.464994796,5.05686382,2.268403967,295
2026-09-18T18:18:08.83,4,0.0025,0.75,9,manhattan,0.4762,0.6176,0.4847,8,297,330,0.554130216,0.581623746,0.550827211,295
2026-09-18T18:18:17.872,4,0.0025,0.8,5,manhattan,0.96,0.9513,0.9707,1,409,8965,0.949003616,4.106054597,2.467699982,295
2026-09-18T18:18:26.336,4,0.0025,0.8,6,manhattan,0.9879,0.9884,0.9876,1,1239,8969,0.979956037,4.966560792,2.514122189,295
2026-09-18T18:18:35.662,4,0.0025,0.8,7,manhattan,0.9878,0.9857,0.9903,1,1443,8965,0.855653131,5.91680486,2.531403868,295
2026-09-18T18:18:43.008,4,0.0025,0.8,8,manhattan,0.9786,0.9749,0.984,39,772,6382,0.546910718,5.064392087,1.730961708,295
2026-09-18T18:18:44.569,4,0.0025,0.8,9,manhattan,0.327,0.4107,0.3482,3,297,131,0.593073953,0.454048494,0.511361968,293
2026-09-18T18:18:53.506,4,0.003,0.5,5,manhattan,0.9576,0.9505,0.9657,1,409,9684,0.752240396,3.639499825,2.748261906,295
2026-09-18T18:19:02.459,4,0.003,0.5,6,manhattan,0.981,0.9806,0.982,1,1239,9679,1.040898257,5.180314662,2.729099818,295
2026-09-18T18:19:12.114,4,0.003,0.5,7,manhattan,0.9792,0.972,0.9879,1,1443,9669,0.815922212,6.060600622,2.775433537,295
2026-09-18T18:19:20.343,4,0.003,0.5,8,manhattan,0.9928,0.993,0.9927,2,772,8929,0.620211013,4.901073158,2.703722272,295
2026-09-18T18:19:25.536,4,0.003,0.5,9,manhattan,0.9135,0.9105,0.9236,41,297,5407,0.586769725,2.845793163,1.736494609,295
2026-09-18T18:19:29.031,4,0.003,0.5,10,manhattan,0.3423,0.4792,0.3936,27,137,1450,1.646359828,0.92297389,0.922601845,295
2026-09-18T18:19:35.799,4,0.003,0.55,5,manhattan,0.9621,0.9679,0.9584,2,409,9632,0.755090271,3.481939733,2.526155921,295
2026-09-18T18:19:44.554,4,0.003,0.55,6,manhattan,0.9956,0.9936,0.9977,1,1239,9658,1.040023495,5.062157723,2.647005313,295
2026-09-18T18:19:53.675,4,0.003,0.55,7,manhattan,1.0,1.0,1.0,1,1443,9649,0.785428718,5.673763865,2.659059438,295
2026-09-18T18:20:01.667,4,0.003,0.55,8,manhattan,0.9934,0.9953,0.9918,2,772,8860,0.65602041,4.653902445,2.679203983,295
2026-09-18T18:20:06.062,4,0.003,0.55,9,manhattan,0.903,0.9094,0.907,40,297,4248,0.571284715,2.236619525,1.584660458,295
2026-09-18T18:20:08.955,4,0.003,0.55,10,manhattan,0.3119,0.4242,0.372,15,137,743,1.321904861,0.938428799,0.628824265,295
2026-09-18T18:20:16.11,4,0.003,0.6,5,manhattan,0.953,0.9435,0.9697,1,409,9248,0.861901974,3.459160004,2.827668568,295
2026-09-18T18:20:24.582,4,0.003,0.6,6,manhattan,0.9922,0.9922,0.9925,1,1239,9258,0.983321971,4.756171599,2.729976747,295
2026-09-18T18:20:33.591,4,0.003,0.6,7,manhattan,0.9765,0.9716,0.9825,1,1443,9254,0.73798124,5.580861133,2.686510784,295
2026-09-18T18:20:41.227,4,0.003,0.6,8,manhattan,0.9899,0.9872,0.993,4,772,8779,0.57148928,4.585029253,2.476934054,295
2026-09-18T18:20:44.9,4,0.003,0.6,9,manhattan,0.7533,0.7649,0.7858,37,297,3221,0.556264288,1.954828603,1.159021393,295
2026-09-18T18:20:47.736,4,0.003,0.6,10,manhattan,0.3028,0.3836,0.3114,6,137,347,1.416150293,0.501280232,0.915718213,293
2026-09-18T18:20:55.201,4,0.003,0.65,5,manhattan,0.9554,0.9586,0.9528,1,409,9157,1.011530117,3.739358962,2.711351809,295
2026-09-18T18:21:04.013,4,0.003,0.65,6,manhattan,0.9806,0.9778,0.9838,1,1239,9157,0.997472383,5.292116459,2.519644543,295
2026-09-18T18:21:13.395,4,0.003,0.65,7,manhattan,0.991,0.9876,0.995,1,1443,9156,0.844563444,5.724313625,2.809712501,295
2026-09-18T18:21:21.147,4,0.003,0.65,8,manhattan,0.9956,0.9936,0.9977,5,772,8674,0.586183198,4.596222793,2.567067926,295
2026-09-18T18:21:24.333,4,0.003,0.65,9,manhattan,0.6709,0.689,0.7055,31,297,2318,0.614459649,1.670686542,0.878630301,295
2026-09-18T18:21:26.728,4,0.003,0.65,10,manhattan,0.1537,0.1463,0.227,5,137,209,1.393165859,0.360352505,0.638185239,287
2026-09-18T18:21:33.815,4,0.003,0.7,5,manhattan,0.9853,0.9807,0.9903,1,409,9111,0.99024604,3.460911415,2.629828255,295
2026-09-18T18:21:42.714,4,0.003,0.7,6,manhattan,0.9884,0.9844,0.993,1,1239,9111,1.13763891,5.146373031,2.611805001,295
2026-09-18T18:21:51.837,4,0.003,0.7,7,manhattan,1.0,1.0,1.0,1,1443,9083,0.839902164,5.874735723,2.402306424,295
2026-09-18T18:21:59.487,4,0.003,0.7,8,manhattan,0.9876,0.9828,0.9929,4,772,8470,0.596309562,4.789762276,2.248844063,295
2026-09-18T18:22:02.083,4,0.003,0.7,9,manhattan,0.5112,0.5673,0.5589,24,297,1551,0.637328635,1.156823976,0.75755155,295
2026-09-18T18:22:04.46,4,0.003,0.7,10,manhattan,0.3113,0.3531,0.3507,2,137,92,1.431685449,0.334253147,0.598085907,259
2026-09-18T18:22:11.432,4,0.003,0.75,5,manhattan,0.9446,0.9358,0.9561,1,409,9036,0.878625202,3.514031476,2.577298773,295
2026-09-18T18:22:20.018,4,0.003,0.75,6,manhattan,0.971,0.9692,0.9729,1,1239,9034,1.00999235,4.757157618,2.815186036,295
2026-09-18T18:22:29.154,4,0.003,0.75,7,manhattan,0.9858,0.9828,0.9894,1,1443,9033,0.799368838,5.748964193,2.584152513,295
2026-09-18T18:22:36.677,4,0.003,0.75,8,manhattan,0.9976,0.9977,0.9975,8,772,8206,0.625617082,4.676706269,2.216257145,295
2026-09-18T18:22:38.732,4,0.003,0.75,9,manhattan,0.3997,0.417,0.4326,13,297,743,0.572309357,0.789166486,0.689583711,295
2026-09-18T18:22:47.591,4,0.003,0.8,5,manhattan,0.9707,0.9684,0.9734,1,409,8969,0.94340241,3.779079754,2.524020312,295
2026-09-18T18:22:56.296,4,0.003,0.8,6,manhattan,0.9693,0.9619,0.9779,1,1239,8973,0.939625112,5.039182997,2.707057614,295
2026-09-18T18:23:06.008,4,0.003,0.8,7,manhattan,0.9845,0.9798,0.9904,1,1443,8969,0.803086004,6.157050944,2.749543006,295
2026-09-18T18:23:13.523,4,0.003,0.8,8,manhattan,0.9857,0.9815,0.9904,15,772,7838,0.539119708,4.663711172,2.308178397,295
2026-09-18T18:23:15.239,4,0.003,0.8,9,manhattan,0.4938,0.5061,0.5232,7,297,389,0.637465105,0.509260792,0.540350242,295
2026-09-18T18:24:49.499,5,0.0015,0.5,5,manhattan,0.9549,0.9486,0.9643,5,410,9513,2.235067441,10.990667152,4.968072927,295
2026-09-18T18:24:59.72,5,0.0015,0.5,6,manhattan,0.9734,0.9726,0.9746,3,1244,9615,0.973684914,4.710774383,2.833838003,295
2026-09-18T18:25:08.81,5,0.0015,0.5,7,manhattan,0.9946,0.9944,0.9949,3,1445,9103,0.794584079,5.770246873,2.522318069,295
2026-09-18T18:25:16.369,5,0.0015,0.5,8,manhattan,0.9668,0.9656,0.9696,44,755,6874,0.505430833,4.788828568,2.261323243,295
2026-09-18T18:25:18.089,5,0.0015,0.5,9,manhattan,0.4895,0.5174,0.4984,17,294,493,0.544638919,0.643784698,0.528560955,295
2026-09-18T18:25:20.456,5,0.0015,0.5,10,manhattan,0.1459,0.1604,0.1911,3,151,55,1.4609086,0.292922233,0.610557195,169
2026-09-18T18:25:27.316,5,0.0015,0.55,5,manhattan,0.9527,0.948,0.9586,5,410,9140,1.080171576,3.206948213,2.570175656,295
2026-09-18T18:25:35.881,5,0.0015,0.55,6,manhattan,0.99,0.9872,0.9929,2,1244,9169,0.931125282,4.89047292,2.739687415,295
2026-09-18T18:25:45.392,5,0.0015,0.55,7,manhattan,0.9908,0.9908,0.9908,2,1445,9032,0.877070953,6.108135192,2.516133969,295
2026-09-18T18:25:52.435,5,0.0015,0.55,8,manhattan,0.985,0.9816,0.9887,52,755,5950,0.473920937,4.64337135,1.923028378,295
2026-09-18T18:25:54.173,5,0.0015,0.55,9,manhattan,0.4462,0.4538,0.442,11,294,309,0.585295096,0.568446712,0.581207631,295
2026-09-18T18:25:56.082,5,0.0015,0.55,10,manhattan,0.2863,0.3533,0.2949,1,151,16,1.521433308,0.237339218,0.147243968,98
2026-09-18T18:26:02.917,5,0.0015,0.6,5,manhattan,0.9338,0.9269,0.9474,3,410,9050,1.229218428,3.094224651,2.50669589,295
2026-09-18T18:26:11.681,5,0.0015,0.6,6,manhattan,0.9958,0.9976,0.9942,1,1244,9069,1.024311848,5.303937034,2.43319962,295
2026-09-18T18:26:20.861,5,0.0015,0.6,7,manhattan,0.9884,0.9844,0.9929,2,1445,8964,0.718203362,5.90797028,2.551528089,295
2026-09-18T18:26:27.241,5,0.0015,0.6,8,manhattan,0.9395,0.9456,0.9424,67,755,4915,0.593964919,4.267421461,1.5138176,295
2026-09-18T18:26:28.757,5,0.0015,0.6,9,manhattan,0.2904,0.293,0.3299,3,294,95,0.519069239,0.452016181,0.541590065,283
2026-09-18T18:26:38.28,5,0.0015,0.65,5,manhattan,0.9282,0.9268,0.9337,1,410,8992,0.967537969,3.528267444,2.141818925,295
2026-09-18T18:26:46.767,5,0.0015,0.65,6,manhattan,0.9614,0.9599,0.9636,2,1244,9035,0.926047468,5.050880932,2.503199214,295
2026-09-18T18:26:56.034,5,0.0015,0.65,7,manhattan,0.9881,0.9844,0.9928,2,1445,8896,0.87464306,5.688064576,2.701730328,295
2026-09-18T18:27:01.581,5,0.0015,0.65,8,manhattan,0.8772,0.8634,0.9158,71,755,3777,0.452988652,3.70867103,1.38131155,295
2026-09-18T18:27:02.928,5,0.0015,0.65,9,manhattan,0.3658,0.4362,0.3544,2,294,42,0.693503066,0.283843908,0.36653444,244
2026-09-18T18:27:12.004,5,0.0015,0.7,5,manhattan,0.9682,0.9623,0.9759,3,410,8973,0.761721496,3.816231851,2.707145684,295
2026-09-18T18:27:20.845,5,0.0015,0.7,6,manhattan,0.9817,0.9801,0.984,1,1244,8999,0.962586288,4.987161402,2.887778419,295
2026-09-18T18:27:29.869,5,0.0015,0.7,7,manhattan,0.9976,0.9977,0.9975,1,1445,8865,0.75861684,5.65653743,2.603726454,295
2026-09-18T18:27:34.518,5,0.0015,0.7,8,manhattan,0.6841,0.7093,0.724,76,755,2489,0.554102001,3.171455128,0.921538861,295
2026-09-18T18:27:44.216,5,0.0015,0.75,5,manhattan,0.9493,0.9468,0.957,8,410,8855,0.945126095,4.188693096,2.530028622,295
2026-09-18T18:27:52.961,5,0.0015,0.75,6,manhattan,0.9884,0.9844,0.9929,1,1244,8989,1.029880997,5.198603732,2.511135914,295
2026-09-18T18:28:01.541,5,0.0015,0.75,7,manhattan,0.9882,0.987,0.9895,3,1445,8826,0.666836528,5.349176618,2.561869845,295
2026-09-18T18:28:04.811,5,0.0015,0.75,8,manhattan,0.625,0.6853,0.6555,52,755,1383,0.466798937,2.10862739,0.688150357,295
2026-09-18T18:28:14.682,5,0.0015,0.8,5,manhattan,0.9262,0.9197,0.937,31,410,8397,0.901025762,4.233023556,2.516588915,295
2026-09-18T18:28:22.784,5,0.0015,0.8,6,manhattan,0.991,0.9876,0.995,2,1244,8941,0.897023994,4.862701911,2.33961845,295
2026-09-18T18:28:32.783,5,0.0015,0.8,7,manhattan,0.996,0.9944,0.9977,7,1445,8731,0.662923318,6.613240145,2.706551824,295
2026-09-18T18:28:35.036,5,0.0015,0.8,8,manhattan,0.6092,0.6447,0.6369,21,755,557,0.529272359,1.233405835,0.48755236,295
2026-09-18T18:28:43.835,5,0.002,0.5,5,manhattan,0.9263,0.9205,0.936,3,410,9611,0.968734421,3.41538653,2.227657625,295
2026-09-18T18:28:52.835,5,0.002,0.5,6,manhattan,0.9837,0.9779,0.9902,1,1244,9649,0.935973667,4.977014852,3.084218065,295
2026-09-18T18:29:02.368,5,0.002,0.5,7,manhattan,0.9872,0.9888,0.9858,5,1445,9545,0.7571156,5.902649558,2.870541369,295
2026-09-18T18:29:10.221,5,0.002,0.5,8,manhattan,0.9959,0.9944,0.9975,8,755,8520,0.579890354,4.857291512,2.411760287,295
2026-09-18T18:29:13.17,5,0.002,0.5,9,manhattan,0.647,0.6983,0.6736,54,294,2072,0.584966701,1.601181984,0.759732764,295
2026-09-18T18:29:15.933,5,0.002,0.5,10,manhattan,0.2749,0.3902,0.3171,15,151,499,1.417751125,0.776843612,0.564314689,295
2026-09-18T18:29:23.219,5,0.002,0.55,5,manhattan,0.968,0.9591,0.9806,1,410,9207,0.948882511,3.675589984,2.658405583,295
2026-09-18T18:29:32.19,5,0.002,0.55,6,manhattan,0.9858,0.9818,0.9903,1,1244,9206,1.06592115,5.318991613,2.582652111,295
2026-09-18T18:29:40.77,5,0.002,0.55,7,manhattan,0.9938,0.9944,0.9933,3,1445,9160,0.801292199,5.368383194,2.407922645,295
2026-09-18T18:29:48.887,5,0.002,0.55,8,manhattan,0.9798,0.9734,0.9879,14,755,8239,0.585041152,5.201595665,2.326864584,295
2026-09-18T18:29:51.373,5,0.002,0.55,9,manhattan,0.545,0.5856,0.5793,32,294,1289,0.623562279,1.20638555,0.652750928,295
2026-09-18T18:29:53.808,5,0.002,0.55,10,manhattan,0.1945,0.1781,0.2902,8,151,240,1.363333483,0.638323105,0.431238315,284
2026-09-18T18:30:00.697,5,0.002,0.6,5,manhattan,0.945,0.9421,0.953,2,410,9126,0.950079591,3.316612237,2.616762339,295
2026-09-18T18:30:09.255,5,0.002,0.6,6,manhattan,0.9897,0.9868,0.993,2,1244,9129,0.918271823,4.965552912,2.671080458,295
2026-09-18T18:30:18.803,5,0.002,0.6,7,manhattan,0.9837,0.978,0.9906,1,1445,9049,0.740474226,6.299815987,2.504875127,295
2026-09-18T18:30:26.545,5,0.002,0.6,8,manhattan,0.9758,0.9722,0.9805,30,755,7770,0.533137378,5.164559156,2.040401697,295
2026-09-18T18:30:28.535,5,0.002,0.6,9,manhattan,0.5579,0.6252,0.6006,16,294,724,0.590789722,0.766774447,0.630077707,295
2026-09-18T18:30:30.892,5,0.002,0.6,10,manhattan,0.1541,0.1857,0.1753,3,151,95,1.539466969,0.390773573,0.424000727,221
2026-09-18T18:30:38.006,5,0.002,0.65,5,manhattan,0.9588,0.952,0.9681,2,410,9049,0.893110295,3.401524841,2.738580849,295
2026-09-18T18:30:46.709,5,0.002,0.65,6,manhattan,0.981,0.9774,0.9855,1,1244,9068,1.020012835,5.134016144,2.54538331,295
2026-09-18T18:30:55.658,5,0.002,0.65,7,manhattan,0.9939,0.9927,0.9953,1,1445,8987,0.809830232,5.494620217,2.641905289,295
2026-09-18T18:31:02.834,5,0.002,0.65,8,manhattan,0.9738,0.9689,0.9805,40,755,7022,0.494322988,4.806955397,1.872126896,295
2026-09-18T18:31:04.824,5,0.002,0.65,9,manhattan,0.3842,0.5302,0.424,10,294,377,0.583570573,0.821098083,0.58125638,295
2026-09-18T18:31:07.128,5,0.002,0.65,10,manhattan,0.1695,0.1786,0.2618,1,151,22,1.42603794,0.615007623,0.260367023,131
2026-09-18T18:31:14.328,5,0.002,0.7,5,manhattan,0.9715,0.9699,0.9732,1,410,8994,1.1630724,3.618099882,2.413025184,295
2026-09-18T18:31:22.709,5,0.002,0.7,6,manhattan,0.996,0.9944,0.9977,1,1244,9006,0.952512374,4.836105633,2.587007138,295
2026-09-18T18:31:31.709,5,0.002,0.7,7,manhattan,0.9848,0.9823,0.9878,2,1445,8966,0.791574057,5.512116239,2.681900138,295
2026-09-18T18:31:38.325,5,0.002,0.7,8,manhattan,0.996,0.9944,0.9977,38,755,6133,0.486790111,4.261131759,1.865625227,295
2026-09-18T18:31:39.916,5,0.002,0.7,9,manhattan,0.2986,0.5155,0.3439,6,294,235,0.548179525,0.532566356,0.490893848,295
2026-09-18T18:31:48.504,5,0.002,0.75,5,manhattan,0.9362,0.9302,0.9441,1,410,8991,0.951152843,3.488674114,2.667062626,295
2026-09-18T18:31:57.065,5,0.002,0.75,6,manhattan,0.9745,0.9685,0.9812,1,1244,8993,1.023426051,5.066137003,2.468098217,295
2026-09-18T18:32:06.33,5,0.002,0.75,7,manhattan,0.9876,0.9828,0.9929,1,1445,8888,0.804611758,5.876543147,2.580940859,295
2026-09-18T18:32:12.546,5,0.002,0.75,8,manhattan,0.9642,0.9634,0.9656,48,755,5245,0.456781664,4.155145162,1.600326637,295
2026-09-18T18:32:13.995,5,0.002,0.75,9,manhattan,0.2765,0.4022,0.3571,2,294,114,0.505670318,0.439663274,0.500767736,292
2026-09-18T18:32:22.615,5,0.002,0.8,5,manhattan,0.9479,0.9412,0.957,2,410,8969,0.924483511,3.599217649,2.614419232,295
2026-09-18T18:32:30.902,5,0.002,0.8,6,manhattan,0.9755,0.9725,0.9795,1,1244,8988,0.915700683,4.864020515,2.504022295,295
2026-09-18T18:32:39.787,5,0.002,0.8,7,manhattan,0.992,0.9892,0.9951,1,1445,8868,0.744261512,5.606875283,2.531293868,295
2026-09-18T18:32:45.249,5,0.002,0.8,8,manhattan,0.8773,0.8716,0.9003,48,755,3900,0.511109282,3.70931825,1.237435052,295
2026-09-18T18:32:46.755,5,0.002,0.8,9,manhattan,0.2693,0.4382,0.3415,2,294,41,0.643163319,0.353275622,0.506862091,246
2026-09-18T18:32:54.672,5,0.0025,0.5,5,manhattan,0.9479,0.9457,0.9521,3,410,9643,0.761941846,3.124052558,2.505143247,295
2026-09-18T18:33:03.393,5,0.0025,0.5,6,manhattan,0.9681,0.9651,0.9721,1,1244,9653,0.955267964,5.143891987,2.617819807,295
2026-09-18T18:33:12.944,5,0.0025,0.5,7,manhattan,0.991,0.9876,0.995,1,1445,9637,0.942930702,5.962147459,2.643471062,295
2026-09-18T18:33:20.605,5,0.0025,0.5,8,manhattan,0.983,0.9782,0.9882,2,755,8759,0.612256295,4.647883658,2.397101219,295
2026-09-18T18:33:24.676,5,0.0025,0.5,9,manhattan,0.8096,0.8057,0.849,59,294,3733,0.588548026,2.305264266,1.173642117,295
2026-09-18T18:33:27.748,5,0.0025,0.5,10,manhattan,0.5368,0.5552,0.5616,27,151,1117,1.559431185,0.834254585,0.675327767,295
2026-09-18T18:33:34.967,5,0.0025,0.55,5,manhattan,0.9648,0.9589,0.9718,1,410,9211,0.751631659,3.682070981,2.782621118,295
2026-09-18T18:33:43.922,5,0.0025,0.55,6,manhattan,0.9884,0.9844,0.9929,1,1244,9210,1.007310024,5.18937001,2.756079175,295
2026-09-18T18:33:52.813,5,0.0025,0.55,7,manhattan,0.9918,0.9887,0.9952,2,1445,9191,0.788028869,5.507034974,2.5928276,295
2026-09-18T18:34:00.691,5,0.0025,0.55,8,manhattan,0.986,0.9819,0.9906,3,755,8644,0.587413853,4.486413776,2.789183546,295
2026-09-18T18:34:04.083,5,0.0025,0.55,9,manhattan,0.7457,0.7415,0.7634,48,294,2750,0.694511693,1.73251223,0.961687819,295
2026-09-18T18:34:06.977,5,0.0025,0.55,10,manhattan,0.269,0.2974,0.3152,17,151,698,1.395452219,0.825028619,0.670109379,295
2026-09-18T18:34:13.937,5,0.0025,0.6,5,manhattan,0.9468,0.9382,0.9586,1,410,9142,0.878091687,3.599946007,2.479736179,295
2026-09-18T18:34:22.45,5,0.0025,0.6,6,manhattan,0.9734,0.9663,0.9829,1,1244,9152,0.996589114,4.726815844,2.785940529,295
2026-09-18T18:34:31.695,5,0.0025,0.6,7,manhattan,0.986,0.9854,0.9874,2,1445,9137,0.890288304,5.62356874,2.72647873,295
2026-09-18T18:34:39.972,5,0.0025,0.6,8,manhattan,0.9806,0.9814,0.98,5,755,8510,0.577478283,5.066039612,2.629504194,295
2026-09-18T18:34:42.815,5,0.0025,0.6,9,manhattan,0.6328,0.6486,0.6632,33,294,1683,0.656879179,1.340954888,0.84324843,295
2026-09-18T18:34:45.53,5,0.0025,0.6,10,manhattan,0.3206,0.4158,0.3213,7,151,358,1.479349996,0.444040309,0.7893979,290
2026-09-18T18:34:52.754,5,0.0025,0.65,5,manhattan,0.9706,0.9662,0.9779,1,410,9107,0.955557069,3.184021201,3.082465557,295
2026-09-18T18:35:00.897,5,0.0025,0.65,6,manhattan,0.9941,0.9951,0.9933,1,1244,9108,0.972804268,4.718476638,2.449374856,295
2026-09-18T18:35:10.22,5,0.0025,0.65,7,manhattan,0.988,0.9844,0.9925,1,1445,9036,0.830874626,5.751800175,2.736639051,295
2026-09-18T18:35:18.112,5,0.0025,0.65,8,manhattan,0.9976,0.9976,0.9977,9,755,8320,0.569660931,4.797446054,2.520215289,295
2026-09-18T18:35:20.166,5,0.0025,0.65,9,manhattan,0.4181,0.5676,0.5085,24,294,1105,0.595977599,0.883839776,0.571404174,295
2026-09-18T18:35:22.657,5,0.0025,0.65,10,manhattan,0.1246,0.2448,0.2274,4,151,187,1.514979737,0.331424647,0.641366073,250
2026-09-18T18:35:29.529,5,0.0025,0.7,5,manhattan,0.9589,0.9543,0.9645,1,410,9006,0.867453511,3.586547629,2.415172813,295
2026-09-18T18:35:38.241,5,0.0025,0.7,6,manhattan,0.9652,0.958,0.974,1,1244,9010,1.068112388,4.924888142,2.716244656,295
2026-09-18T18:35:47.101,5,0.0025,0.7,7,manhattan,0.9775,0.9707,0.9855,1,1445,8988,0.750051129,5.480635754,2.604882649,295
2026-09-18T18:35:54.915,5,0.0025,0.7,8,manhattan,0.9964,0.9951,0.9977,20,755,7886,0.583980379,5.054331885,2.169371724,295
2026-09-18T18:35:56.89,5,0.0025,0.7,9,manhattan,0.5426,0.6304,0.5855,12,294,588,0.551483305,0.806538172,0.591538967,295
2026-09-18T18:35:59.289,5,0.0025,0.7,10,manhattan,0.1734,0.3243,0.24,2,151,99,1.483445986,0.542482631,0.370356211,219
2026-09-18T18:36:06.346,5,0.0025,0.75,5,manhattan,0.9658,0.9629,0.9698,1,410,8995,0.946311043,3.418727421,2.689028641,295
2026-09-18T18:36:14.865,5,0.0025,0.75,6,manhattan,0.9636,0.9591,0.9687,1,1244,8997,0.993669254,4.808759667,2.71279491,295
2026-09-18T18:36:23.567,5,0.0025,0.75,7,manhattan,0.9876,0.9828,0.9928,2,1445,8976,0.742144661,5.45390416,2.503472415,295
2026-09-18T18:36:30.748,5,0.0025,0.75,8,manhattan,0.9807,0.9774,0.9852,34,755,7143,0.447726958,4.70904197,2.020779418,295
2026-09-18T18:36:32.218,5,0.0025,0.75,9,manhattan,0.4142,0.5264,0.4613,7,294,321,0.540936063,0.507692873,0.418320088,295
2026-09-18T18:36:40.285,5,0.0025,0.8,5,manhattan,0.9568,0.9496,0.9661,1,410,8991,0.858484057,3.40559919,2.204313457,295
2026-09-18T18:36:48.385,5,0.0025,0.8,6,manhattan,0.9826,0.9797,0.9863,1,1244,8992,0.964388657,4.636643164,2.496990502,295
2026-09-18T18:36:57.179,5,0.0025,0.8,7,manhattan,0.9839,0.9779,0.9906,1,1445,8878,0.714233723,5.324862983,2.752192874,295
2026-09-18T18:37:03.203,5,0.0025,0.8,8,manhattan,0.9956,0.9936,0.9977,33,755,6116,0.507363221,3.945551535,1.567494201,295
2026-09-18T18:37:04.703,5,0.0025,0.8,9,manhattan,0.4051,0.4584,0.4554,3,294,183,0.636760798,0.4000326,0.460122692,295
2026-09-18T18:37:13.274,5,0.003,0.5,5,manhattan,0.9608,0.9611,0.9632,1,410,9659,0.979338073,3.462079947,2.361279749,295
2026-09-18T18:37:21.523,5,0.003,0.5,6,manhattan,0.9953,0.9953,0.9953,1,1244,9657,0.960038304,4.656750649,2.629287616,295
2026-09-18T18:37:30.272,5,0.003,0.5,7,manhattan,0.9805,0.9742,0.9884,1,1445,9641,0.763679565,5.368844641,2.604869519,295
2026-09-18T18:37:37.506,5,0.003,0.5,8,manhattan,0.9778,0.9731,0.9831,3,755,8917,0.570381486,4.246494732,2.412938376,295
2026-09-18T18:37:42.232,5,0.003,0.5,9,manhattan,0.8784,0.8853,0.8866,46,294,4945,0.577917026,2.558493627,1.586401461,295
2026-09-18T18:37:46.018,5,0.003,0.5,10,manhattan,0.5881,0.6509,0.623,29,151,1763,1.385108845,1.234514954,1.163304011,295
2026-09-18T18:37:52.572,5,0.003,0.55,5,manhattan,0.9141,0.9147,0.924,1,410,9215,0.674991644,3.507384332,2.367331228,295
2026-09-18T18:38:00.95,5,0.003,0.55,6,manhattan,0.996,0.9944,0.9976,1,1244,9214,0.937858694,4.805214097,2.629740049,295
2026-09-18T18:38:10.181,5,0.003,0.55,7,manhattan,0.992,0.9892,0.9952,1,1445,9212,0.889586607,5.496107725,2.837735836,295
2026-09-18T18:38:17.563,5,0.003,0.55,8,manhattan,0.981,0.9754,0.9877,3,755,8857,0.596621676,4.400536344,2.381367329,295
2026-09-18T18:38:21.824,5,0.003,0.55,9,manhattan,0.8373,0.8405,0.8589,44,294,4180,0.533748263,2.402923046,1.321410185,295
2026-09-18T18:38:25.077,5,0.003,0.55,10,manhattan,0.486,0.5522,0.5445,25,151,1266,1.423130165,1.118962949,0.70823658,295
2026-09-18T18:38:32.006,5,0.003,0.6,5,manhattan,0.9542,0.9569,0.9523,1,410,9157,0.905573309,3.602278711,2.418861557,295
2026-09-18T18:38:40.811,5,0.003,0.6,6,manhattan,0.9871,0.9821,0.9927,1,1244,9157,0.951631562,5.069317061,2.780083838,295
2026-09-18T18:38:49.983,5,0.003,0.6,7,manhattan,0.9955,0.9936,0.9975,1,1445,9156,0.768264724,5.570181677,2.830479591,295
2026-09-18T18:38:57.351,5,0.003,0.6,8,manhattan,0.9928,0.9905,0.9954,2,755,8720,0.618142473,4.352078969,2.363510344,295
2026-09-18T18:39:00.87,5,0.003,0.6,9,manhattan,0.7612,0.7597,0.7946,40,294,3079,0.551558524,1.888908058,1.075754715,295
2026-09-18T18:39:03.903,5,0.003,0.6,10,manhattan,0.266,0.4356,0.3568,13,151,691,1.365512459,0.978730174,0.686084557,295
2026-09-18T18:39:11.062,5,0.003,0.65,5,manhattan,0.9557,0.9507,0.9624,1,410,9112,0.97244703,3.677659675,2.506996403,295
2026-09-18T18:39:19.886,5,0.003,0.65,6,manhattan,0.9868,0.9832,0.9905,1,1244,9113,1.082109936,5.069930408,2.666349036,295
2026-09-18T18:39:28.676,5,0.003,0.65,7,manhattan,0.996,0.9944,0.9977,1,1445,9054,0.842635851,5.503534312,2.440860208,295
2026-09-18T18:39:36.553,5,0.003,0.65,8,manhattan,0.9908,0.9922,0.9899,5,755,8637,0.586255393,4.853318773,2.430580249,295
2026-09-18T18:39:39.418,5,0.003,0.65,9,manhattan,0.4871,0.606,0.5504,37,294,2199,0.599003339,1.422972254,0.840409377,295
2026-09-18T18:39:42.174,5,0.003,0.65,10,manhattan,0.3243,0.429,0.3726,6,151,346,1.322914429,0.814782533,0.615190764,293
2026-09-18T18:39:49.075,5,0.003,0.7,5,manhattan,0.9407,0.9384,0.9467,1,410,9012,0.95431899,3.648493757,2.295764165,295
2026-09-18T18:39:57.736,5,0.003,0.7,6,manhattan,0.9652,0.9657,0.9674,1,1244,9015,0.973843509,4.983032942,2.699761802,295
2026-09-18T18:40:06.908,5,0.003,0.7,7,manhattan,0.9794,0.9753,0.9839,1,1445,8994,0.844638344,5.70236048,2.621967956,295
2026-09-18T18:40:14.99,5,0.003,0.7,8,manhattan,0.9921,0.9892,0.9953,4,755,8406,0.598903116,5.028869588,2.451447609,295
2026-09-18T18:40:17.36,5,0.003,0.7,9,manhattan,0.4889,0.5897,0.5372,25,294,1290,0.584136964,1.029518856,0.751614669,295
2026-09-18T18:40:19.885,5,0.003,0.7,10,manhattan,0.2414,0.3839,0.3068,3,151,196,1.403993197,0.699820898,0.418008245,269
2026-09-18T18:40:27.008,5,0.003,0.75,5,manhattan,0.9562,0.9479,0.9664,1,410,9001,0.915822538,3.656764937,2.546137283,295
2026-09-18T18:40:36.308,5,0.003,0.75,6,manhattan,0.9791,0.9784,0.9804,1,1244,9001,0.958509406,5.692315118,2.645729195,295
2026-09-18T18:40:45.073,5,0.003,0.75,7,manhattan,0.9875,0.9828,0.9927,1,1445,8990,0.775427032,5.532844872,2.454006599,295
2026-09-18T18:40:53.253,5,0.003,0.75,8,manhattan,0.9946,0.9944,0.9949,10,755,8204,0.58934839,4.833020342,2.75405778,295
2026-09-18T18:40:55.254,5,0.003,0.75,9,manhattan,0.4452,0.5105,0.4899,14,294,765,0.567662699,0.904411357,0.526185275,295
2026-09-18T18:40:57.627,5,0.003,0.75,10,manhattan,0.1754,0.251,0.2379,2,151,135,1.457504507,0.578845149,0.333469115,224
2026-09-18T18:41:04.875,5,0.003,0.8,5,manhattan,0.9679,0.9631,0.9734,1,410,8995,1.015192424,3.474436501,2.754158631,295
2026-09-18T18:41:14.037,5,0.003,0.8,6,manhattan,0.9806,0.9755,0.9879,1,1244,8996,1.083013334,5.54015252,2.531432241,295
2026-09-18T18:41:23.2,5,0.003,0.8,7,manhattan,0.9905,0.9885,0.9926,2,1445,8936,0.789899432,5.775769053,2.592067306,295
2026-09-18T18:41:31.05,5,0.003,0.8,8,manhattan,0.9918,0.9955,0.9883,21,755,7685,0.577295577,5.056056619,2.213950595,295
2026-09-18T18:41:32.914,5,0.003,0.8,9,manhattan,0.4804,0.6211,0.5477,9,294,448,0.615272898,0.70469136,0.540367553,295
2026-09-18T18:41:35.179,5,0.003,0.8,10,manhattan,0.1377,0.1196,0.207,1,151,38,1.434787536,0.236534669,0.591533799,190
2026-09-18T18:43:06.146,6,0.0015,0.5,5,manhattan,0.943,0.9459,0.9427,2,404,9610,2.200014025,11.102656316,4.77212811,295
2026-09-18T18:43:16.09,6,0.0015,0.5,6,manhattan,0.975,0.969,0.9823,1,1242,9648,0.956182002,4.69458458,2.649615011,295
2026-09-18T18:43:25.47,6,0.0015,0.5,7,manhattan,0.9808,0.9819,0.9809,4,1423,9295,0.777697542,5.866283991,2.731111164,295
2026-09-18T18:43:34.231,6,0.0015,0.5,8,manhattan,0.9813,0.9755,0.9882,51,755,7125,0.571580691,6.080238762,2.105498395,295
2026-09-18T18:43:36.404,6,0.0015,0.5,9,manhattan,0.4432,0.5208,0.4807,16,277,542,0.599815398,1.020683426,0.546646423,295
2026-09-18T18:43:38.417,6,0.0015,0.5,10,manhattan,0.1675,0.2173,0.2702,2,103,32,1.469286305,0.197457525,0.3424894,138
2026-09-18T18:43:45.463,6,0.0015,0.55,5,manhattan,0.939,0.9302,0.9534,4,404,9548,0.970985935,3.510385733,2.561905878,295
2026-09-18T18:43:54.588,6,0.0015,0.55,6,manhattan,0.9744,0.9694,0.9807,1,1242,9644,1.009961113,5.142187115,2.967114062,295
2026-09-18T18:44:04.155,6,0.0015,0.55,7,manhattan,0.9818,0.9769,0.9876,5,1423,9151,0.816010552,5.955550386,2.792711503,295
2026-09-18T18:44:11.637,6,0.0015,0.55,8,manhattan,0.9869,0.9821,0.9925,61,755,6157,0.546499477,5.097540928,1.834282273,295
2026-09-18T18:44:13.466,6,0.0015,0.55,9,manhattan,0.367,0.5257,0.4564,11,277,348,0.668140309,0.671545233,0.486923012,295
2026-09-18T18:44:23.91,6,0.0015,0.6,5,manhattan,0.9265,0.9215,0.9366,7,404,9403,1.087283525,3.720007034,2.703373101,295
2026-09-18T18:44:33.41,6,0.0015,0.6,6,manhattan,0.9661,0.9642,0.9687,5,1242,9578,0.981513249,5.458509403,3.057126996,295
2026-09-18T18:44:42.773,6,0.0015,0.6,7,manhattan,0.9894,0.9863,0.9929,3,1423,9036,0.80753002,5.81371342,2.738162246,295
2026-09-18T18:44:49.61,6,0.0015,0.6,8,manhattan,0.9325,0.9218,0.952,64,755,5130,0.565087295,4.775283978,1.490601443,295
2026-09-18T18:44:51.126,6,0.0015,0.6,9,manhattan,0.3967,0.5335,0.4304,4,277,130,0.562907954,0.472995802,0.475614658,289
2026-09-18T18:45:00.411,6,0.0015,0.65,5,manhattan,0.956,0.9504,0.9655,4,404,9059,0.997582924,3.962508285,2.702381907,295
2026-09-18T18:45:09.304,6,0.0015,0.65,6,manhattan,1.0,1.0,1.0,2,1242,9182,1.00814041,5.029562083,2.8496483,295
2026-09-18T18:45:18.4,6,0.0015,0.65,7,manhattan,1.0,1.0,1.0,5,1423,8973,0.815452656,5.914048403,2.363163894,295
2026-09-18T18:45:24.424,6,0.0015,0.65,8,manhattan,0.9512,0.9457,0.9583,73,755,3959,0.619447421,4.091305032,1.30961658,295
2026-09-18T18:45:25.952,6,0.0015,0.65,9,manhattan,0.2687,0.4143,0.2776,4,277,83,0.564163499,0.491187268,0.470848937,282
2026-09-18T18:45:34.417,6,0.0015,0.7,5,manhattan,0.9653,0.9602,0.9727,2,404,8983,0.871095984,3.531721125,2.59993945,295
2026-09-18T18:45:43.218,6,0.0015,0.7,6,manhattan,1.0,1.0,1.0,1,1242,9033,0.921298641,5.159921608,2.716800733,295
2026-09-18T18:45:52.61,6,0.0015,0.7,7,manhattan,0.9863,0.9858,0.9874,4,1423,8813,0.714247864,6.058411335,2.615242263,295
2026-09-18T18:45:57.146,6,0.0015,0.7,8,manhattan,0.7917,0.7871,0.8044,63,755,2461,0.549592907,2.956796134,1.026397248,295
2026-09-18T18:45:58.613,6,0.0015,0.7,9,manhattan,0.2658,0.3037,0.2981,2,277,33,0.582689228,0.410759555,0.470744523,224
2026-09-18T18:46:07.993,6,0.0015,0.75,5,manhattan,0.9624,0.9554,0.9715,12,404,8818,0.711969628,4.411445218,2.791990387,295
2026-09-18T18:46:16.886,6,0.0015,0.75,6,manhattan,0.9896,0.9869,0.9927,1,1242,9018,0.965932746,5.475207304,2.440265745,295
2026-09-18T18:46:26.253,6,0.0015,0.75,7,manhattan,0.996,0.9944,0.9977,5,1423,8688,0.794113912,5.998915747,2.557360578,295
2026-09-18T18:46:29.384,6,0.0015,0.75,8,manhattan,0.682,0.7256,0.696,46,755,1367,0.474485526,2.007638743,0.646388171,295
2026-09-18T18:46:38.497,6,0.0015,0.8,5,manhattan,0.9167,0.9093,0.9327,32,404,8309,0.630435201,3.925235708,2.286615399,295
2026-09-18T18:46:48.599,6,0.0015,0.8,6,manhattan,0.9756,0.9674,0.9857,5,1242,8904,1.152220482,6.114508983,2.832429309,295
2026-09-18T18:46:57.615,6,0.0015,0.8,7,manhattan,0.9955,0.9936,0.9975,6,1423,8556,0.780481434,5.783249085,2.447660517,295
2026-09-18T18:46:59.659,6,0.0015,0.8,8,manhattan,0.5248,0.5776,0.5621,21,755,479,0.469220158,1.046780698,0.524443877,295
2026-09-18T18:47:08.833,6,0.002,0.5,5,manhattan,0.9665,0.963,0.9741,1,404,9657,0.746527456,3.562656333,2.823901564,295
2026-09-18T18:47:17.682,6,0.002,0.5,6,manhattan,0.9779,0.972,0.9853,1,1242,9653,0.997019651,5.228345623,2.620172391,295
2026-09-18T18:47:27.209,6,0.002,0.5,7,manhattan,0.9832,0.9798,0.9877,1,1423,9641,0.785468273,6.055706364,2.681563275,295
2026-09-18T18:47:35.561,6,0.002,0.5,8,manhattan,0.9955,0.9936,0.9975,10,755,8543,0.575681728,5.305047281,2.468649844,295
2026-09-18T18:47:38.209,6,0.002,0.5,9,manhattan,0.6696,0.7234,0.7273,44,277,2218,0.558091877,1.342628322,0.743204666,295
2026-09-18T18:47:40.586,6,0.002,0.5,10,manhattan,0.2209,0.2809,0.275,8,103,316,1.390943576,0.372487472,0.610186756,291
2026-09-18T18:47:47.624,6,0.002,0.55,5,manhattan,0.9733,0.9697,0.9777,2,404,9595,0.844591815,3.746749573,2.442198335,295
2026-09-18T18:47:56.545,6,0.002,0.55,6,manhattan,0.9886,0.9851,0.9926,1,1242,9649,0.935687993,5.331887598,2.650441099,295
2026-09-18T18:48:06.504,6,0.002,0.55,7,manhattan,0.9959,0.9944,0.9975,6,1423,9545,0.86161441,6.377119416,2.717946277,295
2026-09-18T18:48:15.36,6,0.002,0.55,8,manhattan,0.9963,0.9977,0.9949,13,755,8312,0.579861616,5.820101146,2.452049232,295
2026-09-18T18:48:17.838,6,0.002,0.55,9,manhattan,0.4555,0.5598,0.4966,30,277,1338,0.529166924,1.30116985,0.63307452,295
2026-09-18T18:48:20.423,6,0.002,0.55,10,manhattan,0.2463,0.2722,0.3012,4,103,175,1.650740993,0.338481253,0.59293089,286
2026-09-18T18:48:27.487,6,0.002,0.6,5,manhattan,0.9507,0.9462,0.9578,2,404,9521,0.960755867,3.474495324,2.625308762,295
2026-09-18T18:48:36.837,6,0.002,0.6,6,manhattan,0.9827,0.977,0.9903,1,1242,9637,0.936940744,5.411348074,2.99755982,295
2026-09-18T18:48:46.472,6,0.002,0.6,7,manhattan,0.9922,0.9921,0.9926,3,1423,9292,0.902361334,5.874259358,2.854469544,295
2026-09-18T18:48:54.336,6,0.002,0.6,8,manhattan,0.9914,0.9911,0.9919,21,755,7899,0.500834018,5.260012493,2.099875018,295
2026-09-18T18:48:56.465,6,0.002,0.6,9,manhattan,0.3511,0.527,0.398,19,277,790,0.59409983,0.842073391,0.689678102,295
2026-09-18T18:48:58.631,6,0.002,0.6,10,manhattan,0.2341,0.3097,0.2495,2,103,43,1.607058551,0.253580595,0.302859874,179
2026-09-18T18:49:06.071,6,0.002,0.65,5,manhattan,0.9607,0.954,0.9705,1,404,9206,0.977444899,3.86419173,2.595975304,295
2026-09-18T18:49:14.848,6,0.002,0.65,6,manhattan,0.9688,0.9638,0.9768,1,1242,9206,1.005256225,5.045985297,2.72209313,295
2026-09-18T18:49:24.045,6,0.002,0.65,7,manhattan,0.9838,0.978,0.9906,2,1423,9141,0.790380172,5.734690783,2.669555176,295
2026-09-18T18:49:30.344,6,0.002,0.65,8,manhattan,0.989,0.9856,0.9927,39,755,7341,0.500465673,4.256338392,1.53915765,295
2026-09-18T18:49:31.763,6,0.002,0.65,9,manhattan,0.2961,0.3843,0.3444,9,277,444,0.588309741,0.466908537,0.361763972,295
2026-09-18T18:49:37.5,6,0.002,0.7,5,manhattan,0.9556,0.9544,0.9595,2,404,9056,0.766213327,2.056443168,1.657348231,295
2026-09-18T18:49:42.752,6,0.002,0.7,6,manhattan,0.9688,0.9616,0.9782,2,1242,9130,0.663331006,3.04861266,1.537861388,295
2026-09-18T18:49:47.712,6,0.002,0.7,7,manhattan,0.9963,0.9977,0.9949,1,1423,9038,0.367813035,3.04963647,1.539248794,295
2026-09-18T18:49:51.445,6,0.002,0.7,8,manhattan,0.9811,0.9764,0.9868,42,755,6317,0.370221317,2.431564233,0.929126363,295
2026-09-18T18:49:52.484,6,0.002,0.7,9,manhattan,0.491,0.5682,0.5201,6,277,296,0.356662802,0.357551399,0.322348931,295
2026-09-18T18:49:57.249,6,0.002,0.75,5,manhattan,0.9816,0.981,0.9828,1,404,8991,0.407310002,1.61177685,1.414289572,295
2026-09-18T18:50:02.3,6,0.002,0.75,6,manhattan,0.9875,0.9828,0.9929,1,1242,9036,0.681606004,2.759484718,1.607418306,295
2026-09-18T18:50:07.425,6,0.002,0.75,7,manhattan,0.9912,0.9876,0.9952,2,1423,8942,0.510716344,3.125252018,1.483342093,295
2026-09-18T18:50:11.149,6,0.002,0.75,8,manhattan,0.9639,0.9526,0.9783,52,755,5305,0.323574653,2.614764545,0.78342652,295
2026-09-18T18:50:12.034,6,0.002,0.75,9,manhattan,0.297,0.4807,0.3603,3,277,104,0.344697098,0.166544806,0.371119063,290
2026-09-18T18:50:17.342,6,0.002,0.8,5,manhattan,0.956,0.9511,0.9638,1,404,8959,0.600089876,1.790339042,1.610879593,295
2026-09-18T18:50:22.061,6,0.002,0.8,6,manhattan,0.9682,0.9641,0.9751,1,1242,8961,0.537615189,2.719313639,1.457468315,295
2026-09-18T18:50:27.182,6,0.002,0.8,7,manhattan,0.9976,0.9976,0.9977,3,1423,8883,0.507667613,3.348031501,1.262952385,295
2026-09-18T18:50:30.22,6,0.002,0.8,8,manhattan,0.914,0.9075,0.9407,50,755,4158,0.351876408,2.010147109,0.663851537,295
2026-09-18T18:50:31.005,6,0.002,0.8,9,manhattan,0.2848,0.4045,0.3205,1,277,23,0.393268321,0.196393835,0.192801595,237
2026-09-18T18:50:35.795,6,0.0025,0.5,5,manhattan,0.9767,0.9773,0.9776,1,404,9661,0.707578119,1.892994098,1.22849848,295
2026-09-18T18:50:41.337,6,0.0025,0.5,6,manhattan,0.9691,0.9642,0.9769,1,1242,9657,0.753644887,3.089644538,1.697557583,295
2026-09-18T18:50:46.466,6,0.0025,0.5,7,manhattan,0.9807,0.9745,0.9879,1,1423,9649,0.407761738,3.089186096,1.629289315,295
2026-09-18T18:50:50.753,6,0.0025,0.5,8,manhattan,0.9955,0.9936,0.9976,2,755,8808,0.46820005,2.564836856,1.24927004,295
2026-09-18T18:50:52.999,6,0.0025,0.5,9,manhattan,0.8355,0.854,0.8472,52,277,3938,0.45041583,1.125328272,0.667781392,295
2026-09-18T18:50:54.838,6,0.0025,0.5,10,manhattan,0.4363,0.5796,0.4669,12,103,640,1.360319164,0.192280507,0.284404197,295
2026-09-18T18:50:58.657,6,0.0025,0.55,5,manhattan,0.948,0.9506,0.948,2,404,9609,0.57509345,1.88122821,1.360235283,295
2026-09-18T18:51:03.672,6,0.0025,0.55,6,manhattan,0.9705,0.9644,0.9777,1,1242,9653,0.637427965,2.96653696,1.408612905,295
2026-09-18T18:51:08.755,6,0.0025,0.55,7,manhattan,1.0,1.0,1.0,1,1423,9642,0.65771189,3.359546307,1.062375938,295
2026-09-18T18:51:12.767,6,0.0025,0.55,8,manhattan,1.0,1.0,1.0,4,755,8718,0.3416909,2.357266876,1.311186691,295
2026-09-18T18:51:14.597,6,0.0025,0.55,9,manhattan,0.7619,0.7906,0.7722,50,277,3126,0.347805124,0.989797247,0.489803215,295
2026-09-18T18:51:16.591,6,0.0025,0.55,10,manhattan,0.2242,0.2962,0.2507,8,103,431,1.238170163,0.440035393,0.31286582,291
2026-09-18T18:51:20.559,6,0.0025,0.6,5,manhattan,0.9653,0.9572,0.9754,2,404,9535,0.591583363,1.903606479,1.471278679,295
2026-09-18T18:51:25.623,6,0.0025,0.6,6,manhattan,0.9827,0.977,0.9902,1,1242,9641,0.712877081,2.902066126,1.44625725,295
2026-09-18T18:51:31.021,6,0.0025,0.6,7,manhattan,0.9836,0.983,0.9851,4,1423,9583,0.652415093,3.251498075,1.490741895,295
2026-09-18T18:51:35.389,6,0.0025,0.6,8,manhattan,0.9914,0.988,0.995,6,755,8613,0.43771972,2.769074127,1.158728754,295
2026-09-18T18:51:37.046,6,0.0025,0.6,9,manhattan,0.5711,0.7182,0.5839,37,277,2091,0.457137329,0.742296304,0.455861669,295
2026-09-18T18:51:38.932,6,0.0025,0.6,10,manhattan,0.2388,0.3258,0.258,6,103,273,1.316763554,0.213837576,0.35295295,291
2026-09-18T18:51:42.679,6,0.0025,0.65,5,manhattan,0.9622,0.9561,0.9711,1,404,9210,0.683758387,1.671207205,1.389556938,295
2026-09-18T18:51:47.056,6,0.0025,0.65,6,manhattan,0.9772,0.9735,0.9815,1,1242,9210,0.759783907,2.328279206,1.285970543,295
2026-09-18T18:51:52.15,6,0.0025,0.65,7,manhattan,0.985,0.9802,0.9903,1,1423,9208,0.573020548,3.074257287,1.444742174,295
2026-09-18T18:51:56.672,6,0.0025,0.65,8,manhattan,1.0,1.0,1.0,10,755,8348,0.439455497,2.795459146,1.274959506,295
2026-09-18T18:51:58.081,6,0.0025,0.65,9,manhattan,0.5031,0.5835,0.5877,19,277,1056,0.365351882,0.559088799,0.483167482,295
2026-09-18T18:51:59.751,6,0.0025,0.65,10,manhattan,0.1836,0.1499,0.2736,2,103,97,1.202777726,0.186367984,0.277004045,234
2026-09-18T18:52:03.613,6,0.0025,0.7,5,manhattan,0.9518,0.9462,0.959,1,404,9153,0.706324739,1.775795759,1.37744282,295
2026-09-18T18:52:08.943,6,0.0025,0.7,6,manhattan,0.996,0.9944,0.9976,1,1242,9153,0.823154244,3.003262537,1.501401419,295
2026-09-18T18:52:14.187,6,0.0025,0.7,7,manhattan,0.994,0.9927,0.9954,3,1423,9128,0.536353359,3.204941017,1.493301245,295
2026-09-18T18:52:18.619,6,0.0025,0.7,8,manhattan,1.0,1.0,1.0,19,755,7955,0.391121247,3.026743816,1.012212741,295
2026-09-18T18:52:19.641,6,0.0025,0.7,9,manhattan,0.4456,0.498,0.4877,13,277,670,0.490202291,0.228805288,0.300036312,295
2026-09-18T18:52:21.085,6,0.0025,0.7,10,manhattan,0.2493,0.2604,0.2759,1,103,28,1.292386205,0.03972053,0.11067582,161
2026-09-18T18:52:24.411,6,0.0025,0.75,5,manhattan,0.9394,0.9347,0.949,1,404,9033,0.580160468,1.495725801,1.246987403,295
2026-09-18T18:52:29.453,6,0.0025,0.75,6,manhattan,0.9799,0.9754,0.9851,1,1242,9040,0.726790463,2.713526343,1.59929676,295
2026-09-18T18:52:34.827,6,0.0025,0.75,7,manhattan,0.9908,0.9922,0.9899,1,1423,9029,0.662378644,3.201662506,1.505245927,295
2026-09-18T18:52:39.064,6,0.0025,0.75,8,manhattan,0.9664,0.9572,0.9781,31,755,7392,0.268272572,2.902327893,1.063567648,295
2026-09-18T18:52:39.938,6,0.0025,0.75,9,manhattan,0.4589,0.5562,0.5342,6,277,370,0.357394395,0.218780346,0.295618962,295
2026-09-18T18:52:41.421,6,0.0025,0.75,10,manhattan,0.292,0.299,0.3125,1,103,24,1.249554016,0.124861723,0.105797794,149
2026-09-18T18:52:45.369,6,0.0025,0.8,5,manhattan,0.9618,0.9586,0.9658,1,404,8964,0.714983019,1.770777979,1.459894686,295
2026-09-18T18:52:50.047,6,0.0025,0.8,6,manhattan,0.9649,0.9641,0.9677,1,1242,8965,0.693316437,2.614156154,1.36832547,295
2026-09-18T18:52:55.285,6,0.0025,0.8,7,manhattan,0.9808,0.9769,0.9856,2,1423,8937,0.58665107,3.438763106,1.210485598,295
2026-09-18T18:52:59.186,6,0.0025,0.8,8,manhattan,0.9931,0.9913,0.995,32,755,6397,0.397927184,2.448806689,1.051226404,295
2026-09-18T18:52:59.702,6,0.0025,0.8,9,manhattan,0.4428,0.6065,0.487,4,277,209,0.253256669,0.107076037,0.15387775,295
2026-09-18T18:53:04.541,6,0.003,0.5,5,manhattan,0.9755,0.9734,0.9794,1,404,9665,0.594091798,1.911005023,1.040957574,295
2026-09-18T18:53:08.129,6,0.003,0.5,6,manhattan,0.973,0.9704,0.976,1,1242,9661,0.489291066,2.068187265,1.028881728,295
2026-09-18T18:53:11.806,6,0.003,0.5,7,manhattan,1.0,1.0,1.0,1,1423,9656,0.352517137,2.292088686,1.030121139,295
2026-09-18T18:53:14.833,6,0.003,0.5,8,manhattan,0.9936,0.9922,0.9951,2,755,9094,0.252431769,1.765891921,1.006040897,295
2026-09-18T18:53:16.813,6,0.003,0.5,9,manhattan,0.9304,0.9222,0.9482,44,277,5280,0.270897364,1.134099486,0.573384073,295
2026-09-18T18:53:18.242,6,0.003,0.5,10,manhattan,0.5128,0.579,0.5608,21,103,1228,0.885498606,0.253183615,0.288256038,295
2026-09-18T18:53:20.911,6,0.003,0.55,5,manhattan,0.9498,0.9415,0.9609,1,404,9659,0.285253612,1.337043987,1.045392174,295
2026-09-18T18:53:24.42,6,0.003,0.55,6,manhattan,0.9857,0.9821,0.99,1,1242,9657,0.452361062,2.03434699,1.020892882,295
2026-09-18T18:53:28.069,6,0.003,0.55,7,manhattan,0.9819,0.9771,0.9878,1,1423,9650,0.336406954,2.286895674,1.023846838,295
2026-09-18T18:53:31.044,6,0.003,0.55,8,manhattan,0.9931,0.9912,0.9952,4,755,8909,0.237207598,1.782349009,0.946816994,295
2026-09-18T18:53:32.802,6,0.003,0.55,9,manhattan,0.8407,0.8912,0.8534,43,277,4495,0.283317808,0.977217913,0.495658257,295
2026-09-18T18:53:34.078,6,0.003,0.55,10,manhattan,0.4364,0.5273,0.4772,12,103,797,0.798487471,0.206548404,0.269128273,295
2026-09-18T18:53:36.717,6,0.003,0.6,5,manhattan,0.9592,0.957,0.9624,2,404,9588,0.312525621,1.322127539,1.00171525,295
2026-09-18T18:53:40.163,6,0.003,0.6,6,manhattan,0.9918,0.9887,0.9952,1,1242,9645,0.44801509,1.97676304,1.019923268,295
2026-09-18T18:53:43.853,6,0.003,0.6,7,manhattan,0.9814,0.9766,0.9875,1,1423,9637,0.385115207,2.287756263,1.014699596,295
2026-09-18T18:53:46.824,6,0.003,0.6,8,manhattan,0.9959,0.9944,0.9975,2,755,8794,0.26200246,1.7674415,0.940148994,295
2026-09-18T18:53:48.386,6,0.003,0.6,9,manhattan,0.8646,0.8487,0.8951,44,277,3619,0.26087333,0.898609506,0.40038673,295
2026-09-18T18:53:49.56,6,0.003,0.6,10,manhattan,0.3903,0.4524,0.4322,7,103,471,0.878904639,0.099800414,0.193690541,292
2026-09-18T18:53:52.195,6,0.003,0.65,5,manhattan,0.9319,0.9261,0.945,1,404,9214,0.36477897,1.29844295,0.969381531,295
2026-09-18T18:53:55.646,6,0.003,0.65,6,manhattan,0.9744,0.9689,0.982,1,1242,9214,0.446063922,1.988807736,1.014276285,295
2026-09-18T18:53:59.274,6,0.003,0.65,7,manhattan,0.9939,0.9953,0.9926,1,1423,9212,0.348776623,2.245552022,1.031829608,295
2026-09-18T18:54:02.399,6,0.003,0.65,8,manhattan,0.9959,0.9944,0.9975,4,755,8715,0.230355285,1.945100989,0.947133726,295
2026-09-18T18:54:03.697,6,0.003,0.65,9,manhattan,0.697,0.7144,0.726,39,277,2618,0.267045034,0.701389164,0.32042053,295
2026-09-18T18:54:04.984,6,0.003,0.65,10,manhattan,0.2189,0.2848,0.2881,6,103,332,0.882707032,0.098614012,0.303036364,289
2026-09-18T18:54:07.875,6,0.003,0.7,5,manhattan,0.9764,0.9732,0.9799,1,404,9157,0.29300758,1.626066049,0.970914627,295
2026-09-18T18:54:11.329,6,0.003,0.7,6,manhattan,0.9617,0.9566,0.9694,1,1242,9157,0.452567305,1.985070784,1.01477293,295
2026-09-18T18:54:15.156,6,0.003,0.7,7,manhattan,0.991,0.9876,0.995,1,1423,9156,0.362679737,2.256577797,1.204963143,295
2026-09-18T18:54:19.723,6,0.003,0.7,8,manhattan,0.9919,0.9887,0.9953,7,755,8491,0.339166819,2.832023249,1.394410659,295
2026-09-18T18:54:20.582,6,0.003,0.7,9,manhattan,0.5318,0.5987,0.5583,21,277,1362,0.325597339,0.307991565,0.223179327,295
2026-09-18T18:54:21.668,6,0.003,0.7,10,manhattan,0.1988,0.2618,0.2412,3,103,142,0.875071864,0.063023085,0.146248449,253
2026-09-18T18:54:25.571,6,0.003,0.75,5,manhattan,0.9471,0.9406,0.955,1,404,9039,0.424598834,2.008049273,1.467638738,295
2026-09-18T18:54:30.612,6,0.003,0.75,6,manhattan,0.9834,0.9804,0.9871,1,1242,9044,0.803714286,2.934019557,1.300664756,295
2026-09-18T18:54:35.919,6,0.003,0.75,7,manhattan,0.9848,0.9828,0.9869,1,1423,9054,0.684905397,3.194143903,1.422379409,295
2026-09-18T18:54:39.595,6,0.003,0.75,8,manhattan,0.99,0.9872,0.9929,8,755,8275,0.32516027,2.43790244,0.911542658,295
2026-09-18T18:54:40.212,6,0.003,0.75,9,manhattan,0.4397,0.5751,0.4614,9,277,629,0.249343576,0.1936339,0.171424648,295
2026-09-18T18:54:41.858,6,0.003,0.75,10,manhattan,0.1991,0.2176,0.3015,1,103,34,1.397677366,0.076042142,0.17034692,181
2026-09-18T18:54:45.792,6,0.003,0.8,5,manhattan,0.9463,0.9466,0.951,1,404,8968,0.529495948,2.029997527,1.371148962,295
2026-09-18T18:54:50.842,6,0.003,0.8,6,manhattan,0.9898,0.9878,0.9918,1,1242,8969,0.692019057,2.820897042,1.533884251,295
2026-09-18T18:54:56.096,6,0.003,0.8,7,manhattan,0.9887,0.9852,0.9928,1,1423,8968,0.654942456,3.209901316,1.387809428,295
2026-09-18T18:55:00.523,6,0.003,0.8,8,manhattan,0.9918,0.9911,0.9926,22,755,7710,0.422078874,2.795781675,1.206731746,295
2026-09-18T18:55:01.509,6,0.003,0.8,9,manhattan,0.3761,0.4642,0.4182,7,277,421,0.448721889,0.287511595,0.247024272,295
2026-09-18T18:56:19.099,7,0.0015,0.5,5,manhattan,0.944,0.9505,0.94,3,408,9546,1.199391868,8.136869595,3.361840679,295
2026-09-18T18:56:24.915,7,0.0015,0.5,6,manhattan,0.9766,0.9768,0.9772,2,1213,9638,0.600142956,2.617996542,1.027756089,295
2026-09-18T18:56:29.745,7,0.0015,0.5,7,manhattan,0.983,0.9844,0.982,3,1437,9016,0.330027679,2.87171661,1.626717882,295
2026-09-18T18:56:33.504,7,0.0015,0.5,8,manhattan,0.9743,0.9698,0.9796,47,743,6835,0.283659474,2.406818818,0.915025386,295
2026-09-18T18:56:34.55,7,0.0015,0.5,9,manhattan,0.3596,0.4285,0.3852,16,280,466,0.533859101,0.361596771,0.147351809,295
2026-09-18T18:56:36.385,7,0.0015,0.5,10,manhattan,0.3553,0.4045,0.3564,5,146,93,1.227160383,0.194854733,0.405782913,215
2026-09-18T18:56:40.168,7,0.0015,0.55,5,manhattan,0.939,0.9327,0.9496,8,408,9300,0.525245939,1.992000899,1.263048347,295
2026-09-18T18:56:45.153,7,0.0015,0.55,6,manhattan,0.9693,0.9639,0.9756,6,1213,9482,0.748499089,2.706911383,1.526918341,295
2026-09-18T18:56:50.079,7,0.0015,0.55,7,manhattan,0.9794,0.9765,0.9826,2,1437,8973,0.58196075,2.980107743,1.361935168,295
2026-09-18T18:56:53.576,7,0.0015,0.55,8,manhattan,0.9669,0.9623,0.9731,54,743,5792,0.380103015,2.13800706,0.976305607,295
2026-09-18T18:56:54.108,7,0.0015,0.55,9,manhattan,0.2723,0.3311,0.3142,12,280,255,0.267366488,0.115154435,0.148133456,295
2026-09-18T18:56:55.39,7,0.0015,0.55,10,manhattan,0.3641,0.4972,0.3941,1,146,23,0.999959548,0.126856635,0.146090038,168
2026-09-18T18:56:59.403,7,0.0015,0.6,5,manhattan,0.9476,0.9454,0.9534,3,408,9024,0.604227364,1.931707764,1.47457343,295
2026-09-18T18:57:04.178,7,0.0015,0.6,6,manhattan,0.9793,0.9747,0.9845,1,1213,9064,0.719990187,2.579261355,1.473209288,295
2026-09-18T18:57:09.304,7,0.0015,0.6,7,manhattan,0.9899,0.9871,0.993,3,1437,8923,0.651064796,3.007597721,1.464552172,295
2026-09-18T18:57:12.378,7,0.0015,0.6,8,manhattan,0.9218,0.9238,0.9287,62,743,4821,0.270188288,2.081488707,0.72008999,295
2026-09-18T18:57:13.203,7,0.0015,0.6,9,manhattan,0.2308,0.3084,0.3248,3,280,87,0.354181115,0.184860443,0.283694769,274
2026-09-18T18:57:14.797,7,0.0015,0.6,10,manhattan,0.2886,0.3347,0.3342,1,146,19,1.334164707,0.120744119,0.136483498,147
2026-09-18T18:57:18.495,7,0.0015,0.65,5,manhattan,0.955,0.9478,0.9672,1,408,8965,0.654490376,1.688586914,1.352378496,295
2026-09-18T18:57:23.025,7,0.0015,0.65,6,manhattan,0.9656,0.9628,0.9696,1,1213,9004,0.788727565,2.697355832,1.04161559,295
2026-09-18T18:57:27.924,7,0.0015,0.65,7,manhattan,0.9889,0.9928,0.9853,5,1437,8875,0.349388042,3.061318928,1.486671698,295
2026-09-18T18:57:30.384,7,0.0015,0.65,8,manhattan,0.8174,0.8579,0.8549,68,743,3648,0.211511767,1.642257088,0.603757471,295
2026-09-18T18:57:31.199,7,0.0015,0.65,9,manhattan,0.3757,0.4368,0.3924,2,280,43,0.295615502,0.219346431,0.298760109,235
2026-09-18T18:57:37.991,7,0.0015,0.7,5,manhattan,0.9497,0.951,0.9504,4,408,8918,0.620108311,2.03108741,1.304611405,295
2026-09-18T18:57:42.819,7,0.0015,0.7,6,manhattan,0.9926,0.9925,0.9926,1,1213,8979,0.701691681,2.815218856,1.307719416,295
2026-09-18T18:57:47.721,7,0.0015,0.7,7,manhattan,0.9959,0.9976,0.9942,2,1437,8795,0.564567738,2.96257379,1.372360878,295
2026-09-18T18:57:49.648,7,0.0015,0.7,8,manhattan,0.7736,0.7748,0.7871,71,743,2439,0.362995862,1.111897929,0.449338152,295
2026-09-18T18:57:50.226,7,0.0015,0.7,9,manhattan,0.2441,0.3744,0.2666,1,280,16,0.422128308,0.080172993,0.0733152,149
2026-09-18T18:57:55.083,7,0.0015,0.75,5,manhattan,0.9424,0.9374,0.9491,13,408,8752,0.534489299,1.962613544,1.360167414,295
2026-09-18T18:57:59.834,7,0.0015,0.75,6,manhattan,1.0,1.0,1.0,1,1213,8957,0.690961044,2.67216559,1.384790335,295
2026-09-18T18:58:04.69,7,0.0015,0.75,7,manhattan,0.9936,0.9921,0.9954,5,1437,8708,0.505343241,3.088931828,1.257133737,295
2026-09-18T18:58:06.067,7,0.0015,0.75,8,manhattan,0.5456,0.6502,0.5681,40,743,1099,0.306700303,0.649692903,0.399024297,295
2026-09-18T18:58:11.958,7,0.0015,0.8,5,manhattan,0.9411,0.9339,0.9514,27,408,8351,0.398271267,2.448766125,1.293452642,295
2026-09-18T18:58:16.618,7,0.0015,0.8,6,manhattan,0.9834,0.9857,0.982,2,1213,8901,0.680015926,2.572755632,1.404367287,295
2026-09-18T18:58:21.037,7,0.0015,0.8,7,manhattan,0.996,0.9944,0.9977,8,1437,8554,0.628137554,2.834368868,0.954161215,295
2026-09-18T18:58:21.833,7,0.0015,0.8,8,manhattan,0.498,0.5866,0.5204,18,743,409,0.212517204,0.304046053,0.276983364,295
2026-09-18T18:58:27.494,7,0.002,0.5,5,manhattan,0.9383,0.9486,0.9305,2,408,9592,0.74443634,1.907294786,1.239771873,295
2026-09-18T18:58:32.383,7,0.002,0.5,6,manhattan,0.9936,0.9921,0.9954,1,1213,9648,0.776126648,2.624393401,1.478320907,295
2026-09-18T18:58:37.651,7,0.002,0.5,7,manhattan,0.9964,0.9951,0.9977,7,1437,9451,0.576008311,3.127405268,1.56244783,295
2026-09-18T18:58:41.832,7,0.002,0.5,8,manhattan,0.9906,0.9952,0.9867,6,743,8362,0.348011119,2.514027498,1.316292512,295
2026-09-18T18:58:43.136,7,0.002,0.5,9,manhattan,0.5656,0.6435,0.5827,42,280,1609,0.492890457,0.471729502,0.336054418,295
2026-09-18T18:58:44.905,7,0.002,0.5,10,manhattan,0.2538,0.3627,0.2992,10,146,369,1.132314933,0.195825188,0.435315405,289
2026-09-18T18:58:48.486,7,0.002,0.55,5,manhattan,0.9608,0.9586,0.964,3,408,9461,0.654185099,1.894369176,1.029944749,295
2026-09-18T18:58:53.249,7,0.002,0.55,6,manhattan,0.9912,0.9896,0.9929,3,1213,9620,0.44397706,2.618964074,1.697694367,295
2026-09-18T18:58:58.263,7,0.002,0.55,7,manhattan,0.9919,0.9919,0.9919,4,1437,9113,0.389055071,2.991408914,1.631923989,295
2026-09-18T18:59:02.51,7,0.002,0.55,8,manhattan,0.9954,0.9977,0.9933,14,743,8064,0.294504605,2.785269413,1.165179344,295
2026-09-18T18:59:03.785,7,0.002,0.55,9,manhattan,0.414,0.4966,0.4409,27,280,1021,0.365527123,0.505152016,0.379738234,295
2026-09-18T18:59:05.72,7,0.002,0.55,10,manhattan,0.2502,0.3092,0.3641,6,146,204,1.136986761,0.347310401,0.446905439,280
2026-09-18T18:59:09.511,7,0.002,0.6,5,manhattan,0.9564,0.9462,0.9696,4,408,9094,0.41356876,1.877724442,1.497137636,295
2026-09-18T18:59:14.161,7,0.002,0.6,6,manhattan,0.9778,0.9762,0.9796,2,1213,9131,0.736007605,2.484515474,1.427019773,295
2026-09-18T18:59:18.698,7,0.002,0.6,7,manhattan,0.9964,0.9951,0.9977,1,1437,8984,0.646367057,2.81893246,1.068543346,295
2026-09-18T18:59:22.942,7,0.002,0.6,8,manhattan,0.9884,0.99,0.9874,22,743,7518,0.402347978,2.519594554,1.319799387,295
2026-09-18T18:59:23.984,7,0.002,0.6,9,manhattan,0.3036,0.3754,0.3709,14,280,535,0.313382237,0.534799674,0.191872656,295
2026-09-18T18:59:25.486,7,0.002,0.6,10,manhattan,0.298,0.3431,0.2883,3,146,81,1.060705539,0.141275104,0.297962312,218
2026-09-18T18:59:29.578,7,0.002,0.65,5,manhattan,0.9742,0.967,0.9828,1,408,8994,0.618573617,1.83883782,1.632153209,295
2026-09-18T18:59:34.433,7,0.002,0.65,6,manhattan,1.0,1.0,1.0,1,1213,9029,0.618905643,2.607187912,1.62572976,295
2026-09-18T18:59:39.336,7,0.002,0.65,7,manhattan,0.9908,0.9925,0.9892,1,1437,8979,0.469716255,3.10317304,1.325451578,295
2026-09-18T18:59:42.815,7,0.002,0.65,8,manhattan,0.9865,0.9847,0.9884,37,743,6858,0.280283996,2.235058406,0.961575924,295
2026-09-18T18:59:43.799,7,0.002,0.65,9,manhattan,0.4607,0.5142,0.4687,10,280,354,0.371665201,0.306315268,0.304010853,295
2026-09-18T18:59:45.503,7,0.002,0.65,10,manhattan,0.2926,0.3103,0.297,1,146,37,1.257110131,0.1546829,0.270494682,197
2026-09-18T18:59:48.512,7,0.002,0.7,5,manhattan,0.9508,0.9501,0.9521,1,408,8968,0.283827608,1.29743744,1.343225227,295
2026-09-18T18:59:53.587,7,0.002,0.7,6,manhattan,0.9825,0.9841,0.981,1,1213,8988,0.672416208,2.791176805,1.609308868,295
2026-09-18T18:59:58.52,7,0.002,0.7,7,manhattan,0.9955,0.9936,0.9975,3,1437,8923,0.368289698,3.008185717,1.554836378,295
2026-09-18T19:00:01.983,7,0.002,0.7,8,manhattan,0.9822,0.9795,0.9859,40,743,5930,0.376653411,2.302837421,0.78053273,295
2026-09-18T19:00:03.083,7,0.002,0.7,9,manhattan,0.294,0.4956,0.352,5,280,177,0.452027254,0.347089004,0.299010561,292
2026-09-18T19:00:08.461,7,0.002,0.75,5,manhattan,0.977,0.9765,0.9782,1,408,8959,0.644940686,1.988515469,1.474425854,295
2026-09-18T19:00:13.354,7,0.002,0.75,6,manhattan,0.989,0.9896,0.9887,1,1213,8965,0.638160836,2.733084647,1.520526181,295
2026-09-18T19:00:18.142,7,0.002,0.75,7,manhattan,0.9939,0.9953,0.9925,1,1437,8814,0.603917128,2.713995885,1.466956531,295
2026-09-18T19:00:20.669,7,0.002,0.75,8,manhattan,0.9403,0.9338,0.9478,42,743,4737,0.261799153,1.72119808,0.541721511,295
2026-09-18T19:00:21.482,7,0.002,0.75,9,manhattan,0.2501,0.3943,0.3102,2,280,59,0.379327846,0.173275857,0.257853256,271
2026-09-18T19:00:26.816,7,0.002,0.8,5,manhattan,0.9675,0.9638,0.9718,6,408,8847,0.492482024,2.037743502,1.4442884,295
2026-09-18T19:00:31.421,7,0.002,0.8,6,manhattan,0.9712,0.9664,0.9772,1,1213,8942,0.715252009,2.673969104,1.212330504,295
2026-09-18T19:00:36.599,7,0.002,0.8,7,manhattan,0.9964,0.9951,0.9977,2,1437,8766,0.594387485,3.238896594,1.342445518,295
2026-09-18T19:00:38.799,7,0.002,0.8,8,manhattan,0.9486,0.9502,0.9488,44,743,3463,0.23288895,1.460803786,0.503499639,295
2026-09-18T19:00:39.733,7,0.002,0.8,9,manhattan,0.2854,0.3289,0.3004,1,280,20,0.492608298,0.226174821,0.212722676,176
2026-09-18T19:00:45.097,7,0.0025,0.5,5,manhattan,0.941,0.9434,0.9422,3,408,9635,0.867699497,1.825336229,1.4567914,295
2026-09-18T19:00:50.113,7,0.0025,0.5,6,manhattan,0.9487,0.9425,0.957,1,1213,9652,0.703437575,2.839557173,1.465447468,295
2026-09-18T19:00:55.063,7,0.0025,0.5,7,manhattan,0.9964,0.9951,0.9977,3,1437,9605,0.645919653,2.760434454,1.54167191,295
2026-09-18T19:00:58.726,7,0.0025,0.5,8,manhattan,0.9921,0.9892,0.9954,9,743,8759,0.438296373,1.936157496,1.284631817,295
2026-09-18T19:01:00.739,7,0.0025,0.5,9,manhattan,0.7582,0.7618,0.7933,56,280,3453,0.474200699,0.90568747,0.630605468,295
2026-09-18T19:01:02.704,7,0.0025,0.5,10,manhattan,0.3174,0.4203,0.3755,18,146,862,1.190989778,0.314642034,0.457771288,295
2026-09-18T19:01:06.92,7,0.0025,0.55,5,manhattan,0.9092,0.9035,0.9178,3,408,9505,0.800705918,2.060301143,1.352338756,295
2026-09-18T19:01:11.893,7,0.0025,0.55,6,manhattan,0.9793,0.9752,0.9839,2,1213,9640,0.773961356,2.69802163,1.498133924,295
2026-09-18T19:01:17.026,7,0.0025,0.55,7,manhattan,0.9923,0.9921,0.9926,4,1437,9327,0.521357866,3.114895283,1.4931696,295
2026-09-18T19:01:21.0,7,0.0025,0.55,8,manhattan,0.9761,0.9743,0.978,7,743,8511,0.346542076,2.421394388,1.204153617,295
2026-09-18T19:01:22.561,7,0.0025,0.55,9,manhattan,0.7111,0.7277,0.7291,51,280,2441,0.449817195,0.755386627,0.347590814,295
2026-09-18T19:01:24.293,7,0.0025,0.55,10,manhattan,0.2473,0.389,0.3038,10,146,497,1.118004369,0.248541168,0.362678364,293
2026-09-18T19:01:28.288,7,0.0025,0.6,5,manhattan,0.9373,0.9302,0.9483,2,408,9157,0.759732157,1.853447097,1.379952354,295
2026-09-18T19:01:32.892,7,0.0025,0.6,6,manhattan,0.9633,0.9605,0.9701,2,1213,9167,0.684789443,2.645042628,1.270659215,295
2026-09-18T19:01:37.509,7,0.0025,0.6,7,manhattan,0.988,0.9891,0.9874,2,1437,9068,0.361796408,2.894553683,1.359286155,295
2026-09-18T19:01:41.369,7,0.0025,0.6,8,manhattan,0.9963,0.9951,0.9975,5,743,8372,0.250587729,2.234138386,1.372710713,295
2026-09-18T19:01:42.48,7,0.0025,0.6,9,manhattan,0.5686,0.63,0.6122,32,280,1475,0.45755429,0.342595131,0.308472598,295
2026-09-18T19:01:44.078,7,0.0025,0.6,10,manhattan,0.306,0.4907,0.3438,5,146,276,1.298275327,0.107389613,0.190234178,284
2026-09-18T19:01:47.943,7,0.0025,0.65,5,manhattan,0.9699,0.9613,0.9808,1,408,9023,0.559473439,1.826959901,1.473454291,295
2026-09-18T19:01:52.4,7,0.0025,0.65,6,manhattan,0.9858,0.9821,0.9901,1,1213,9039,0.738539633,2.476392923,1.237907598,295
2026-09-18T19:01:57.602,7,0.0025,0.65,7,manhattan,0.9923,0.9921,0.9926,2,1437,9031,0.652915662,2.970450987,1.566870044,295
2026-09-18T19:02:01.686,7,0.0025,0.65,8,manhattan,0.9919,0.9919,0.9919,6,743,8164,0.416776923,2.412001912,1.251839203,295
2026-09-18T19:02:02.768,7,0.0025,0.65,9,manhattan,0.3748,0.4461,0.4013,18,280,901,0.410790261,0.300832163,0.369003896,295
2026-09-18T19:02:04.471,7,0.0025,0.65,10,manhattan,0.2183,0.3297,0.2833,4,146,154,1.164990354,0.217942341,0.299980657,252
2026-09-18T19:02:08.118,7,0.0025,0.7,5,manhattan,0.9283,0.9242,0.9333,1,408,8991,0.590432577,1.623641852,1.430303645,295
2026-09-18T19:02:12.411,7,0.0025,0.7,6,manhattan,0.9672,0.9715,0.9634,1,1213,8992,0.741030875,2.209306499,1.330005514,295
2026-09-18T19:02:17.331,7,0.0025,0.7,7,manhattan,0.9912,0.9952,0.9876,1,1437,8977,0.605065321,2.909032146,1.402745781,295
2026-09-18T19:02:21.683,7,0.0025,0.7,8,manhattan,0.9866,0.9896,0.9844,20,743,7689,0.414756622,2.599636315,1.335916747,295
2026-09-18T19:02:22.667,7,0.0025,0.7,9,manhattan,0.3866,0.4606,0.4411,12,280,551,0.266797978,0.393202391,0.321211104,295
2026-09-18T19:02:24.097,7,0.0025,0.7,10,manhattan,0.2796,0.3659,0.288,2,146,69,1.154681419,0.156380743,0.116294526,217
2026-09-18T19:02:27.949,7,0.0025,0.75,5,manhattan,0.9478,0.9449,0.9537,1,408,8968,0.599644862,1.865137912,1.384929458,295
2026-09-18T19:02:32.545,7,0.0025,0.75,6,manhattan,0.9899,0.9892,0.991,1,1213,8969,0.659796922,2.578328693,1.355827401,295
2026-09-18T19:02:37.761,7,0.0025,0.75,7,manhattan,1.0,1.0,1.0,1,1437,8904,0.673107637,3.169182694,1.369859928,295
2026-09-18T19:02:41.582,7,0.0025,0.75,8,manhattan,0.9913,0.992,0.9909,29,743,6965,0.408123509,2.455548978,0.952369715,295
2026-09-18T19:02:42.609,7,0.0025,0.75,9,manhattan,0.3471,0.4614,0.396,9,280,371,0.400227873,0.271755388,0.352841348,295
2026-09-18T19:02:44.106,7,0.0025,0.75,10,manhattan,0.3093,0.3197,0.3341,1,146,34,1.156281415,0.143199792,0.179670532,185
2026-09-18T19:02:47.651,7,0.0025,0.8,5,manhattan,0.9442,0.9435,0.9476,1,408,8946,0.626634568,1.852803649,1.063998977,295
2026-09-18T19:02:52.303,7,0.0025,0.8,6,manhattan,0.9922,0.9922,0.9925,1,1213,8946,0.622345539,2.672102384,1.355067109,295
2026-09-18T19:02:57.57,7,0.0025,0.8,7,manhattan,0.9811,0.9764,0.9869,1,1437,8810,0.510659985,3.093475078,1.646645361,295
2026-09-18T19:03:00.723,7,0.0025,0.8,8,manhattan,0.9805,0.9774,0.9839,29,743,5801,0.314162784,1.903626577,0.932576603,295
2026-09-18T19:03:01.915,7,0.0025,0.8,9,manhattan,0.4479,0.5388,0.4791,5,280,212,0.402850765,0.335950145,0.4507655,295
2026-09-18T19:03:07.184,7,0.003,0.5,5,manhattan,0.9183,0.9183,0.921,2,408,9655,0.476279597,1.917945663,1.508525131,295
2026-09-18T19:03:11.948,7,0.003,0.5,6,manhattan,0.9756,0.9722,0.9805,1,1213,9656,0.645109284,2.645038507,1.471760988,295
2026-09-18T19:03:17.184,7,0.003,0.5,7,manhattan,0.9963,0.9977,0.9949,1,1437,9642,0.570411225,2.911734169,1.743041524,295
2026-09-18T19:03:21.29,7,0.003,0.5,8,manhattan,0.9851,0.9844,0.9864,2,743,8969,0.401905463,2.375206341,1.326248329,295
2026-09-18T19:03:23.846,7,0.003,0.5,9,manhattan,0.8986,0.8908,0.9107,43,280,4732,0.449653557,1.265466091,0.839252622,295
2026-09-18T19:03:25.728,7,0.003,0.5,10,manhattan,0.5272,0.5698,0.5779,25,146,1447,0.961742565,0.440506713,0.476068956,295
2026-09-18T19:03:29.382,7,0.003,0.55,5,manhattan,0.9424,0.95,0.9382,2,408,9584,0.411804218,1.864798902,1.3752213,295
2026-09-18T19:03:34.571,7,0.003,0.55,6,manhattan,0.9676,0.9662,0.9697,1,1213,9649,0.729763228,2.776835371,1.67949301,295
2026-09-18T19:03:39.622,7,0.003,0.55,7,manhattan,0.9931,0.9911,0.9952,3,1437,9478,0.43744801,3.005193643,1.607126885,295
2026-09-18T19:03:43.779,7,0.003,0.55,8,manhattan,0.9906,0.9928,0.9887,6,743,8844,0.462549205,2.476800447,1.214537491,295
2026-09-18T19:03:45.864,7,0.003,0.55,9,manhattan,0.7997,0.8085,0.799,50,280,3977,0.425391786,1.041050992,0.617062041,295
2026-09-18T19:03:47.953,7,0.003,0.55,10,manhattan,0.271,0.356,0.3127,17,146,965,1.421274833,0.363173749,0.301466043,295
2026-09-18T19:03:51.73,7,0.003,0.6,5,manhattan,0.9491,0.9403,0.9608,1,408,9176,0.590213834,1.799865992,1.384955789,295
2026-09-18T19:03:56.515,7,0.003,0.6,6,manhattan,0.9931,0.9912,0.9952,1,1213,9174,0.634187073,2.630598247,1.517313688,295
2026-09-18T19:04:01.38,7,0.003,0.6,7,manhattan,0.9936,0.9921,0.9952,2,1437,9147,0.359133985,3.030879129,1.472834729,295
2026-09-18T19:04:04.909,7,0.003,0.6,8,manhattan,0.9852,0.9875,0.9834,6,743,8642,0.271475395,1.958094458,1.296550525,295
2026-09-18T19:04:06.572,7,0.003,0.6,9,manhattan,0.6014,0.6395,0.6347,45,280,2840,0.432473629,0.839327631,0.388531611,295
2026-09-18T19:04:07.879,7,0.003,0.6,10,manhattan,0.1562,0.3983,0.2446,10,146,562,0.871183324,0.180753771,0.253586717,295
2026-09-18T19:04:10.516,7,0.003,0.65,5,manhattan,0.9609,0.9556,0.9672,1,408,9036,0.363414701,1.262522696,1.00915549,295
2026-09-18T19:04:13.81,7,0.003,0.65,6,manhattan,0.982,0.983,0.9812,1,1213,9043,0.446705204,1.854615194,0.990872,295
2026-09-18T19:04:17.343,7,0.003,0.65,7,manhattan,0.9923,0.9921,0.9926,1,1437,9045,0.354211845,2.123265574,1.053121535,295
2026-09-18T19:04:20.148,7,0.003,0.65,8,manhattan,1.0,1.0,1.0,5,743,8432,0.234669067,1.641132084,0.927509264,295
2026-09-18T19:04:21.12,7,0.003,0.65,9,manhattan,0.5323,0.5997,0.5653,29,280,1725,0.263506635,0.376405684,0.330261357,295
2026-09-18T19:04:22.318,7,0.003,0.65,10,manhattan,0.1446,0.1453,0.2287,5,146,321,0.85281742,0.152594224,0.191183391,288
2026-09-18T19:04:24.949,7,0.003,0.7,5,manhattan,0.9522,0.9588,0.9481,1,408,8995,0.381066756,1.26990877,0.977829614,295
2026-09-18T19:04:28.284,7,0.003,0.7,6,manhattan,0.9936,0.9921,0.9952,1,1213,8996,0.442812804,1.883516456,1.007523648,295
2026-09-18T19:04:31.788,7,0.003,0.7,7,manhattan,0.9917,0.9911,0.9925,1,1437,8981,0.339252245,2.141798329,1.020340514,295
2026-09-18T19:04:34.693,7,0.003,0.7,8,manhattan,0.9916,0.9953,0.9883,3,743,8279,0.229729537,1.766144977,0.90682777,295
2026-09-18T19:04:35.407,7,0.003,0.7,9,manhattan,0.5197,0.5775,0.5365,21,280,1119,0.268241041,0.237376537,0.206740624,295
2026-09-18T19:04:36.542,7,0.003,0.7,10,manhattan,0.2026,0.31,0.2916,4,146,192,0.878085606,0.071159267,0.183813871,285
2026-09-18T19:04:39.189,7,0.003,0.75,5,manhattan,0.9369,0.9378,0.9427,1,408,8972,0.362873431,1.287129275,0.995178139,295
2026-09-18T19:04:42.496,7,0.003,0.75,6,manhattan,0.974,0.9691,0.9797,1,1213,8973,0.438828285,1.866365584,0.999861212,295
2026-09-18T19:04:45.989,7,0.003,0.75,7,manhattan,0.9912,0.9876,0.9952,1,1437,8916,0.376563455,2.122421542,0.992523049,295
2026-09-18T19:04:48.892,7,0.003,0.75,8,manhattan,0.9954,0.9976,0.9933,10,743,8064,0.229355886,1.773371462,0.898746776,295
2026-09-18T19:04:49.561,7,0.003,0.75,9,manhattan,0.4166,0.4661,0.4454,14,280,680,0.301423091,0.186035035,0.178906607,295
2026-09-18T19:04:50.573,7,0.003,0.75,10,manhattan,0.1816,0.1903,0.2248,1,146,57,0.831620638,0.042017192,0.136424622,215
2026-09-18T19:04:53.14,7,0.003,0.8,5,manhattan,0.9224,0.9159,0.9336,1,408,8950,0.349800874,1.256740321,0.957949132,295
2026-09-18T19:04:56.435,7,0.003,0.8,6,manhattan,0.9793,0.9753,0.9839,1,1213,8950,0.448558444,1.838564182,1.006802325,295
2026-09-18T19:04:59.917,7,0.003,0.8,7,manhattan,0.9877,0.9856,0.9902,1,1437,8877,0.326063123,2.141744831,1.012315672,295
2026-09-18T19:05:02.639,7,0.003,0.8,8,manhattan,0.9913,0.992,0.9908,21,743,7449,0.205389753,1.69130493,0.822901642,295
2026-09-18T19:05:03.28,7,0.003,0.8,9,manhattan,0.3099,0.4274,0.3241,9,280,455,0.256298866,0.164822468,0.218329262,295
2026-09-18T19:05:04.36,7,0.003,0.8,10,manhattan,0.1994,0.2048,0.2141,1,146,42,0.908782141,0.053480883,0.115826309,194
2026-09-18T19:06:16.082,8,0.0015,0.5,5,manhattan,0.9521,0.9474,0.9574,2,414,9638,1.906916874,7.964782317,3.643556391,295
2026-09-18T19:06:22.207,8,0.0015,0.5,6,manhattan,0.9632,0.9554,0.9738,1,1229,9676,0.454150781,2.544566262,1.603684752,295
2026-09-18T19:06:27.642,8,0.0015,0.5,7,manhattan,0.9938,0.9936,0.9942,5,1466,9440,0.691640741,3.101916873,1.639512673,295
2026-09-18T19:06:31.871,8,0.0015,0.5,8,manhattan,0.9807,0.9796,0.9829,42,784,7075,0.380342292,2.829002816,1.015794052,295
2026-09-18T19:06:33.031,8,0.0015,0.5,9,manhattan,0.3866,0.5317,0.4522,18,313,600,0.527910103,0.378834277,0.248832057,295
2026-09-18T19:06:34.771,8,0.0015,0.5,10,manhattan,0.19,0.241,0.2266,2,146,35,1.381749441,0.160885721,0.195404743,175
2026-09-18T19:06:38.551,8,0.0015,0.55,5,manhattan,0.9527,0.9502,0.9564,2,414,9616,0.509300732,1.935439178,1.33250388,295
2026-09-18T19:06:42.671,8,0.0015,0.55,6,manhattan,0.9609,0.9515,0.9734,1,1229,9672,0.653128748,2.337403656,1.127500489,295
2026-09-18T19:06:47.92,8,0.0015,0.55,7,manhattan,0.9847,0.9797,0.9904,7,1466,9250,0.575054069,3.324381582,1.34712,295
2026-09-18T19:06:51.694,8,0.0015,0.55,8,manhattan,0.9871,0.9821,0.9927,55,784,6276,0.352889399,2.374720244,1.044354349,295
2026-09-18T19:06:52.549,8,0.0015,0.55,9,manhattan,0.3766,0.5212,0.4356,12,313,384,0.396845526,0.184610132,0.271901636,295
2026-09-18T19:06:59.044,8,0.0015,0.6,5,manhattan,0.9583,0.9559,0.9622,3,414,9535,0.488959576,1.909339532,1.356293663,295
2026-09-18T19:07:03.93,8,0.0015,0.6,6,manhattan,0.9917,0.9887,0.995,2,1229,9637,0.798048873,2.913013453,1.170021795,295
2026-09-18T19:07:08.605,8,0.0015,0.6,7,manhattan,0.9869,0.9853,0.9893,4,1466,9099,0.352206489,2.941535408,1.379689052,295
2026-09-18T19:07:12.015,8,0.0015,0.6,8,manhattan,0.9717,0.9657,0.9787,66,784,5266,0.446858435,2.033128244,0.926963873,295
2026-09-18T19:07:12.967,8,0.0015,0.6,9,manhattan,0.2835,0.4046,0.3386,7,313,159,0.278837651,0.346531461,0.325300455,294
2026-09-18T19:07:18.272,8,0.0015,0.65,5,manhattan,0.9458,0.939,0.9552,3,414,9355,0.664717525,1.812082573,1.565438506,295
2026-09-18T19:07:23.005,8,0.0015,0.65,6,manhattan,0.9871,0.9821,0.9927,7,1229,9416,0.64714013,2.788990212,1.294436706,295
2026-09-18T19:07:27.955,8,0.0015,0.65,7,manhattan,0.991,0.9876,0.995,3,1466,8993,0.706542373,3.186276507,1.054440978,295
2026-09-18T19:07:30.275,8,0.0015,0.65,8,manhattan,0.895,0.8879,0.9045,74,784,4032,0.197579673,1.395258367,0.725429782,295
2026-09-18T19:07:31.2,8,0.0015,0.65,9,manhattan,0.3873,0.4221,0.4288,3,313,50,0.394466449,0.179109985,0.349400194,256
2026-09-18T19:07:36.621,8,0.0015,0.7,5,manhattan,0.9625,0.959,0.9681,4,414,9047,0.559009972,1.995669738,1.608333394,295
2026-09-18T19:07:41.654,8,0.0015,0.7,6,manhattan,0.9877,0.9856,0.9901,3,1229,9129,0.633258602,2.863403667,1.534756079,295
2026-09-18T19:07:46.6,8,0.0015,0.7,7,manhattan,0.9955,0.9936,0.9975,4,1466,8905,0.414249434,3.103883396,1.423574708,295
2026-09-18T19:07:48.622,8,0.0015,0.7,8,manhattan,0.786,0.7931,0.8133,71,784,2613,0.403073909,1.096666576,0.519883375,295
2026-09-18T19:07:54.687,8,0.0015,0.75,5,manhattan,0.9626,0.9546,0.9723,7,414,8929,0.618570614,2.060582046,1.405057879,295
2026-09-18T19:07:58.844,8,0.0015,0.75,6,manhattan,0.9587,0.9471,0.9755,1,1229,9090,0.492539784,2.202682046,1.459297168,295
2026-09-18T19:08:04.036,8,0.0015,0.75,7,manhattan,0.9821,0.9796,0.9857,6,1466,8816,0.565507034,3.281913913,1.342262603,295
2026-09-18T19:08:05.599,8,0.0015,0.75,8,manhattan,0.6465,0.6666,0.6821,44,784,1383,0.409807454,0.853797993,0.297339327,295
2026-09-18T19:08:11.491,8,0.0015,0.8,5,manhattan,0.8737,0.8682,0.9051,30,414,8445,0.547762161,2.085820409,1.290940936,295
2026-09-18T19:08:16.519,8,0.0015,0.8,6,manhattan,0.9518,0.9533,0.9504,2,1229,8983,0.744808175,2.964238713,1.31732995,295
2026-09-18T19:08:21.283,8,0.0015,0.8,7,manhattan,0.9816,0.9766,0.9878,8,1466,8633,0.44613074,3.034346828,1.279655909,295
2026-09-18T19:08:22.466,8,0.0015,0.8,8,manhattan,0.4339,0.6171,0.4738,21,784,508,0.392154118,0.59428342,0.194731704,295
2026-09-18T19:08:27.647,8,0.002,0.5,5,manhattan,0.9487,0.9365,0.9684,1,414,9682,0.463763731,1.754759364,1.399948448,295
2026-09-18T19:08:32.841,8,0.002,0.5,6,manhattan,0.964,0.9588,0.9713,1,1229,9680,0.880794715,2.81171203,1.496889315,295
2026-09-18T19:08:38.096,8,0.002,0.5,7,manhattan,0.9922,0.9955,0.9892,1,1466,9653,0.560137835,3.339318663,1.352984597,295
2026-09-18T19:08:42.549,8,0.002,0.5,8,manhattan,0.9881,0.9895,0.9869,8,784,8483,0.425780991,2.675625355,1.34928077,295
2026-09-18T19:08:44.298,8,0.002,0.5,9,manhattan,0.4804,0.576,0.566,44,313,1912,0.343640487,0.898532118,0.504982081,295
2026-09-18T19:08:46.207,8,0.002,0.5,10,manhattan,0.2731,0.3748,0.2995,11,146,377,1.191499759,0.26850633,0.44616161,293
2026-09-18T19:08:50.013,8,0.002,0.55,5,manhattan,0.941,0.9328,0.9533,2,414,9642,0.418738397,1.822235625,1.456539233,295
2026-09-18T19:08:54.343,8,0.002,0.55,6,manhattan,0.9776,0.9706,0.9856,1,1229,9676,0.687044142,2.252184888,1.389131208,295
2026-09-18T19:08:59.6,8,0.002,0.55,7,manhattan,0.9837,0.978,0.9906,4,1466,9562,0.560982427,3.173603184,1.518289828,295
2026-09-18T19:09:03.723,8,0.002,0.55,8,manhattan,0.9832,0.9817,0.9853,15,784,8214,0.243712085,2.62456866,1.244719441,295
2026-09-18T19:09:05.116,8,0.002,0.55,9,manhattan,0.5673,0.625,0.6005,27,313,1159,0.494129082,0.504980894,0.392154676,295
2026-09-18T19:09:06.789,8,0.002,0.55,10,manhattan,0.2771,0.3607,0.311,6,146,178,1.10516989,0.197267156,0.368486414,289
2026-09-18T19:09:10.643,8,0.002,0.6,5,manhattan,0.9646,0.9587,0.9726,2,414,9595,0.486890722,1.972936257,1.391811859,295
2026-09-18T19:09:15.587,8,0.002,0.6,6,manhattan,0.9761,0.9689,0.9853,1,1229,9651,0.754205069,2.783855521,1.402827658,295
2026-09-18T19:09:20.866,8,0.002,0.6,7,manhattan,0.986,0.9905,0.9818,3,1466,9432,0.593216174,3.115427419,1.568335849,295
2026-09-18T19:09:24.429,8,0.002,0.6,8,manhattan,0.9812,0.9807,0.9828,31,784,7726,0.231626176,2.048819882,1.278992347,295
2026-09-18T19:09:25.759,8,0.002,0.6,9,manhattan,0.5649,0.5798,0.5894,17,313,777,0.361227871,0.521806098,0.444139912,295
2026-09-18T19:09:27.548,8,0.002,0.6,10,manhattan,0.2655,0.2803,0.3129,2,146,45,1.363982029,0.123494417,0.298746455,198
2026-09-18T19:09:31.394,8,0.002,0.65,5,manhattan,0.9408,0.9334,0.9558,2,414,9511,0.449485361,2.02366344,1.3705856,295
2026-09-18T19:09:36.156,8,0.002,0.65,6,manhattan,0.9668,0.9615,0.9749,2,1229,9635,0.835007412,2.653836314,1.270818322,295
2026-09-18T19:09:40.855,8,0.002,0.65,7,manhattan,0.9869,0.9821,0.9925,5,1466,9221,0.646192878,2.667070834,1.379952096,295
2026-09-18T19:09:44.004,8,0.002,0.65,8,manhattan,0.9913,0.9897,0.993,39,784,7114,0.203290206,2.146589697,0.797791601,295
2026-09-18T19:09:45.06,8,0.002,0.65,9,manhattan,0.4663,0.5865,0.4911,14,313,538,0.496704482,0.241547003,0.315415494,295
2026-09-18T19:09:49.24,8,0.002,0.7,5,manhattan,0.9482,0.9438,0.9561,2,414,9199,0.503047056,1.263323855,1.01745367,295
2026-09-18T19:09:53.558,8,0.002,0.7,6,manhattan,0.9633,0.9568,0.9717,2,1229,9169,0.640628267,2.482943844,1.191938991,295
2026-09-18T19:09:58.431,8,0.002,0.7,7,manhattan,0.9833,0.983,0.9844,2,1466,9076,0.632544897,2.675175437,1.561835922,295
2026-09-18T19:10:02.087,8,0.002,0.7,8,manhattan,0.9802,0.9742,0.9877,40,784,6254,0.496696171,2.205379298,0.950650122,295
2026-09-18T19:10:03.269,8,0.002,0.7,9,manhattan,0.4863,0.543,0.5115,3,313,194,0.536570564,0.298225369,0.345684465,295
2026-09-18T19:10:10.081,8,0.002,0.75,5,manhattan,0.9588,0.9535,0.9654,1,414,9101,0.621898069,2.357333723,2.321872605,295
2026-09-18T19:10:17.879,8,0.002,0.75,6,manhattan,0.9633,0.9525,0.9783,1,1229,9104,0.977274071,4.228163715,2.589227391,295
2026-09-18T19:10:27.105,8,0.002,0.75,7,manhattan,0.9964,0.9951,0.9977,1,1466,8994,0.856513525,5.613411951,2.753482627,295
2026-09-18T19:10:33.033,8,0.002,0.75,8,manhattan,0.9776,0.9721,0.9837,50,784,5291,0.459851916,3.947045011,1.501866491,295
2026-09-18T19:10:34.674,8,0.002,0.75,9,manhattan,0.311,0.3701,0.3573,3,313,96,0.752850495,0.397513256,0.487600939,288
2026-09-18T19:10:44.434,8,0.002,0.8,5,manhattan,0.9579,0.951,0.968,2,414,9010,0.96606097,4.239788391,2.80221542,295
2026-09-18T19:10:52.397,8,0.002,0.8,6,manhattan,0.9765,0.9734,0.9803,1,1229,9086,0.959352706,4.556355011,2.442551577,295
2026-09-18T19:11:01.923,8,0.002,0.8,7,manhattan,0.9896,0.9868,0.9929,3,1466,8951,0.747107998,6.028752076,2.747138656,295
2026-09-18T19:11:06.8,8,0.002,0.8,8,manhattan,0.9466,0.9409,0.954,45,784,4000,0.460482024,3.122113333,1.291104795,295
2026-09-18T19:11:16.185,8,0.0025,0.5,5,manhattan,0.9714,0.9701,0.9729,1,414,9686,0.856341785,3.608618602,2.415115512,295
2026-09-18T19:11:25.077,8,0.0025,0.5,6,manhattan,0.9251,0.916,0.9418,1,1229,9684,1.034601892,5.082466621,2.77118902,295
2026-09-18T19:11:34.388,8,0.0025,0.5,7,manhattan,0.9914,0.9912,0.9918,1,1466,9675,0.788506749,5.738588078,2.780088417,295
2026-09-18T19:11:42.056,8,0.0025,0.5,8,manhattan,0.9964,0.9951,0.9977,2,784,8945,0.601067601,4.70312113,2.359681021,295
2026-09-18T19:11:45.897,8,0.0025,0.5,9,manhattan,0.8421,0.8507,0.8712,52,313,4074,0.521486854,2.001671161,1.315615065,295
2026-09-18T19:11:49.272,8,0.0025,0.5,10,manhattan,0.3044,0.4805,0.4037,16,146,819,1.347731689,1.195071028,0.828283923,295
2026-09-18T19:11:56.505,8,0.0025,0.55,5,manhattan,0.9518,0.9458,0.9596,2,414,9672,0.940807099,3.618301548,2.671120238,295
2026-09-18T19:12:05.279,8,0.0025,0.55,6,manhattan,0.9688,0.9712,0.9668,1,1229,9680,0.935870641,5.081682791,2.753835745,295
2026-09-18T19:12:14.23,8,0.0025,0.55,7,manhattan,0.9706,0.9706,0.9712,1,1466,9662,0.83392962,5.268541767,2.845865856,295
2026-09-18T19:12:21.894,8,0.0025,0.55,8,manhattan,0.9918,0.9918,0.9919,7,784,8822,0.534279627,4.626332501,2.500280567,295
2026-09-18T19:12:25.152,8,0.0025,0.55,9,manhattan,0.7475,0.7496,0.7907,49,313,3015,0.551321061,1.633168054,1.070921429,295
2026-09-18T19:12:28.008,8,0.0025,0.55,10,manhattan,0.261,0.4135,0.3309,11,146,526,1.442653512,0.652189318,0.754845165,295
2026-09-18T19:12:35.086,8,0.0025,0.6,5,manhattan,0.9189,0.9146,0.9274,2,414,9607,1.068002479,3.363328311,2.640748321,295
2026-09-18T19:12:43.467,8,0.0025,0.6,6,manhattan,0.9547,0.9468,0.9671,1,1229,9655,0.952833014,4.827898253,2.597582374,295
2026-09-18T19:12:53.17,8,0.0025,0.6,7,manhattan,0.9792,0.972,0.9879,3,1466,9604,0.808986683,5.737308025,3.153261048,295
2026-09-18T19:13:00.783,8,0.0025,0.6,8,manhattan,0.9955,0.9936,0.9975,7,784,8533,0.549457484,4.578324313,2.480850279,295
2026-09-18T19:13:03.717,8,0.0025,0.6,9,manhattan,0.5833,0.6494,0.6437,39,313,1989,0.684617993,1.416303691,0.830589596,295
2026-09-18T19:13:06.352,8,0.0025,0.6,10,manhattan,0.2744,0.3082,0.293,9,146,347,1.545868928,0.376760661,0.709942054,295
2026-09-18T19:13:13.641,8,0.0025,0.65,5,manhattan,0.934,0.9276,0.9421,3,414,9559,1.005911896,3.721095682,2.558550059,295
2026-09-18T19:13:22.383,8,0.0025,0.65,6,manhattan,0.9909,0.991,0.9908,1,1229,9642,0.968703278,5.188915692,2.5822494,295
2026-09-18T19:13:31.418,8,0.0025,0.65,7,manhattan,0.9976,0.9976,0.9975,3,1466,9449,0.867031565,5.716787793,2.446951583,295
2026-09-18T19:13:38.97,8,0.0025,0.65,8,manhattan,0.9926,0.9926,0.9926,10,784,8279,0.548221151,4.590284018,2.409633734,295
2026-09-18T19:13:41.165,8,0.0025,0.65,9,manhattan,0.6464,0.6851,0.6941,23,313,1260,0.595200298,0.984080951,0.610326402,295
2026-09-18T19:13:43.587,8,0.0025,0.65,10,manhattan,0.1766,0.1851,0.2556,5,146,176,1.581428381,0.355532587,0.482564538,285
2026-09-18T19:13:50.455,8,0.0025,0.7,5,manhattan,0.9559,0.9538,0.961,1,414,9210,0.89151334,3.259491586,2.712461439,295
2026-09-18T19:13:59.478,8,0.0025,0.7,6,manhattan,0.9787,0.9729,0.9854,1,1229,9204,0.955741698,5.244346272,2.819256365,295
2026-09-18T19:14:08.314,8,0.0025,0.7,7,manhattan,0.9959,0.9944,0.9975,2,1466,9200,0.733946742,5.601744531,2.497031057,295
2026-09-18T19:14:15.943,8,0.0025,0.7,8,manhattan,1.0,1.0,1.0,23,784,7820,0.490186397,4.728898602,2.407635572,295
2026-09-18T19:14:17.831,8,0.0025,0.7,9,manhattan,0.5153,0.6133,0.607,15,313,775,0.593717984,0.793538261,0.498076306,295
2026-09-18T19:14:20.065,8,0.0025,0.7,10,manhattan,0.3856,0.4038,0.3934,1,146,27,1.44219619,0.260359474,0.528865943,171
2026-09-18T19:14:26.853,8,0.0025,0.75,5,manhattan,0.9776,0.9762,0.9794,1,414,9110,0.876041242,3.364160051,2.545028979,295
2026-09-18T19:14:35.346,8,0.0025,0.75,6,manhattan,0.9513,0.9482,0.9563,1,1229,9111,0.965954182,5.002315898,2.521834521,295
2026-09-18T19:14:44.606,8,0.0025,0.75,7,manhattan,0.9821,0.9805,0.9838,2,1466,9086,0.850510311,5.854944008,2.551084226,295
2026-09-18T19:14:51.729,8,0.0025,0.75,8,manhattan,0.9613,0.9553,0.9698,28,784,7222,0.565055366,4.48263172,2.072589554,295
2026-09-18T19:14:53.602,8,0.0025,0.75,9,manhattan,0.3454,0.4827,0.3777,6,313,325,0.629451343,0.630494424,0.609448635,295
2026-09-18T19:15:02.21,8,0.0025,0.8,5,manhattan,0.9411,0.9281,0.9633,1,414,9089,1.036920974,3.422776935,2.601721243,295
2026-09-18T19:15:10.588,8,0.0025,0.8,6,manhattan,0.9773,0.9744,0.981,1,1229,9107,0.944814177,4.71477961,2.715910834,295
2026-09-18T19:15:19.426,8,0.0025,0.8,7,manhattan,0.9645,0.9563,0.9747,2,1466,9018,0.752593899,5.682047997,2.398222282,295
2026-09-18T19:15:26.153,8,0.0025,0.8,8,manhattan,0.9832,0.9769,0.9904,37,784,6409,0.583085474,4.293626239,1.846654192,295
2026-09-18T19:15:27.845,8,0.0025,0.8,9,manhattan,0.2658,0.4508,0.3673,3,313,190,0.617229802,0.498934167,0.573360762,295
2026-09-18T19:15:36.606,8,0.003,0.5,5,manhattan,0.9424,0.9336,0.9576,1,414,9690,1.146532812,3.474305408,2.551547902,295
2026-09-18T19:15:45.302,8,0.003,0.5,6,manhattan,0.963,0.9561,0.9721,1,1229,9688,0.994105491,4.908094094,2.786201492,295
2026-09-18T19:15:54.787,8,0.003,0.5,7,manhattan,0.9862,0.9828,0.9901,1,1466,9682,0.832693148,5.942740336,2.705509639,295
2026-09-18T19:16:02.191,8,0.003,0.5,8,manhattan,0.979,0.9742,0.9846,1,784,8980,0.64265653,4.346039043,2.412418658,295
2026-09-18T19:16:07.098,8,0.003,0.5,9,manhattan,0.9041,0.8945,0.9281,43,313,5386,0.576096867,2.687243886,1.640877564,295
2026-09-18T19:16:10.441,8,0.003,0.5,10,manhattan,0.4421,0.5411,0.4899,29,146,1526,1.677237121,0.840493452,0.822563636,295
2026-09-18T19:16:17.455,8,0.003,0.55,5,manhattan,0.9331,0.9273,0.9473,1,414,9686,0.861990556,3.402603395,2.747065044,295
2026-09-18T19:16:26.161,8,0.003,0.55,6,manhattan,0.9628,0.9577,0.9702,1,1229,9684,1.103389983,4.982967114,2.615714311,295
2026-09-18T19:16:35.599,8,0.003,0.55,7,manhattan,0.9739,0.9692,0.9796,1,1466,9674,0.872965428,5.870382722,2.691636488,295
2026-09-18T19:16:43.092,8,0.003,0.55,8,manhattan,0.981,0.9773,0.9857,1,784,8978,0.621456602,4.48685817,2.381124138,295
2026-09-18T19:16:47.771,8,0.003,0.55,9,manhattan,0.8158,0.8185,0.8574,47,313,4670,0.632528693,2.725967153,1.317471029,295
2026-09-18T19:16:50.831,8,0.003,0.55,10,manhattan,0.4546,0.5343,0.5199,19,146,983,1.40035667,0.87585735,0.781177317,295
2026-09-18T19:16:57.677,8,0.003,0.6,5,manhattan,0.8936,0.9055,0.8876,2,414,9636,0.913832826,3.347525235,2.582348925,295
2026-09-18T19:17:06.671,8,0.003,0.6,6,manhattan,0.9788,0.9802,0.9779,1,1229,9659,0.936758814,5.219417514,2.833507286,295
2026-09-18T19:17:15.703,8,0.003,0.6,7,manhattan,0.9955,0.9936,0.9975,1,1466,9652,0.771083563,5.405901371,2.850631971,295
2026-09-18T19:17:23.022,8,0.003,0.6,8,manhattan,0.9931,0.9912,0.9952,4,784,8913,0.568730489,4.164993873,2.583472252,295
2026-09-18T19:17:26.703,8,0.003,0.6,9,manhattan,0.8086,0.815,0.855,44,313,3526,0.601744714,1.882836841,1.192344909,295
2026-09-18T19:17:29.758,8,0.003,0.6,10,manhattan,0.3438,0.4862,0.4426,10,146,638,1.663419006,0.592319272,0.795393597,295
2026-09-18T19:17:36.842,8,0.003,0.65,5,manhattan,0.9806,0.9844,0.977,3,414,9584,0.962121706,3.626119451,2.489799961,295
2026-09-18T19:17:45.517,8,0.003,0.65,6,manhattan,0.9656,0.959,0.9746,1,1229,9646,0.980000259,4.989443155,2.700589943,295
2026-09-18T19:17:54.522,8,0.003,0.65,7,manhattan,0.9796,0.9747,0.9852,4,1466,9571,0.758994581,5.421953222,2.820606399,295
2026-09-18T19:18:02.014,8,0.003,0.65,8,manhattan,0.9923,0.9921,0.9926,9,784,8731,0.615302739,4.468776938,2.405807124,295
2026-09-18T19:18:04.962,8,0.003,0.65,9,manhattan,0.6801,0.7485,0.7401,41,313,2537,0.553332423,1.494964766,0.896606732,295
2026-09-18T19:18:08.056,8,0.003,0.65,10,manhattan,0.3418,0.4675,0.3989,8,146,465,1.574037139,0.704094865,0.811309607,295
2026-09-18T19:18:14.791,8,0.003,0.7,5,manhattan,0.9508,0.943,0.9622,1,414,9214,0.700991324,3.427585024,2.603983196,295
2026-09-18T19:18:23.049,8,0.003,0.7,6,manhattan,0.9569,0.9452,0.9733,1,1229,9213,0.906588181,4.803827775,2.544789702,295
2026-09-18T19:18:32.227,8,0.003,0.7,7,manhattan,0.9801,0.9742,0.9876,1,1466,9208,0.940060215,5.49660275,2.738621012,295
2026-09-18T19:18:39.477,8,0.003,0.7,8,manhattan,0.985,0.9804,0.9904,7,784,8449,0.609507023,4.444031302,2.193271878,295
2026-09-18T19:18:41.852,8,0.003,0.7,9,manhattan,0.5842,0.6523,0.6368,27,313,1573,0.545695898,1.030841912,0.794530148,295
2026-09-18T19:18:44.359,8,0.003,0.7,10,manhattan,0.3169,0.3554,0.3294,5,146,214,1.395822779,0.598619382,0.509726754,289
2026-09-18T19:18:51.147,8,0.003,0.75,5,manhattan,0.9617,0.954,0.9722,1,414,9144,0.822310042,3.292489746,2.670314407,295
2026-09-18T19:18:58.987,8,0.003,0.75,6,manhattan,0.9936,0.9921,0.9952,1,1229,9142,0.868590635,4.480990308,2.479324454,295
2026-09-18T19:19:07.227,8,0.003,0.75,7,manhattan,0.9876,0.9828,0.993,1,1466,9117,0.768354092,5.140146163,2.328603149,295
2026-09-18T19:19:14.418,8,0.003,0.75,8,manhattan,0.9956,0.9936,0.9977,7,784,8260,0.502117747,4.235657205,2.448854202,295
2026-09-18T19:19:16.205,8,0.003,0.75,9,manhattan,0.6371,0.6672,0.6698,16,313,866,0.570969883,0.626750158,0.586305091,295
2026-09-18T19:19:18.461,8,0.003,0.75,10,manhattan,0.1654,0.1405,0.2263,1,146,41,1.606171642,0.292377341,0.350060306,190
2026-09-18T19:19:24.732,8,0.003,0.8,5,manhattan,0.9381,0.9377,0.9411,1,414,9111,0.859273097,3.203517011,2.204579614,295
2026-09-18T19:19:33.179,8,0.003,0.8,6,manhattan,0.9667,0.961,0.9739,1,1229,9112,0.879138497,5.120004121,2.445450483,295
2026-09-18T19:19:41.774,8,0.003,0.8,7,manhattan,0.9754,0.9718,0.9797,2,1466,9080,0.688530227,5.390002403,2.512775676,295
2026-09-18T19:19:48.951,8,0.003,0.8,8,manhattan,0.9797,0.9799,0.981,17,784,7771,0.539598886,4.412272128,2.221237898,295
2026-09-18T19:19:50.515,8,0.003,0.8,9,manhattan,0.3578,0.5027,0.4234,5,313,360,0.558166912,0.586065675,0.417624706,295
2026-09-18T19:19:52.722,8,0.003,0.8,10,manhattan,0.0692,0.1349,0.1327,1,146,28,1.373630893,0.257086708,0.553002701,173
2026-09-18T19:21:12.362,9,0.0015,0.5,5,manhattan,0.9365,0.9363,0.9404,3,412,9650,1.789582619,7.504580378,3.326525331,295
2026-09-18T19:21:19.024,9,0.0015,0.5,6,manhattan,0.9874,0.9828,0.9926,1,1261,9663,0.780093658,2.7686352,1.543746868,295
2026-09-18T19:21:24.154,9,0.0015,0.5,7,manhattan,0.996,0.9944,0.9977,4,1473,9400,0.401628239,3.240811883,1.485615313,295
2026-09-18T19:21:28.208,9,0.0015,0.5,8,manhattan,1.0,1.0,1.0,47,803,7152,0.450576074,2.548825905,1.03776815,295
2026-09-18T19:21:28.962,9,0.0015,0.5,9,manhattan,0.4104,0.4681,0.4216,24,322,618,0.334489592,0.246271143,0.164734767,295
2026-09-18T19:21:30.388,9,0.0015,0.5,10,manhattan,0.2043,0.2744,0.2545,2,153,33,1.12029362,0.092275674,0.211023042,154
2026-09-18T19:21:34.399,9,0.0015,0.55,5,manhattan,0.9498,0.9468,0.9545,3,412,9568,0.513323166,2.07106785,1.424155955,295
2026-09-18T19:21:39.516,9,0.0015,0.55,6,manhattan,0.9846,0.9797,0.9903,1,1261,9645,0.804496931,2.925877316,1.385194808,295
2026-09-18T19:21:44.886,9,0.0015,0.55,7,manhattan,0.9896,0.9868,0.9928,4,1473,9178,0.680381555,3.431222083,1.255025931,295
2026-09-18T19:21:48.566,9,0.0015,0.55,8,manhattan,0.9833,0.9769,0.9906,53,803,6284,0.32447825,2.346587301,1.007014691,295
2026-09-18T19:21:49.683,9,0.0015,0.55,9,manhattan,0.3678,0.4403,0.4051,9,322,242,0.511166953,0.331565683,0.270528168,295
2026-09-18T19:21:55.442,9,0.0015,0.6,5,manhattan,0.9444,0.937,0.9536,5,412,9435,0.37794552,1.661245892,1.385745158,295
2026-09-18T19:22:00.488,9,0.0015,0.6,6,manhattan,0.9802,0.9747,0.9877,4,1261,9583,0.813340314,2.884434356,1.343830908,295
2026-09-18T19:22:05.715,9,0.0015,0.6,7,manhattan,0.9896,0.9884,0.9908,3,1473,9071,0.651465133,3.096964295,1.475296389,295
2026-09-18T19:22:08.984,9,0.0015,0.6,8,manhattan,0.9696,0.9613,0.98,52,803,5302,0.359157913,2.10111249,0.806811614,295
2026-09-18T19:22:09.933,9,0.0015,0.6,9,manhattan,0.3628,0.6473,0.3703,7,322,140,0.44411456,0.2151052,0.287388153,288
2026-09-18T19:22:15.391,9,0.0015,0.65,5,manhattan,0.9568,0.9476,0.9698,3,412,9053,0.789656268,2.024261632,1.434724631,295
2026-09-18T19:22:19.787,9,0.0015,0.65,6,manhattan,0.996,0.9944,0.9976,1,1261,9099,0.461847074,2.485686374,1.446830655,295
2026-09-18T19:22:25.114,9,0.0015,0.65,7,manhattan,0.99,0.9896,0.9908,2,1473,8993,0.674573477,3.266209417,1.38355584,295
2026-09-18T19:22:28.065,9,0.0015,0.65,8,manhattan,0.8906,0.8798,0.9082,71,803,4174,0.377607558,1.73030776,0.840417394,295
2026-09-18T19:22:28.825,9,0.0015,0.65,9,manhattan,0.291,0.3174,0.3253,2,322,32,0.462570979,0.1441331,0.150643922,200
2026-09-18T19:22:33.991,9,0.0015,0.7,5,manhattan,0.9303,0.923,0.9392,3,412,8975,0.528948775,1.916664158,1.326332013,295
2026-09-18T19:22:38.969,9,0.0015,0.7,6,manhattan,0.9662,0.9586,0.9751,1,1261,9075,0.650259741,2.877938131,1.448225107,295
2026-09-18T19:22:43.388,9,0.0015,0.7,7,manhattan,0.9821,0.977,0.9878,1,1473,8973,0.347730398,2.642575092,1.425770199,295
2026-09-18T19:22:45.745,9,0.0015,0.7,8,manhattan,0.808,0.8419,0.8119,70,803,2835,0.419155001,1.382188416,0.552570103,295
2026-09-18T19:22:51.537,9,0.0015,0.75,5,manhattan,0.9348,0.9244,0.9509,11,412,8894,0.665698455,1.955339724,1.5013079,295
2026-09-18T19:22:56.346,9,0.0015,0.75,6,manhattan,0.9814,0.9827,0.9802,1,1261,9001,0.617604152,2.656611112,1.53202162,295
2026-09-18T19:23:01.386,9,0.0015,0.75,7,manhattan,1.0,1.0,1.0,4,1473,8841,0.486035723,3.274582001,1.265446054,295
2026-09-18T19:23:02.924,9,0.0015,0.75,8,manhattan,0.7123,0.7348,0.7489,51,803,1568,0.340414934,0.94208771,0.253798296,295
2026-09-18T19:23:08.575,9,0.0015,0.8,5,manhattan,0.9056,0.8949,0.9262,25,412,8565,0.46892389,2.159185169,0.971363396,295
2026-09-18T19:23:13.536,9,0.0015,0.8,6,manhattan,0.9754,0.9692,0.9827,1,1261,8971,0.658154539,2.896471795,1.405093871,295
2026-09-18T19:23:18.691,9,0.0015,0.8,7,manhattan,0.987,0.9821,0.9926,9,1473,8682,0.501617962,3.308614303,1.339389347,295
2026-09-18T19:23:20.085,9,0.0015,0.8,8,manhattan,0.4841,0.5079,0.5031,28,803,615,0.328708891,0.720287656,0.341804776,295
2026-09-18T19:23:25.81,9,0.002,0.5,5,manhattan,0.9576,0.9515,0.9657,1,412,9675,0.523582863,1.947913142,1.414369084,295
2026-09-18T19:23:30.786,9,0.002,0.5,6,manhattan,0.9556,0.9479,0.9709,1,1261,9669,0.782689242,2.789598437,1.400411705,295
2026-09-18T19:23:35.872,9,0.002,0.5,7,manhattan,0.9806,0.979,0.9827,1,1473,9630,0.57171949,3.17532247,1.336831196,295
2026-09-18T19:23:39.822,9,0.002,0.5,8,manhattan,0.996,0.9944,0.9977,8,803,8573,0.468217725,2.127384857,1.35194005,295
2026-09-18T19:23:41.56,9,0.002,0.5,9,manhattan,0.6752,0.6947,0.7091,56,322,2327,0.410430976,0.770777728,0.555073777,295
2026-09-18T19:23:43.175,9,0.002,0.5,10,manhattan,0.2419,0.3298,0.2729,12,153,369,1.11632698,0.102315999,0.374790297,292
2026-09-18T19:23:47.052,9,0.002,0.55,5,manhattan,0.9321,0.9241,0.9425,2,412,9621,0.678837851,1.791955968,1.403646479,295
2026-09-18T19:23:52.091,9,0.002,0.55,6,manhattan,0.981,0.9776,0.9846,1,1261,9650,0.836366456,2.751515475,1.448516346,295
2026-09-18T19:23:57.362,9,0.002,0.55,7,manhattan,0.9914,0.9913,0.9918,2,1473,9574,0.592979203,3.121611524,1.553981492,295
2026-09-18T19:24:01.666,9,0.002,0.55,8,manhattan,0.9878,0.9831,0.9928,18,803,8306,0.410169908,2.785531434,1.1054825,295
2026-09-18T19:24:03.098,9,0.002,0.55,9,manhattan,0.4998,0.5495,0.5395,42,322,1522,0.477070886,0.566196504,0.386756637,295
2026-09-18T19:24:04.778,9,0.002,0.55,10,manhattan,0.3409,0.4618,0.3822,6,153,137,1.326038749,0.087113628,0.264930521,265
2026-09-18T19:24:08.066,9,0.002,0.6,5,manhattan,0.9596,0.9544,0.968,3,412,9545,0.553165991,1.334317327,1.397455042,295
2026-09-18T19:24:13.22,9,0.002,0.6,6,manhattan,0.9794,0.9746,0.9854,1,1261,9634,0.666185249,2.950449045,1.534849008,295
2026-09-18T19:24:18.407,9,0.002,0.6,7,manhattan,0.9843,0.9843,0.9844,5,1473,9362,0.396652391,3.220932305,1.567422114,295
2026-09-18T19:24:22.599,9,0.002,0.6,8,manhattan,0.9931,0.9912,0.9952,25,803,7846,0.392272359,2.754164349,1.039223155,295
2026-09-18T19:24:24.021,9,0.002,0.6,9,manhattan,0.5188,0.5818,0.5575,20,322,708,0.467124776,0.409160281,0.543084179,295
2026-09-18T19:24:25.657,9,0.002,0.6,10,manhattan,0.2352,0.2432,0.2441,2,153,42,1.257365198,0.122508675,0.251886807,213
2026-09-18T19:24:29.338,9,0.002,0.65,5,manhattan,0.9506,0.9552,0.9478,1,412,9206,0.61439962,1.657773728,1.406791366,295
2026-09-18T19:24:34.499,9,0.002,0.65,6,manhattan,0.9838,0.9806,0.9871,1,1261,9205,0.698768692,2.953859959,1.505441392,295
2026-09-18T19:24:39.197,9,0.002,0.65,7,manhattan,0.991,0.9876,0.995,3,1473,9150,0.381074273,2.848366596,1.465940999,295
2026-09-18T19:24:43.476,9,0.002,0.65,8,manhattan,0.9861,0.9844,0.9885,38,803,7289,0.461743778,2.762095185,1.052419891,295
2026-09-18T19:24:44.55,9,0.002,0.65,9,manhattan,0.4674,0.5261,0.5232,12,322,367,0.433662589,0.280445223,0.357281065,295
2026-09-18T19:24:46.104,9,0.002,0.65,10,manhattan,0.2435,0.2789,0.2833,1,153,20,1.292197394,0.137712163,0.122065043,111
2026-09-18T19:24:49.876,9,0.002,0.7,5,manhattan,0.944,0.9402,0.9501,2,412,9098,0.660059183,1.757091577,1.352981734,295
2026-09-18T19:24:54.947,9,0.002,0.7,6,manhattan,0.9618,0.9634,0.9616,1,1261,9104,0.717977094,2.829713573,1.515797749,295
2026-09-18T19:24:59.857,9,0.002,0.7,7,manhattan,0.9877,0.9891,0.9867,1,1473,9061,0.498963431,3.065229075,1.342693821,295
2026-09-18T19:25:03.619,9,0.002,0.7,8,manhattan,0.9746,0.968,0.9824,41,803,6222,0.389237333,2.346986095,1.023928804,295
2026-09-18T19:25:04.253,9,0.002,0.7,9,manhattan,0.3702,0.4504,0.4185,3,322,143,0.376029561,0.090671837,0.150377477,293
2026-09-18T19:25:09.367,9,0.002,0.75,5,manhattan,0.9872,0.9905,0.9842,1,412,8993,0.635499606,1.929076296,1.55552352,295
2026-09-18T19:25:14.145,9,0.002,0.75,6,manhattan,0.9659,0.9631,0.9709,2,1261,9081,0.611971864,2.654737757,1.509032844,295
2026-09-18T19:25:19.46,9,0.002,0.75,7,manhattan,0.9839,0.9779,0.9905,2,1473,8997,0.542065263,3.223394563,1.54785354,295
2026-09-18T19:25:22.758,9,0.002,0.75,8,manhattan,0.9796,0.9751,0.9847,43,803,5448,0.271679083,2.085199553,0.938478518,295
2026-09-18T19:25:23.506,9,0.002,0.75,9,manhattan,0.2749,0.3364,0.3252,3,322,69,0.340842153,0.206080997,0.199023248,282
2026-09-18T19:25:28.732,9,0.002,0.8,5,manhattan,0.9369,0.9319,0.9434,2,412,8976,0.67857846,1.982099487,1.252171784,295
2026-09-18T19:25:33.53,9,0.002,0.8,6,manhattan,0.9765,0.9751,0.9782,1,1261,8975,0.655729498,2.785402103,1.34331427,295
2026-09-18T19:25:38.473,9,0.002,0.8,7,manhattan,0.9856,0.9829,0.9885,1,1473,8962,0.327141333,2.974275352,1.639170793,295
2026-09-18T19:25:41.262,9,0.002,0.8,8,manhattan,0.9576,0.9522,0.9661,49,803,4104,0.344617038,1.588429439,0.853923984,295
2026-09-18T19:25:47.08,9,0.0025,0.5,5,manhattan,0.9652,0.9593,0.9724,1,412,9679,0.612862198,2.099981366,1.365887766,295
2026-09-18T19:25:52.047,9,0.0025,0.5,6,manhattan,0.9857,0.9873,0.9843,1,1261,9673,0.812895886,2.738030664,1.413203751,295
2026-09-18T19:25:57.235,9,0.0025,0.5,7,manhattan,0.9959,0.9977,0.9942,1,1473,9657,0.572391365,3.165546952,1.447507942,295
2026-09-18T19:26:01.419,9,0.0025,0.5,8,manhattan,0.9909,0.991,0.9908,2,803,8981,0.388225425,2.376925268,1.416249812,295
2026-09-18T19:26:03.652,9,0.0025,0.5,9,manhattan,0.8562,0.8476,0.8793,54,322,4484,0.427988555,1.313044815,0.48985934,295
2026-09-18T19:26:05.551,9,0.0025,0.5,10,manhattan,0.3872,0.4419,0.4093,20,153,910,1.138907954,0.224542418,0.533402426,295
2026-09-18T19:26:09.201,9,0.0025,0.55,5,manhattan,0.9821,0.9797,0.9854,1,412,9660,0.446491767,1.929628511,1.268835373,295
2026-09-18T19:26:13.764,9,0.0025,0.55,6,manhattan,0.9618,0.9535,0.9722,1,1261,9654,0.716725869,2.453891006,1.390053016,295
2026-09-18T19:26:22.31,9,0.0025,0.55,7,manhattan,0.9886,0.9852,0.9926,1,1473,9633,0.820015096,5.289513727,2.433731577,295
2026-09-18T19:26:29.983,9,0.0025,0.55,8,manhattan,0.9901,0.988,0.9925,7,803,8840,0.674035129,4.338040359,2.658104002,295
2026-09-18T19:26:33.62,9,0.0025,0.55,9,manhattan,0.7589,0.7774,0.7844,54,322,3427,0.582848013,1.849001758,1.202801066,295
2026-09-18T19:26:36.541,9,0.0025,0.55,10,manhattan,0.4146,0.4513,0.4264,14,153,574,1.529290569,0.626581137,0.760925673,294
2026-09-18T19:26:43.739,9,0.0025,0.6,5,manhattan,0.9128,0.9056,0.9234,4,412,9600,0.93603731,3.576007491,2.683707774,295
2026-09-18T19:26:52.527,9,0.0025,0.6,6,manhattan,0.9807,0.9792,0.9827,1,1261,9638,1.018019613,5.139840689,2.62661351,295
2026-09-18T19:27:01.142,9,0.0025,0.6,7,manhattan,0.9814,0.9814,0.9813,2,1473,9575,0.796050499,5.276776129,2.539247485,295
2026-09-18T19:27:08.979,9,0.0025,0.6,8,manhattan,0.9851,0.9805,0.9903,3,803,8591,0.517999123,4.863603372,2.452821036,295
2026-09-18T19:27:11.841,9,0.0025,0.6,9,manhattan,0.6204,0.6354,0.6704,41,322,2317,0.605137046,1.284710803,0.969026109,295
2026-09-18T19:27:14.312,9,0.0025,0.6,10,manhattan,0.3254,0.4398,0.3604,5,153,210,1.409421632,0.553015626,0.504786744,287
2026-09-18T19:27:21.536,9,0.0025,0.65,5,manhattan,0.9522,0.9436,0.9642,1,412,9210,0.998195283,3.574664301,2.648235347,295
2026-09-18T19:27:30.413,9,0.0025,0.65,6,manhattan,0.9704,0.966,0.9753,1,1261,9209,1.019225703,5.117837866,2.736620637,295
2026-09-18T19:27:39.513,9,0.0025,0.65,7,manhattan,0.9869,0.9851,0.9893,1,1473,9207,0.803155462,5.749946179,2.542606995,295
2026-09-18T19:27:47.416,9,0.0025,0.65,8,manhattan,0.9914,0.988,0.9951,9,803,8360,0.624085845,4.833596799,2.442541716,295
2026-09-18T19:27:49.691,9,0.0025,0.65,9,manhattan,0.4614,0.5657,0.5183,32,322,1392,0.583937748,1.023834884,0.664706348,295
2026-09-18T19:27:52.176,9,0.0025,0.65,10,manhattan,0.2316,0.3718,0.302,4,153,117,1.357103748,0.567052272,0.55772,272
2026-09-18T19:27:58.899,9,0.0025,0.7,5,manhattan,0.9462,0.9382,0.9568,2,412,9138,0.785809242,3.344357736,2.590013774,295
2026-09-18T19:28:07.703,9,0.0025,0.7,6,manhattan,0.9838,0.9779,0.9904,1,1261,9138,0.99231052,5.112263757,2.696471353,295
2026-09-18T19:28:16.804,9,0.0025,0.7,7,manhattan,0.9955,0.9936,0.9975,1,1473,9114,0.757754945,5.725893443,2.613710807,295
2026-09-18T19:28:24.577,9,0.0025,0.7,8,manhattan,0.9935,0.9952,0.9919,22,803,7996,0.590072962,4.899624262,2.280284311,295
2026-09-18T19:28:26.983,9,0.0025,0.7,9,manhattan,0.6526,0.7267,0.6702,16,322,706,0.676902535,0.851203803,0.875274069,295
2026-09-18T19:28:28.812,9,0.0025,0.7,10,manhattan,0.2238,0.2118,0.3147,1,153,24,1.41519849,0.214867434,0.1965023,139
2026-09-18T19:28:35.415,9,0.0025,0.75,5,manhattan,0.9404,0.9312,0.9533,1,412,9081,0.755956321,3.235694008,2.609026827,295
2026-09-18T19:28:43.897,9,0.0025,0.75,6,manhattan,0.9869,0.9821,0.9925,1,1261,9105,0.920623252,4.908615848,2.650052689,295
2026-09-18T19:28:53.395,9,0.0025,0.75,7,manhattan,0.9915,0.988,0.9953,1,1473,9065,0.841674159,6.118477107,2.535030534,295
2026-09-18T19:29:00.644,9,0.0025,0.75,8,manhattan,0.9798,0.9765,0.9836,30,803,7242,0.520352009,4.55537913,2.154835399,295
2026-09-18T19:29:02.329,9,0.0025,0.75,9,manhattan,0.4092,0.422,0.4457,7,322,383,0.653667781,0.491662644,0.536296721,295
2026-09-18T19:29:11.183,9,0.0025,0.8,5,manhattan,0.9606,0.9587,0.9631,1,412,8989,1.028707296,3.660457639,2.481116077,295
2026-09-18T19:29:19.955,9,0.0025,0.8,6,manhattan,0.976,0.974,0.9794,1,1261,8986,0.948186355,5.045253487,2.771532586,295
2026-09-18T19:29:29.053,9,0.0025,0.8,7,manhattan,0.9804,0.9774,0.9845,1,1473,8968,0.776658417,5.702179088,2.616273706,295
2026-09-18T19:29:35.836,9,0.0025,0.8,8,manhattan,0.9782,0.9766,0.9804,34,803,6299,0.46097477,4.280267865,2.038813465,295
2026-09-18T19:29:37.519,9,0.0025,0.8,9,manhattan,0.355,0.3556,0.404,4,322,171,0.611396089,0.513745645,0.555781553,295
2026-09-18T19:29:46.153,9,0.003,0.5,5,manhattan,0.9246,0.9219,0.9323,1,412,9683,1.10647642,3.487364767,2.518567458,295
2026-09-18T19:29:54.448,9,0.003,0.5,6,manhattan,0.9815,0.9756,0.988,1,1261,9677,0.883866861,5.006078489,2.402082545,295
2026-09-18T19:30:03.642,9,0.003,0.5,7,manhattan,0.9804,0.9776,0.9845,1,1473,9667,0.800460981,5.588163416,2.801762721,295
2026-09-18T19:30:11.374,9,0.003,0.5,8,manhattan,1.0,1.0,1.0,1,803,9007,0.639139452,4.520778532,2.569571906,295
2026-09-18T19:30:16.409,9,0.003,0.5,9,manhattan,0.9364,0.9274,0.9486,35,322,5703,0.561405389,2.767967814,1.703111258,295
2026-09-18T19:30:19.88,9,0.003,0.5,10,manhattan,0.4096,0.4214,0.471,40,153,1879,1.399234292,1.247727568,0.821029122,295
2026-09-18T19:30:26.741,9,0.003,0.55,5,manhattan,0.9354,0.9278,0.9464,1,412,9664,0.881665252,3.408592511,2.567553491,295
2026-09-18T19:30:35.732,9,0.003,0.55,6,manhattan,0.9802,0.9809,0.9797,1,1261,9658,1.05129099,5.292095413,2.644869203,295
2026-09-18T19:30:44.978,9,0.003,0.55,7,manhattan,0.9686,0.9663,0.9717,1,1473,9640,0.816603904,5.701494294,2.723377597,295
2026-09-18T19:30:52.369,9,0.003,0.55,8,manhattan,0.9936,0.9955,0.9918,1,803,8987,0.67068875,4.366498828,2.347890748,295
2026-09-18T19:30:57.199,9,0.003,0.55,9,manhattan,0.8809,0.869,0.9097,42,322,4905,0.596835771,2.646564672,1.58354243,295
2026-09-18T19:31:00.45,9,0.003,0.55,10,manhattan,0.407,0.4612,0.4304,21,153,1114,1.474979203,0.840763218,0.929997848,295
2026-09-18T19:31:07.123,9,0.003,0.6,5,manhattan,0.9447,0.9356,0.9585,3,412,9636,0.726060517,3.506318943,2.43747256,295
2026-09-18T19:31:16.134,9,0.003,0.6,6,manhattan,0.9696,0.9685,0.9729,1,1261,9642,0.998432045,4.825526281,3.184607847,295
2026-09-18T19:31:25.294,9,0.003,0.6,7,manhattan,0.978,0.9745,0.982,1,1473,9632,0.794868365,5.757487648,2.604920993,295
2026-09-18T19:31:32.987,9,0.003,0.6,8,manhattan,0.9911,0.9876,0.9951,3,803,8954,0.610485218,4.452733422,2.625591591,295
2026-09-18T19:31:36.906,9,0.003,0.6,9,manhattan,0.8078,0.799,0.8381,41,322,3923,0.599297609,2.047186396,1.270063464,295
2026-09-18T19:31:39.69,9,0.003,0.6,10,manhattan,0.4478,0.5084,0.4465,12,153,570,1.396023405,0.775352035,0.609871521,295
2026-09-18T19:31:46.68,9,0.003,0.65,5,manhattan,0.9642,0.9573,0.9727,1,412,9214,0.821100151,3.704642496,2.462244452,295
2026-09-18T19:31:55.94,9,0.003,0.65,6,manhattan,0.9807,0.9776,0.9851,1,1261,9213,1.089503154,5.500147658,2.667637836,295
2026-09-18T19:32:04.772,9,0.003,0.65,7,manhattan,0.9959,0.9976,0.9942,1,1473,9211,0.827816376,5.416761823,2.582917333,295
2026-09-18T19:32:12.25,9,0.003,0.65,8,manhattan,1.0,1.0,1.0,6,803,8712,0.585495141,4.564419885,2.323691485,295
2026-09-18T19:32:15.631,9,0.003,0.65,9,manhattan,0.7957,0.792,0.8248,40,322,2745,0.585793084,1.656132047,1.118576435,295
2026-09-18T19:32:18.524,9,0.003,0.65,10,manhattan,0.2635,0.325,0.2778,6,153,275,1.510516303,0.851201917,0.528601949,293
2026-09-18T19:32:25.644,9,0.003,0.7,5,manhattan,0.9548,0.9513,0.9591,1,412,9144,1.079906112,3.348625602,2.688284549,295
2026-09-18T19:32:34.441,9,0.003,0.7,6,manhattan,0.9677,0.9651,0.9733,1,1261,9142,0.938793319,5.155616315,2.699432486,295
2026-09-18T19:32:43.908,9,0.003,0.7,7,manhattan,0.991,0.9876,0.995,1,1473,9118,0.799159767,5.793440654,2.868211886,295
2026-09-18T19:32:52.316,9,0.003,0.7,8,manhattan,0.9831,0.9833,0.9833,4,803,8510,0.585006461,5.081063107,2.739187936,295
2026-09-18T19:32:55.064,9,0.003,0.7,9,manhattan,0.5575,0.5574,0.637,31,322,1872,0.63035264,1.234410776,0.88166169,295
2026-09-18T19:32:57.75,9,0.003,0.7,10,manhattan,0.2459,0.2983,0.2907,4,153,158,1.488515646,0.584760759,0.609028466,281
2026-09-18T19:33:04.606,9,0.003,0.75,5,manhattan,0.96,0.9559,0.9655,1,412,9110,0.764288325,3.361774355,2.726934478,295
2026-09-18T19:33:13.445,9,0.003,0.75,6,manhattan,0.966,0.9613,0.9728,1,1261,9111,0.997153878,5.171090716,2.668278771,295
2026-09-18T19:33:22.607,9,0.003,0.75,7,manhattan,0.9964,0.9951,0.9977,1,1473,9088,0.815946348,5.76825118,2.573686958,295
2026-09-18T19:33:30.088,9,0.003,0.75,8,manhattan,0.9875,0.9828,0.9927,10,803,8276,0.555868086,4.746565873,2.175326156,295
2026-09-18T19:33:31.976,9,0.003,0.75,9,manhattan,0.582,0.609,0.6043,19,322,939,0.589309387,0.765354313,0.529425658,295
2026-09-18T19:33:34.228,9,0.003,0.75,10,manhattan,0.4014,0.5012,0.4015,3,153,93,1.360725372,0.248349662,0.640676451,272
2026-09-18T19:33:40.492,9,0.003,0.8,5,manhattan,0.9647,0.9589,0.973,1,412,8993,0.867682034,2.855408219,2.53685493,295
2026-09-18T19:33:48.981,9,0.003,0.8,6,manhattan,0.9918,0.9887,0.9952,1,1261,8993,0.886620776,5.015738039,2.584013633,295
2026-09-18T19:33:57.183,9,0.003,0.8,7,manhattan,0.9955,0.9936,0.9975,1,1473,8983,0.716953413,5.046543666,2.435036493,295
2026-09-18T19:34:04.005,9,0.003,0.8,8,manhattan,0.9953,0.9953,0.9953,19,803,7748,0.494873811,4.335963146,1.970343035,295
2026-09-18T19:34:05.81,9,0.003,0.8,9,manhattan,0.5063,0.5782,0.5743,8,322,405,0.559319202,0.81347696,0.429307264,295
2026-09-18T19:35:34.259,10,0.0015,0.5,5,manhattan,0.9637,0.9587,0.9706,3,414,9600,2.410508256,10.351929654,4.518581119,295
2026-09-18T19:35:44.973,10,0.0015,0.5,6,manhattan,0.9728,0.9678,0.9818,1,1252,9653,1.02378419,5.15661594,2.826209584,295
2026-09-18T19:35:54.255,10,0.0015,0.5,7,manhattan,0.979,0.9721,0.9879,4,1472,9227,0.836508827,5.746428021,2.695574033,295
2026-09-18T19:36:01.007,10,0.0015,0.5,8,manhattan,0.9745,0.9701,0.9796,44,767,6934,0.559003589,4.268226712,1.921512955,295
2026-09-18T19:36:03.085,10,0.0015,0.5,9,manhattan,0.5192,0.543,0.5386,15,277,445,0.669093346,0.580333141,0.825481155,295
2026-09-18T19:36:12.782,10,0.0015,0.55,5,manhattan,0.9422,0.9483,0.9385,3,414,9510,0.727988056,3.501001497,2.603605246,295
2026-09-18T19:36:21.163,10,0.0015,0.55,6,manhattan,0.9963,0.9977,0.9949,5,1252,9623,1.009571681,4.920265983,2.444366582,295
2026-09-18T19:36:29.543,10,0.0015,0.55,7,manhattan,0.9902,0.988,0.9926,5,1472,9170,0.830553804,5.433124054,2.110700155,295
2026-09-18T19:36:34.475,10,0.0015,0.55,8,manhattan,0.9795,0.9726,0.9879,43,767,6220,0.476648395,3.144263673,1.289829299,295
2026-09-18T19:36:35.467,10,0.0015,0.55,9,manhattan,0.4406,0.5186,0.4814,5,277,190,0.492702272,0.259726281,0.237147825,295
2026-09-18T19:36:41.205,10,0.0015,0.6,5,manhattan,0.9486,0.9397,0.9607,5,414,9160,0.676361947,2.110875388,1.491345106,295
2026-09-18T19:36:45.425,10,0.0015,0.6,6,manhattan,0.9845,0.982,0.9877,1,1252,9201,0.690334899,2.305982342,1.220788384,295
2026-09-18T19:36:50.622,10,0.0015,0.6,7,manhattan,0.9955,0.9936,0.9975,4,1472,9026,0.543530792,3.296992562,1.353757964,295
2026-09-18T19:36:54.023,10,0.0015,0.6,8,manhattan,0.9796,0.975,0.9848,66,767,5416,0.404519026,2.004694301,0.988022268,295
2026-09-18T19:36:54.852,10,0.0015,0.6,9,manhattan,0.3363,0.4453,0.36,4,277,145,0.355759417,0.233901878,0.237147476,295
2026-09-18T19:37:00.292,10,0.0015,0.65,5,manhattan,0.9435,0.9374,0.9524,4,414,9066,0.622675029,2.013085951,1.385088172,295
2026-09-18T19:37:05.342,10,0.0015,0.65,6,manhattan,0.979,0.9741,0.9852,3,1252,9136,0.805956652,2.820237449,1.421047676,295
2026-09-18T19:37:09.745,10,0.0015,0.65,7,manhattan,0.996,0.9944,0.9976,3,1472,8962,0.568447887,2.507476009,1.315214051,295
2026-09-18T19:37:12.686,10,0.0015,0.65,8,manhattan,0.9627,0.9674,0.9604,74,767,4135,0.27257856,1.910549398,0.755772139,295
2026-09-18T19:37:13.477,10,0.0015,0.65,9,manhattan,0.2492,0.281,0.2985,3,277,65,0.363963612,0.24308937,0.181367342,269
2026-09-18T19:37:18.938,10,0.0015,0.7,5,manhattan,0.958,0.9508,0.9672,5,414,9012,0.701106812,2.121298862,1.501281926,295
2026-09-18T19:37:23.636,10,0.0015,0.7,6,manhattan,0.9742,0.9683,0.9822,1,1252,9065,0.638661228,2.750790757,1.306612528,295
2026-09-18T19:37:28.886,10,0.0015,0.7,7,manhattan,0.9976,0.9976,0.9976,1,1472,8875,0.589482988,3.207006432,1.450296961,295
2026-09-18T19:37:30.909,10,0.0015,0.7,8,manhattan,0.7168,0.7502,0.7314,76,767,2753,0.28217595,1.395637781,0.34122473,295
2026-09-18T19:37:31.345,10,0.0015,0.7,9,manhattan,0.2681,0.2901,0.3203,1,277,18,0.265946074,0.063549218,0.104610423,182
2026-09-18T19:37:36.694,10,0.0015,0.75,5,manhattan,0.9143,0.9054,0.9311,7,414,8878,0.483225147,2.253879076,1.463116343,295
2026-09-18T19:37:41.713,10,0.0015,0.75,6,manhattan,0.9822,0.9882,0.9769,1,1252,8984,0.788567828,2.901336335,1.326880493,295
2026-09-18T19:37:46.883,10,0.0015,0.75,7,manhattan,0.9931,0.9913,0.9951,4,1472,8853,0.658257248,3.182933859,1.326522277,295
2026-09-18T19:37:48.671,10,0.0015,0.75,8,manhattan,0.5263,0.5987,0.5712,56,767,1648,0.355856845,0.970379012,0.458575545,295
2026-09-18T19:37:54.077,10,0.0015,0.8,5,manhattan,0.9615,0.9597,0.9642,29,414,8538,0.367544867,2.158650374,1.012742689,295
2026-09-18T19:37:58.542,10,0.0015,0.8,6,manhattan,0.9908,0.9922,0.9899,1,1252,8956,0.465974051,2.480138841,1.516801167,295
2026-09-18T19:38:03.767,10,0.0015,0.8,7,manhattan,0.988,0.9891,0.9874,8,1472,8704,0.580902209,3.049046844,1.592739754,295
2026-09-18T19:38:04.78,10,0.0015,0.8,8,manhattan,0.4196,0.4987,0.4381,26,767,643,0.33447072,0.3238563,0.351422058,295
2026-09-18T19:38:10.43,10,0.002,0.5,5,manhattan,0.9689,0.9687,0.9706,2,414,9626,0.677652476,1.825340137,1.377381876,295
2026-09-18T19:38:15.345,10,0.002,0.5,6,manhattan,0.9758,0.9702,0.9829,1,1252,9657,0.747381607,2.766195458,1.398669874,295
2026-09-18T19:38:19.813,10,0.002,0.5,7,manhattan,0.9976,0.9976,0.9977,4,1472,9587,0.482558372,2.683254296,1.299670087,295
2026-09-18T19:38:24.363,10,0.002,0.5,8,manhattan,1.0,1.0,1.0,10,767,8531,0.408053069,2.823231618,1.317239031,295
2026-09-18T19:38:25.685,10,0.002,0.5,9,manhattan,0.6046,0.6525,0.6208,40,277,1687,0.419693111,0.653637242,0.24703848,295
2026-09-18T19:38:27.289,10,0.002,0.5,10,manhattan,0.1746,0.3626,0.2435,7,113,170,1.112259581,0.341918674,0.141367935,268
2026-09-18T19:38:31.176,10,0.002,0.55,5,manhattan,0.9591,0.9521,0.9689,2,414,9572,0.620056047,1.997286228,1.266612631,295
2026-09-18T19:38:35.97,10,0.002,0.55,6,manhattan,0.9716,0.9659,0.9794,1,1252,9648,0.719515739,2.660966309,1.409019665,295
2026-09-18T19:38:41.407,10,0.002,0.55,7,manhattan,0.9867,0.9861,0.9876,3,1472,9335,0.578601355,3.288707701,1.565707234,295
2026-09-18T19:38:45.395,10,0.002,0.55,8,manhattan,0.9955,0.9936,0.9975,16,767,8175,0.279029527,2.421266132,1.285676321,295
2026-09-18T19:38:46.575,10,0.002,0.55,9,manhattan,0.5985,0.6195,0.6026,27,277,1051,0.492816253,0.354579726,0.329201608,295
2026-09-18T19:38:47.816,10,0.002,0.55,10,manhattan,0.1338,0.1229,0.1636,2,113,63,1.112318318,0.053097317,0.073741238,216
2026-09-18T19:38:51.11,10,0.002,0.6,5,manhattan,0.9302,0.9296,0.9422,1,414,9206,0.395974773,1.508335764,1.387969478,295
2026-09-18T19:38:56.135,10,0.002,0.6,6,manhattan,0.9874,0.9828,0.9925,1,1252,9205,0.817485366,2.773589981,1.432025203,295
2026-09-18T19:39:01.465,10,0.002,0.6,7,manhattan,0.9839,0.9827,0.9853,2,1472,9201,0.610972619,3.321100196,1.393360813,295
2026-09-18T19:39:05.574,10,0.002,0.6,8,manhattan,0.996,0.9944,0.9976,24,767,7561,0.397105715,2.43336566,1.276756671,295
2026-09-18T19:39:06.672,10,0.002,0.6,9,manhattan,0.4667,0.5054,0.475,17,277,589,0.521488858,0.23052372,0.343620568,295
2026-09-18T19:39:11.718,10,0.002,0.65,5,manhattan,0.9456,0.9424,0.9544,1,414,9172,0.607086436,1.933058222,1.238921159,295
2026-09-18T19:39:16.804,10,0.002,0.65,6,manhattan,0.9791,0.9765,0.9821,1,1252,9184,0.757072654,2.840047254,1.487101475,295
2026-09-18T19:39:21.358,10,0.002,0.65,7,manhattan,0.9938,0.9936,0.9942,4,1472,9120,0.374418236,2.712871085,1.461434075,295
2026-09-18T19:39:25.275,10,0.002,0.65,8,manhattan,0.9928,0.9931,0.9926,31,767,6845,0.406176572,2.331061328,1.177753671,295
2026-09-18T19:39:25.996,10,0.002,0.65,9,manhattan,0.3993,0.4512,0.455,7,277,292,0.273741138,0.151654729,0.293241127,295
2026-09-18T19:39:31.151,10,0.002,0.7,5,manhattan,0.9307,0.9261,0.9428,2,414,9083,0.651288058,2.116159026,1.314079339,295
2026-09-18T19:39:36.152,10,0.002,0.7,6,manhattan,0.9728,0.9722,0.9736,1,1252,9096,0.828946474,2.674222829,1.496026504,295
2026-09-18T19:39:41.194,10,0.002,0.7,7,manhattan,0.9883,0.9865,0.9903,2,1472,9017,0.571965028,3.201396284,1.266809235,295
2026-09-18T19:39:44.603,10,0.002,0.7,8,manhattan,0.9954,0.9976,0.9933,35,767,6162,0.331697669,2.010812335,1.056776622,295
2026-09-18T19:39:45.434,10,0.002,0.7,9,manhattan,0.4467,0.4823,0.4453,5,277,181,0.457857436,0.206653269,0.164064492,294
2026-09-18T19:39:49.845,10,0.002,0.75,5,manhattan,0.9456,0.9403,0.9538,1,414,8991,0.406078933,1.483138885,1.368939382,295
2026-09-18T19:39:54.902,10,0.002,0.75,6,manhattan,0.978,0.9807,0.9767,2,1252,9027,0.770615943,2.853872493,1.430580603,295
2026-09-18T19:40:00.201,10,0.002,0.75,7,manhattan,1.0,1.0,1.0,1,1472,8959,0.597665324,3.221856033,1.477516655,295
2026-09-18T19:40:03.408,10,0.002,0.75,8,manhattan,0.9678,0.96,0.978,45,767,5335,0.327482253,2.046881979,0.82436537,295
2026-09-18T19:40:04.531,10,0.002,0.75,9,manhattan,0.3432,0.38,0.3558,3,277,76,0.49944825,0.133573079,0.487980786,283
2026-09-18T19:40:09.416,10,0.002,0.8,5,manhattan,0.9706,0.964,0.98,1,414,8960,0.511910812,1.803047262,1.547941197,295
2026-09-18T19:40:14.141,10,0.002,0.8,6,manhattan,0.9758,0.9723,0.9804,1,1252,8966,0.54360678,2.597418837,1.581383408,295
2026-09-18T19:40:18.644,10,0.002,0.8,7,manhattan,0.9916,0.988,0.9954,1,1472,8890,0.435894562,2.78807117,1.264926801,295
2026-09-18T19:40:21.588,10,0.002,0.8,8,manhattan,0.9508,0.9457,0.9598,52,767,4206,0.320190815,1.732553927,0.878743019,295
2026-09-18T19:40:22.131,10,0.002,0.8,9,manhattan,0.3044,0.3405,0.3183,2,277,42,0.331540456,0.065491995,0.143692883,260
2026-09-18T19:40:27.482,10,0.0025,0.5,5,manhattan,0.9509,0.9412,0.9643,2,414,9654,0.421769215,2.101001634,1.476034273,295
2026-09-18T19:40:32.617,10,0.0025,0.5,6,manhattan,0.9918,0.9912,0.9926,1,1252,9661,0.835808318,2.84256748,1.453215282,295
2026-09-18T19:40:37.715,10,0.0025,0.5,7,manhattan,0.9792,0.9797,0.9802,1,1472,9637,0.606659355,3.120762891,1.367913831,295
2026-09-18T19:40:41.739,10,0.0025,0.5,8,manhattan,0.9936,0.9921,0.9954,4,767,8889,0.456560412,2.230941007,1.334474414,295
2026-09-18T19:40:44.172,10,0.0025,0.5,9,manhattan,0.8401,0.84,0.872,54,277,3863,0.388334267,1.363708054,0.677864723,295
2026-09-18T19:40:45.806,10,0.0025,0.5,10,manhattan,0.4,0.4719,0.4052,19,113,738,1.177633195,0.153569849,0.300752077,295
2026-09-18T19:40:49.177,10,0.0025,0.55,5,manhattan,0.9324,0.9368,0.9303,2,414,9595,0.273771868,1.615472769,1.480395377,295
2026-09-18T19:40:54.113,10,0.0025,0.55,6,manhattan,0.9676,0.9681,0.9705,1,1252,9652,0.808954732,2.681486191,1.43786883,295
2026-09-18T19:40:59.407,10,0.0025,0.55,7,manhattan,0.9918,0.9955,0.9883,5,1472,9548,0.600944446,3.162810746,1.527823462,295
2026-09-18T19:41:03.61,10,0.0025,0.55,8,manhattan,0.9951,0.9953,0.995,5,767,8777,0.443416617,2.327918467,1.429007566,295
2026-09-18T19:41:05.298,10,0.0025,0.55,9,manhattan,0.761,0.7778,0.7637,57,277,2802,0.441284219,0.709351376,0.521951068,295
2026-09-18T19:41:07.057,10,0.0025,0.55,10,manhattan,0.3984,0.4776,0.4158,7,113,254,1.139163733,0.41536539,0.202923042,294
2026-09-18T19:41:10.758,10,0.0025,0.6,5,manhattan,0.9489,0.9416,0.9606,1,414,9210,0.624835221,1.74971884,1.324808299,295
2026-09-18T19:41:15.69,10,0.0025,0.6,6,manhattan,0.966,0.9639,0.9705,1,1252,9209,0.720797468,2.825395793,1.383721377,295
2026-09-18T19:41:20.478,10,0.0025,0.6,7,manhattan,0.996,0.9944,0.9977,1,1472,9207,0.35142569,2.886987217,1.546720579,295
2026-09-18T19:41:24.835,10,0.0025,0.6,8,manhattan,0.9946,0.9951,0.9942,8,767,8569,0.497809841,2.709671164,1.147134588,295
2026-09-18T19:41:26.253,10,0.0025,0.6,9,manhattan,0.6498,0.6514,0.6748,35,277,1757,0.464259026,0.636799396,0.313742502,295
2026-09-18T19:41:27.998,10,0.0025,0.6,10,manhattan,0.1794,0.244,0.2346,3,113,101,1.34015999,0.159828543,0.241676897,242
2026-09-18T19:41:31.922,10,0.0025,0.65,5,manhattan,0.9697,0.965,0.9755,1,414,9197,0.533442067,2.045101723,1.341677643,295
2026-09-18T19:41:37.079,10,0.0025,0.65,6,manhattan,0.991,0.9905,0.9919,1,1252,9197,0.749551717,2.800904242,1.604554119,295
2026-09-18T19:41:41.942,10,0.0025,0.65,7,manhattan,0.9964,0.9951,0.9977,1,1472,9193,0.574865889,2.904116371,1.379558692,295
2026-09-18T19:41:46.04,10,0.0025,0.65,8,manhattan,0.9939,0.9955,0.9925,13,767,8181,0.403039857,2.711418106,0.980823509,295
2026-09-18T19:41:46.75,10,0.0025,0.65,9,manhattan,0.6175,0.6334,0.6424,18,277,985,0.265914646,0.230632813,0.211691834,295
2026-09-18T19:41:48.131,10,0.0025,0.65,10,manhattan,0.1514,0.1836,0.2338,1,113,25,1.169031672,0.113598309,0.096508126,121
2026-09-18T19:41:52.444,10,0.0025,0.7,5,manhattan,0.9596,0.9541,0.9672,1,414,9136,0.677811993,2.015097871,1.616739203,295
2026-09-18T19:41:57.55,10,0.0025,0.7,6,manhattan,0.9852,0.9852,0.986,1,1252,9137,0.605346407,2.854242651,1.643439906,295
2026-09-18T19:42:02.754,10,0.0025,0.7,7,manhattan,1.0,1.0,1.0,1,1472,9056,0.533934659,3.126995535,1.540627898,295
2026-09-18T19:42:06.917,10,0.0025,0.7,8,manhattan,0.9875,0.9828,0.9928,20,767,7652,0.369117765,2.593655506,1.198401853,295
2026-09-18T19:42:07.997,10,0.0025,0.7,9,manhattan,0.5406,0.5783,0.5858,11,277,547,0.442993099,0.417660797,0.208590109,295
2026-09-18T19:42:13.147,10,0.0025,0.75,5,manhattan,0.9571,0.9535,0.9645,1,414,8995,0.666810721,1.984304115,1.352094343,295
2026-09-18T19:42:17.724,10,0.0025,0.75,6,manhattan,0.9914,0.988,0.9951,1,1252,9033,0.643572682,2.46388941,1.46592655,295
2026-09-18T19:42:22.012,10,0.0025,0.75,7,manhattan,0.9871,0.993,0.9818,2,1472,9007,0.441189865,2.717662134,1.124563325,295
2026-09-18T19:42:25.259,10,0.0025,0.75,8,manhattan,0.9901,0.988,0.9925,25,767,6997,0.343131399,1.985421507,0.91653034,295
2026-09-18T19:42:26.036,10,0.0025,0.75,9,manhattan,0.4244,0.5211,0.4722,8,277,336,0.350519987,0.231349735,0.19307918,295
2026-09-18T19:42:30.51,10,0.0025,0.8,5,manhattan,0.9581,0.9533,0.9636,1,414,8968,0.453697335,1.7232674,1.116667549,295
2026-09-18T19:42:39.13,10,0.0025,0.8,6,manhattan,0.9745,0.9679,0.9829,1,1252,8970,0.897895337,4.968040429,2.750845991,295
2026-09-18T19:42:48.375,10,0.0025,0.8,7,manhattan,0.9846,0.9796,0.9904,1,1472,8945,0.739801972,5.661112046,2.840623588,295
2026-09-18T19:42:54.582,10,0.0025,0.8,8,manhattan,0.9628,0.9603,0.9656,31,767,6045,0.516654235,3.868896914,1.803684204,295
2026-09-18T19:42:56.044,10,0.0025,0.8,9,manhattan,0.3335,0.3613,0.3552,2,277,146,0.565228564,0.456360734,0.436189497,293
2026-09-18T19:43:04.796,10,0.003,0.5,5,manhattan,0.9166,0.9138,0.9225,2,414,9666,0.939964214,3.749518376,2.549123213,295
2026-09-18T19:43:13.275,10,0.003,0.5,6,manhattan,0.9698,0.9639,0.9775,1,1252,9665,0.947206834,4.813798145,2.714896259,295
2026-09-18T19:43:21.752,10,0.003,0.5,7,manhattan,0.9828,0.9766,0.9902,1,1472,9648,0.763614669,5.221475109,2.486613855,295
2026-09-18T19:43:29.54,10,0.003,0.5,8,manhattan,0.9882,0.9841,0.9929,1,767,8978,0.589816499,4.54011675,2.655153038,295
2026-09-18T19:43:34.078,10,0.003,0.5,9,manhattan,0.9248,0.9233,0.932,41,277,5119,0.534680365,2.565478526,1.435242379,295
2026-09-18T19:43:37.332,10,0.003,0.5,10,manhattan,0.31,0.378,0.3088,24,113,1195,1.402353446,1.12430452,0.720305124,295
2026-09-18T19:43:44.597,10,0.003,0.55,5,manhattan,0.9548,0.9597,0.9524,2,414,9633,0.885335057,3.632938872,2.745278725,295
2026-09-18T19:43:52.9,10,0.003,0.55,6,manhattan,0.964,0.959,0.9719,1,1252,9656,0.916850211,4.998413278,2.384770531,295
2026-09-18T19:44:02.145,10,0.003,0.55,7,manhattan,0.9898,0.993,0.9868,1,1472,9629,0.710677211,5.955573276,2.576286829,295
2026-09-18T19:44:09.885,10,0.003,0.55,8,manhattan,1.0,1.0,1.0,3,767,8945,0.633381595,4.623213671,2.47963265,295
2026-09-18T19:44:13.885,10,0.003,0.55,9,manhattan,0.8481,0.8463,0.8511,45,277,4287,0.554214369,2.182832433,1.260647319,295
2026-09-18T19:44:16.602,10,0.003,0.55,10,manhattan,0.3908,0.4084,0.4086,16,113,801,1.351668372,0.655584727,0.707323288,295
2026-09-18T19:44:23.68,10,0.003,0.6,5,manhattan,0.9545,0.9515,0.9597,1,414,9214,1.010487173,3.496358334,2.567834277,295
2026-09-18T19:44:32.572,10,0.003,0.6,6,manhattan,0.9442,0.9383,0.953,1,1252,9213,1.001847095,5.214692883,2.672072461,295
2026-09-18T19:44:41.522,10,0.003,0.6,7,manhattan,0.9879,0.9888,0.9874,1,1472,9211,0.768107914,5.467896647,2.710542348,295
2026-09-18T19:44:48.886,10,0.003,0.6,8,manhattan,0.9923,0.9896,0.9953,4,767,8812,0.583667315,4.212359202,2.565704674,295
2026-09-18T19:44:52.435,10,0.003,0.6,9,manhattan,0.7372,0.7521,0.7768,48,277,3282,0.550975684,1.802961904,1.192399373,295
2026-09-18T19:44:54.978,10,0.003,0.6,10,manhattan,0.3351,0.3412,0.3548,10,113,391,1.245359809,0.6674403,0.624477866,295
2026-09-18T19:45:01.527,10,0.003,0.65,5,manhattan,0.9429,0.9356,0.9525,1,414,9202,0.966849721,3.282848567,2.296303927,295
2026-09-18T19:45:10.407,10,0.003,0.65,6,manhattan,0.9806,0.9772,0.9846,1,1252,9201,0.944376932,5.189173892,2.743624183,295
2026-09-18T19:45:19.391,10,0.003,0.65,7,manhattan,0.9917,0.9911,0.9925,1,1472,9200,0.708015486,5.563735428,2.705686766,295
2026-09-18T19:45:26.72,10,0.003,0.65,8,manhattan,0.9921,0.9892,0.9953,5,767,8680,0.580798511,4.250951033,2.480162048,295
2026-09-18T19:45:29.415,10,0.003,0.65,9,manhattan,0.7341,0.7638,0.7505,36,277,2085,0.518131799,1.306542881,0.850707982,295
2026-09-18T19:45:31.678,10,0.003,0.65,10,manhattan,0.1831,0.2449,0.2753,4,113,169,1.373677833,0.264594124,0.621478249,284
2026-09-18T19:45:38.342,10,0.003,0.7,5,manhattan,0.9286,0.9254,0.938,1,414,9144,1.00941406,3.219638489,2.432087086,295
2026-09-18T19:45:47.202,10,0.003,0.7,6,manhattan,0.9706,0.9614,0.9826,1,1252,9142,0.971549418,5.217351395,2.666843857,295
2026-09-18T19:45:56.495,10,0.003,0.7,7,manhattan,0.9918,0.9955,0.9885,1,1472,9117,0.828367053,5.518622787,2.942282879,295
2026-09-18T19:46:04.388,10,0.003,0.7,8,manhattan,0.9875,0.9828,0.9927,8,767,8471,0.577142524,5.023092496,2.289967637,295
2026-09-18T19:46:06.396,10,0.003,0.7,9,manhattan,0.6923,0.7148,0.6997,19,277,1198,0.546247563,0.832287529,0.623202074,295
2026-09-18T19:46:08.627,10,0.003,0.7,10,manhattan,0.1699,0.1866,0.1866,1,113,49,1.366378362,0.518936023,0.344059503,204
2026-09-18T19:46:15.3,10,0.003,0.75,5,manhattan,0.95,0.9431,0.9622,1,414,9036,0.891378432,3.485368165,2.293881198,295
2026-09-18T19:46:23.909,10,0.003,0.75,6,manhattan,0.9788,0.974,0.9844,1,1252,9043,1.022251533,4.96216246,2.620955837,295
2026-09-18T19:46:32.902,10,0.003,0.75,7,manhattan,0.9745,0.9741,0.9766,1,1472,9042,0.723573491,5.643781188,2.621105088,295
2026-09-18T19:46:40.183,10,0.003,0.75,8,manhattan,0.9951,0.9953,0.995,13,767,7955,0.52857092,4.538089604,2.210738951,295
2026-09-18T19:46:42.332,10,0.003,0.75,9,manhattan,0.6444,0.6531,0.6683,11,277,729,0.531896347,0.757283199,0.85386132,295
2026-09-18T19:46:50.569,10,0.003,0.8,5,manhattan,0.9402,0.9374,0.9454,1,414,8972,0.705175526,3.729736435,2.396737431,295
2026-09-18T19:46:59.203,10,0.003,0.8,6,manhattan,0.9867,0.9822,0.9925,1,1252,8974,0.965280875,5.185293226,2.481105604,295
2026-09-18T19:47:05.845,10,0.003,0.8,7,manhattan,0.992,0.9892,0.9952,1,1472,8962,0.738358001,4.171725839,1.726737305,295
2026-09-18T19:47:10.987,10,0.003,0.8,8,manhattan,0.9831,0.9819,0.9845,17,767,7402,0.462835868,3.04115557,1.634362308,295
2026-09-18T19:47:11.901,10,0.003,0.8,9,manhattan,0.5903,0.6046,0.615,8,277,422,0.401575343,0.256462703,0.253776952,295
2026-09-18T19:48:15.758,11,0.0015,0.5,5,manhattan,0.933,0.9264,0.9449,3,410,9650,1.135390233,4.848124274,2.284498847,295
2026-09-18T19:48:20.162,11,0.0015,0.5,6,manhattan,0.9666,0.9587,0.977,1,1255,9645,0.449966337,1.894756241,1.041152216,295
2026-09-18T19:48:23.825,11,0.0015,0.5,7,manhattan,0.9803,0.9758,0.9856,8,1505,9306,0.363011728,2.262096738,1.035575592,295
2026-09-18T19:48:26.906,11,0.0015,0.5,8,manhattan,0.975,0.9665,0.9853,41,811,7444,0.269753376,1.988791927,0.820400527,295
2026-09-18T19:48:27.585,11,0.0015,0.5,9,manhattan,0.4394,0.5399,0.4832,27,316,873,0.284195246,0.201945432,0.191582857,295
2026-09-18T19:48:28.702,11,0.0015,0.5,10,manhattan,0.266,0.3149,0.3132,5,140,127,0.905100237,0.05877529,0.150533379,267
2026-09-18T19:48:31.314,11,0.0015,0.55,5,manhattan,0.9323,0.9216,0.9475,4,410,9599,0.355907393,1.272271158,0.982359885,295
2026-09-18T19:48:34.656,11,0.0015,0.55,6,manhattan,0.9717,0.9659,0.9795,2,1255,9634,0.438455151,1.875752542,1.025054896,295
2026-09-18T19:48:38.157,11,0.0015,0.55,7,manhattan,0.9813,0.9795,0.9839,3,1505,9128,0.327498226,2.167134885,1.004696135,295
2026-09-18T19:48:40.843,11,0.0015,0.55,8,manhattan,0.9707,0.9662,0.9759,50,811,6577,0.218847603,1.745982725,0.718762747,295
2026-09-18T19:48:41.56,11,0.0015,0.55,9,manhattan,0.3397,0.432,0.3968,19,316,590,0.263706999,0.217824008,0.233906172,295
2026-09-18T19:48:42.79,11,0.0015,0.55,10,manhattan,0.2925,0.3324,0.3128,3,140,50,0.989012835,0.157093299,0.081529052,187
2026-09-18T19:48:45.468,11,0.0015,0.6,5,manhattan,0.9213,0.919,0.9272,2,410,9464,0.396246864,1.2860737,0.993524029,295
2026-09-18T19:48:48.887,11,0.0015,0.6,6,manhattan,0.9687,0.9603,0.9805,3,1255,9517,0.439400733,1.931859612,1.045792127,295
2026-09-18T19:48:53.67,11,0.0015,0.6,7,manhattan,0.9669,0.9568,0.9805,1,1505,9093,0.347947781,2.99352822,1.439468201,295
2026-09-18T19:48:56.489,11,0.0015,0.6,8,manhattan,0.9482,0.942,0.9618,63,811,5698,0.398485281,1.802111446,0.616637543,295
2026-09-18T19:48:57.133,11,0.0015,0.6,9,manhattan,0.404,0.5165,0.4363,11,316,305,0.254952243,0.11193666,0.275653436,295
2026-09-18T19:48:58.572,11,0.0015,0.6,10,manhattan,0.2114,0.2491,0.2989,1,140,16,1.129039906,0.176904574,0.130828892,111
2026-09-18T19:49:02.154,11,0.0015,0.65,5,manhattan,0.9478,0.9372,0.9632,5,410,9107,0.384827869,1.940623098,1.253829124,295
2026-09-18T19:49:06.714,11,0.0015,0.65,6,manhattan,0.9762,0.9698,0.9854,2,1255,9168,0.724085916,2.43438347,1.399040381,295
2026-09-18T19:49:11.43,11,0.0015,0.65,7,manhattan,0.9745,0.9695,0.9805,5,1505,8955,0.500618236,2.871734219,1.341056394,295
2026-09-18T19:49:13.365,11,0.0015,0.65,8,manhattan,0.9072,0.9072,0.9079,72,811,4667,0.256748842,1.179816192,0.496337798,295
2026-09-18T19:49:14.172,11,0.0015,0.65,9,manhattan,0.1773,0.4261,0.2531,7,316,142,0.254456997,0.07950882,0.464327679,294
2026-09-18T19:49:24.322,11,0.0015,0.7,5,manhattan,0.9441,0.9387,0.9573,1,410,8990,0.925260719,3.717011057,2.534291838,295
2026-09-18T19:49:32.804,11,0.0015,0.7,6,manhattan,0.9762,0.9755,0.9796,2,1255,9089,0.943083469,4.932174529,2.602500113,295
2026-09-18T19:49:42.153,11,0.0015,0.7,7,manhattan,0.9728,0.9668,0.9804,3,1505,8853,0.833010597,5.822289809,2.691230369,295
2026-09-18T19:49:46.582,11,0.0015,0.7,8,manhattan,0.8491,0.8378,0.8769,78,811,3454,0.477268728,2.912233487,1.036462647,295
2026-09-18T19:49:47.878,11,0.0015,0.7,9,manhattan,0.2003,0.2176,0.246,2,316,33,0.54303451,0.372355457,0.377753427,238
2026-09-18T19:49:57.0,11,0.0015,0.75,5,manhattan,0.9163,0.908,0.9289,6,410,8912,0.723524113,4.149836784,2.487035976,295
2026-09-18T19:50:05.757,11,0.0015,0.75,6,manhattan,0.9573,0.9491,0.9682,2,1255,8981,0.903829194,4.978930886,2.871102294,295
2026-09-18T19:50:14.54,11,0.0015,0.75,7,manhattan,0.9692,0.961,0.9793,4,1505,8735,0.786020481,5.451306456,2.542521736,295
2026-09-18T19:50:17.762,11,0.0015,0.75,8,manhattan,0.6627,0.6954,0.6879,67,811,1973,0.489930411,1.961838883,0.767695152,295
2026-09-18T19:50:19.13,11,0.0015,0.75,9,manhattan,0.3454,0.3698,0.3839,1,316,16,0.591710946,0.411312418,0.361603587,169
2026-09-18T19:50:28.27,11,0.0015,0.8,5,manhattan,0.9086,0.9009,0.9316,27,410,8619,0.607327828,4.151197084,2.588351508,295
2026-09-18T19:50:36.85,11,0.0015,0.8,6,manhattan,0.9716,0.9705,0.9729,2,1255,8946,1.096608434,4.810369841,2.670283893,295
2026-09-18T19:50:45.966,11,0.0015,0.8,7,manhattan,0.9757,0.9671,0.9858,7,1505,8597,0.715768717,5.868104146,2.529749984,295
2026-09-18T19:50:48.297,11,0.0015,0.8,8,manhattan,0.5901,0.6384,0.6281,28,811,680,0.425778522,1.249779791,0.64002749,295
2026-09-18T19:50:58.237,11,0.002,0.5,5,manhattan,0.9453,0.9413,0.9506,1,410,9664,1.123095566,3.840241137,2.878957075,295
2026-09-18T19:51:07.49,11,0.002,0.5,6,manhattan,0.973,0.9651,0.983,1,1255,9658,0.990555212,5.604187204,2.641885365,295
2026-09-18T19:51:16.736,11,0.002,0.5,7,manhattan,0.9914,0.988,0.995,2,1505,9623,0.834317702,5.674695937,2.734292964,295
2026-09-18T19:51:24.228,11,0.002,0.5,8,manhattan,0.989,0.9888,0.9896,7,811,8565,0.538919751,4.247797886,2.70291889,295
2026-09-18T19:51:27.679,11,0.002,0.5,9,manhattan,0.6881,0.6989,0.7231,57,316,2524,0.599069661,1.738594955,1.110263572,295
2026-09-18T19:51:30.524,11,0.002,0.5,10,manhattan,0.4207,0.4942,0.4448,17,140,648,1.518623876,0.56193919,0.760768515,295
2026-09-18T19:51:38.079,11,0.002,0.55,5,manhattan,0.9398,0.9363,0.948,3,410,9640,1.016141698,3.466670959,3.069910749,295
2026-09-18T19:51:46.807,11,0.002,0.55,6,manhattan,0.9692,0.9615,0.9804,1,1255,9642,0.969097385,5.08342239,2.671990474,295
2026-09-18T19:51:56.196,11,0.002,0.55,7,manhattan,0.9902,0.9901,0.9903,5,1505,9472,0.840474429,5.564530871,2.979960431,295
2026-09-18T19:52:04.284,11,0.002,0.55,8,manhattan,0.9718,0.9626,0.9834,10,811,8359,0.52207855,5.06761142,2.495596644,295
2026-09-18T19:52:06.564,11,0.002,0.55,9,manhattan,0.4911,0.6469,0.5224,40,316,1637,0.573185607,0.969384153,0.721343685,295
2026-09-18T19:52:09.274,11,0.002,0.55,10,manhattan,0.275,0.3199,0.312,13,140,421,1.444575882,0.454961685,0.792522037,294
2026-09-18T19:52:16.362,11,0.002,0.6,5,manhattan,0.9624,0.9549,0.9724,2,410,9548,0.931852094,3.467108166,2.684722348,295
2026-09-18T19:52:25.168,11,0.002,0.6,6,manhattan,0.9694,0.964,0.9776,1,1255,9598,1.008821065,5.182979878,2.610299166,295
2026-09-18T19:52:33.744,11,0.002,0.6,7,manhattan,0.9857,0.9825,0.9893,3,1505,9232,0.818290154,5.344082427,2.410126651,295
2026-09-18T19:52:41.364,11,0.002,0.6,8,manhattan,0.9918,0.9913,0.9925,18,811,8053,0.571926298,4.577482576,2.458027849,295
2026-09-18T19:52:43.679,11,0.002,0.6,9,manhattan,0.4535,0.5485,0.4848,30,316,1140,0.604542222,0.884012497,0.804606691,295
2026-09-18T19:52:46.245,11,0.002,0.6,10,manhattan,0.2905,0.3911,0.3522,5,140,154,1.660322743,0.403143712,0.499930802,274
2026-09-18T19:52:52.979,11,0.002,0.65,5,manhattan,0.9345,0.9234,0.9502,1,410,9206,0.929809444,3.3480004,2.453331855,295
2026-09-18T19:53:01.82,11,0.002,0.65,6,manhattan,0.9876,0.9828,0.9929,1,1255,9205,1.026327156,4.98747193,2.823713674,295
2026-09-18T19:53:10.714,11,0.002,0.65,7,manhattan,0.9816,0.9769,0.9875,1,1505,9142,0.80158214,5.462674903,2.626637578,295
2026-09-18T19:53:18.355,11,0.002,0.65,8,manhattan,0.9855,0.9808,0.9907,22,811,7511,0.479521335,5.179769759,1.977539211,295
2026-09-18T19:53:20.095,11,0.002,0.65,9,manhattan,0.3592,0.5354,0.4278,16,316,662,0.511033765,0.748066742,0.478542927,295
2026-09-18T19:53:22.222,11,0.002,0.65,10,manhattan,0.2584,0.311,0.317,1,140,51,1.274006264,0.560020927,0.288801084,242
2026-09-18T19:53:29.509,11,0.002,0.7,5,manhattan,0.9697,0.9654,0.9751,4,410,9155,0.942503114,3.661200569,2.681222945,295
2026-09-18T19:53:37.98,11,0.002,0.7,6,manhattan,0.9834,0.9824,0.9848,2,1255,9169,1.00351766,4.713987061,2.748042986,295
2026-09-18T19:53:47.239,11,0.002,0.7,7,manhattan,0.9839,0.9807,0.9875,3,1505,9080,0.796604475,6.017728152,2.442264301,295
2026-09-18T19:53:54.502,11,0.002,0.7,8,manhattan,0.9676,0.9652,0.9714,45,811,6762,0.460330391,4.781868201,2.017134663,295
2026-09-18T19:53:56.221,11,0.002,0.7,9,manhattan,0.4844,0.5234,0.5182,8,316,404,0.583947745,0.686462596,0.447058853,295
2026-09-18T19:53:58.099,11,0.002,0.7,10,manhattan,0.2496,0.3153,0.2591,1,140,21,1.332410698,0.298493461,0.24445963,159
2026-09-18T19:54:05.241,11,0.002,0.75,5,manhattan,0.9454,0.9392,0.9542,1,410,8993,0.878854571,3.453365478,2.806313742,295
2026-09-18T19:54:13.783,11,0.002,0.75,6,manhattan,0.979,0.9747,0.9845,2,1255,9075,1.040251641,4.918075302,2.580887564,295
2026-09-18T19:54:23.347,11,0.002,0.75,7,manhattan,0.9856,0.9822,0.9901,3,1505,8958,0.81082383,6.037752374,2.712560562,295
2026-09-18T19:54:29.534,11,0.002,0.75,8,manhattan,0.9722,0.97,0.9751,49,811,5748,0.458193385,4.037968824,1.684685581,295
2026-09-18T19:54:31.27,11,0.002,0.75,9,manhattan,0.3239,0.502,0.3702,7,316,253,0.596915892,0.586243152,0.550297959,295
2026-09-18T19:54:40.157,11,0.002,0.8,5,manhattan,0.9546,0.9534,0.9582,2,410,8948,0.629672546,3.809997206,2.639596785,295
2026-09-18T19:54:48.648,11,0.002,0.8,6,manhattan,0.9598,0.9533,0.9681,1,1255,8965,1.152903829,4.783916369,2.55193538,295
2026-09-18T19:54:57.83,11,0.002,0.8,7,manhattan,0.9963,0.9977,0.9949,3,1505,8873,0.710273827,5.904995299,2.56325101,295
2026-09-18T19:55:03.492,11,0.002,0.8,8,manhattan,0.9376,0.9258,0.9568,57,811,4615,0.472678137,3.589292864,1.595977882,295
2026-09-18T19:55:05.1,11,0.002,0.8,9,manhattan,0.3123,0.4055,0.3316,2,316,45,0.584651677,0.489850876,0.530188811,249
2026-09-18T19:55:13.778,11,0.0025,0.5,5,manhattan,0.9309,0.9224,0.9434,1,410,9668,0.92550973,3.516117747,2.714484622,295
2026-09-18T19:55:22.596,11,0.0025,0.5,6,manhattan,0.9791,0.9741,0.9854,1,1255,9662,1.02017406,5.114650636,2.680077058,295
2026-09-18T19:55:32.266,11,0.0025,0.5,7,manhattan,0.9662,0.9605,0.9732,1,1505,9637,0.903984547,5.732620281,3.030757113,295
2026-09-18T19:55:39.761,11,0.0025,0.5,8,manhattan,0.9541,0.9449,0.9714,6,811,8838,0.637383384,4.303786506,2.55033259,295
2026-09-18T19:55:44.132,11,0.0025,0.5,9,manhattan,0.8289,0.828,0.8705,49,316,4273,0.547917765,2.334847632,1.485390555,295
2026-09-18T19:55:47.088,11,0.0025,0.5,10,manhattan,0.3945,0.5853,0.4522,27,140,1254,1.309672511,0.860736112,0.783316175,295
2026-09-18T19:55:54.162,11,0.0025,0.55,5,manhattan,0.9548,0.9457,0.9669,1,410,9653,0.910399408,3.569635937,2.589737374,295
2026-09-18T19:56:03.102,11,0.0025,0.55,6,manhattan,0.9844,0.9796,0.9903,1,1255,9647,0.947618926,5.468341902,2.518421156,295
2026-09-18T19:56:12.421,11,0.0025,0.55,7,manhattan,0.97,0.9634,0.978,1,1505,9635,0.786448212,5.813128813,2.695432174,295
2026-09-18T19:56:20.001,11,0.0025,0.55,8,manhattan,0.9955,0.9936,0.9975,6,811,8725,0.563726361,4.561613777,2.449924294,295
2026-09-18T19:56:23.857,11,0.0025,0.55,9,manhattan,0.738,0.7373,0.7674,57,316,3610,0.567244132,2.079403769,1.204208956,295
2026-09-18T19:56:26.981,11,0.0025,0.55,10,manhattan,0.4304,0.4723,0.4384,21,140,977,1.392582188,1.132934223,0.596794158,295
2026-09-18T19:56:34.172,11,0.0025,0.6,5,manhattan,0.9429,0.9381,0.9488,3,410,9593,1.087027345,3.51645068,2.582446633,295
2026-09-18T19:56:43.099,11,0.0025,0.6,6,manhattan,0.9577,0.9474,0.9714,1,1255,9602,0.954678981,4.986651922,2.982964589,295
2026-09-18T19:56:52.429,11,0.0025,0.6,7,manhattan,0.9837,0.978,0.9906,5,1505,9507,0.875035994,5.898768869,2.553206562,295
2026-09-18T19:56:59.896,11,0.0025,0.6,8,manhattan,0.9976,0.9976,0.9977,6,811,8614,0.66683235,4.291969136,2.503509952,295
2026-09-18T19:57:02.99,11,0.0025,0.6,9,manhattan,0.7112,0.7369,0.7432,50,316,2640,0.581170084,1.553284965,0.956398546,295
2026-09-18T19:57:05.817,11,0.0025,0.6,10,manhattan,0.4068,0.4223,0.4207,15,140,635,1.447737251,0.471594898,0.888777704,295
2026-09-18T19:57:12.737,11,0.0025,0.65,5,manhattan,0.9318,0.9282,0.9392,1,410,9213,0.766202523,3.508582281,2.641734281,295
2026-09-18T19:57:21.668,11,0.0025,0.65,6,manhattan,0.9597,0.954,0.9675,1,1255,9209,1.038613442,5.300921572,2.588371277,295
2026-09-18T19:57:30.702,11,0.0025,0.65,7,manhattan,0.9883,0.9869,0.9901,1,1505,9191,0.789257371,5.577534567,2.664611034,295
2026-09-18T19:57:38.697,11,0.0025,0.65,8,manhattan,0.9773,0.9715,0.9852,10,811,8475,0.566433553,5.019038417,2.406545324,295
2026-09-18T19:57:41.213,11,0.0025,0.65,9,manhattan,0.5324,0.6268,0.5806,32,316,1599,0.557616218,1.066004253,0.888745508,295
2026-09-18T19:57:43.903,11,0.0025,0.65,10,manhattan,0.3179,0.4954,0.37,7,140,286,1.411199874,0.663483735,0.608298989,284
2026-09-18T19:57:50.685,11,0.0025,0.7,5,manhattan,0.9218,0.9119,0.9419,1,410,9210,0.846022418,3.3234536,2.609192039,295
2026-09-18T19:57:59.818,11,0.0025,0.7,6,manhattan,0.9656,0.9603,0.9716,1,1255,9196,1.09028817,5.291400027,2.736907267,295
2026-09-18T19:58:09.014,11,0.0025,0.7,7,manhattan,0.979,0.9731,0.986,1,1505,9133,0.768297834,5.68685113,2.734418888,295
2026-09-18T19:58:16.84,11,0.0025,0.7,8,manhattan,0.9883,0.9869,0.9903,12,811,8213,0.623656549,4.790849523,2.4084939,295
2026-09-18T19:58:18.943,11,0.0025,0.7,9,manhattan,0.4674,0.5792,0.4951,19,316,933,0.631704022,0.80977628,0.646022482,295
2026-09-18T19:58:21.356,11,0.0025,0.7,10,manhattan,0.3053,0.4003,0.3379,3,140,155,1.415389938,0.30438067,0.690050907,269
2026-09-18T19:58:28.337,11,0.0025,0.75,5,manhattan,0.9254,0.9162,0.9431,2,410,9088,0.94988458,3.544031181,2.482721106,295
2026-09-18T19:58:37.023,11,0.0025,0.75,6,manhattan,0.9454,0.9355,0.9579,1,1255,9102,1.053200931,4.9165221,2.713892298,295
2026-09-18T19:58:45.836,11,0.0025,0.75,7,manhattan,0.9877,0.9856,0.9901,3,1505,9094,0.793550382,5.412645918,2.601303526,295
2026-09-18T19:58:53.492,11,0.0025,0.75,8,manhattan,0.9786,0.974,0.9838,24,811,7633,0.640495166,4.627460857,2.3846511,295
2026-09-18T19:58:55.369,11,0.0025,0.75,9,manhattan,0.5277,0.5591,0.5876,10,316,516,0.556605893,0.743067008,0.560688332,295
2026-09-18T19:58:57.661,11,0.0025,0.75,10,manhattan,0.1889,0.4038,0.2442,2,140,82,1.441615864,0.560708725,0.287528643,256
2026-09-18T19:59:04.479,11,0.0025,0.8,5,manhattan,0.9739,0.9708,0.9774,1,410,8964,0.917328371,3.397708115,2.497808172,295
2026-09-18T19:59:13.026,11,0.0025,0.8,6,manhattan,0.9818,0.9804,0.9835,1,1255,8969,1.043312998,4.846779337,2.653422095,295
2026-09-18T19:59:22.335,11,0.0025,0.8,7,manhattan,0.9789,0.972,0.9876,2,1505,8954,0.737129304,6.050570292,2.499270091,295
2026-09-18T19:59:29.752,11,0.0025,0.8,8,manhattan,0.9765,0.9689,0.986,35,811,6804,0.591562271,4.820271182,2.002740634,295
2026-09-18T19:59:31.412,11,0.0025,0.8,9,manhattan,0.395,0.5203,0.4404,6,316,323,0.608003631,0.615812315,0.433491048,295
2026-09-18T19:59:39.97,11,0.003,0.5,5,manhattan,0.9718,0.9663,0.9794,1,410,9672,0.907449797,3.729980149,2.398779801,295
2026-09-18T19:59:48.69,11,0.003,0.5,6,manhattan,0.9594,0.9519,0.9697,1,1255,9666,1.038208362,4.831638295,2.829368475,295
2026-09-18T19:59:58.368,11,0.003,0.5,7,manhattan,0.9924,0.9896,0.9954,1,1505,9644,0.828064279,6.122735097,2.724990286,295
2026-09-18T20:00:06.271,11,0.003,0.5,8,manhattan,0.9935,0.992,0.9952,2,811,8976,0.616907312,4.573587368,2.708538514,295
2026-09-18T20:00:10.972,11,0.003,0.5,9,manhattan,0.9363,0.9288,0.9493,43,316,5570,0.619666676,2.429396737,1.649050341,295
2026-09-18T20:00:14.788,11,0.003,0.5,10,manhattan,0.5781,0.597,0.6012,32,140,2078,1.601689208,1.203727925,1.007136593,295
2026-09-18T20:00:21.823,11,0.003,0.55,5,manhattan,0.9385,0.9314,0.9496,1,410,9657,0.603052453,3.842251409,2.587132991,295
2026-09-18T20:00:30.625,11,0.003,0.55,6,manhattan,0.9796,0.9752,0.9856,1,1255,9651,0.963606611,5.096097666,2.739877052,295
2026-09-18T20:00:40.368,11,0.003,0.55,7,manhattan,0.9842,0.9798,0.99,1,1505,9639,0.800723255,6.164908201,2.773235681,295
2026-09-18T20:00:48.281,11,0.003,0.55,8,manhattan,0.9775,0.9715,0.9857,3,811,8957,0.567105013,4.814880342,2.527116945,295
2026-09-18T20:00:52.546,11,0.003,0.55,9,manhattan,0.8465,0.838,0.8838,42,316,4746,0.576616364,2.25304754,1.432983663,295
2026-09-18T20:00:55.733,11,0.003,0.55,10,manhattan,0.5596,0.588,0.5534,24,140,1457,1.58872385,0.770837558,0.824358144,295
2026-09-18T20:01:02.663,11,0.003,0.6,5,manhattan,0.9596,0.955,0.965,1,410,9612,0.897904636,3.432433919,2.596740933,295
2026-09-18T20:01:11.603,11,0.003,0.6,6,manhattan,0.9872,0.9821,0.993,1,1255,9606,0.950573437,5.238892469,2.745894307,295
2026-09-18T20:01:20.75,11,0.003,0.6,7,manhattan,0.9764,0.9727,0.981,2,1505,9597,0.903658241,5.466955456,2.771554458,295
2026-09-18T20:01:28.211,11,0.003,0.6,8,manhattan,0.9758,0.9702,0.9833,3,811,8797,0.639553388,4.484068985,2.334250185,295
2026-09-18T20:01:32.04,11,0.003,0.6,9,manhattan,0.7918,0.7849,0.8182,51,316,4135,0.595518172,2.091250008,1.140376812,295
2026-09-18T20:01:35.064,11,0.003,0.6,10,manhattan,0.325,0.473,0.3775,20,140,1051,1.394066286,0.840856361,0.786567031,295
2026-09-18T20:01:41.847,11,0.003,0.65,5,manhattan,0.9532,0.9499,0.9605,1,410,9217,0.970450021,3.347620543,2.458175656,295
2026-09-18T20:01:50.227,11,0.003,0.65,6,manhattan,0.9845,0.9814,0.9878,1,1255,9216,0.918620226,4.68022779,2.778785139,295
2026-09-18T20:01:59.328,11,0.003,0.65,7,manhattan,0.9837,0.9803,0.9876,1,1505,9211,0.76296336,5.548160127,2.786425789,295
2026-09-18T20:02:06.934,11,0.003,0.65,8,manhattan,0.9784,0.9722,0.9861,4,811,8651,0.61479426,4.389737063,2.598209139,295
2026-09-18T20:02:10.727,11,0.003,0.65,9,manhattan,0.6846,0.7304,0.7369,47,316,3124,0.747536092,1.901553769,1.141277068,295
2026-09-18T20:02:13.422,11,0.003,0.65,10,manhattan,0.272,0.4384,0.3117,13,140,648,1.54673855,0.48753086,0.657478813,295
2026-09-18T20:02:20.403,11,0.003,0.7,5,manhattan,0.9428,0.929,0.9638,1,410,9214,0.881782656,3.476857732,2.619510558,295
2026-09-18T20:02:29.161,11,0.003,0.7,6,manhattan,0.9686,0.9648,0.9751,1,1255,9213,0.933102679,4.985565262,2.836420012,295
2026-09-18T20:02:38.547,11,0.003,0.7,7,manhattan,0.9899,0.9871,0.9929,1,1505,9205,0.856507889,5.714284822,2.812941776,295
2026-09-18T20:02:46.722,11,0.003,0.7,8,manhattan,0.9837,0.984,0.9835,6,811,8584,0.600670512,4.985338976,2.586144107,295
2026-09-18T20:02:49.416,11,0.003,0.7,9,manhattan,0.6595,0.6742,0.6866,35,316,2022,0.61515562,1.308287492,0.766909049,295
2026-09-18T20:02:52.184,11,0.003,0.7,10,manhattan,0.2399,0.3627,0.3057,6,140,303,1.408871617,0.726609371,0.629906962,290
2026-09-18T20:02:59.168,11,0.003,0.75,5,manhattan,0.9542,0.9532,0.9558,1,410,9110,0.872454009,3.393032821,2.714345338,295
2026-09-18T20:03:08.091,11,0.003,0.75,6,manhattan,0.9813,0.9756,0.988,1,1255,9111,1.027839611,5.095997863,2.793693346,295
2026-09-18T20:03:17.086,11,0.003,0.75,7,manhattan,0.9845,0.9798,0.9907,1,1505,9113,0.822555328,5.679895543,2.490006645,295
2026-09-18T20:03:25.03,11,0.003,0.75,8,manhattan,0.9804,0.9772,0.9848,6,811,8418,0.54198285,4.821342768,2.577743932,295
2026-09-18T20:03:27.348,11,0.003,0.75,9,manhattan,0.6262,0.6631,0.6585,21,316,1056,0.574521821,0.926148081,0.814315021,295
2026-09-18T20:03:29.84,11,0.003,0.75,10,manhattan,0.2514,0.2757,0.2966,4,140,184,1.533826411,0.403333134,0.552074374,277
2026-09-18T20:03:36.907,11,0.003,0.8,5,manhattan,0.969,0.9613,0.9787,1,410,8976,0.86555724,3.660027571,2.536460607,295
2026-09-18T20:03:45.806,11,0.003,0.8,6,manhattan,0.9762,0.9691,0.9858,1,1255,8973,0.988259021,5.183293962,2.701544177,295
2026-09-18T20:03:54.868,11,0.003,0.8,7,manhattan,0.994,0.9927,0.9954,1,1505,8963,0.805623817,5.559751845,2.6928499,295
2026-09-18T20:04:03.064,11,0.003,0.8,8,manhattan,0.9808,0.977,0.9858,11,811,8033,0.569255988,5.275329847,2.348607762,295
2026-09-18T20:04:04.944,11,0.003,0.8,9,manhattan,0.476,0.5918,0.5269,11,316,597,0.611338368,0.780226129,0.485809617,295
2026-09-18T20:04:07.306,11,0.003,0.8,10,manhattan,0.1817,0.2142,0.2081,2,140,99,1.637195041,0.330090663,0.392439412,262
2026-09-18T20:05:39.117,12,0.0015,0.5,5,manhattan,0.9322,0.9402,0.9307,2,406,9674,2.441283046,10.848077781,4.795791918,295
2026-09-18T20:05:49.768,12,0.0015,0.5,6,manhattan,0.9814,0.9778,0.9855,1,1242,9667,1.044639821,4.912055228,2.982144104,295
2026-09-18T20:05:59.438,12,0.0015,0.5,7,manhattan,1.0,1.0,1.0,5,1437,9414,0.821088729,6.236197767,2.609151262,295
2026-09-18T20:06:07.241,12,0.0015,0.5,8,manhattan,0.9718,0.9651,0.9805,43,776,7128,0.514852119,5.155748023,2.130064788,295
2026-09-18T20:06:09.476,12,0.0015,0.5,9,manhattan,0.4233,0.5214,0.4576,25,300,711,0.577553496,0.770844962,0.867888547,295
2026-09-18T20:06:11.254,12,0.0015,0.5,10,manhattan,0.2804,0.2639,0.3205,3,148,54,1.278551886,0.215003692,0.27918899,169
2026-09-18T20:06:18.105,12,0.0015,0.55,5,manhattan,0.9093,0.8995,0.9288,3,406,9640,0.74251233,3.643877795,2.46187746,295
2026-09-18T20:06:27.015,12,0.0015,0.55,6,manhattan,0.9896,0.9869,0.9929,1,1242,9662,1.025953264,5.203066552,2.676436053,295
2026-09-18T20:06:35.928,12,0.0015,0.55,7,manhattan,0.9908,0.9908,0.9908,5,1437,9241,0.770049399,5.644030306,2.493648455,295
2026-09-18T20:06:42.946,12,0.0015,0.55,8,manhattan,0.9558,0.9521,0.9644,53,776,6358,0.556024255,4.570448975,1.886868705,295
2026-09-18T20:06:44.781,12,0.0015,0.55,9,manhattan,0.175,0.2953,0.2456,11,300,298,0.663605301,0.543686561,0.624559904,295
2026-09-18T20:06:54.94,12,0.0015,0.6,5,manhattan,0.9577,0.9534,0.967,5,406,9566,1.129672709,3.123106687,2.629852115,295
2026-09-18T20:07:03.063,12,0.0015,0.6,6,manhattan,0.9863,0.9828,0.9903,1,1242,9645,0.961098396,4.551514551,2.593430242,295
2026-09-18T20:07:11.534,12,0.0015,0.6,7,manhattan,1.0,1.0,1.0,4,1437,9058,0.750436675,5.177990275,2.53962149,295
2026-09-18T20:07:17.284,12,0.0015,0.6,8,manhattan,0.9602,0.9511,0.9734,67,776,5194,0.53092549,3.673601319,1.542705208,295
2026-09-18T20:07:18.818,12,0.0015,0.6,9,manhattan,0.2256,0.3063,0.2484,6,300,137,0.566588605,0.463420489,0.500521849,294
2026-09-18T20:07:26.461,12,0.0015,0.65,5,manhattan,0.9687,0.9682,0.9695,6,406,9260,0.698321298,3.219565,2.33969083,295
2026-09-18T20:07:34.579,12,0.0015,0.65,6,manhattan,0.9876,0.9904,0.9853,8,1242,9543,0.86816861,4.956311142,2.291181854,295
2026-09-18T20:07:43.094,12,0.0015,0.65,7,manhattan,0.9859,0.9821,0.9903,1,1437,8999,0.727213919,5.284092988,2.500178627,295
2026-09-18T20:07:48.04,12,0.0015,0.65,8,manhattan,0.9148,0.9091,0.9248,69,776,4037,0.425510783,3.251826072,1.264957745,295
2026-09-18T20:07:49.286,12,0.0015,0.65,9,manhattan,0.3201,0.3726,0.3508,2,300,35,0.537193545,0.328345326,0.377574158,226
2026-09-18T20:07:57.299,12,0.0015,0.7,5,manhattan,0.9375,0.9267,0.9565,5,406,9013,0.872032028,3.321746607,2.224353897,295
2026-09-18T20:08:05.323,12,0.0015,0.7,6,manhattan,0.9855,0.9841,0.987,1,1242,9077,0.946543657,4.573437698,2.501102558,295
2026-09-18T20:08:14.049,12,0.0015,0.7,7,manhattan,0.9851,0.9846,0.9864,4,1437,8950,0.7541162,5.506370034,2.451227973,295
2026-09-18T20:08:17.903,12,0.0015,0.7,8,manhattan,0.7897,0.8322,0.7954,73,776,2733,0.4351255,2.418618393,0.986265956,295
2026-09-18T20:08:27.464,12,0.0015,0.75,5,manhattan,0.9541,0.9517,0.9596,8,406,8881,0.875727309,4.12034874,2.41680581,295
2026-09-18T20:08:36.094,12,0.0015,0.75,6,manhattan,0.9884,0.9876,0.9899,2,1242,9047,0.946642657,4.998957495,2.68187626,295
2026-09-18T20:08:45.165,12,0.0015,0.75,7,manhattan,0.993,0.9912,0.995,4,1437,8840,0.775685095,5.868915765,2.423877461,295
2026-09-18T20:08:47.929,12,0.0015,0.75,8,manhattan,0.6269,0.7201,0.6521,53,776,1493,0.470685549,1.555800439,0.733665158,295
2026-09-18T20:08:57.546,12,0.0015,0.8,5,manhattan,0.9299,0.9211,0.9414,24,406,8483,0.985609127,3.90791321,2.27972789,295
2026-09-18T20:09:06.156,12,0.0015,0.8,6,manhattan,0.9868,0.9854,0.9884,1,1242,8979,0.876544592,5.135089902,2.596048796,295
2026-09-18T20:09:14.914,12,0.0015,0.8,7,manhattan,0.9963,0.9977,0.9949,6,1437,8700,0.741556049,5.602052765,2.409731575,295
2026-09-18T20:09:17.221,12,0.0015,0.8,8,manhattan,0.4444,0.5598,0.4804,26,776,574,0.563962716,1.213232856,0.52543422,295
2026-09-18T20:09:26.829,12,0.002,0.5,5,manhattan,0.9568,0.9531,0.9619,1,406,9680,0.827927368,3.852795986,2.481878716,295
2026-09-18T20:09:35.547,12,0.002,0.5,6,manhattan,0.9781,0.9832,0.9736,1,1242,9671,0.944344875,5.102863685,2.667857486,295
2026-09-18T20:09:44.428,12,0.002,0.5,7,manhattan,0.9878,0.9857,0.9903,1,1437,9636,0.746216565,5.602284918,2.529812822,295
2026-09-18T20:09:52.778,12,0.002,0.5,8,manhattan,0.9962,0.9976,0.9949,11,776,8672,0.546283204,5.139170805,2.659535395,295
2026-09-18T20:09:55.677,12,0.002,0.5,9,manhattan,0.6069,0.6603,0.6457,47,300,2082,0.531272542,1.423546255,0.941782324,295
2026-09-18T20:09:58.381,12,0.002,0.5,10,manhattan,0.2348,0.242,0.3263,14,148,432,1.459875516,0.485807329,0.754357209,295
2026-09-18T20:10:05.717,12,0.002,0.55,5,manhattan,0.9477,0.9472,0.9511,1,406,9678,1.022845208,3.657776596,2.644206046,295
2026-09-18T20:10:14.592,12,0.002,0.55,6,manhattan,0.9734,0.9696,0.9778,1,1242,9669,1.027827414,5.241010666,2.603157883,295
2026-09-18T20:10:24.12,12,0.002,0.55,7,manhattan,0.9874,0.9828,0.9927,3,1437,9623,0.836725079,5.937391274,2.750956386,295
2026-09-18T20:10:32.04,12,0.002,0.55,8,manhattan,0.9868,0.9835,0.9904,17,776,8301,0.563783922,4.931468427,2.421565013,295
2026-09-18T20:10:34.414,12,0.002,0.55,9,manhattan,0.5257,0.5684,0.5592,29,300,1329,0.581418316,1.051473686,0.738337827,295
2026-09-18T20:10:37.017,12,0.002,0.55,10,manhattan,0.3482,0.469,0.3401,9,148,247,1.382081349,0.484858045,0.73264275,284
2026-09-18T20:10:44.112,12,0.002,0.6,5,manhattan,0.9209,0.9144,0.93,2,406,9611,0.979972089,3.503766887,2.609018135,295
2026-09-18T20:10:52.87,12,0.002,0.6,6,manhattan,0.9877,0.9831,0.9927,1,1242,9649,0.968476055,5.200146884,2.585821362,295
2026-09-18T20:11:01.925,12,0.002,0.6,7,manhattan,0.9834,0.9798,0.9877,5,1437,9439,0.806428859,5.581259235,2.661597253,295
2026-09-18T20:11:09.619,12,0.002,0.6,8,manhattan,0.9653,0.9568,0.9776,23,776,7732,0.565677461,4.755744748,2.36969262,295
2026-09-18T20:11:11.86,12,0.002,0.6,9,manhattan,0.4708,0.5034,0.4938,18,300,826,0.564355224,1.024747967,0.647657224,295
2026-09-18T20:11:14.203,12,0.002,0.6,10,manhattan,0.271,0.2778,0.3222,4,148,100,1.386367305,0.520930498,0.432688267,241
2026-09-18T20:11:21.443,12,0.002,0.65,5,manhattan,0.9369,0.9429,0.936,3,406,9560,0.874171871,3.740485224,2.61967216,295
2026-09-18T20:11:30.055,12,0.002,0.65,6,manhattan,0.9918,0.9913,0.9925,1,1242,9637,0.999538226,5.134080904,2.475463224,295
2026-09-18T20:11:39.402,12,0.002,0.65,7,manhattan,0.9918,0.9887,0.9952,5,1437,9234,0.824307907,5.937929402,2.571547946,295
2026-09-18T20:11:47.243,12,0.002,0.65,8,manhattan,0.9915,0.988,0.9952,32,776,7187,0.49768351,5.113040694,2.226010218,295
2026-09-18T20:11:49.054,12,0.002,0.65,9,manhattan,0.3659,0.5263,0.4193,13,300,490,0.603996433,0.594806352,0.608016294,295
2026-09-18T20:11:57.878,12,0.002,0.7,5,manhattan,0.9666,0.9638,0.9699,5,406,9134,0.907157753,3.770008439,2.51572239,295
2026-09-18T20:12:06.435,12,0.002,0.7,6,manhattan,0.9793,0.9821,0.9782,2,1242,9229,0.941383949,5.059906965,2.552147542,295
2026-09-18T20:12:15.753,12,0.002,0.7,7,manhattan,0.9839,0.9832,0.9854,2,1437,9024,0.774627137,5.753349066,2.787444815,295
2026-09-18T20:12:22.236,12,0.002,0.7,8,manhattan,0.9771,0.9772,0.9785,48,776,6292,0.473315776,4.131959733,1.874098555,295
2026-09-18T20:12:24.121,12,0.002,0.7,9,manhattan,0.2207,0.3603,0.2729,7,300,217,0.640900907,0.64036208,0.601601013,295
2026-09-18T20:12:33.231,12,0.002,0.75,5,manhattan,0.9552,0.9543,0.9572,1,406,8991,0.755733923,3.861894714,2.808025817,295
2026-09-18T20:12:41.914,12,0.002,0.75,6,manhattan,0.9764,0.975,0.9782,1,1242,9079,1.017073585,4.953657457,2.707946587,295
2026-09-18T20:12:50.788,12,0.002,0.75,7,manhattan,0.9959,0.9944,0.9975,1,1437,8988,0.790586386,5.365787001,2.714645006,295
2026-09-18T20:12:56.408,12,0.002,0.75,8,manhattan,0.9502,0.9508,0.9502,55,776,5141,0.469647566,3.753828422,1.392965291,295
2026-09-18T20:12:57.759,12,0.002,0.75,9,manhattan,0.2767,0.3368,0.2942,1,300,46,0.561641816,0.34537842,0.427609191,272
2026-09-18T20:13:06.766,12,0.002,0.8,5,manhattan,0.9824,0.9871,0.9784,2,406,8967,0.741565827,3.960802284,2.489264513,295
2026-09-18T20:13:15.665,12,0.002,0.8,6,manhattan,0.9826,0.9821,0.9839,1,1242,9003,1.079091279,5.320271293,2.495745167,295
2026-09-18T20:13:24.831,12,0.002,0.8,7,manhattan,1.0,1.0,1.0,2,1437,8895,0.813474808,5.864758106,2.484374917,295
2026-09-18T20:13:29.829,12,0.002,0.8,8,manhattan,0.9327,0.9243,0.946,56,776,3925,0.538105405,3.131739435,1.324648952,295
2026-09-18T20:13:39.653,12,0.0025,0.5,5,manhattan,0.9222,0.9262,0.9255,1,406,9684,0.98023581,4.232834177,2.428152383,295
2026-09-18T20:13:48.36,12,0.0025,0.5,6,manhattan,0.9785,0.9741,0.9843,1,1242,9675,1.022572268,4.851530687,2.829661984,295
2026-09-18T20:13:57.755,12,0.0025,0.5,7,manhattan,0.9912,0.9897,0.993,1,1437,9669,0.858883449,5.825679261,2.707339805,295
2026-09-18T20:14:04.946,12,0.0025,0.5,8,manhattan,0.9897,0.9868,0.993,2,776,9032,0.523878434,4.250636749,2.413323169,295
2026-09-18T20:14:08.884,12,0.0025,0.5,9,manhattan,0.8375,0.8303,0.8582,50,300,3841,0.499731468,1.943520135,1.492531118,295
2026-09-18T20:14:12.044,12,0.0025,0.5,10,manhattan,0.4242,0.5134,0.4689,20,148,867,1.422959308,0.798895067,0.931815258,295
2026-09-18T20:14:19.583,12,0.0025,0.55,5,manhattan,0.9404,0.9356,0.9474,1,406,9682,0.977563818,3.708489692,2.848862222,295
2026-09-18T20:14:28.207,12,0.0025,0.55,6,manhattan,0.996,0.9944,0.9977,1,1242,9673,0.941187555,5.047374066,2.632008666,295
2026-09-18T20:14:37.279,12,0.0025,0.55,7,manhattan,1.0,1.0,1.0,1,1437,9654,0.822726698,5.838780111,2.407418288,295
2026-09-18T20:14:44.792,12,0.0025,0.55,8,manhattan,1.0,1.0,1.0,5,776,8900,0.571734946,4.37054032,2.567599323,295
2026-09-18T20:14:48.244,12,0.0025,0.55,9,manhattan,0.8106,0.809,0.8234,47,300,2917,0.566782772,1.746091427,1.134886733,295
2026-09-18T20:14:51.116,12,0.0025,0.55,10,manhattan,0.2887,0.3939,0.3606,13,148,528,1.551212907,0.624416312,0.692378136,295
2026-09-18T20:14:58.674,12,0.0025,0.6,5,manhattan,0.9564,0.9512,0.9648,1,406,9660,1.00161496,3.868749787,2.685631842,295
2026-09-18T20:15:06.992,12,0.0025,0.6,6,manhattan,0.9787,0.9732,0.9854,1,1242,9653,1.021697015,4.845113311,2.44778047,295
2026-09-18T20:15:16.222,12,0.0025,0.6,7,manhattan,0.9908,0.9888,0.9929,1,1437,9638,0.784021853,5.891022662,2.552005066,295
2026-09-18T20:15:24.083,12,0.0025,0.6,8,manhattan,0.9923,0.9921,0.9926,8,776,8634,0.544166032,4.901170669,2.411667997,295
2026-09-18T20:15:26.61,12,0.0025,0.6,9,manhattan,0.5889,0.6398,0.6417,31,300,1852,0.515999625,1.190251405,0.818164938,295
2026-09-18T20:15:29.266,12,0.0025,0.6,10,manhattan,0.2439,0.2716,0.3228,8,148,294,1.666035237,0.479037742,0.507548747,295
2026-09-18T20:15:36.204,12,0.0025,0.65,5,manhattan,0.9345,0.9342,0.939,2,406,9594,0.778644484,3.554260681,2.602935786,295
2026-09-18T20:15:45.289,12,0.0025,0.65,6,manhattan,0.9912,0.9952,0.9876,1,1242,9641,0.990641969,5.28241963,2.808891641,295
2026-09-18T20:15:54.699,12,0.0025,0.65,7,manhattan,0.9941,0.9951,0.9933,5,1437,9538,0.797500963,6.050638541,2.558968742,295
2026-09-18T20:16:02.884,12,0.0025,0.65,8,manhattan,0.9913,0.992,0.9909,13,776,8374,0.531586549,5.082223526,2.556724318,295
2026-09-18T20:16:05.001,12,0.0025,0.65,9,manhattan,0.5558,0.5804,0.6021,23,300,1141,0.569162128,0.877244264,0.666276171,295
2026-09-18T20:16:07.562,12,0.0025,0.65,10,manhattan,0.2607,0.3256,0.2828,2,148,101,1.439555999,0.365725592,0.737271419,278
2026-09-18T20:16:14.069,12,0.0025,0.7,5,manhattan,0.9387,0.9399,0.9403,2,406,9240,0.781382826,3.331826447,2.390720328,295
2026-09-18T20:16:22.6,12,0.0025,0.7,6,manhattan,0.9854,0.9826,0.9885,1,1242,9253,0.975469134,4.882965043,2.666751199,295
2026-09-18T20:16:31.545,12,0.0025,0.7,7,manhattan,0.9906,0.9894,0.9919,3,1437,9209,0.780153547,5.653627144,2.508374098,295
2026-09-18T20:16:39.082,12,0.0025,0.7,8,manhattan,0.9976,0.9977,0.9975,20,776,7934,0.567053966,4.934477124,2.033183359,295
2026-09-18T20:16:40.966,12,0.0025,0.7,9,manhattan,0.4268,0.5433,0.4829,13,300,743,0.588568399,0.755220169,0.53674678,295
2026-09-18T20:16:43.493,12,0.0025,0.7,10,manhattan,0.2416,0.3546,0.2499,1,148,49,1.699173373,0.312638588,0.512942039,231
2026-09-18T20:16:50.539,12,0.0025,0.75,5,manhattan,0.9522,0.9529,0.952,1,406,9109,0.851738605,3.531771681,2.659962335,295
2026-09-18T20:16:59.308,12,0.0025,0.75,6,manhattan,0.9754,0.9692,0.9823,1,1242,9096,0.972253428,5.230391422,2.563715093,295
2026-09-18T20:17:07.844,12,0.0025,0.75,7,manhattan,0.9915,0.988,0.9953,1,1437,8999,0.721401009,5.436972492,2.372903385,295
2026-09-18T20:17:15.146,12,0.0025,0.75,8,manhattan,0.9917,0.9912,0.9925,29,776,7271,0.491050875,4.651473005,2.155428204,295
2026-09-18T20:17:17.111,12,0.0025,0.75,9,manhattan,0.4193,0.4719,0.4864,9,300,420,0.636681806,0.736172035,0.587514664,295
2026-09-18T20:17:25.782,12,0.0025,0.8,5,manhattan,0.9578,0.9501,0.9679,1,406,8991,1.066865695,3.438939992,2.542128791,295
2026-09-18T20:17:34.585,12,0.0025,0.8,6,manhattan,0.9932,0.9912,0.9954,1,1242,9029,0.957657234,5.224580979,2.607075147,295
2026-09-18T20:17:43.803,12,0.0025,0.8,7,manhattan,0.9976,0.9976,0.9977,1,1437,8974,0.801442596,5.804610942,2.609193858,295
2026-09-18T20:17:50.745,12,0.0025,0.8,8,manhattan,0.9862,0.9883,0.9842,37,776,6324,0.528430242,4.508620648,1.902379338,295
2026-09-18T20:17:52.213,12,0.0025,0.8,9,manhattan,0.3629,0.51,0.3741,5,300,187,0.552850733,0.395671724,0.516007819,295
2026-09-18T20:18:01.375,12,0.003,0.5,5,manhattan,0.955,0.9529,0.9585,1,406,9688,0.98342818,3.554847159,2.848988,295
2026-09-18T20:18:10.233,12,0.003,0.5,6,manhattan,0.99,0.9926,0.9876,1,1242,9679,0.948314679,5.266811326,2.640498763,295
2026-09-18T20:18:20.069,12,0.003,0.5,7,manhattan,0.9839,0.9779,0.9907,1,1437,9675,0.906775623,6.467505302,2.459274102,295
2026-09-18T20:18:27.975,12,0.003,0.5,8,manhattan,0.9936,0.9921,0.9953,3,776,9092,0.668041118,4.983876734,2.250429862,295
2026-09-18T20:18:32.706,12,0.003,0.5,9,manhattan,0.853,0.8599,0.8812,41,300,5317,0.562195383,2.475342111,1.678865593,295
2026-09-18T20:18:36.108,12,0.003,0.5,10,manhattan,0.4316,0.5529,0.4642,31,148,1671,1.346002098,1.163470634,0.889921549,295
2026-09-18T20:18:42.759,12,0.003,0.55,5,manhattan,0.9433,0.9422,0.947,1,406,9686,0.991413994,3.165957042,2.490029146,295
2026-09-18T20:18:51.525,12,0.003,0.55,6,manhattan,0.9906,0.9887,0.9927,1,1242,9677,1.019522045,4.978037707,2.763524383,295
2026-09-18T20:19:00.91,12,0.003,0.55,7,manhattan,1.0,1.0,1.0,1,1437,9673,0.862879419,5.630626119,2.88734857,295
2026-09-18T20:19:08.546,12,0.003,0.55,8,manhattan,1.0,1.0,1.0,2,776,9046,0.597321386,4.602499883,2.432269477,295
2026-09-18T20:19:12.694,12,0.003,0.55,9,manhattan,0.686,0.7437,0.7583,41,300,4256,0.669075749,2.148081439,1.326792201,295
2026-09-18T20:19:15.774,12,0.003,0.55,10,manhattan,0.4493,0.533,0.5096,17,148,1014,1.287648359,1.115588785,0.673971287,295
2026-09-18T20:19:22.967,12,0.003,0.6,5,manhattan,0.9568,0.9536,0.9634,1,406,9664,0.911264894,3.672759823,2.606873096,295
2026-09-18T20:19:31.619,12,0.003,0.6,6,manhattan,0.97,0.9664,0.9744,1,1242,9657,0.972434992,5.100444251,2.562112882,295
2026-09-18T20:19:41.223,12,0.003,0.6,7,manhattan,0.989,0.9858,0.9925,1,1437,9651,0.825647626,6.228487029,2.547279041,295
2026-09-18T20:19:49.352,12,0.003,0.6,8,manhattan,0.9882,0.9844,0.993,2,776,8993,0.596487687,5.102720455,2.426794953,295
2026-09-18T20:19:52.801,12,0.003,0.6,9,manhattan,0.8061,0.8305,0.8098,37,300,3328,0.565058046,1.889157648,0.990540347,295
2026-09-18T20:19:55.533,12,0.003,0.6,10,manhattan,0.4255,0.4947,0.4734,12,148,635,1.365641452,0.567861692,0.795503696,295
2026-09-18T20:20:02.551,12,0.003,0.65,5,manhattan,0.9409,0.9396,0.9459,2,406,9624,1.085130917,3.362710046,2.567632453,295
2026-09-18T20:20:11.176,12,0.003,0.65,6,manhattan,0.9833,0.9862,0.9808,1,1242,9645,0.939529251,5.200819582,2.481592784,295
2026-09-18T20:20:20.47,12,0.003,0.65,7,manhattan,0.9867,0.9822,0.9925,1,1437,9636,0.74329852,5.886605254,2.650206309,295
2026-09-18T20:20:28.332,12,0.003,0.65,8,manhattan,1.0,1.0,1.0,4,776,8892,0.548641178,4.606132967,2.703437736,295
2026-09-18T20:20:31.713,12,0.003,0.65,9,manhattan,0.627,0.7338,0.6628,30,300,2295,0.622881549,1.592425942,1.162363438,295
2026-09-18T20:20:34.159,12,0.003,0.65,10,manhattan,0.292,0.4246,0.3473,9,148,392,1.355153567,0.448007365,0.640434179,295
2026-09-18T20:20:41.315,12,0.003,0.7,5,manhattan,0.9498,0.9478,0.9539,1,406,9252,0.90687864,3.565922061,2.680634355,295
2026-09-18T20:20:50.053,12,0.003,0.7,6,manhattan,0.9877,0.9897,0.986,1,1242,9257,0.99906841,5.284244806,2.452133161,295
2026-09-18T20:20:59.292,12,0.003,0.7,7,manhattan,0.9876,0.9888,0.9867,2,1437,9249,0.782962541,5.930289211,2.522595806,295
2026-09-18T20:21:07.393,12,0.003,0.7,8,manhattan,0.9914,0.992,0.991,6,776,8555,0.535405032,5.153025105,2.409876205,295
2026-09-18T20:21:09.902,12,0.003,0.7,9,manhattan,0.522,0.5874,0.5668,26,300,1524,0.593841255,1.115833999,0.797538038,295
2026-09-18T20:21:12.219,12,0.003,0.7,10,manhattan,0.2365,0.4116,0.2802,2,148,114,1.46392971,0.291555126,0.557318562,285
2026-09-18T20:21:19.506,12,0.003,0.75,5,manhattan,0.9426,0.9339,0.9557,1,406,9116,1.022010147,3.691984947,2.569927934,295
2026-09-18T20:21:28.431,12,0.003,0.75,6,manhattan,0.967,0.9613,0.9734,1,1242,9109,1.085139368,5.396978097,2.43872255,295
2026-09-18T20:21:38.385,12,0.003,0.75,7,manhattan,0.991,0.9876,0.995,1,1437,9043,0.815139278,6.454616756,2.681384312,295
2026-09-18T20:21:46.425,12,0.003,0.75,8,manhattan,0.9922,0.9896,0.9951,9,776,8191,0.565684873,5.114042248,2.357408704,295
2026-09-18T20:21:48.393,12,0.003,0.75,9,manhattan,0.4947,0.5686,0.577,12,300,772,0.53234367,0.773809467,0.642048006,295
2026-09-18T20:21:50.789,12,0.003,0.75,10,manhattan,0.3176,0.3631,0.3433,2,148,60,1.470171582,0.521578514,0.401499506,237
2026-09-18T20:21:58.333,12,0.003,0.8,5,manhattan,0.9606,0.9568,0.9669,1,406,9016,1.057430321,3.772580613,2.711092152,295
2026-09-18T20:22:07.258,12,0.003,0.8,6,manhattan,0.974,0.9732,0.976,1,1242,9033,0.988631929,5.251341998,2.681285905,295
2026-09-18T20:22:16.585,12,0.003,0.8,7,manhattan,0.9877,0.9891,0.9867,1,1437,8980,0.80573659,5.9368233,2.582043683,295
2026-09-18T20:22:24.709,12,0.003,0.8,8,manhattan,0.992,0.9892,0.9952,22,776,7738,0.576026579,5.49347101,2.050071151,295
2026-09-18T20:22:26.569,12,0.003,0.8,9,manhattan,0.562,0.5981,0.5669,10,300,486,0.549688032,0.61340462,0.693081871,295
2026-09-18T20:23:59.369,13,0.0015,0.5,5,manhattan,0.9385,0.9303,0.9507,2,414,9610,2.271748413,10.540171617,5.062271834,295
2026-09-18T20:24:10.361,13,0.0015,0.5,6,manhattan,0.9738,0.9691,0.9796,1,1253,9672,1.028552757,5.424538451,2.857562996,295
2026-09-18T20:24:19.729,13,0.0015,0.5,7,manhattan,0.9874,0.9855,0.9894,9,1464,9275,0.820818717,5.886210859,2.656477306,295
2026-09-18T20:24:27.353,13,0.0015,0.5,8,manhattan,0.9938,0.9944,0.9933,45,783,7096,0.515949222,5.013301995,2.074425921,295
2026-09-18T20:24:29.365,13,0.0015,0.5,9,manhattan,0.3494,0.3618,0.4185,14,301,431,0.569809221,0.529920031,0.909314082,295
2026-09-18T20:24:31.478,13,0.0015,0.5,10,manhattan,0.3142,0.3382,0.3312,2,145,50,1.4671457,0.306662395,0.336363252,180
2026-09-18T20:24:38.535,13,0.0015,0.55,5,manhattan,0.9451,0.9379,0.9546,5,414,9481,0.756005199,3.664205361,2.63417804,295
2026-09-18T20:24:47.603,13,0.0015,0.55,6,manhattan,0.9789,0.9714,0.988,6,1253,9585,0.924597841,5.460578817,2.673111659,295
2026-09-18T20:24:56.414,13,0.0015,0.55,7,manhattan,0.9859,0.9854,0.9867,3,1464,9086,0.759058389,5.516372029,2.531076308,295
2026-09-18T20:25:03.259,13,0.0015,0.55,8,manhattan,0.9964,0.9951,0.9977,59,783,6284,0.466930633,4.534157276,1.833362829,295
2026-09-18T20:25:04.841,13,0.0015,0.55,9,manhattan,0.4298,0.4644,0.4596,5,301,197,0.607453218,0.489941513,0.479063074,292
2026-09-18T20:25:15.107,13,0.0015,0.6,5,manhattan,0.9187,0.9119,0.9324,3,414,9144,1.158446029,3.469130715,2.691316958,295
2026-09-18T20:25:23.537,13,0.0015,0.6,6,manhattan,0.982,0.9774,0.9882,3,1253,9171,0.873542396,4.980109694,2.573996618,295
2026-09-18T20:25:32.337,13,0.0015,0.6,7,manhattan,1.0,1.0,1.0,2,1464,9019,0.77369821,5.648591651,2.375138242,295
2026-09-18T20:25:38.438,13,0.0015,0.6,8,manhattan,0.957,0.9572,0.9579,63,783,5298,0.581821536,3.754449906,1.76122797,295
2026-09-18T20:25:40.096,13,0.0015,0.6,9,manhattan,0.3844,0.4623,0.4259,5,301,140,0.503283749,0.6066506,0.544535617,290
2026-09-18T20:25:47.21,13,0.0015,0.65,5,manhattan,0.9454,0.9481,0.9448,2,414,9036,0.770353221,3.139371954,1.698323569,295
2026-09-18T20:25:52.912,13,0.0015,0.65,6,manhattan,0.9772,0.9721,0.9844,1,1253,9093,0.792017419,3.488355629,1.419809173,295
2026-09-18T20:25:58.005,13,0.0015,0.65,7,manhattan,0.9964,0.9951,0.9977,3,1464,8952,0.337527578,3.310579252,1.442738967,295
2026-09-18T20:26:00.104,13,0.0015,0.65,8,manhattan,0.9257,0.9307,0.933,80,783,4055,0.213710725,1.340369034,0.542649128,295
2026-09-18T20:26:00.731,13,0.0015,0.65,9,manhattan,0.3095,0.3367,0.3661,5,301,88,0.320953987,0.137531275,0.167399331,272
2026-09-18T20:26:04.367,13,0.0015,0.7,5,manhattan,0.9434,0.9441,0.9445,5,414,8980,0.37139832,1.390662719,0.951894404,295
2026-09-18T20:26:07.71,13,0.0015,0.7,6,manhattan,0.9633,0.9548,0.9734,1,1253,9049,0.431694561,1.937816833,0.972184331,295
2026-09-18T20:26:11.355,13,0.0015,0.7,7,manhattan,0.988,0.9888,0.9876,2,1464,8888,0.31271388,2.32097513,1.008940643,295
2026-09-18T20:26:12.611,13,0.0015,0.7,8,manhattan,0.7592,0.782,0.7985,79,783,2619,0.186001329,0.769236526,0.299884839,295
2026-09-18T20:26:13.007,13,0.0015,0.7,9,manhattan,0.3006,0.3483,0.3245,1,301,16,0.25016113,0.069774847,0.074375515,169
2026-09-18T20:26:16.769,13,0.0015,0.75,5,manhattan,0.9377,0.9318,0.9475,6,414,8887,0.29531581,1.53370344,0.937999234,295
2026-09-18T20:26:20.127,13,0.0015,0.75,6,manhattan,0.9621,0.9566,0.9695,1,1253,8998,0.435202209,1.934023044,0.986818774,295
2026-09-18T20:26:23.739,13,0.0015,0.75,7,manhattan,0.9866,0.9866,0.9869,3,1464,8852,0.322162803,2.314386984,0.97215828,295
2026-09-18T20:26:24.538,13,0.0015,0.75,8,manhattan,0.6768,0.7058,0.6943,42,783,1131,0.190821998,0.396998503,0.209104051,295
2026-09-18T20:26:28.55,13,0.0015,0.8,5,manhattan,0.9542,0.9559,0.9548,28,414,8517,0.37295341,1.562963665,0.94722208,295
2026-09-18T20:26:31.959,13,0.0015,0.8,6,manhattan,0.9595,0.9557,0.965,2,1253,8962,0.426030347,1.957475881,1.023370449,295
2026-09-18T20:26:35.566,13,0.0015,0.8,7,manhattan,0.9886,0.9904,0.9869,8,1464,8704,0.310954154,2.265685824,1.028189861,295
2026-09-18T20:26:36.135,13,0.0015,0.8,8,manhattan,0.5755,0.591,0.5932,13,783,328,0.188420359,0.214212676,0.164617545,295
2026-09-18T20:26:40.033,13,0.002,0.5,5,manhattan,0.965,0.9614,0.9696,2,414,9662,0.390449048,1.338691303,0.976043072,295
2026-09-18T20:26:43.508,13,0.002,0.5,6,manhattan,0.9811,0.9798,0.983,1,1253,9676,0.442954264,2.015123314,1.014154588,295
2026-09-18T20:26:47.122,13,0.002,0.5,7,manhattan,0.9924,0.9953,0.9899,1,1464,9629,0.323158393,2.284786421,0.998966022,295
2026-09-18T20:26:50.236,13,0.002,0.5,8,manhattan,0.9881,0.989,0.9876,11,783,8642,0.22126429,1.969278323,0.921547235,295
2026-09-18T20:26:51.088,13,0.002,0.5,9,manhattan,0.5059,0.6486,0.5492,44,301,1856,0.253237787,0.349996098,0.247295116,295
2026-09-18T20:26:52.216,13,0.002,0.5,10,manhattan,0.2427,0.3031,0.275,5,145,251,0.853402349,0.070648355,0.202119974,293
2026-09-18T20:26:54.828,13,0.002,0.55,5,manhattan,0.9636,0.967,0.9622,2,414,9579,0.35328151,1.275407243,0.981751216,295
2026-09-18T20:26:58.337,13,0.002,0.55,6,manhattan,0.9736,0.969,0.9788,1,1253,9654,0.432102854,1.997452792,1.077699016,295
2026-09-18T20:27:02.374,13,0.002,0.55,7,manhattan,0.9878,0.9866,0.9893,7,1464,9454,0.358126693,2.651617038,1.02481072,295
2026-09-18T20:27:05.417,13,0.002,0.55,8,manhattan,0.9956,0.9936,0.9977,14,783,8199,0.222361499,1.948497829,0.870427955,295
2026-09-18T20:27:06.19,13,0.002,0.55,9,manhattan,0.5527,0.5913,0.5657,33,301,1119,0.289246096,0.270467609,0.211370826,295
2026-09-18T20:27:07.398,13,0.002,0.55,10,manhattan,0.2319,0.3767,0.2948,5,145,171,0.933989145,0.068991575,0.203301272,251
2026-09-18T20:27:10.742,13,0.002,0.6,5,manhattan,0.9588,0.9527,0.967,1,414,9206,0.30607007,1.534304145,1.500987527,295
2026-09-18T20:27:15.124,13,0.002,0.6,6,manhattan,0.9613,0.9542,0.9723,1,1253,9205,0.625333055,2.724884587,1.02294281,295
2026-09-18T20:27:20.191,13,0.002,0.6,7,manhattan,0.9844,0.982,0.9878,2,1464,9139,0.335814227,3.228610362,1.500543614,295
2026-09-18T20:27:24.278,13,0.002,0.6,8,manhattan,0.9835,0.9772,0.9906,23,783,7712,0.405876961,2.595369926,1.0829534,295
2026-09-18T20:27:25.42,13,0.002,0.6,9,manhattan,0.4459,0.5314,0.4532,9,301,421,0.465105955,0.320777707,0.347825844,295
2026-09-18T20:27:27.071,13,0.002,0.6,10,manhattan,0.2977,0.2796,0.3295,3,145,71,1.221608494,0.162844969,0.263394903,191
2026-09-18T20:27:30.913,13,0.002,0.65,5,manhattan,0.9582,0.956,0.9613,2,414,9134,0.779200182,1.645481159,1.415130074,295
2026-09-18T20:27:34.664,13,0.002,0.65,6,manhattan,0.9779,0.9773,0.9794,2,1253,9163,0.450280285,1.985398084,1.313371463,295
2026-09-18T20:27:40.16,13,0.002,0.65,7,manhattan,1.0,1.0,1.0,2,1464,9070,0.508450622,3.40732534,1.577019611,295
2026-09-18T20:27:44.15,13,0.002,0.65,8,manhattan,0.987,0.9838,0.9905,36,783,7147,0.226162132,2.684083406,1.078019099,295
2026-09-18T20:27:45.319,13,0.002,0.65,9,manhattan,0.4316,0.5433,0.473,4,301,278,0.499754101,0.339987116,0.327324577,295
2026-09-18T20:27:47.005,13,0.002,0.65,10,manhattan,0.2522,0.2585,0.2732,2,145,40,1.327492711,0.196259644,0.159600553,163
2026-09-18T20:27:50.642,13,0.002,0.7,5,manhattan,0.9401,0.9299,0.9544,2,414,9089,0.406618258,1.829627498,1.399362243,295
2026-09-18T20:27:55.711,13,0.002,0.7,6,manhattan,0.9832,0.9798,0.9876,1,1253,9095,0.772416549,2.905144457,1.388911305,295
2026-09-18T20:28:00.545,13,0.002,0.7,7,manhattan,1.0,1.0,1.0,2,1464,8993,0.355434583,2.912495203,1.563209926,295
2026-09-18T20:28:04.185,13,0.002,0.7,8,manhattan,1.0,1.0,1.0,38,783,6341,0.42353966,2.35641025,0.857561898,295
2026-09-18T20:28:05.28,13,0.002,0.7,9,manhattan,0.4138,0.4372,0.4346,4,301,218,0.447243019,0.305772545,0.339411413,293
2026-09-18T20:28:10.571,13,0.002,0.75,5,manhattan,0.9458,0.9383,0.9562,1,414,8990,0.754780947,1.786928515,1.409358793,295
2026-09-18T20:28:15.537,13,0.002,0.75,6,manhattan,0.9665,0.9626,0.9729,1,1253,9027,0.68796242,2.778415424,1.497460951,295
2026-09-18T20:28:20.273,13,0.002,0.75,7,manhattan,0.9896,0.9869,0.9929,2,1464,8955,0.65244782,3.064504616,1.016238657,295
2026-09-18T20:28:23.397,13,0.002,0.75,8,manhattan,0.9707,0.9625,0.981,45,783,5238,0.203165221,2.076811357,0.842009458,295
2026-09-18T20:28:24.521,13,0.002,0.75,9,manhattan,0.3569,0.4876,0.3889,4,301,121,0.471702831,0.298165971,0.351498597,291
2026-09-18T20:28:29.601,13,0.002,0.8,5,manhattan,0.977,0.9803,0.9743,1,414,8969,0.644764979,1.917115959,1.371602143,295
2026-09-18T20:28:34.566,13,0.002,0.8,6,manhattan,0.9849,0.983,0.9875,1,1253,8968,0.764551421,2.83122871,1.367172866,295
2026-09-18T20:28:39.726,13,0.002,0.8,7,manhattan,0.9787,0.9722,0.9879,1,1464,8893,0.572276092,3.018949955,1.567336719,295
2026-09-18T20:28:42.567,13,0.002,0.8,8,manhattan,0.9215,0.9098,0.9405,61,783,4075,0.352915401,1.828799807,0.65606093,295
2026-09-18T20:28:43.008,13,0.002,0.8,9,manhattan,0.2061,0.2042,0.2873,1,301,20,0.264638082,0.083646691,0.091550651,196
2026-09-18T20:28:47.978,13,0.0025,0.5,5,manhattan,0.9669,0.9629,0.9716,2,414,9674,0.694950549,2.023841556,1.37937019,295
2026-09-18T20:28:53.011,13,0.0025,0.5,6,manhattan,0.9741,0.9724,0.9775,1,1253,9680,0.709539665,2.807078435,1.514555071,295
2026-09-18T20:28:58.278,13,0.0025,0.5,7,manhattan,0.9872,0.9821,0.993,1,1464,9634,0.560264825,3.234035998,1.469669143,295
2026-09-18T20:29:02.453,13,0.0025,0.5,8,manhattan,0.9931,0.9912,0.9951,3,783,8939,0.289743577,2.628673554,1.255495928,295
2026-09-18T20:29:04.579,13,0.0025,0.5,9,manhattan,0.8282,0.8345,0.8573,49,301,3460,0.479429114,1.045783208,0.596744634,295
2026-09-18T20:29:06.161,13,0.0025,0.5,10,manhattan,0.2729,0.3408,0.2998,11,145,492,1.246072357,0.114346419,0.217066678,294
2026-09-18T20:29:09.387,13,0.0025,0.55,5,manhattan,0.9235,0.9201,0.9373,2,414,9635,0.381865951,1.449595166,1.392222768,295
2026-09-18T20:29:14.655,13,0.0025,0.55,6,manhattan,0.9648,0.9565,0.9759,1,1253,9658,0.687445663,3.060173676,1.517089549,295
2026-09-18T20:29:20.046,13,0.0025,0.55,7,manhattan,0.9846,0.9874,0.9825,1,1464,9614,0.669779681,3.281645465,1.43720466,295
2026-09-18T20:29:24.686,13,0.0025,0.55,8,manhattan,0.996,0.9944,0.9977,3,783,8834,0.432189388,2.826611001,1.3785293,295
2026-09-18T20:29:26.293,13,0.0025,0.55,9,manhattan,0.7392,0.7746,0.7485,41,301,2570,0.348878844,0.751082911,0.504207822,295
2026-09-18T20:29:28.139,13,0.0025,0.55,10,manhattan,0.4096,0.449,0.4809,6,145,314,1.240588265,0.35307003,0.250560274,294
2026-09-18T20:29:31.365,13,0.0025,0.6,5,manhattan,0.9694,0.9635,0.9774,1,414,9210,0.685975291,1.4100035,1.128062263,295
2026-09-18T20:29:36.406,13,0.0025,0.6,6,manhattan,0.986,0.9844,0.9885,1,1253,9212,0.741539423,2.95021414,1.346700444,295
2026-09-18T20:29:41.923,13,0.0025,0.6,7,manhattan,0.9914,0.9913,0.9918,1,1464,9210,0.694266522,3.267860783,1.550340866,295
2026-09-18T20:29:46.432,13,0.0025,0.6,8,manhattan,0.996,0.9944,0.9977,8,783,8620,0.498180782,2.857407041,1.151575583,295
2026-09-18T20:29:47.888,13,0.0025,0.6,9,manhattan,0.5978,0.6322,0.6408,29,301,1684,0.416717196,0.585680767,0.450441619,295
2026-09-18T20:29:49.735,13,0.0025,0.6,10,manhattan,0.1721,0.208,0.2627,3,145,191,1.32961638,0.195154334,0.317421335,269
2026-09-18T20:29:53.292,13,0.0025,0.65,5,manhattan,0.9664,0.9626,0.9706,1,414,9169,0.526264528,1.866139853,1.161857645,295
2026-09-18T20:29:57.962,13,0.0025,0.65,6,manhattan,0.9876,0.9828,0.993,1,1253,9171,0.438889908,2.663547149,1.565752924,295
2026-09-18T20:30:03.148,13,0.0025,0.65,7,manhattan,0.9846,0.9844,0.9859,2,1464,9140,0.560712579,3.133636292,1.486113178,295
2026-09-18T20:30:07.482,13,0.0025,0.65,8,manhattan,0.9874,0.9854,0.9894,14,783,8284,0.336132006,2.781715992,1.214333457,295
2026-09-18T20:30:08.782,13,0.0025,0.65,9,manhattan,0.47,0.591,0.5214,20,301,903,0.370152278,0.535659324,0.388133943,295
2026-09-18T20:30:10.276,13,0.0025,0.65,10,manhattan,0.2379,0.267,0.2696,3,145,104,1.202735163,0.064772521,0.224830466,224
2026-09-18T20:30:14.195,13,0.0025,0.7,5,manhattan,0.9669,0.9622,0.9721,1,414,9104,0.650938896,1.785925732,1.477499909,295
2026-09-18T20:30:18.793,13,0.0025,0.7,6,manhattan,0.9815,0.9766,0.9876,1,1253,9105,0.654639306,2.607365129,1.328162631,295
2026-09-18T20:30:23.826,13,0.0025,0.7,7,manhattan,0.9871,0.9821,0.9927,1,1464,9051,0.496319577,3.295745131,1.23886332,295
2026-09-18T20:30:27.743,13,0.0025,0.7,8,manhattan,0.9912,0.9876,0.9954,18,783,7824,0.216382371,2.479194567,1.219876775,295
2026-09-18T20:30:28.852,13,0.0025,0.7,9,manhattan,0.3902,0.5078,0.4386,7,301,414,0.45697026,0.299303059,0.350904526,295
2026-09-18T20:30:30.437,13,0.0025,0.7,10,manhattan,0.272,0.3269,0.3267,2,145,49,1.235224369,0.173412054,0.173838855,177
2026-09-18T20:30:34.242,13,0.0025,0.75,5,manhattan,0.9358,0.9292,0.9433,1,414,9031,0.451314359,1.939799982,1.411020601,295
2026-09-18T20:30:39.266,13,0.0025,0.75,6,manhattan,0.9777,0.9772,0.9788,1,1253,9031,0.842690482,2.845276344,1.333871333,295
2026-09-18T20:30:44.493,13,0.0025,0.75,7,manhattan,0.9901,0.988,0.9925,2,1464,9002,0.615261007,3.225933199,1.382642892,295
2026-09-18T20:30:48.327,13,0.0025,0.75,8,manhattan,0.9891,0.9858,0.9927,20,783,7157,0.406078383,2.332229804,1.093209481,295
2026-09-18T20:30:49.147,13,0.0025,0.75,9,manhattan,0.3424,0.4925,0.3599,6,301,305,0.422930783,0.113599395,0.280325036,295
2026-09-18T20:30:53.752,13,0.0025,0.8,5,manhattan,0.95,0.9472,0.9548,1,414,8973,0.652021927,1.649462053,1.01571778,295
2026-09-18T20:30:58.889,13,0.0025,0.8,6,manhattan,0.9838,0.9805,0.9876,1,1253,8972,0.699987446,2.980135763,1.454906889,295
2026-09-18T20:31:04.056,13,0.0025,0.8,7,manhattan,0.9906,0.9894,0.9919,2,1464,8932,0.583380119,3.245150919,1.335274378,295
2026-09-18T20:31:07.937,13,0.0025,0.8,8,manhattan,0.9881,0.9862,0.9903,28,783,6322,0.397188122,2.399834327,1.071396312,295
2026-09-18T20:31:08.549,13,0.0025,0.8,9,manhattan,0.4092,0.4566,0.4289,3,301,199,0.322469407,0.112728542,0.174135402,295
2026-09-18T20:31:13.917,13,0.003,0.5,5,manhattan,0.9352,0.9279,0.9459,1,414,9684,0.597911895,2.187282482,1.348149236,295
2026-09-18T20:31:18.783,13,0.003,0.5,6,manhattan,0.9754,0.971,0.9804,1,1253,9685,0.765608821,2.712588227,1.384306447,295
2026-09-18T20:31:23.523,13,0.003,0.5,7,manhattan,0.9914,0.988,0.995,1,1464,9642,0.717087503,2.982813486,1.036839658,295
2026-09-18T20:31:28.02,13,0.003,0.5,8,manhattan,0.996,0.9944,0.9977,1,783,8988,0.342557282,2.572066269,1.580075874,295
2026-09-18T20:31:30.755,13,0.003,0.5,9,manhattan,0.9366,0.9288,0.9478,50,301,5299,0.39637405,1.73823881,0.598706761,295
2026-09-18T20:31:32.893,13,0.003,0.5,10,manhattan,0.3462,0.3636,0.4325,17,145,1048,1.289315405,0.395417083,0.450576203,295
2026-09-18T20:31:36.957,13,0.003,0.55,5,manhattan,0.9571,0.9678,0.9508,2,414,9656,0.653803653,1.972520293,1.434850653,295
2026-09-18T20:31:42.023,13,0.003,0.55,6,manhattan,0.986,0.9844,0.9885,1,1253,9663,0.575512057,2.982402818,1.505638061,295
2026-09-18T20:31:47.025,13,0.003,0.55,7,manhattan,0.9976,0.9976,0.9977,1,1464,9624,0.576414968,3.083956026,1.339659864,295
2026-09-18T20:31:51.407,13,0.003,0.55,8,manhattan,0.9955,0.9936,0.9975,3,783,8960,0.444516687,2.559388505,1.376127102,295
2026-09-18T20:31:53.02,13,0.003,0.55,9,manhattan,0.8672,0.8608,0.8895,46,301,4002,0.420421379,0.747167179,0.443256398,295
2026-09-18T20:31:54.883,13,0.003,0.55,10,manhattan,0.3819,0.3894,0.4192,12,145,623,1.30904227,0.277180982,0.274763,295
2026-09-18T20:31:58.902,13,0.003,0.6,5,manhattan,0.9669,0.9651,0.9697,1,414,9215,0.793916129,1.81039979,1.412137576,295
2026-09-18T20:32:04.06,13,0.003,0.6,6,manhattan,0.9749,0.973,0.977,1,1253,9217,0.523841867,3.000502725,1.632238308,295
2026-09-18T20:32:09.27,13,0.003,0.6,7,manhattan,0.9819,0.9769,0.988,1,1464,9215,0.489043492,3.105902801,1.611621522,295
2026-09-18T20:32:13.559,13,0.003,0.6,8,manhattan,0.9788,0.9729,0.9859,4,783,8935,0.326941776,2.595169131,1.364524267,295
2026-09-18T20:32:15.38,13,0.003,0.6,9,manhattan,0.7768,0.7927,0.8306,41,301,3154,0.320107369,1.080672797,0.417240657,295
2026-09-18T20:32:17.225,13,0.003,0.6,10,manhattan,0.1702,0.1778,0.1827,5,145,323,1.416569786,0.140514554,0.285982823,294
2026-09-18T20:32:21.043,13,0.003,0.65,5,manhattan,0.9577,0.9524,0.9678,1,414,9177,0.740248683,1.927153995,1.148244424,295
2026-09-18T20:32:26.028,13,0.003,0.65,6,manhattan,0.9584,0.9553,0.9637,1,1253,9176,0.461368457,2.86197593,1.659194812,295
2026-09-18T20:32:31.19,13,0.003,0.65,7,manhattan,0.9727,0.969,0.977,1,1464,9160,0.564605123,3.136907178,1.457398763,295
2026-09-18T20:32:35.938,13,0.003,0.65,8,manhattan,0.9918,0.9913,0.9925,5,783,8721,0.340901341,2.94459211,1.459621747,295
2026-09-18T20:32:37.29,13,0.003,0.65,9,manhattan,0.748,0.7534,0.768,31,301,2068,0.363998056,0.48530809,0.500365074,295
2026-09-18T20:32:39.017,13,0.003,0.65,10,manhattan,0.1876,0.3029,0.2654,3,145,221,1.117898652,0.3645959,0.242644861,285
2026-09-18T20:32:43.068,13,0.003,0.7,5,manhattan,0.9394,0.9307,0.955,1,414,9117,0.698698172,1.805168524,1.545333162,295
2026-09-18T20:32:47.637,13,0.003,0.7,6,manhattan,0.9896,0.9911,0.9885,1,1253,9117,0.563551216,2.60582275,1.396316526,295
2026-09-18T20:32:52.106,13,0.003,0.7,7,manhattan,1.0,1.0,1.0,1,1464,9114,0.462740842,2.852701541,1.150989125,295
2026-09-18T20:32:56.529,13,0.003,0.7,8,manhattan,0.9838,0.9869,0.981,9,783,8579,0.358134027,2.801521777,1.260114684,295
2026-09-18T20:32:57.924,13,0.003,0.7,9,manhattan,0.5858,0.708,0.6022,22,301,1301,0.46821837,0.419828145,0.504167663,295
2026-09-18T20:32:59.698,13,0.003,0.7,10,manhattan,0.3431,0.353,0.3601,3,145,175,1.182116911,0.324449622,0.266030231,246
2026-09-18T20:33:03.752,13,0.003,0.75,5,manhattan,0.951,0.9415,0.9648,1,414,9036,0.58380266,2.009273741,1.38852152,295
2026-09-18T20:33:08.69,13,0.003,0.75,6,manhattan,0.9762,0.9706,0.9828,1,1253,9036,0.767495868,2.715676687,1.45224558,295
2026-09-18T20:33:13.83,13,0.003,0.75,7,manhattan,0.9705,0.9644,0.98,1,1464,9033,0.528531792,3.158533381,1.45092809,295
2026-09-18T20:33:17.99,13,0.003,0.75,8,manhattan,0.9717,0.9651,0.9805,13,783,8110,0.323017663,2.485654345,1.348369376,295
2026-09-18T20:33:18.925,13,0.003,0.75,9,manhattan,0.5028,0.5197,0.5276,13,301,709,0.320581592,0.221553643,0.368558216,295
2026-09-18T20:33:20.279,13,0.003,0.75,10,manhattan,0.2703,0.293,0.3117,3,145,110,1.155093778,0.054055417,0.142414171,220
2026-09-18T20:33:23.597,13,0.003,0.8,5,manhattan,0.9692,0.9653,0.9739,1,414,8977,0.371635432,1.648349898,1.296704982,295
2026-09-18T20:33:28.626,13,0.003,0.8,6,manhattan,0.9832,0.9772,0.9903,1,1253,8976,0.819771234,2.939601727,1.266192917,295
2026-09-18T20:33:33.873,13,0.003,0.8,7,manhattan,0.9918,0.9913,0.9925,1,1464,8969,0.582495786,3.305850076,1.35543852,295
2026-09-18T20:33:38.085,13,0.003,0.8,8,manhattan,0.9956,0.9936,0.9977,17,783,7681,0.410277882,2.497570209,1.302750111,295
2026-09-18T20:33:38.98,13,0.003,0.8,9,manhattan,0.5175,0.5583,0.5041,5,301,341,0.38237754,0.165068163,0.345460453,295
2026-09-18T20:33:40.543,13,0.003,0.8,10,manhattan,0.1642,0.1866,0.2015,1,145,28,1.280644586,0.102814265,0.176782882,178
2026-09-18T20:34:56.512,14,0.0015,0.5,5,manhattan,0.9452,0.9544,0.9433,2,415,9602,1.712343616,7.916249449,3.268511496,295
2026-09-18T20:35:02.855,14,0.0015,0.5,6,manhattan,0.9731,0.9658,0.9814,1,1225,9659,0.735533335,2.609546139,1.549070799,295
2026-09-18T20:35:07.834,14,0.0015,0.5,7,manhattan,0.9839,0.9834,0.985,5,1479,9317,0.591784213,3.031848907,1.352276238,295
2026-09-18T20:35:11.723,14,0.0015,0.5,8,manhattan,0.9922,0.992,0.9926,38,768,6873,0.406347763,2.728386089,0.751813174,295
2026-09-18T20:35:12.758,14,0.0015,0.5,9,manhattan,0.3661,0.466,0.4028,21,300,639,0.468779616,0.317680308,0.24662813,295
2026-09-18T20:35:14.276,14,0.0015,0.5,10,manhattan,0.2811,0.3902,0.3416,3,128,59,1.190374129,0.099360604,0.225444652,145
2026-09-18T20:35:18.323,14,0.0015,0.55,5,manhattan,0.9663,0.9662,0.9679,3,415,9531,0.534113522,1.921305959,1.588797748,295
2026-09-18T20:35:23.045,14,0.0015,0.55,6,manhattan,0.9585,0.9512,0.9682,3,1225,9639,0.58532262,2.677778537,1.453642968,295
2026-09-18T20:35:28.344,14,0.0015,0.55,7,manhattan,0.9854,0.984,0.9873,7,1479,9184,0.52597273,3.289739812,1.481031652,295
2026-09-18T20:35:32.161,14,0.0015,0.55,8,manhattan,0.9878,0.9864,0.9894,52,768,6159,0.377131397,2.520524378,0.917001743,295
2026-09-18T20:35:33.246,14,0.0015,0.55,9,manhattan,0.2822,0.4001,0.2992,12,300,337,0.337281108,0.389088188,0.355939258,295
2026-09-18T20:35:39.881,14,0.0015,0.6,5,manhattan,0.9184,0.9115,0.9286,6,415,9308,0.658950272,1.885546774,1.552072236,295
2026-09-18T20:35:44.535,14,0.0015,0.6,6,manhattan,0.9676,0.9674,0.968,6,1225,9338,0.757420327,2.558114107,1.336641315,295
2026-09-18T20:35:49.184,14,0.0015,0.6,7,manhattan,0.9783,0.9726,0.9847,2,1479,9047,0.593770924,2.759411977,1.292396392,295
2026-09-18T20:35:52.539,14,0.0015,0.6,8,manhattan,0.9416,0.9368,0.9528,59,768,5099,0.325248958,2.354042624,0.672495188,295
2026-09-18T20:35:53.38,14,0.0015,0.6,9,manhattan,0.257,0.3777,0.2952,5,300,124,0.453836473,0.149216801,0.236373376,291
2026-09-18T20:35:58.662,14,0.0015,0.65,5,manhattan,0.938,0.9318,0.9505,2,415,9014,0.556491151,2.115309515,1.25465308,295
2026-09-18T20:36:03.649,14,0.0015,0.65,6,manhattan,0.9728,0.9686,0.9789,3,1225,9087,0.631110831,3.000372402,1.352848309,295
2026-09-18T20:36:08.818,14,0.0015,0.65,7,manhattan,0.9874,0.9846,0.9903,3,1479,8953,0.665575434,3.193843695,1.307762145,295
2026-09-18T20:36:11.92,14,0.0015,0.65,8,manhattan,0.8962,0.8868,0.9154,68,768,3829,0.384194325,2.091554263,0.617489298,295
2026-09-18T20:36:12.7,14,0.0015,0.65,9,manhattan,0.3473,0.3856,0.3563,1,300,20,0.46664121,0.185479194,0.108185284,194
2026-09-18T20:36:18.127,14,0.0015,0.7,5,manhattan,0.9453,0.9418,0.9497,4,415,8976,0.579267224,2.097561189,1.491693093,295
2026-09-18T20:36:22.727,14,0.0015,0.7,6,manhattan,0.9824,0.9842,0.9816,2,1225,9039,0.519512953,2.485430014,1.59259419,295
2026-09-18T20:36:27.257,14,0.0015,0.7,7,manhattan,0.996,0.9944,0.9977,3,1479,8888,0.564944553,2.534910884,1.427077157,295
2026-09-18T20:36:29.427,14,0.0015,0.7,8,manhattan,0.8304,0.822,0.8482,55,768,2478,0.29620133,1.319851704,0.550513978,295
2026-09-18T20:36:35.396,14,0.0015,0.75,5,manhattan,0.9553,0.9556,0.9553,8,415,8891,0.436066358,2.35395637,1.305156429,295
2026-09-18T20:36:40.337,14,0.0015,0.75,6,manhattan,0.959,0.9504,0.9705,2,1225,9001,0.649929756,2.915810857,1.370848623,295
2026-09-18T20:36:45.618,14,0.0015,0.75,7,manhattan,0.9748,0.9692,0.9827,5,1479,8808,0.663313547,3.192023486,1.422486337,295
2026-09-18T20:36:47.342,14,0.0015,0.75,8,manhattan,0.5537,0.5834,0.5956,54,768,1542,0.324571217,1.092364958,0.304622256,295
2026-09-18T20:36:53.245,14,0.0015,0.8,5,manhattan,0.9006,0.8931,0.92,28,415,8595,0.502387683,2.281551503,1.385839677,295
2026-09-18T20:36:57.905,14,0.0015,0.8,6,manhattan,0.9956,0.9936,0.9977,1,1225,8971,0.60571626,2.56202551,1.490034428,295
2026-09-18T20:37:02.428,14,0.0015,0.8,7,manhattan,0.9847,0.9844,0.9853,7,1479,8688,0.504023999,2.732998978,1.282854789,295
2026-09-18T20:37:03.729,14,0.0015,0.8,8,manhattan,0.5006,0.548,0.4926,24,768,562,0.316034284,0.672536324,0.309727179,295
2026-09-18T20:37:08.011,14,0.002,0.5,5,manhattan,0.9551,0.953,0.9607,2,415,9649,0.396826274,1.400796368,1.001694379,295
2026-09-18T20:37:11.405,14,0.002,0.5,6,manhattan,0.9712,0.9731,0.9696,1,1225,9663,0.443167281,1.930788266,1.01798651,295
2026-09-18T20:37:14.989,14,0.002,0.5,7,manhattan,0.9898,0.9878,0.9919,1,1479,9636,0.355313688,2.195166398,1.03112481,295
2026-09-18T20:37:18.079,14,0.002,0.5,8,manhattan,0.9797,0.9775,0.9837,7,768,8468,0.244813159,1.914303233,0.929936174,295
2026-09-18T20:37:19.162,14,0.002,0.5,9,manhattan,0.6268,0.6445,0.6588,54,300,2469,0.261361049,0.51080407,0.308668731,295
2026-09-18T20:37:20.46,14,0.002,0.5,10,manhattan,0.2124,0.3589,0.3028,15,128,492,0.830036046,0.203781852,0.262564977,295
2026-09-18T20:37:23.042,14,0.002,0.55,5,manhattan,0.9573,0.955,0.9601,2,415,9593,0.300458727,1.290724178,0.988671808,295
2026-09-18T20:37:26.397,14,0.002,0.55,6,manhattan,0.9782,0.9769,0.9796,1,1225,9650,0.448026431,1.866314178,1.039442021,295
2026-09-18T20:37:30.006,14,0.002,0.55,7,manhattan,0.9875,0.9828,0.9927,7,1479,9470,0.359892426,2.233562168,1.013005556,295
2026-09-18T20:37:32.964,14,0.002,0.55,8,manhattan,0.9788,0.9821,0.9776,20,768,8129,0.215842916,1.850051241,0.890206781,295
2026-09-18T20:37:33.954,14,0.002,0.55,9,manhattan,0.4724,0.5226,0.4802,41,300,1520,0.273850172,0.492372276,0.221769104,295
2026-09-18T20:37:34.87,14,0.002,0.55,10,manhattan,0.284,0.2984,0.2852,6,128,156,0.734763892,0.065174738,0.107771404,224
2026-09-18T20:37:37.438,14,0.002,0.6,5,manhattan,0.9369,0.9296,0.9486,2,415,9478,0.316771809,1.291085816,0.959003429,295
2026-09-18T20:37:40.855,14,0.002,0.6,6,manhattan,0.9689,0.9656,0.973,2,1225,9593,0.447134904,1.907040488,1.060381892,295
2026-09-18T20:37:44.446,14,0.002,0.6,7,manhattan,1.0,1.0,1.0,4,1479,9263,0.334670643,2.232389668,1.022223444,295
2026-09-18T20:37:47.469,14,0.002,0.6,8,manhattan,0.9843,0.9843,0.9844,29,768,7523,0.270489679,1.963783335,0.787212465,295
2026-09-18T20:37:48.15,14,0.002,0.6,9,manhattan,0.3641,0.5094,0.4075,21,300,786,0.285064478,0.22043143,0.173041125,295
2026-09-18T20:37:49.083,14,0.002,0.6,10,manhattan,0.2227,0.1931,0.2974,1,128,21,0.841630219,0.050037645,0.039418879,83
2026-09-18T20:37:51.796,14,0.002,0.65,5,manhattan,0.9696,0.9662,0.9737,3,415,9156,0.3803462,1.316150106,1.014560716,295
2026-09-18T20:37:55.028,14,0.002,0.65,6,manhattan,0.986,0.9844,0.9885,2,1225,9172,0.439874254,1.834655735,0.955002699,295
2026-09-18T20:37:58.559,14,0.002,0.65,7,manhattan,0.9875,0.9828,0.9928,2,1479,9067,0.332152438,2.172314197,1.024283976,295
2026-09-18T20:38:01.178,14,0.002,0.65,8,manhattan,0.9856,0.9816,0.9901,29,768,6884,0.204230583,1.659572514,0.748224998,295
2026-09-18T20:38:01.865,14,0.002,0.65,9,manhattan,0.4977,0.5704,0.5066,10,300,409,0.250545958,0.271515371,0.16332883,295
2026-09-18T20:38:05.469,14,0.002,0.7,5,manhattan,0.9421,0.9378,0.9485,2,415,9042,0.413695574,1.357437593,0.99368042,295
2026-09-18T20:38:09.178,14,0.002,0.7,6,manhattan,0.9774,0.9701,0.9857,1,1225,9075,0.593888816,2.117899515,0.995399358,295
2026-09-18T20:38:12.741,14,0.002,0.7,7,manhattan,0.9901,0.9887,0.9918,1,1479,9018,0.354326409,2.191405434,1.015281201,295
2026-09-18T20:38:15.453,14,0.002,0.7,8,manhattan,1.0,1.0,1.0,39,768,6110,0.206204652,1.648296329,0.855440044,295
2026-09-18T20:38:16.484,14,0.002,0.7,9,manhattan,0.3769,0.4129,0.4064,5,300,180,0.388684992,0.321597855,0.318551719,295
2026-09-18T20:38:20.772,14,0.002,0.75,5,manhattan,0.9487,0.9449,0.9547,1,415,8990,0.611313077,1.510499796,0.953439438,295
2026-09-18T20:38:25.541,14,0.002,0.75,6,manhattan,0.9529,0.9498,0.9591,1,1225,9024,0.459649519,2.776111981,1.530809767,295
2026-09-18T20:38:30.66,14,0.002,0.75,7,manhattan,0.9874,0.9861,0.9887,3,1479,8990,0.635131884,3.074104467,1.407996815,295
2026-09-18T20:38:34.11,14,0.002,0.75,8,manhattan,0.9687,0.9664,0.972,40,768,5120,0.341715203,2.127950333,0.97710145,295
2026-09-18T20:38:34.793,14,0.002,0.75,9,manhattan,0.2815,0.292,0.3173,1,300,56,0.439974547,0.10754365,0.134095494,276
2026-09-18T20:38:38.982,14,0.002,0.8,5,manhattan,0.9693,0.9642,0.9769,2,415,8960,0.454992769,1.349767602,0.989294724,295
2026-09-18T20:38:43.733,14,0.002,0.8,6,manhattan,0.9852,0.9822,0.9894,1,1225,8975,0.493643531,2.681773538,1.566437231,295
2026-09-18T20:38:48.895,14,0.002,0.8,7,manhattan,0.9956,0.9936,0.9977,1,1479,8860,0.525579802,3.099561824,1.535049145,295
2026-09-18T20:38:51.699,14,0.002,0.8,8,manhattan,0.9418,0.9396,0.9457,51,768,3794,0.262654444,2.066788406,0.472080184,295
2026-09-18T20:38:57.4,14,0.0025,0.5,5,manhattan,0.944,0.9401,0.949,1,415,9666,0.620564139,1.93318334,1.352771903,295
2026-09-18T20:39:02.13,14,0.0025,0.5,6,manhattan,0.9615,0.9546,0.9699,1,1225,9667,0.827334926,2.85148602,1.045328121,295
2026-09-18T20:39:07.168,14,0.0025,0.5,7,manhattan,1.0,1.0,1.0,1,1479,9651,0.339827738,3.043153029,1.647395374,295
2026-09-18T20:39:11.302,14,0.0025,0.5,8,manhattan,0.9915,0.988,0.9953,5,768,8856,0.304684835,2.529367426,1.297409892,295
2026-09-18T20:39:13.796,14,0.0025,0.5,9,manhattan,0.8945,0.9009,0.9024,47,300,4395,0.457431983,1.277205661,0.756490667,295
2026-09-18T20:39:15.747,14,0.0025,0.5,10,manhattan,0.1924,0.3473,0.216,20,128,975,1.068169775,0.567134293,0.312919354,295
2026-09-18T20:39:19.487,14,0.0025,0.55,5,manhattan,0.9246,0.9184,0.9356,2,415,9640,0.502629894,1.765801329,1.468860378,295
2026-09-18T20:39:24.422,14,0.0025,0.55,6,manhattan,0.9917,0.9912,0.9925,1,1225,9654,0.691543612,2.809386207,1.431775392,295
2026-09-18T20:39:28.964,14,0.0025,0.55,7,manhattan,0.9879,0.9831,0.993,1,1479,9640,0.629019987,2.380866639,1.529197337,295
2026-09-18T20:39:33.418,14,0.0025,0.55,8,manhattan,0.9882,0.9844,0.9929,6,768,8730,0.381039726,2.621862054,1.449326835,295
2026-09-18T20:39:35.718,14,0.0025,0.55,9,manhattan,0.8102,0.8114,0.851,51,300,3420,0.283748874,1.305875726,0.708218474,295
2026-09-18T20:39:37.77,14,0.0025,0.55,10,manhattan,0.2249,0.4135,0.2866,15,128,637,1.207834149,0.427105696,0.415080391,295
2026-09-18T20:39:41.416,14,0.0025,0.6,5,manhattan,0.9228,0.9259,0.9203,2,415,9494,0.447232822,1.793455201,1.40298087,295
2026-09-18T20:39:46.5,14,0.0025,0.6,6,manhattan,0.9847,0.9905,0.9795,1,1225,9600,0.835615122,2.756109034,1.487426267,295
2026-09-18T20:39:51.134,14,0.0025,0.6,7,manhattan,0.9955,0.9936,0.9975,5,1479,9469,0.571244254,2.84708028,1.207183645,295
2026-09-18T20:39:55.618,14,0.0025,0.6,8,manhattan,0.996,0.9944,0.9977,7,768,8447,0.422674255,2.762024677,1.29741499,295
2026-09-18T20:39:57.239,14,0.0025,0.6,9,manhattan,0.5684,0.6826,0.6528,47,300,2461,0.409562356,0.87482245,0.334461258,295
2026-09-18T20:39:58.663,14,0.0025,0.6,10,manhattan,0.1906,0.3177,0.2632,6,128,271,1.130181882,0.134516429,0.157599944,294
2026-09-18T20:40:02.678,14,0.0025,0.65,5,manhattan,0.9412,0.9366,0.9473,1,415,9210,0.494025843,2.204629289,1.312970922,295
2026-09-18T20:40:07.58,14,0.0025,0.65,6,manhattan,0.965,0.9664,0.9662,1,1225,9204,0.800154789,2.662910823,1.436904271,295
2026-09-18T20:40:12.694,14,0.0025,0.65,7,manhattan,0.9955,0.9936,0.9975,2,1479,9164,0.615286848,3.117920634,1.378146009,295
2026-09-18T20:40:16.353,14,0.0025,0.65,8,manhattan,0.9914,0.992,0.991,13,768,8117,0.233748803,2.151124083,1.271732464,295
2026-09-18T20:40:18.138,14,0.0025,0.65,9,manhattan,0.5218,0.5597,0.5508,38,300,1606,0.398279256,0.938480581,0.446604598,295
2026-09-18T20:40:19.671,14,0.0025,0.65,10,manhattan,0.1623,0.1861,0.1724,3,128,97,1.096137236,0.159348844,0.274986842,217
2026-09-18T20:40:23.375,14,0.0025,0.7,5,manhattan,0.9569,0.9585,0.9566,1,415,9088,0.452515352,1.930212493,1.317988613,295
2026-09-18T20:40:28.278,14,0.0025,0.7,6,manhattan,0.9575,0.9523,0.9631,1,1225,9103,0.797371537,2.716085678,1.386247271,295
2026-09-18T20:40:33.444,14,0.0025,0.7,7,manhattan,0.9936,0.9921,0.9954,1,1479,9042,0.556202566,3.071784262,1.536519587,295
2026-09-18T20:40:37.245,14,0.0025,0.7,8,manhattan,0.9918,0.9955,0.9883,20,768,7702,0.329608044,2.585472411,0.883175002,295
2026-09-18T20:40:38.01,14,0.0025,0.7,9,manhattan,0.4155,0.5168,0.4434,18,300,757,0.26336096,0.330499361,0.169662195,295
2026-09-18T20:40:43.255,14,0.0025,0.75,5,manhattan,0.9674,0.9649,0.971,2,415,9018,0.599486401,2.063070535,1.386440034,295
2026-09-18T20:40:48.245,14,0.0025,0.75,6,manhattan,0.9792,0.972,0.9879,1,1225,9031,0.688594765,2.742852424,1.553049319,295
2026-09-18T20:40:53.514,14,0.0025,0.75,7,manhattan,0.9771,0.977,0.9778,1,1479,9002,0.64783507,3.189892623,1.428916501,295
2026-09-18T20:40:57.64,14,0.0025,0.75,8,manhattan,0.9748,0.9692,0.9827,33,768,7035,0.388591405,2.516532309,1.218604263,295
2026-09-18T20:40:58.546,14,0.0025,0.75,9,manhattan,0.4322,0.4554,0.4886,8,300,352,0.321011187,0.327648222,0.255455603,295
2026-09-18T20:41:02.996,14,0.0025,0.8,5,manhattan,0.9351,0.931,0.9418,1,415,8979,0.401300668,1.381117694,1.502228959,295
2026-09-18T20:41:07.928,14,0.0025,0.8,6,manhattan,0.9871,0.984,0.9906,1,1225,8980,0.773938883,2.756045618,1.399199792,295
2026-09-18T20:41:13.119,14,0.0025,0.8,7,manhattan,0.9883,0.987,0.9896,1,1479,8973,0.436548892,3.172734388,1.579884718,295
2026-09-18T20:41:16.805,14,0.0025,0.8,8,manhattan,0.9836,0.9831,0.9844,38,768,6177,0.328488834,2.530650205,0.823969196,295
2026-09-18T20:41:17.903,14,0.0025,0.8,9,manhattan,0.3087,0.3442,0.3669,2,300,96,0.440593272,0.335672589,0.319589563,290
2026-09-18T20:41:23.111,14,0.003,0.5,5,manhattan,0.9286,0.9256,0.9318,1,415,9670,0.749934368,1.912483654,1.438564822,295
2026-09-18T20:41:27.806,14,0.003,0.5,6,manhattan,0.978,0.9757,0.9816,1,1225,9671,0.606798105,2.586771113,1.498723895,295
2026-09-18T20:41:32.424,14,0.003,0.5,7,manhattan,0.9916,0.988,0.9954,1,1479,9657,0.547847081,2.619419629,1.448217403,295
2026-09-18T20:41:36.889,14,0.003,0.5,8,manhattan,0.9838,0.9804,0.9877,1,768,8922,0.429783279,2.579782216,1.452071465,295
2026-09-18T20:41:39.843,14,0.003,0.5,9,manhattan,0.9735,0.9776,0.9709,32,300,5593,0.36920397,1.626073469,0.956312716,295
2026-09-18T20:41:42.273,14,0.003,0.5,10,manhattan,0.4566,0.5346,0.4794,32,128,1736,1.276227602,0.695285509,0.45124738,295
2026-09-18T20:41:46.09,14,0.003,0.55,5,manhattan,0.9469,0.9502,0.9446,2,415,9653,0.484731619,1.948609086,1.381891328,295
2026-09-18T20:41:51.182,14,0.003,0.55,6,manhattan,0.9865,0.9841,0.9894,1,1225,9658,0.744962354,2.790573288,1.554270077,295
2026-09-18T20:41:56.114,14,0.003,0.55,7,manhattan,0.981,0.9827,0.9795,1,1479,9650,0.588994745,2.947249857,1.393956792,295
2026-09-18T20:42:00.018,14,0.003,0.55,8,manhattan,0.9936,0.9921,0.9952,3,768,8867,0.49386395,2.423132885,0.984413643,295
2026-09-18T20:42:02.285,14,0.003,0.55,9,manhattan,0.9068,0.9123,0.9112,37,300,4800,0.282137841,1.192114159,0.790517015,295
2026-09-18T20:42:04.379,14,0.003,0.55,10,manhattan,0.2411,0.402,0.3089,22,128,1080,1.149360351,0.622966965,0.319518745,295
2026-09-18T20:42:08.287,14,0.003,0.6,5,manhattan,0.9411,0.9478,0.9351,2,415,9506,0.569105149,1.917903771,1.418712383,295
2026-09-18T20:42:13.228,14,0.003,0.6,6,manhattan,0.9916,0.9903,0.993,1,1225,9604,0.625863082,2.9346793,1.37836161,295
2026-09-18T20:42:18.543,14,0.003,0.6,7,manhattan,0.9922,0.9953,0.9892,2,1479,9556,0.600492677,3.382754829,1.329575383,295
2026-09-18T20:42:22.89,14,0.003,0.6,8,manhattan,0.9942,0.9936,0.9949,5,768,8794,0.521060151,2.437788769,1.384290104,295
2026-09-18T20:42:25.106,14,0.003,0.6,9,manhattan,0.8398,0.8357,0.8732,39,300,3857,0.309407096,1.282919043,0.62175312,295
2026-09-18T20:42:26.857,14,0.003,0.6,10,manhattan,0.2215,0.4274,0.274,13,128,646,1.162228713,0.341656746,0.243978693,295
2026-09-18T20:42:30.048,14,0.003,0.65,5,manhattan,0.95,0.9444,0.9598,1,415,9214,0.54070125,1.661108259,0.986928216,295
2026-09-18T20:42:35.108,14,0.003,0.65,6,manhattan,0.9622,0.9677,0.9595,1,1225,9213,0.784346939,2.936606715,1.336513645,295
2026-09-18T20:42:40.485,14,0.003,0.65,7,manhattan,0.9915,0.988,0.9952,2,1479,9209,0.630574937,3.245876153,1.497394882,295
2026-09-18T20:42:44.834,14,0.003,0.65,8,manhattan,0.9976,0.9977,0.9976,7,768,8597,0.441777085,2.559089444,1.343584187,295
2026-09-18T20:42:46.88,14,0.003,0.65,9,manhattan,0.7791,0.7991,0.7906,41,300,2912,0.4117588,1.056597462,0.574632055,295
2026-09-18T20:42:48.684,14,0.003,0.65,10,manhattan,0.2147,0.3038,0.2997,6,128,343,1.139700646,0.251467934,0.41080714,294
2026-09-18T20:42:52.419,14,0.003,0.7,5,manhattan,0.9481,0.948,0.9506,1,415,9111,0.52850623,1.875005321,1.326175012,295
2026-09-18T20:42:57.205,14,0.003,0.7,6,manhattan,0.9773,0.978,0.9781,1,1225,9112,0.719989068,2.718711927,1.344592558,295
2026-09-18T20:43:01.724,14,0.003,0.7,7,manhattan,1.0,1.0,1.0,1,1479,9055,0.483361049,2.506558248,1.517455658,295
2026-09-18T20:43:06.149,14,0.003,0.7,8,manhattan,0.9915,0.988,0.9952,5,768,8295,0.42098905,2.592846693,1.40913991,295
2026-09-18T20:43:07.935,14,0.003,0.7,9,manhattan,0.4146,0.5157,0.4812,37,300,1977,0.327387993,0.939446977,0.516708957,295
2026-09-18T20:43:09.574,14,0.003,0.7,10,manhattan,0.1438,0.1771,0.2004,4,128,161,1.032430356,0.248664358,0.355139992,290
2026-09-18T20:43:13.565,14,0.003,0.75,5,manhattan,0.9624,0.9598,0.9664,1,415,9034,0.664582917,1.908425445,1.416505672,295
2026-09-18T20:43:18.651,14,0.003,0.75,6,manhattan,0.964,0.9656,0.9671,1,1225,9035,0.771666451,2.780715164,1.527148817,295
2026-09-18T20:43:23.508,14,0.003,0.75,7,manhattan,0.983,0.9802,0.9864,1,1479,9032,0.59099689,2.911164024,1.343602975,295
2026-09-18T20:43:27.624,14,0.003,0.75,8,manhattan,0.9827,0.9844,0.9819,12,768,7967,0.375786669,2.521262044,1.216677896,295
2026-09-18T20:43:28.487,14,0.003,0.75,9,manhattan,0.4254,0.5531,0.4862,21,300,1036,0.274719628,0.377314661,0.209936003,295
2026-09-18T20:43:33.738,14,0.003,0.8,5,manhattan,0.9725,0.9691,0.9769,1,415,8983,0.659145409,2.069327144,1.41036032,295
2026-09-18T20:43:38.584,14,0.003,0.8,6,manhattan,0.985,0.9804,0.9904,1,1225,8984,0.761967007,2.664026352,1.417248457,295
2026-09-18T20:43:43.801,14,0.003,0.8,7,manhattan,0.985,0.9823,0.988,1,1479,8977,0.718189633,3.211427505,1.284422673,295
2026-09-18T20:43:47.962,14,0.003,0.8,8,manhattan,0.986,0.9844,0.9886,18,768,7473,0.395392458,2.505048816,1.257653873,295
2026-09-18T20:43:48.812,14,0.003,0.8,9,manhattan,0.4285,0.513,0.4756,7,300,358,0.463506163,0.207708653,0.176495288,295
2026-09-18T20:45:05.714,15,0.0015,0.5,5,manhattan,0.9438,0.9448,0.945,2,413,9614,1.846264577,7.782922452,3.087596381,295
2026-09-18T20:45:12.351,15,0.0015,0.5,6,manhattan,0.9849,0.9806,0.99,1,1242,9656,0.639847311,2.890163838,1.496710406,295
2026-09-18T20:45:17.509,15,0.0015,0.5,7,manhattan,0.9964,0.9951,0.9977,5,1479,9308,0.498950309,3.262927414,1.392887857,295
2026-09-18T20:45:21.939,15,0.0015,0.5,8,manhattan,0.9956,0.9936,0.9977,36,810,7125,0.442427409,2.70724503,1.270916539,295
2026-09-18T20:45:22.746,15,0.0015,0.5,9,manhattan,0.43,0.5005,0.4561,22,316,614,0.350239314,0.17980961,0.272743051,295
2026-09-18T20:45:24.263,15,0.0015,0.5,10,manhattan,0.2058,0.366,0.2636,3,147,52,1.272815246,0.041453228,0.201300358,161
2026-09-18T20:45:28.185,15,0.0015,0.55,5,manhattan,0.9591,0.9522,0.9674,4,413,9499,0.565570525,2.047728713,1.304573724,295
2026-09-18T20:45:33.134,15,0.0015,0.55,6,manhattan,0.9812,0.9849,0.9777,4,1242,9627,0.712453002,2.753665237,1.462956212,295
2026-09-18T20:45:38.299,15,0.0015,0.55,7,manhattan,0.9914,0.9913,0.9918,6,1479,9171,0.672988717,3.136100305,1.35248658,295
2026-09-18T20:45:41.937,15,0.0015,0.55,8,manhattan,0.9857,0.982,0.9903,41,810,6299,0.291204011,2.532064785,0.811945036,295
2026-09-18T20:45:42.797,15,0.0015,0.55,9,manhattan,0.3361,0.4894,0.3694,13,316,358,0.266479468,0.280048388,0.310916877,295
2026-09-18T20:45:44.327,15,0.0015,0.55,10,manhattan,0.033,0.0603,0.1263,1,147,16,1.19200501,0.224679897,0.111293341,78
2026-09-18T20:45:48.222,15,0.0015,0.6,5,manhattan,0.9517,0.9521,0.9516,7,413,9267,0.619357389,1.842493701,1.430730845,295
2026-09-18T20:45:53.277,15,0.0015,0.6,6,manhattan,0.96,0.9537,0.9675,6,1242,9295,0.862405985,2.946215588,1.244367041,295
2026-09-18T20:45:58.16,15,0.0015,0.6,7,manhattan,0.9955,0.9936,0.9975,4,1479,9039,0.599202497,3.038657835,1.242002352,295
2026-09-18T20:46:01.158,15,0.0015,0.6,8,manhattan,0.945,0.939,0.9535,57,810,5511,0.29882566,1.847830909,0.849166856,295
2026-09-18T20:46:01.886,15,0.0015,0.6,9,manhattan,0.3212,0.3824,0.3693,4,316,80,0.493025036,0.102172547,0.129995463,271
2026-09-18T20:46:07.994,15,0.0015,0.65,5,manhattan,0.976,0.9753,0.977,2,413,9011,0.750590301,1.653595704,1.18786209,295
2026-09-18T20:46:12.327,15,0.0015,0.65,6,manhattan,0.9794,0.972,0.9879,2,1242,9072,0.806037505,2.351257701,1.172709516,295
2026-09-18T20:46:16.558,15,0.0015,0.65,7,manhattan,0.9915,0.988,0.9952,2,1479,8972,0.452806186,2.858282441,0.917589258,295
2026-09-18T20:46:19.049,15,0.0015,0.65,8,manhattan,0.9212,0.9163,0.9285,69,810,4359,0.282909929,1.526666347,0.679409863,295
2026-09-18T20:46:19.889,15,0.0015,0.65,9,manhattan,0.3306,0.3936,0.3408,1,316,18,0.382090611,0.123215681,0.331727371,168
2026-09-18T20:46:25.191,15,0.0015,0.7,5,manhattan,0.9609,0.9576,0.9647,3,413,8990,0.403122711,2.193046884,1.508598874,295
2026-09-18T20:46:30.1,15,0.0015,0.7,6,manhattan,0.9756,0.9671,0.9858,1,1242,9007,0.59987933,2.882143675,1.406561399,295
2026-09-18T20:46:36.626,15,0.0015,0.7,7,manhattan,0.9942,0.9936,0.9949,3,1479,8920,0.646865388,3.686567617,2.181320996,295
2026-09-18T20:46:40.716,15,0.0015,0.7,8,manhattan,0.8277,0.8277,0.836,73,810,3015,0.45606156,2.717051723,0.901565618,295
2026-09-18T20:46:49.66,15,0.0015,0.75,5,manhattan,0.9417,0.936,0.9506,7,413,8908,0.953921432,3.641954138,1.975576353,295
2026-09-18T20:46:57.245,15,0.0015,0.75,6,manhattan,0.9656,0.9625,0.9704,1,1242,8989,0.897679645,4.46672896,2.214917,295
2026-09-18T20:47:05.356,15,0.0015,0.75,7,manhattan,0.9774,0.9722,0.9832,3,1479,8725,0.80643399,5.285114555,2.015816226,295
2026-09-18T20:47:08.089,15,0.0015,0.75,8,manhattan,0.5219,0.5695,0.5314,53,810,1663,0.372666354,1.691150099,0.665123947,295
2026-09-18T20:47:16.791,15,0.0015,0.8,5,manhattan,0.8593,0.8496,0.8897,32,413,8543,0.841256199,3.405391012,2.146982509,295
2026-09-18T20:47:24.76,15,0.0015,0.8,6,manhattan,0.9836,0.9813,0.9862,1,1242,8979,0.906153637,4.490450232,2.569458542,295
2026-09-18T20:47:33.017,15,0.0015,0.8,7,manhattan,0.9931,0.9913,0.9951,6,1479,8648,0.82369745,5.362104538,2.068599121,295
2026-09-18T20:47:35.213,15,0.0015,0.8,8,manhattan,0.4505,0.5099,0.459,26,810,698,0.507182788,1.053699258,0.632177398,295
2026-09-18T20:47:44.304,15,0.002,0.5,5,manhattan,0.916,0.9104,0.931,2,413,9656,0.987336617,3.48467277,2.225626545,295
2026-09-18T20:47:52.15,15,0.002,0.5,6,manhattan,0.9617,0.9618,0.9631,1,1242,9660,0.996409779,4.676343234,2.170795972,295
2026-09-18T20:48:00.295,15,0.002,0.5,7,manhattan,0.9964,0.9951,0.9977,2,1479,9631,0.717123292,5.03206328,2.392685426,295
2026-09-18T20:48:06.672,15,0.002,0.5,8,manhattan,0.9863,0.987,0.9858,5,810,8476,0.583635621,3.941207225,1.847760641,295
2026-09-18T20:48:09.404,15,0.002,0.5,9,manhattan,0.5427,0.5527,0.5671,50,316,2177,0.543365297,1.414303728,0.771924182,295
2026-09-18T20:48:11.944,15,0.002,0.5,10,manhattan,0.1611,0.3434,0.2502,10,147,322,1.670467974,0.391469397,0.474901898,286
2026-09-18T20:48:18.331,15,0.002,0.55,5,manhattan,0.911,0.9102,0.9136,2,413,9612,0.944118358,3.102790078,2.337131784,295
2026-09-18T20:48:26.389,15,0.002,0.55,6,manhattan,0.969,0.9672,0.9716,1,1242,9648,1.031679112,4.717061381,2.304760449,295
2026-09-18T20:48:35.124,15,0.002,0.55,7,manhattan,0.9807,0.9774,0.9846,5,1479,9487,0.754697808,5.502744104,2.474158735,295
2026-09-18T20:48:43.279,15,0.002,0.55,8,manhattan,0.9757,0.9741,0.9779,11,810,8184,0.550504202,5.085966988,2.514964115,295
2026-09-18T20:48:45.654,15,0.002,0.55,9,manhattan,0.4514,0.5416,0.503,32,316,1293,0.595057339,0.969300503,0.807773827,295
2026-09-18T20:48:48.158,15,0.002,0.55,10,manhattan,0.2787,0.3541,0.3108,5,147,112,1.507156852,0.433762537,0.534747431,237
2026-09-18T20:48:54.803,15,0.002,0.6,5,manhattan,0.9352,0.9379,0.9364,2,413,9472,0.709287648,3.373201683,2.559696115,295
2026-09-18T20:49:03.784,15,0.002,0.6,6,manhattan,0.9865,0.9841,0.9895,3,1242,9522,0.966038212,5.215722195,2.796118161,295
2026-09-18T20:49:13.2,15,0.002,0.6,7,manhattan,0.9959,0.9944,0.9975,4,1479,9216,0.748887565,5.832639813,2.831803609,295
2026-09-18T20:49:20.238,15,0.002,0.6,8,manhattan,0.9941,0.9951,0.9933,20,810,7868,0.546825239,4.478686432,2.009768383,295
2026-09-18T20:49:22.171,15,0.002,0.6,9,manhattan,0.3817,0.4516,0.4041,24,316,833,0.549729802,0.604466927,0.776310779,295
2026-09-18T20:49:24.119,15,0.002,0.6,10,manhattan,0.23,0.2506,0.2327,2,147,42,1.363365066,0.298810922,0.283366202,135
2026-09-18T20:49:30.483,15,0.002,0.65,5,manhattan,0.9734,0.9708,0.9765,2,413,9099,0.635915728,3.26396629,2.455640157,295
2026-09-18T20:49:38.66,15,0.002,0.65,6,manhattan,0.9728,0.9696,0.9767,2,1242,9129,0.954519135,4.816732419,2.40018597,295
2026-09-18T20:49:46.992,15,0.002,0.65,7,manhattan,1.0,1.0,1.0,2,1479,9076,0.726968829,5.100809676,2.501371098,295
2026-09-18T20:49:54.279,15,0.002,0.65,8,manhattan,0.9772,0.9727,0.9821,34,810,7235,0.484782635,4.790564604,2.008589461,295
2026-09-18T20:49:55.857,15,0.002,0.65,9,manhattan,0.4708,0.5133,0.4866,13,316,428,0.52675227,0.53825214,0.5099997,295
2026-09-18T20:50:03.956,15,0.002,0.7,5,manhattan,0.9731,0.9686,0.9787,1,413,9011,0.879734813,3.115272268,2.605592511,295
2026-09-18T20:50:12.224,15,0.002,0.7,6,manhattan,0.9392,0.9354,0.944,1,1242,9035,0.921754384,4.865001815,2.478749269,295
2026-09-18T20:50:20.967,15,0.002,0.7,7,manhattan,0.9976,0.9977,0.9976,2,1479,9008,0.799037929,5.514082432,2.425949822,295
2026-09-18T20:50:27.159,15,0.002,0.7,8,manhattan,0.9876,0.9828,0.9929,32,810,6293,0.50701489,3.870928509,1.810979032,295
2026-09-18T20:50:28.788,15,0.002,0.7,9,manhattan,0.328,0.486,0.3633,4,316,164,0.585867682,0.504586645,0.532802907,295
2026-09-18T20:50:37.163,15,0.002,0.75,5,manhattan,0.9599,0.963,0.9596,1,413,9004,0.94331651,3.383883782,2.530918118,295
2026-09-18T20:50:45.446,15,0.002,0.75,6,manhattan,0.978,0.9773,0.98,1,1242,8993,0.869811262,4.70455363,2.705375993,295
2026-09-18T20:50:54.359,15,0.002,0.75,7,manhattan,0.9963,0.9977,0.9949,1,1479,8982,0.814135538,5.431985996,2.663990232,295
2026-09-18T20:51:00.441,15,0.002,0.75,8,manhattan,0.9938,0.9936,0.9942,39,810,5359,0.499254954,3.79105729,1.78828359,295
2026-09-18T20:51:01.938,15,0.002,0.75,9,manhattan,0.2812,0.3881,0.3153,3,316,65,0.578653836,0.398450671,0.515863093,269
2026-09-18T20:51:11.013,15,0.002,0.8,5,manhattan,0.9508,0.9514,0.953,2,413,8987,1.039515034,3.881502213,2.481942696,295
2026-09-18T20:51:19.647,15,0.002,0.8,6,manhattan,0.9884,0.9878,0.9892,1,1242,8990,1.053225594,5.255300602,2.321834289,295
2026-09-18T20:51:29.049,15,0.002,0.8,7,manhattan,0.9902,0.988,0.9926,2,1479,8934,0.806546575,5.767889321,2.825083123,295
2026-09-18T20:51:34.715,15,0.002,0.8,8,manhattan,0.945,0.94,0.9516,45,810,4203,0.628261254,3.539321617,1.494937964,295
2026-09-18T20:51:44.292,15,0.0025,0.5,5,manhattan,0.9762,0.9768,0.9761,1,413,9669,0.907117937,3.582513265,2.640798777,295
2026-09-18T20:51:53.227,15,0.0025,0.5,6,manhattan,0.9787,0.9715,0.9879,1,1242,9664,1.026771708,5.112651419,2.792555971,295
2026-09-18T20:52:02.542,15,0.0025,0.5,7,manhattan,0.9901,0.9887,0.9918,1,1479,9655,0.750137097,5.885694601,2.676594853,295
2026-09-18T20:52:10.429,15,0.0025,0.5,8,manhattan,0.9872,0.9844,0.9906,6,810,8809,0.60403866,4.980118132,2.299801711,295
2026-09-18T20:52:14.554,15,0.0025,0.5,9,manhattan,0.8046,0.8308,0.8321,55,316,4063,0.520520954,2.26663195,1.334758809,295
2026-09-18T20:52:17.471,15,0.0025,0.5,10,manhattan,0.1493,0.226,0.2218,21,147,792,1.536892863,0.67410862,0.703097957,295
2026-09-18T20:52:24.692,15,0.0025,0.55,5,manhattan,0.9626,0.9596,0.968,2,413,9645,0.917324346,3.510909728,2.78779684,295
2026-09-18T20:52:33.465,15,0.0025,0.55,6,manhattan,0.9828,0.977,0.9904,1,1242,9652,0.998991745,5.048488013,2.722268175,295
2026-09-18T20:52:42.407,15,0.0025,0.55,7,manhattan,0.996,0.9944,0.9977,1,1479,9637,0.830783625,5.492387049,2.614938822,295
2026-09-18T20:52:49.536,15,0.0025,0.55,8,manhattan,1.0,1.0,1.0,6,810,8584,0.555748032,4.319868205,2.249955577,295
2026-09-18T20:52:52.926,15,0.0025,0.55,9,manhattan,0.677,0.6969,0.6935,45,316,3056,0.642477744,1.689165557,1.054193735,295
2026-09-18T20:52:55.867,15,0.0025,0.55,10,manhattan,0.2181,0.2115,0.3077,9,147,376,1.449154363,0.789735548,0.697985988,290
2026-09-18T20:53:02.538,15,0.0025,0.6,5,manhattan,0.9581,0.9509,0.9672,2,413,9490,0.832992917,3.335444391,2.500234709,295
2026-09-18T20:53:11.025,15,0.0025,0.6,6,manhattan,0.9829,0.9824,0.9836,2,1242,9591,0.966949083,4.888747881,2.627017468,295
2026-09-18T20:53:20.431,15,0.0025,0.6,7,manhattan,0.996,0.9944,0.9977,5,1479,9445,0.780314994,5.803928725,2.818407405,295
2026-09-18T20:53:28.248,15,0.0025,0.6,8,manhattan,0.9881,0.988,0.9886,6,810,8453,0.566054244,4.802596037,2.445633774,295
2026-09-18T20:53:31.011,15,0.0025,0.6,9,manhattan,0.6627,0.7036,0.6596,38,316,2003,0.560444655,1.297258114,0.901594742,295
2026-09-18T20:53:33.442,15,0.0025,0.6,10,manhattan,0.2496,0.3056,0.2876,5,147,167,1.414357507,0.363205434,0.650582555,273
2026-09-18T20:53:40.459,15,0.0025,0.65,5,manhattan,0.9432,0.9406,0.9488,1,413,9170,0.965351881,3.476617406,2.572817911,295
2026-09-18T20:53:48.971,15,0.0025,0.65,6,manhattan,0.9761,0.9797,0.9742,1,1242,9171,0.952079227,5.033611243,2.52193135,295
2026-09-18T20:53:58.116,15,0.0025,0.65,7,manhattan,1.0,1.0,1.0,1,1479,9109,0.774324211,5.921723039,2.445726104,295
2026-09-18T20:54:06.187,15,0.0025,0.65,8,manhattan,1.0,1.0,1.0,7,810,8261,0.554568062,5.199541696,2.314605288,295
2026-09-18T20:54:08.668,15,0.0025,0.65,9,manhattan,0.5988,0.63,0.6077,27,316,1266,0.69303179,1.038533135,0.746333048,295
2026-09-18T20:54:10.953,15,0.0025,0.65,10,manhattan,0.2027,0.2357,0.2822,2,147,66,1.612387403,0.321268485,0.347329093,236
2026-09-18T20:54:17.542,15,0.0025,0.7,5,manhattan,0.9566,0.9597,0.9545,1,413,9031,0.914868793,3.320250401,2.351392204,295
2026-09-18T20:54:26.29,15,0.0025,0.7,6,manhattan,0.9775,0.9742,0.9812,1,1242,9039,0.970167234,5.170782627,2.586266286,295
2026-09-18T20:54:35.532,15,0.0025,0.7,7,manhattan,0.9758,0.9765,0.9762,1,1479,9028,0.696021699,5.97317371,2.567027992,295
2026-09-18T20:54:43.49,15,0.0025,0.7,8,manhattan,0.9955,0.9936,0.9975,16,810,7965,0.619353825,5.11274822,2.223433736,295
2026-09-18T20:54:45.459,15,0.0025,0.7,9,manhattan,0.5728,0.5755,0.6002,13,316,667,0.654860549,0.752244001,0.559111033,295
2026-09-18T20:54:47.77,15,0.0025,0.7,10,manhattan,0.2402,0.2475,0.2704,1,147,24,1.742298845,0.306636927,0.259840346,160
2026-09-18T20:54:54.546,15,0.0025,0.75,5,manhattan,0.9679,0.9609,0.977,1,413,9012,0.990872616,3.433040162,2.348577807,295
2026-09-18T20:55:02.872,15,0.0025,0.75,6,manhattan,0.9699,0.9649,0.9756,1,1242,9013,0.974112573,4.828995167,2.519773112,295
2026-09-18T20:55:12.221,15,0.0025,0.75,7,manhattan,0.9904,0.9927,0.9885,1,1479,8988,0.744817001,5.813865545,2.784296531,295
2026-09-18T20:55:19.495,15,0.0025,0.75,8,manhattan,0.9795,0.972,0.9882,26,810,7295,0.531153045,4.701100812,2.039302272,295
2026-09-18T20:55:21.235,15,0.0025,0.75,9,manhattan,0.2306,0.4789,0.2896,7,316,286,0.626006704,0.528621714,0.582507125,295
2026-09-18T20:55:30.042,15,0.0025,0.8,5,manhattan,0.9588,0.959,0.9587,1,413,8995,1.010327419,3.487863473,2.696243046,295
2026-09-18T20:55:38.42,15,0.0025,0.8,6,manhattan,0.9774,0.9715,0.9846,1,1242,8994,0.929136128,4.902294871,2.542076045,295
2026-09-18T20:55:47.745,15,0.0025,0.8,7,manhattan,0.9904,0.9927,0.9885,1,1479,8986,0.734027348,6.083367048,2.50490989,295
2026-09-18T20:55:54.144,15,0.0025,0.8,8,manhattan,0.9959,0.9977,0.9942,27,810,6230,0.525901183,4.074341498,1.795946306,295
2026-09-18T20:55:55.783,15,0.0025,0.8,9,manhattan,0.2756,0.3794,0.3088,3,316,107,0.587877717,0.418859088,0.629411121,293
2026-09-18T20:56:04.464,15,0.003,0.5,5,manhattan,0.948,0.942,0.9558,1,413,9673,0.875431746,3.89643751,2.389295465,295
2026-09-18T20:56:13.618,15,0.003,0.5,6,manhattan,0.9554,0.9472,0.9689,1,1242,9668,1.007375922,5.457641875,2.684725995,295
2026-09-18T20:56:23.073,15,0.003,0.5,7,manhattan,0.9831,0.9772,0.9902,1,1479,9660,0.810058478,5.805159051,2.835570153,295
2026-09-18T20:56:30.826,15,0.003,0.5,8,manhattan,0.9851,0.9825,0.9882,1,810,8904,0.59926591,4.659165121,2.491046239,295
2026-09-18T20:56:35.979,15,0.003,0.5,9,manhattan,0.9342,0.9238,0.949,38,316,5559,0.582694789,2.918710857,1.649068508,295
2026-09-18T20:56:39.579,15,0.003,0.5,10,manhattan,0.3098,0.3999,0.38,28,147,1497,1.534047456,1.198208594,0.864730931,295
2026-09-18T20:56:46.022,15,0.003,0.55,5,manhattan,0.9763,0.9789,0.9748,2,413,9657,0.62440161,3.348648461,2.467220904,295
2026-09-18T20:56:54.6,15,0.003,0.55,6,manhattan,0.9709,0.966,0.9764,1,1242,9656,0.974881386,5.193927847,2.407508138,295
2026-09-18T20:57:03.962,15,0.003,0.55,7,manhattan,0.9912,0.9876,0.9954,1,1479,9642,0.757120745,5.886172944,2.715224185,295
2026-09-18T20:57:12.124,15,0.003,0.55,8,manhattan,0.9976,0.9976,0.9977,3,810,8864,0.602797997,4.924169677,2.631946802,295
2026-09-18T20:57:17.047,15,0.003,0.55,9,manhattan,0.9351,0.9392,0.9328,44,316,4650,0.694410179,2.666124305,1.559294552,295
2026-09-18T20:57:19.796,15,0.003,0.55,10,manhattan,0.3037,0.3478,0.3587,17,147,816,1.436960898,0.63880758,0.670285643,295
2026-09-18T20:57:26.308,15,0.003,0.6,5,manhattan,0.9486,0.9506,0.9491,3,413,9532,0.795338013,3.429610253,2.284364465,295
2026-09-18T20:57:35.006,15,0.003,0.6,6,manhattan,0.9585,0.9616,0.958,1,1242,9598,0.99606169,5.043660299,2.652912622,295
2026-09-18T20:57:44.685,15,0.003,0.6,7,manhattan,0.969,0.9694,0.9696,3,1479,9546,0.764265518,6.035778954,2.874477593,295
2026-09-18T20:57:52.154,15,0.003,0.6,8,manhattan,0.9931,0.9912,0.9952,5,810,8671,0.594107846,4.480993642,2.390259276,295
2026-09-18T20:57:55.775,15,0.003,0.6,9,manhattan,0.8343,0.8556,0.8379,44,316,3660,0.620944531,1.88209801,1.115992661,295
2026-09-18T20:57:58.627,15,0.003,0.6,10,manhattan,0.1822,0.2689,0.2319,10,147,493,1.639257403,0.562140543,0.647312024,289
2026-09-18T20:58:05.43,15,0.003,0.65,5,manhattan,0.965,0.9598,0.972,1,413,9176,0.989112474,3.287907073,2.521139698,295
2026-09-18T20:58:13.916,15,0.003,0.65,6,manhattan,0.9884,0.9878,0.9892,1,1242,9175,0.958046543,4.9890785,2.535629547,295
2026-09-18T20:58:23.027,15,0.003,0.65,7,manhattan,0.9914,0.988,0.9951,2,1479,9168,0.786483454,5.652988814,2.667924327,295
2026-09-18T20:58:30.102,15,0.003,0.65,8,manhattan,0.9938,0.9944,0.9933,3,810,8472,0.570003424,4.227334116,2.275105803,295
2026-09-18T20:58:33.159,15,0.003,0.65,9,manhattan,0.8043,0.8047,0.8098,38,316,2611,0.595553911,1.556560193,0.902314877,295
2026-09-18T20:58:35.793,15,0.003,0.65,10,manhattan,0.1324,0.2695,0.2146,5,147,213,1.755582394,0.380754404,0.49468719,284
2026-09-18T20:58:42.93,15,0.003,0.7,5,manhattan,0.9696,0.9732,0.9667,1,413,9036,1.000102502,3.612927505,2.520115614,295
2026-09-18T20:58:51.313,15,0.003,0.7,6,manhattan,0.9597,0.9582,0.9617,1,1242,9052,1.044790642,4.923128482,2.411321059,295
2026-09-18T20:58:58.044,15,0.003,0.7,7,manhattan,0.9724,0.9785,0.9672,1,1479,9033,0.75399709,4.316694542,1.658220662,295
2026-09-18T20:59:02.312,15,0.003,0.7,8,manhattan,0.9956,0.9936,0.9977,3,810,8376,0.285029264,2.555751125,1.424758423,295
2026-09-18T20:59:03.871,15,0.003,0.7,9,manhattan,0.5723,0.5929,0.5992,29,316,1619,0.349922304,0.749375617,0.457692984,295
2026-09-18T20:59:05.102,15,0.003,0.7,10,manhattan,0.206,0.263,0.2592,3,147,106,0.891619439,0.068727469,0.268250923,273
2026-09-18T20:59:08.913,15,0.003,0.75,5,manhattan,0.9383,0.9394,0.9391,1,413,9016,0.362217108,1.930288764,1.516650878,295
2026-09-18T20:59:13.641,15,0.003,0.75,6,manhattan,0.973,0.9715,0.9749,1,1242,9017,0.582194235,2.714472831,1.429938697,295
2026-09-18T20:59:18.798,15,0.003,0.75,7,manhattan,0.9938,0.9936,0.9942,1,1479,9000,0.532350754,3.137889277,1.484112902,295
2026-09-18T20:59:23.21,15,0.003,0.75,8,manhattan,0.9915,0.988,0.9952,7,810,8199,0.431515322,2.8204085,1.147837462,295
2026-09-18T20:59:24.498,15,0.003,0.75,9,manhattan,0.4664,0.5399,0.507,13,316,723,0.464625019,0.471219372,0.349964697,295
2026-09-18T20:59:25.897,15,0.003,0.75,10,manhattan,0.2187,0.2155,0.2552,1,147,29,1.014818847,0.222911093,0.159033897,179
2026-09-18T20:59:29.746,15,0.003,0.8,5,manhattan,0.9445,0.9451,0.9448,1,413,8999,0.615166486,1.77493027,1.45726113,295
2026-09-18T20:59:34.039,15,0.003,0.8,6,manhattan,0.9829,0.983,0.9837,1,1242,8998,0.707828941,2.482131058,1.100219965,295
2026-09-18T20:59:39.306,15,0.003,0.8,7,manhattan,0.9871,0.9821,0.9927,1,1479,8990,0.577147009,3.261622692,1.425487916,295
2026-09-18T20:59:43.432,15,0.003,0.8,8,manhattan,0.9878,0.9866,0.9893,15,810,7770,0.428611457,2.471579564,1.209319239,295
2026-09-18T20:59:44.61,15,0.003,0.8,9,manhattan,0.3203,0.437,0.343,6,316,304,0.485838568,0.3598696,0.330827253,295
2026-09-18T21:01:01.697,16,0.0015,0.5,5,manhattan,0.966,0.959,0.975,2,413,9594,1.724078908,7.911043266,3.156239329,295
2026-09-18T21:01:08.215,16,0.0015,0.5,6,manhattan,0.9585,0.9516,0.9682,1,1256,9647,0.70181134,2.651574602,1.564197486,295
2026-09-18T21:01:12.98,16,0.0015,0.5,7,manhattan,0.99,0.9872,0.9929,6,1447,9277,0.528301212,2.845384891,1.388612861,295
2026-09-18T21:01:17.084,16,0.0015,0.5,8,manhattan,0.9691,0.9612,0.9812,45,779,7264,0.394334989,2.564775328,1.140063419,295
2026-09-18T21:01:18.316,16,0.0015,0.5,9,manhattan,0.312,0.4702,0.3538,22,302,539,0.436452967,0.454924402,0.338617849,295
2026-09-18T21:01:19.808,16,0.0015,0.5,10,manhattan,0.3601,0.4553,0.4081,3,141,58,1.10513589,0.051876633,0.332812425,169
2026-09-18T21:01:23.57,16,0.0015,0.55,5,manhattan,0.9689,0.9613,0.9788,4,413,9520,0.538565938,1.910867416,1.310072609,295
2026-09-18T21:01:28.713,16,0.0015,0.55,6,manhattan,0.9757,0.9742,0.9778,2,1256,9642,0.849439023,2.827358903,1.458934041,295
2026-09-18T21:01:34.096,16,0.0015,0.55,7,manhattan,0.9615,0.952,0.9735,4,1447,9151,0.617688248,3.235994751,1.527064855,295
2026-09-18T21:01:37.661,16,0.0015,0.55,8,manhattan,0.9695,0.9625,0.9785,49,779,6421,0.237439774,2.337295981,0.987155589,295
2026-09-18T21:01:38.679,16,0.0015,0.55,9,manhattan,0.372,0.435,0.4238,8,302,226,0.405213271,0.23835302,0.349314124,291
2026-09-18T21:01:45.006,16,0.0015,0.6,5,manhattan,0.9509,0.9496,0.9527,6,413,9257,0.600055537,1.892235554,1.322585528,295
2026-09-18T21:01:49.688,16,0.0015,0.6,6,manhattan,0.9756,0.9749,0.9769,5,1256,9301,0.551221403,2.585398297,1.54278077,295
2026-09-18T21:01:54.923,16,0.0015,0.6,7,manhattan,0.9835,0.9796,0.9881,3,1447,9055,0.38994916,3.386374744,1.456188506,295
2026-09-18T21:01:58.215,16,0.0015,0.6,8,manhattan,0.9584,0.9546,0.9645,54,779,5413,0.346398038,2.012024468,0.930462276,295
2026-09-18T21:01:58.977,16,0.0015,0.6,9,manhattan,0.2886,0.4377,0.317,3,302,61,0.370244745,0.096552062,0.292184443,268
2026-09-18T21:02:04.227,16,0.0015,0.65,5,manhattan,0.9568,0.9488,0.9668,1,413,9012,0.580114848,2.139433285,1.255244829,295
2026-09-18T21:02:09.385,16,0.0015,0.65,6,manhattan,0.9671,0.9622,0.975,3,1256,9111,0.784827375,2.940464278,1.429957275,295
2026-09-18T21:02:14.513,16,0.0015,0.65,7,manhattan,0.9767,0.969,0.986,2,1447,8948,0.515721664,3.025592108,1.583991717,295
2026-09-18T21:02:17.232,16,0.0015,0.65,8,manhattan,0.9376,0.9456,0.9375,73,779,4193,0.376020906,1.747261633,0.593405172,295
2026-09-18T21:02:17.986,16,0.0015,0.65,9,manhattan,0.2063,0.2714,0.2622,2,302,35,0.337034056,0.186747372,0.228536886,218
2026-09-18T21:02:22.884,16,0.0015,0.7,5,manhattan,0.9502,0.9444,0.9591,2,413,8977,0.520731525,1.808562521,1.191006483,295
2026-09-18T21:02:27.747,16,0.0015,0.7,6,manhattan,0.9784,0.9721,0.986,1,1256,9004,0.715610178,2.652262399,1.493486451,295
2026-09-18T21:02:33.08,16,0.0015,0.7,7,manhattan,0.9811,0.9748,0.9882,2,1447,8880,0.553456537,3.506133276,1.265572621,295
2026-09-18T21:02:35.161,16,0.0015,0.7,8,manhattan,0.7053,0.7525,0.7444,68,779,2765,0.326317806,1.318107578,0.434646799,295
2026-09-18T21:02:36.062,16,0.0015,0.7,9,manhattan,0.327,0.3833,0.3469,1,302,16,0.455138606,0.226557791,0.216485058,154
2026-09-18T21:02:41.498,16,0.0015,0.75,5,manhattan,0.9604,0.9559,0.9669,6,413,8906,0.584352613,2.113221191,1.411972354,295
2026-09-18T21:02:46.534,16,0.0015,0.75,6,manhattan,0.9864,0.9862,0.9869,1,1256,8982,0.686463838,2.879597314,1.464756575,295
2026-09-18T21:02:51.703,16,0.0015,0.75,7,manhattan,0.994,0.9927,0.9954,2,1447,8763,0.562733916,3.22881869,1.375804861,295
2026-09-18T21:02:53.0,16,0.0015,0.75,8,manhattan,0.6575,0.6624,0.6821,51,779,1595,0.387512604,0.578747913,0.327903135,295
2026-09-18T21:02:58.431,16,0.0015,0.8,5,manhattan,0.8985,0.888,0.9229,28,413,8454,0.510358335,1.80301516,1.290074301,295
2026-09-18T21:03:03.249,16,0.0015,0.8,6,manhattan,0.9707,0.9623,0.9807,4,1256,8945,0.719260508,2.677902563,1.418668535,295
2026-09-18T21:03:08.65,16,0.0015,0.8,7,manhattan,0.9852,0.9804,0.9906,6,1447,8610,0.656861574,3.425590254,1.315208533,295
2026-09-18T21:03:09.657,16,0.0015,0.8,8,manhattan,0.5997,0.6203,0.6273,23,779,557,0.310801288,0.333516915,0.352672097,295
2026-09-18T21:03:15.381,16,0.002,0.5,5,manhattan,0.962,0.956,0.9707,1,413,9656,0.678594183,1.871373239,1.454376402,295
2026-09-18T21:03:20.281,16,0.002,0.5,6,manhattan,0.9886,0.9851,0.9926,1,1256,9652,0.640275715,2.880536821,1.369437493,295
2026-09-18T21:03:25.614,16,0.002,0.5,7,manhattan,0.9808,0.9804,0.9824,2,1447,9604,0.642181546,3.066737544,1.622295378,295
2026-09-18T21:03:29.689,16,0.002,0.5,8,manhattan,0.9715,0.9665,0.9787,7,779,8480,0.288712768,2.598586303,1.184786899,295
2026-09-18T21:03:31.222,16,0.002,0.5,9,manhattan,0.5673,0.6004,0.582,47,302,2138,0.358454195,0.697299098,0.474743777,295
2026-09-18T21:03:32.71,16,0.002,0.5,10,manhattan,0.1548,0.2164,0.2294,12,141,369,1.197749667,0.081252542,0.20723003,289
2026-09-18T21:03:36.277,16,0.002,0.55,5,manhattan,0.9525,0.9438,0.9634,2,413,9572,0.369743843,1.737764604,1.457490349,295
2026-09-18T21:03:40.163,16,0.002,0.55,6,manhattan,0.9806,0.9816,0.9802,1,1256,9649,0.674955028,2.101527022,1.10731969,295
2026-09-18T21:03:43.786,16,0.002,0.55,7,manhattan,0.975,0.9691,0.9833,7,1447,9479,0.349292404,2.251880824,1.019188402,295
2026-09-18T21:03:46.827,16,0.002,0.55,8,manhattan,0.9963,0.9977,0.9949,11,779,8247,0.217617885,1.907467049,0.91358483,295
2026-09-18T21:03:47.754,16,0.002,0.55,9,manhattan,0.4977,0.5622,0.5312,32,302,1377,0.258893646,0.394643967,0.272146884,295
2026-09-18T21:03:48.87,16,0.002,0.55,10,manhattan,0.2346,0.3221,0.2799,6,141,153,0.796820605,0.135569152,0.182187149,256
2026-09-18T21:03:51.532,16,0.002,0.6,5,manhattan,0.9526,0.9425,0.9674,2,413,9468,0.33615643,1.330083907,0.992827615,295
2026-09-18T21:03:55.034,16,0.002,0.6,6,manhattan,0.9784,0.9726,0.9849,3,1256,9575,0.434894387,2.065800158,0.999417637,295
2026-09-18T21:03:58.68,16,0.002,0.6,7,manhattan,0.9872,0.9821,0.9929,2,1447,9186,0.339382822,2.293424636,1.011638899,295
2026-09-18T21:04:01.657,16,0.002,0.6,8,manhattan,0.9884,0.9844,0.993,20,779,7923,0.211148409,1.904493972,0.859917394,295
2026-09-18T21:04:02.283,16,0.002,0.6,9,manhattan,0.5089,0.5589,0.5453,19,302,778,0.260266239,0.189554646,0.174600281,295
2026-09-18T21:04:03.25,16,0.002,0.6,10,manhattan,0.2051,0.2008,0.2682,1,141,24,0.870420698,0.041367741,0.052630221,156
2026-09-18T21:04:05.955,16,0.002,0.65,5,manhattan,0.947,0.9431,0.9524,4,413,9154,0.396137385,1.325314369,0.982039009,295
2026-09-18T21:04:09.364,16,0.002,0.65,6,manhattan,0.9628,0.9598,0.9664,2,1256,9152,0.424733026,1.969359144,1.013281987,295
2026-09-18T21:04:12.975,16,0.002,0.65,7,manhattan,0.9852,0.9804,0.9906,1,1447,9089,0.335420302,2.253380178,1.019798537,295
2026-09-18T21:04:15.787,16,0.002,0.65,8,manhattan,0.9964,0.9951,0.9977,36,779,7286,0.205635481,1.825353992,0.778660523,295
2026-09-18T21:04:16.339,16,0.002,0.65,9,manhattan,0.3175,0.4011,0.3774,10,302,371,0.251397921,0.132948983,0.165928148,295
2026-09-18T21:04:19.909,16,0.002,0.7,5,manhattan,0.9652,0.9659,0.9681,1,413,9008,0.415473596,1.315891722,0.938928725,295
2026-09-18T21:04:23.163,16,0.002,0.7,6,manhattan,0.9839,0.9779,0.9905,1,1256,9067,0.419532847,1.882822125,0.949241573,295
2026-09-18T21:04:26.454,16,0.002,0.7,7,manhattan,0.9837,0.978,0.9906,2,1447,9016,0.325445488,2.071843462,0.891823726,295
2026-09-18T21:04:28.951,16,0.002,0.7,8,manhattan,0.9729,0.9667,0.9798,46,779,6440,0.186958852,1.413364851,0.894939907,295
2026-09-18T21:04:30.327,16,0.002,0.7,9,manhattan,0.3526,0.3772,0.3728,6,302,231,0.535670454,0.435690648,0.40265135,294
2026-09-18T21:04:37.199,16,0.002,0.75,5,manhattan,0.968,0.9624,0.9743,1,413,8985,0.87587489,2.671253805,1.920058331,295
2026-09-18T21:04:44.526,16,0.002,0.75,6,manhattan,0.9805,0.9742,0.9881,1,1256,8988,0.888608089,4.416089148,2.019815553,295
2026-09-18T21:04:51.687,16,0.002,0.75,7,manhattan,0.9918,0.9887,0.9952,2,1447,8922,0.582794033,4.626773881,1.949126169,295
2026-09-18T21:04:57.256,16,0.002,0.75,8,manhattan,0.9632,0.9585,0.9704,47,779,5192,0.529326204,3.482556647,1.553489546,295
2026-09-18T21:04:58.765,16,0.002,0.75,9,manhattan,0.3583,0.3972,0.3814,2,302,100,0.61676739,0.420879598,0.467854485,288
2026-09-18T21:05:05.988,16,0.002,0.8,5,manhattan,0.9323,0.9289,0.9409,1,413,8969,0.600910954,3.127205294,2.013284686,295
2026-09-18T21:05:14.216,16,0.002,0.8,6,manhattan,0.9633,0.9613,0.9655,1,1256,8968,0.903804872,4.627142434,2.693690764,295
2026-09-18T21:05:22.542,16,0.002,0.8,7,manhattan,0.9899,0.9897,0.9903,2,1447,8885,0.825939148,5.375076385,2.121919096,295
2026-09-18T21:05:26.852,16,0.002,0.8,8,manhattan,0.9142,0.9083,0.9299,52,779,4019,0.494307951,2.829237357,0.983741253,295
2026-09-18T21:05:35.495,16,0.0025,0.5,5,manhattan,0.9526,0.9483,0.9579,1,413,9660,0.938443258,3.298381741,2.248935754,295
2026-09-18T21:05:43.367,16,0.0025,0.5,6,manhattan,0.9789,0.9785,0.9798,1,1256,9656,0.944767883,4.827004408,2.097085879,295
2026-09-18T21:05:52.094,16,0.0025,0.5,7,manhattan,0.9928,0.9905,0.9954,1,1447,9639,0.784593337,5.750120979,2.190004024,295
2026-09-18T21:05:59.148,16,0.0025,0.5,8,manhattan,0.9868,0.9869,0.9867,5,779,8873,0.623634403,4.068997656,2.35868043,295
2026-09-18T21:06:02.832,16,0.0025,0.5,9,manhattan,0.8216,0.8237,0.8588,59,302,4196,0.532216659,1.914073205,1.234432659,295
2026-09-18T21:06:05.47,16,0.0025,0.5,10,manhattan,0.3268,0.462,0.3726,21,141,897,1.502664167,0.491312175,0.641978447,295
2026-09-18T21:06:12.006,16,0.0025,0.55,5,manhattan,0.9532,0.9502,0.9571,2,413,9611,1.042769852,3.248661112,2.242128803,295
2026-09-18T21:06:21.187,16,0.0025,0.55,6,manhattan,0.9911,0.9876,0.9951,1,1256,9653,0.964061632,5.367075708,2.847313701,295
2026-09-18T21:06:30.311,16,0.0025,0.55,7,manhattan,0.9959,0.9977,0.9942,1,1447,9632,0.812326926,5.716781852,2.590148907,295
2026-09-18T21:06:37.725,16,0.0025,0.55,8,manhattan,1.0,1.0,1.0,7,779,8634,0.606134251,4.399804167,2.385751574,295
2026-09-18T21:06:41.145,16,0.0025,0.55,9,manhattan,0.7874,0.7848,0.8114,49,302,3186,0.581508113,1.75339133,1.08232968,295
2026-09-18T21:06:43.846,16,0.0025,0.55,10,manhattan,0.2171,0.34,0.3262,10,141,489,1.300118397,0.852987733,0.545014322,295
2026-09-18T21:06:50.776,16,0.0025,0.6,5,manhattan,0.9681,0.9667,0.97,2,413,9481,1.043213135,3.437699351,2.369672554,295
2026-09-18T21:06:59.483,16,0.0025,0.6,6,manhattan,0.9766,0.9746,0.9787,1,1256,9595,0.930598047,4.956657857,2.816568901,295
2026-09-18T21:07:08.83,16,0.0025,0.6,7,manhattan,0.9689,0.9596,0.9813,4,1447,9356,0.842565795,5.836790417,2.663363895,295
2026-09-18T21:07:16.586,16,0.0025,0.6,8,manhattan,0.9936,0.9921,0.9953,4,779,8496,0.5848253,4.6068429,2.560994815,295
2026-09-18T21:07:19.821,16,0.0025,0.6,9,manhattan,0.5283,0.6362,0.571,44,302,2203,0.578169207,1.784719166,0.868677387,295
2026-09-18T21:07:22.272,16,0.0025,0.6,10,manhattan,0.2814,0.2471,0.3732,5,141,273,1.332117688,0.481697533,0.622219277,285
2026-09-18T21:07:29.635,16,0.0025,0.65,5,manhattan,0.9432,0.9372,0.9507,1,413,9209,0.824504397,3.587427933,2.949111478,295
2026-09-18T21:07:38.584,16,0.0025,0.65,6,manhattan,0.9574,0.9484,0.9692,1,1256,9204,1.057077485,5.320639997,2.564770091,295
2026-09-18T21:07:47.887,16,0.0025,0.65,7,manhattan,1.0,1.0,1.0,2,1447,9195,0.781893828,5.760294073,2.757939026,295
2026-09-18T21:07:55.477,16,0.0025,0.65,8,manhattan,0.9964,0.9951,0.9977,8,779,8284,0.551087867,4.516822753,2.518366577,295
2026-09-18T21:07:57.838,16,0.0025,0.65,9,manhattan,0.4072,0.4752,0.4551,25,302,1305,0.641751394,0.984779864,0.731068588,295
2026-09-18T21:08:00.436,16,0.0025,0.65,10,manhattan,0.1839,0.1902,0.2483,6,141,222,1.604787893,0.387018337,0.603092798,282
2026-09-18T21:08:07.109,16,0.0025,0.7,5,manhattan,0.9546,0.9442,0.9696,2,413,9082,0.826034621,3.186310578,2.655631826,295
2026-09-18T21:08:16.092,16,0.0025,0.7,6,manhattan,0.9836,0.9817,0.986,1,1256,9097,0.947314369,5.236595686,2.782460122,295
2026-09-18T21:08:25.246,16,0.0025,0.7,7,manhattan,0.9886,0.987,0.9903,2,1447,9085,0.771249864,5.402079015,2.97707673,295
2026-09-18T21:08:33.206,16,0.0025,0.7,8,manhattan,0.9798,0.9758,0.9848,14,779,8008,0.545445382,5.045075355,2.366386448,295
2026-09-18T21:08:35.125,16,0.0025,0.7,9,manhattan,0.4766,0.5028,0.497,15,302,779,0.526165323,0.757197501,0.633193311,295
2026-09-18T21:08:37.463,16,0.0025,0.7,10,manhattan,0.2864,0.3803,0.292,3,141,78,1.466166533,0.266638495,0.602301076,208
2026-09-18T21:08:44.06,16,0.0025,0.75,5,manhattan,0.9488,0.9454,0.9538,1,413,8991,0.924495936,3.171189293,2.49844705,295
2026-09-18T21:08:52.745,16,0.0025,0.75,6,manhattan,0.9663,0.958,0.9765,1,1256,8992,0.927928431,5.107284949,2.640943628,295
2026-09-18T21:09:01.546,16,0.0025,0.75,7,manhattan,0.9884,0.9844,0.993,1,1447,8965,0.841840911,5.561253083,2.393824328,295
2026-09-18T21:09:08.728,16,0.0025,0.75,8,manhattan,0.9547,0.945,0.9689,33,779,7426,0.502066768,4.390604731,2.28710036,295
2026-09-18T21:09:10.466,16,0.0025,0.75,9,manhattan,0.4107,0.4539,0.4742,10,302,406,0.551262819,0.593483953,0.590642596,295
2026-09-18T21:09:18.851,16,0.0025,0.8,5,manhattan,0.9474,0.9432,0.9524,1,413,8973,0.778417125,3.318878996,2.560089321,295
2026-09-18T21:09:28.047,16,0.0025,0.8,6,manhattan,0.9838,0.9802,0.9881,1,1256,8972,0.909594861,5.595466484,2.687676304,295
2026-09-18T21:09:37.129,16,0.0025,0.8,7,manhattan,0.9863,0.9826,0.9906,1,1447,8893,0.772713949,5.524803082,2.779702296,295
2026-09-18T21:09:43.486,16,0.0025,0.8,8,manhattan,0.9826,0.9793,0.9861,40,779,6427,0.460829629,3.980979092,1.902304794,295
2026-09-18T21:09:45.121,16,0.0025,0.8,9,manhattan,0.3481,0.5025,0.3709,3,302,180,0.607388462,0.482860881,0.542018756,293
2026-09-18T21:09:53.939,16,0.003,0.5,5,manhattan,0.9597,0.9543,0.9678,1,413,9664,1.08160773,3.669424354,2.519848052,295
2026-09-18T21:10:02.877,16,0.003,0.5,6,manhattan,0.9851,0.9806,0.9906,1,1256,9660,0.940954405,5.136956286,2.857738573,295
2026-09-18T21:10:12.072,16,0.003,0.5,7,manhattan,0.9687,0.9589,0.9812,1,1447,9650,0.749116715,6.018347038,2.4023785,295
2026-09-18T21:10:19.818,16,0.003,0.5,8,manhattan,0.9916,0.988,0.9954,1,779,8979,0.587509931,4.691638145,2.464361527,295
2026-09-18T21:10:24.834,16,0.003,0.5,9,manhattan,0.8939,0.8823,0.9199,43,302,5501,0.667930103,2.848116946,1.497129377,295
2026-09-18T21:10:28.347,16,0.003,0.5,10,manhattan,0.4116,0.6314,0.4631,30,141,1740,1.406277209,1.177910737,0.923095477,295
2026-09-18T21:10:35.955,16,0.003,0.55,5,manhattan,0.9623,0.9628,0.9633,1,413,9658,0.915353143,4.023894798,2.665212665,295
2026-09-18T21:10:45.137,16,0.003,0.55,6,manhattan,0.9812,0.978,0.9846,1,1256,9657,1.00771549,5.535897802,2.634603638,295
2026-09-18T21:10:54.241,16,0.003,0.55,7,manhattan,0.9883,0.9863,0.9905,1,1447,9636,0.779361031,5.66766067,2.654312942,295
2026-09-18T21:11:01.862,16,0.003,0.55,8,manhattan,0.9807,0.9742,0.9883,3,779,8948,0.569633265,4.39065327,2.657603099,295
2026-09-18T21:11:06.635,16,0.003,0.55,9,manhattan,0.8344,0.8216,0.8765,44,302,4665,0.628590555,2.518176189,1.622478992,295
2026-09-18T21:11:09.729,16,0.003,0.55,10,manhattan,0.2484,0.353,0.3118,16,141,878,1.405257385,0.829157997,0.852128335,295
2026-09-18T21:11:16.75,16,0.003,0.6,5,manhattan,0.9522,0.9527,0.9544,3,413,9521,0.676131925,3.573724846,2.769131665,295
2026-09-18T21:11:25.284,16,0.003,0.6,6,manhattan,0.9551,0.9479,0.9648,1,1256,9599,1.003741097,4.996125495,2.529935729,295
2026-09-18T21:11:34.6,16,0.003,0.6,7,manhattan,0.9904,0.9927,0.9885,2,1447,9586,0.747730713,5.998325683,2.566484347,295
2026-09-18T21:11:42.186,16,0.003,0.6,8,manhattan,0.9946,0.9944,0.9949,7,779,8779,0.570092541,4.608024476,2.405569063,295
2026-09-18T21:11:45.919,16,0.003,0.6,9,manhattan,0.7764,0.7695,0.799,49,302,3708,0.518996177,2.036594523,1.174562332,295
2026-09-18T21:11:48.749,16,0.003,0.6,10,manhattan,0.3206,0.4845,0.4213,10,141,561,1.519036031,0.60641627,0.701301358,295
2026-09-18T21:11:55.435,16,0.003,0.65,5,manhattan,0.9498,0.938,0.9664,1,413,9213,0.722769896,3.340137103,2.620080823,295
2026-09-18T21:12:04.075,16,0.003,0.65,6,manhattan,0.9706,0.9671,0.9763,1,1256,9213,1.03327834,4.914511314,2.688855925,295
2026-09-18T21:12:13.205,16,0.003,0.65,7,manhattan,0.9833,0.983,0.9844,1,1447,9204,0.735898607,5.655229396,2.734876149,295
2026-09-18T21:12:20.431,16,0.003,0.65,8,manhattan,1.0,1.0,1.0,3,779,8513,0.607919256,4.3170786,2.296380113,295
2026-09-18T21:12:23.537,16,0.003,0.65,9,manhattan,0.7392,0.7341,0.7618,30,302,2468,0.514926939,1.605468567,0.982251257,295
2026-09-18T21:12:26.11,16,0.003,0.65,10,manhattan,0.2524,0.3345,0.3048,4,141,302,1.389913586,0.59882549,0.580026289,287
2026-09-18T21:12:33.163,16,0.003,0.7,5,manhattan,0.9461,0.9428,0.95,1,413,9110,0.830076272,3.383930854,2.836468174,295
2026-09-18T21:12:41.989,16,0.003,0.7,6,manhattan,0.9831,0.9797,0.9876,1,1256,9111,0.985937834,5.151130941,2.686213546,295
2026-09-18T21:12:50.937,16,0.003,0.7,7,manhattan,0.9928,0.9905,0.9954,1,1447,9118,0.66807705,5.462364338,2.813803322,295
2026-09-18T21:12:58.325,16,0.003,0.7,8,manhattan,0.9915,0.988,0.9952,1,779,8402,0.582629975,4.354516019,2.448082622,295
2026-09-18T21:13:00.886,16,0.003,0.7,9,manhattan,0.683,0.7091,0.7057,26,302,1614,0.539333424,1.205038871,0.813310013,295
2026-09-18T21:13:03.632,16,0.003,0.7,10,manhattan,0.207,0.277,0.2923,4,141,230,1.434575116,0.522159711,0.763342494,277
2026-09-18T21:13:10.157,16,0.003,0.75,5,manhattan,0.9471,0.9399,0.9562,1,413,8995,0.616379351,3.452614463,2.450180657,295
2026-09-18T21:13:18.667,16,0.003,0.75,6,manhattan,0.9748,0.9726,0.9787,1,1256,8996,0.899387615,4.955856847,2.63431191,295
2026-09-18T21:13:28.004,16,0.003,0.75,7,manhattan,1.0,1.0,1.0,1,1447,8988,0.812341313,5.828691891,2.691945567,295
2026-09-18T21:13:35.953,16,0.003,0.75,8,manhattan,0.981,0.9776,0.9848,6,779,8230,0.572556196,4.93718776,2.435908782,295
2026-09-18T21:13:37.889,16,0.003,0.75,9,manhattan,0.5495,0.6699,0.5611,17,302,951,0.575714771,0.77819461,0.576712665,295
2026-09-18T21:13:40.153,16,0.003,0.75,10,manhattan,0.2592,0.2745,0.2936,3,141,95,1.390574774,0.410951368,0.458682427,225
2026-09-18T21:13:46.688,16,0.003,0.8,5,manhattan,0.9689,0.9592,0.9808,1,413,8977,0.958247686,3.264631808,2.305775454,295
2026-09-18T21:13:55.309,16,0.003,0.8,6,manhattan,0.9714,0.9709,0.9729,1,1256,8976,0.991635005,5.10476165,2.521939102,295
2026-09-18T21:14:04.069,16,0.003,0.8,7,manhattan,0.987,0.9852,0.9894,1,1447,8945,0.791401614,5.435085347,2.530167602,295
2026-09-18T21:14:11.84,16,0.003,0.8,8,manhattan,0.9878,0.9831,0.9929,14,779,7822,0.542751322,4.925297407,2.277405819,295
2026-09-18T21:14:13.823,16,0.003,0.8,9,manhattan,0.5423,0.5988,0.5626,11,302,503,0.566175698,0.796961545,0.616206075,295
2026-09-18T21:15:45.228,17,0.0015,0.5,5,manhattan,0.969,0.9631,0.976,4,410,9169,2.222523353,10.75522039,4.678660781,295
2026-09-18T21:15:55.685,17,0.0015,0.5,6,manhattan,0.9832,0.9854,0.9812,2,1229,9198,0.984612455,5.090409179,2.692030215,295
2026-09-18T21:16:05.41,17,0.0015,0.5,7,manhattan,0.9845,0.9798,0.9904,2,1420,9066,0.980897033,6.032539782,2.706300972,295
2026-09-18T21:16:12.493,17,0.0015,0.5,8,manhattan,0.9774,0.9796,0.9766,44,771,6892,0.550991835,4.657723037,1.871217144,295
2026-09-18T21:16:14.12,17,0.0015,0.5,9,manhattan,0.4019,0.5348,0.4122,8,293,277,0.680392807,0.574713735,0.36921186,295
2026-09-18T21:16:16.115,17,0.0015,0.5,10,manhattan,0.3216,0.3737,0.3474,1,142,16,1.497645925,0.173500001,0.320833023,98
2026-09-18T21:16:23.714,17,0.0015,0.55,5,manhattan,0.9636,0.9581,0.9707,2,410,9053,1.126742994,4.041545178,2.421331981,295
2026-09-18T21:16:32.102,17,0.0015,0.55,6,manhattan,0.9828,0.9829,0.9828,2,1229,9110,0.889807265,4.871103716,2.612939404,295
2026-09-18T21:16:39.958,17,0.0015,0.55,7,manhattan,0.996,0.9944,0.9977,2,1420,8995,0.828798035,5.016950375,2.007597993,295
2026-09-18T21:16:44.525,17,0.0015,0.55,8,manhattan,0.9869,0.9855,0.9884,50,771,5928,0.409159169,3.32997651,0.821317326,295
2026-09-18T21:16:45.491,17,0.0015,0.55,9,manhattan,0.1914,0.39,0.2818,5,293,142,0.452795218,0.169177518,0.339969349,287
2026-09-18T21:16:51.646,17,0.0015,0.6,5,manhattan,0.9643,0.9623,0.9671,1,410,9023,0.477230618,1.821072088,1.302190661,295
2026-09-18T21:16:56.617,17,0.0015,0.6,6,manhattan,0.9831,0.9831,0.9834,2,1229,9052,0.81409035,2.76178554,1.39164677,295
2026-09-18T21:17:01.724,17,0.0015,0.6,7,manhattan,0.9877,0.9831,0.9927,2,1420,8957,0.677153424,3.077335762,1.349006588,295
2026-09-18T21:17:05.171,17,0.0015,0.6,8,manhattan,0.9365,0.9288,0.9484,70,771,4789,0.363847066,2.134016948,0.946559454,295
2026-09-18T21:17:05.904,17,0.0015,0.6,9,manhattan,0.326,0.4212,0.3722,3,293,89,0.435003339,0.098812757,0.183637615,276
2026-09-18T21:17:11.121,17,0.0015,0.65,5,manhattan,0.9776,0.977,0.9788,1,410,9004,0.383100167,1.916340675,1.517685019,295
2026-09-18T21:17:15.57,17,0.0015,0.65,6,manhattan,0.9892,0.9856,0.993,1,1229,9007,0.563931765,2.570357819,1.312049538,295
2026-09-18T21:17:20.159,17,0.0015,0.65,7,manhattan,0.9928,0.9905,0.9954,2,1420,8886,0.577400393,2.80366878,1.205557094,295
2026-09-18T21:17:22.869,17,0.0015,0.65,8,manhattan,0.9128,0.9036,0.9286,77,771,3507,0.286814898,1.854836339,0.566443819,295
2026-09-18T21:17:23.679,17,0.0015,0.65,9,manhattan,0.3206,0.3858,0.3137,1,293,34,0.375172053,0.203939942,0.227878212,235
2026-09-18T21:17:29.022,17,0.0015,0.7,5,manhattan,0.953,0.9482,0.9607,4,410,8964,0.566837515,2.25141575,1.18826954,295
2026-09-18T21:17:33.855,17,0.0015,0.7,6,manhattan,0.965,0.9588,0.9728,1,1229,8999,0.730852708,2.731873529,1.359836261,295
2026-09-18T21:17:38.885,17,0.0015,0.7,7,manhattan,0.9922,0.9955,0.9892,2,1420,8848,0.541712571,3.030879797,1.45513858,295
2026-09-18T21:17:41.048,17,0.0015,0.7,8,manhattan,0.6802,0.7457,0.6871,62,771,2134,0.270711784,1.555637099,0.33422357,295
2026-09-18T21:17:46.685,17,0.0015,0.75,5,manhattan,0.946,0.9476,0.945,12,410,8768,0.427107283,2.131303471,1.479299923,295
2026-09-18T21:17:51.376,17,0.0015,0.75,6,manhattan,0.9629,0.9631,0.9645,1,1229,8982,0.728138951,2.567553548,1.392633767,295
2026-09-18T21:17:55.775,17,0.0015,0.75,7,manhattan,0.9919,0.9887,0.9954,3,1420,8749,0.501096951,2.625376126,1.269195642,295
2026-09-18T21:17:57.355,17,0.0015,0.75,8,manhattan,0.593,0.6638,0.6122,39,771,1016,0.331877319,0.942266724,0.303993222,295
2026-09-18T21:18:03.478,17,0.0015,0.8,5,manhattan,0.9022,0.8904,0.9248,33,410,8371,0.55192722,2.431711176,1.396871114,295
2026-09-18T21:18:08.652,17,0.0015,0.8,6,manhattan,0.9806,0.9821,0.9801,2,1229,8958,0.620983294,3.116994066,1.433927687,295
2026-09-18T21:18:14.327,17,0.0015,0.8,7,manhattan,0.9958,0.9976,0.9942,7,1420,8693,0.553178987,3.690474194,1.429573916,295
2026-09-18T21:18:15.638,17,0.0015,0.8,8,manhattan,0.445,0.5602,0.4636,16,771,362,0.325530903,0.663890967,0.318524627,295
2026-09-18T21:18:21.101,17,0.002,0.5,5,manhattan,0.9631,0.9612,0.9654,1,410,9206,0.618067976,1.770814448,1.466396451,295
2026-09-18T21:18:25.693,17,0.002,0.5,6,manhattan,0.9852,0.9852,0.9852,1,1229,9206,0.666569174,2.600851958,1.321643507,295
2026-09-18T21:18:30.313,17,0.002,0.5,7,manhattan,0.9918,0.9887,0.9952,2,1420,9194,0.615657121,2.764443912,1.237834702,295
2026-09-18T21:18:34.512,17,0.002,0.5,8,manhattan,0.9786,0.9723,0.986,9,771,8591,0.317892213,2.715779913,1.163794329,295
2026-09-18T21:18:35.873,17,0.002,0.5,9,manhattan,0.5405,0.5958,0.5812,37,293,1363,0.36606872,0.600452026,0.392118783,295
2026-09-18T21:18:37.686,17,0.002,0.5,10,manhattan,0.1702,0.2616,0.2564,7,142,264,1.095595489,0.37244817,0.342071923,285
2026-09-18T21:18:41.396,17,0.002,0.55,5,manhattan,0.9553,0.9547,0.9566,3,410,9166,0.656360252,1.742843189,1.309408627,295
2026-09-18T21:18:46.273,17,0.002,0.55,6,manhattan,0.9884,0.9866,0.9906,2,1229,9171,0.715827944,2.67043261,1.486964106,295
2026-09-18T21:18:51.219,17,0.002,0.55,7,manhattan,0.9887,0.9854,0.9926,2,1420,9130,0.419453577,3.045111303,1.479254177,295
2026-09-18T21:18:55.438,17,0.002,0.55,8,manhattan,0.9976,0.9976,0.9977,17,771,8060,0.411348137,2.712269964,1.092961562,295
2026-09-18T21:18:56.448,17,0.002,0.55,9,manhattan,0.4952,0.588,0.5286,23,293,788,0.391384889,0.381810895,0.233656817,295
2026-09-18T21:18:58.13,17,0.002,0.55,10,manhattan,0.309,0.3365,0.3242,5,142,137,1.300149756,0.165722186,0.213351905,267
2026-09-18T21:19:01.828,17,0.002,0.6,5,manhattan,0.9676,0.9671,0.9688,1,410,9027,0.597008568,1.799141339,1.300678595,295
2026-09-18T21:19:06.221,17,0.002,0.6,6,manhattan,0.9804,0.9823,0.9794,1,1229,9094,0.773447143,2.334522021,1.281987229,295
2026-09-18T21:19:10.913,17,0.002,0.6,7,manhattan,0.9903,0.9911,0.9899,1,1420,9017,0.46418907,2.854739654,1.370908143,295
2026-09-18T21:19:15.459,17,0.002,0.6,8,manhattan,0.9842,0.986,0.9825,27,771,7635,0.404783607,2.921779965,1.217073028,295
2026-09-18T21:19:16.182,17,0.002,0.6,9,manhattan,0.5008,0.5379,0.5186,12,293,431,0.297063491,0.169947938,0.253049809,295
2026-09-18T21:19:17.681,17,0.002,0.6,10,manhattan,0.3254,0.3704,0.3681,1,142,25,1.105869644,0.187358624,0.20295022,166
2026-09-18T21:19:21.592,17,0.002,0.65,5,manhattan,0.9357,0.9343,0.9426,1,410,9022,0.624745369,1.905171853,1.378947094,295
2026-09-18T21:19:26.492,17,0.002,0.65,6,manhattan,0.9825,0.9825,0.9825,1,1229,9022,0.688380914,2.655085039,1.553482842,295
2026-09-18T21:19:31.358,17,0.002,0.65,7,manhattan,0.9936,0.992,0.9954,1,1420,8985,0.644410254,2.955246972,1.263657431,295
2026-09-18T21:19:35.347,17,0.002,0.65,8,manhattan,0.9781,0.9774,0.9794,38,771,6850,0.324478044,2.665332513,0.99640943,295
2026-09-18T21:19:36.189,17,0.002,0.65,9,manhattan,0.4301,0.5596,0.4757,5,293,208,0.506229453,0.173597359,0.160251302,294
2026-09-18T21:19:40.926,17,0.002,0.7,5,manhattan,0.9591,0.958,0.963,1,410,9004,0.723869409,1.825142024,0.994008354,295
2026-09-18T21:19:45.288,17,0.002,0.7,6,manhattan,0.978,0.9773,0.98,1,1229,9003,0.69925305,2.619564346,1.041315195,295
2026-09-18T21:19:48.825,17,0.002,0.7,7,manhattan,0.9938,0.9944,0.9933,2,1420,8971,0.38172918,2.167585364,0.985621034,295
2026-09-18T21:19:51.276,17,0.002,0.7,8,manhattan,1.0,1.0,1.0,39,771,5946,0.198899351,1.610689489,0.639034215,295
2026-09-18T21:19:51.826,17,0.002,0.7,9,manhattan,0.1846,0.332,0.2303,3,293,133,0.245790777,0.138214045,0.164115695,293
2026-09-18T21:19:55.366,17,0.002,0.75,5,manhattan,0.9722,0.9672,0.9781,1,410,8991,0.378195137,1.312098357,0.97502519,295
2026-09-18T21:19:58.649,17,0.002,0.75,6,manhattan,0.9853,0.9835,0.9876,1,1229,8993,0.43950266,1.889830986,0.946883798,295
2026-09-18T21:20:02.072,17,0.002,0.75,7,manhattan,0.9786,0.9755,0.9841,2,1420,8925,0.324986979,2.130327158,0.96542256,295
2026-09-18T21:20:04.281,17,0.002,0.75,8,manhattan,0.9702,0.9664,0.9764,44,771,5009,0.204023752,1.425960323,0.577137091,295
2026-09-18T21:20:04.782,17,0.002,0.75,9,manhattan,0.3248,0.4094,0.334,2,293,71,0.266271269,0.083306786,0.149276918,274
2026-09-18T21:20:08.254,17,0.002,0.8,5,manhattan,0.9666,0.9605,0.9733,1,410,8968,0.291854442,1.369712878,0.927427389,295
2026-09-18T21:20:11.527,17,0.002,0.8,6,manhattan,0.9862,0.9844,0.9887,1,1229,8967,0.433502797,1.85541707,0.982699988,295
2026-09-18T21:20:14.925,17,0.002,0.8,7,manhattan,0.9896,0.9869,0.9929,1,1420,8868,0.330484403,2.083620952,0.98214028,295
2026-09-18T21:20:16.708,17,0.002,0.8,8,manhattan,0.9306,0.9177,0.9504,57,771,3711,0.19141934,1.160927271,0.428724669,295
2026-09-18T21:20:17.12,17,0.002,0.8,9,manhattan,0.2228,0.226,0.2795,1,293,22,0.246861655,0.074973733,0.088699866,193
2026-09-18T21:20:20.638,17,0.0025,0.5,5,manhattan,0.9276,0.9262,0.9375,1,410,9213,0.393911471,1.277006701,1.008545416,295
2026-09-18T21:20:23.85,17,0.0025,0.5,6,manhattan,0.9808,0.9755,0.9882,1,1229,9210,0.428624517,1.823254491,0.953446441,295
2026-09-18T21:20:27.253,17,0.0025,0.5,7,manhattan,0.9836,0.9813,0.9862,1,1420,9207,0.328394958,2.065466037,1.00658462,295
2026-09-18T21:20:30.142,17,0.0025,0.5,8,manhattan,0.983,0.9847,0.982,2,771,8789,0.23767528,1.714789727,0.934901812,295
2026-09-18T21:20:31.646,17,0.0025,0.5,9,manhattan,0.8184,0.8186,0.8195,53,293,3500,0.276992968,0.816709332,0.408682222,295
2026-09-18T21:20:32.828,17,0.0025,0.5,10,manhattan,0.2415,0.4552,0.2937,13,142,659,0.820296455,0.134190624,0.225466519,295
2026-09-18T21:20:35.456,17,0.0025,0.55,5,manhattan,0.9643,0.9652,0.9645,1,410,9197,0.362387521,1.266293593,0.997773432,295
2026-09-18T21:20:38.715,17,0.0025,0.55,6,manhattan,0.9735,0.9722,0.9774,1,1229,9197,0.427764071,1.853071588,0.976446113,295
2026-09-18T21:20:42.163,17,0.0025,0.55,7,manhattan,0.9877,0.9831,0.9927,1,1420,9159,0.337832343,2.120676268,0.987345068,295
2026-09-18T21:20:45.104,17,0.0025,0.55,8,manhattan,0.9906,0.9952,0.9867,2,771,8721,0.242618512,1.714306354,0.981944445,295
2026-09-18T21:20:46.658,17,0.0025,0.55,9,manhattan,0.5823,0.653,0.6263,48,293,2373,0.257043269,0.844868464,0.449507017,295
2026-09-18T21:20:47.823,17,0.0025,0.55,10,manhattan,0.3103,0.47,0.3397,9,142,383,0.779078662,0.179029132,0.204511315,293
2026-09-18T21:20:50.445,17,0.0025,0.6,5,manhattan,0.9731,0.9745,0.9732,1,410,9103,0.347555239,1.28787744,0.984658829,295
2026-09-18T21:20:53.78,17,0.0025,0.6,6,manhattan,0.9846,0.9797,0.9902,1,1229,9105,0.474996812,1.84428261,1.014519647,295
2026-09-18T21:20:58.796,17,0.0025,0.6,7,manhattan,0.9921,0.9892,0.9953,1,1420,9098,0.500571394,2.929900282,1.582543138,295
2026-09-18T21:21:02.147,17,0.0025,0.6,8,manhattan,0.9855,0.9822,0.99,8,771,8631,0.329017524,1.914886578,1.10459895,295
2026-09-18T21:21:03.523,17,0.0025,0.6,9,manhattan,0.5996,0.6477,0.6277,30,293,1340,0.530792873,0.607216233,0.235816661,295
2026-09-18T21:21:05.306,17,0.0025,0.6,10,manhattan,0.1518,0.196,0.2624,4,142,227,1.157201863,0.349434112,0.274187859,289
2026-09-18T21:21:09.088,17,0.0025,0.65,5,manhattan,0.9734,0.9691,0.9789,1,410,9026,0.561790428,1.894585088,1.322546207,295
2026-09-18T21:21:14.009,17,0.0025,0.65,6,manhattan,0.9732,0.9688,0.978,1,1229,9029,0.809561417,2.668270041,1.440514846,295
2026-09-18T21:21:18.133,17,0.0025,0.65,7,manhattan,0.9918,0.9913,0.9925,1,1420,8993,0.519103103,2.57076255,1.031300362,295
2026-09-18T21:21:22.169,17,0.0025,0.65,8,manhattan,0.9939,0.9953,0.9926,14,771,8199,0.213598585,2.47738394,1.343420954,295
2026-09-18T21:21:23.261,17,0.0025,0.65,9,manhattan,0.5337,0.5616,0.5492,13,293,629,0.484391874,0.385256729,0.219304415,295
2026-09-18T21:21:24.944,17,0.0025,0.65,10,manhattan,0.2954,0.3509,0.3109,4,142,152,1.19342516,0.180794722,0.306115421,281
2026-09-18T21:21:28.688,17,0.0025,0.7,5,manhattan,0.976,0.9748,0.9773,1,410,9008,0.401993724,1.990408006,1.349751307,295
2026-09-18T21:21:33.527,17,0.0025,0.7,6,manhattan,0.9775,0.9728,0.9828,1,1229,9007,0.832583158,2.68065557,1.323249231,295
2026-09-18T21:21:38.665,17,0.0025,0.7,7,manhattan,0.9959,0.9944,0.9975,1,1420,8987,0.591153696,3.107145945,1.436822961,295
2026-09-18T21:21:42.319,17,0.0025,0.7,8,manhattan,0.9939,0.9953,0.9926,21,771,7731,0.359481771,2.449207417,0.843429662,295
2026-09-18T21:21:43.246,17,0.0025,0.7,9,manhattan,0.4217,0.5681,0.4823,8,293,371,0.302679715,0.287963021,0.333909703,295
2026-09-18T21:21:48.408,17,0.0025,0.75,5,manhattan,0.964,0.9607,0.969,1,410,8995,0.770107957,1.865572634,1.413919182,295
2026-09-18T21:21:53.493,17,0.0025,0.75,6,manhattan,0.9872,0.986,0.9885,1,1229,8997,0.678324176,2.757605254,1.638877326,295
2026-09-18T21:21:58.506,17,0.0025,0.75,7,manhattan,1.0,1.0,1.0,1,1420,8982,0.429176823,2.972506101,1.608946528,295
2026-09-18T21:22:02.43,17,0.0025,0.75,8,manhattan,0.9776,0.9749,0.9805,29,771,6925,0.306034825,2.685367348,0.929317994,295
2026-09-18T21:22:03.383,17,0.0025,0.75,9,manhattan,0.4872,0.5134,0.5114,4,293,226,0.390404806,0.137114602,0.42190047,295
2026-09-18T21:22:07.839,17,0.0025,0.8,5,manhattan,0.9497,0.9495,0.9501,1,410,8972,0.377885879,1.594832634,1.39624317,295
2026-09-18T21:22:12.83,17,0.0025,0.8,6,manhattan,0.9728,0.9704,0.9756,1,1229,8971,0.807246804,2.781934007,1.399363193,295
2026-09-18T21:22:17.884,17,0.0025,0.8,7,manhattan,0.9919,0.9892,0.995,2,1420,8947,0.606960334,3.110016984,1.33407995,295
2026-09-18T21:22:21.344,17,0.0025,0.8,8,manhattan,0.9743,0.9689,0.9809,30,771,5930,0.403999637,2.009954929,1.043580501,295
2026-09-18T21:22:22.175,17,0.0025,0.8,9,manhattan,0.2941,0.2958,0.3624,2,293,117,0.43261197,0.204208552,0.192042954,294
2026-09-18T21:22:26.693,17,0.003,0.5,5,manhattan,0.9729,0.9699,0.9773,1,410,9217,0.666785403,1.727835955,0.941671396,295
2026-09-18T21:22:30.323,17,0.003,0.5,6,manhattan,0.9653,0.9582,0.9743,1,1229,9216,0.403286418,1.998296588,1.225570698,295
2026-09-18T21:22:34.838,17,0.003,0.5,7,manhattan,0.9938,0.9953,0.9925,1,1420,9211,0.661130278,2.652563276,1.19883116,295
2026-09-18T21:22:39.677,17,0.003,0.5,8,manhattan,1.0,1.0,1.0,2,771,8871,0.449305873,2.145516748,2.241786232,295
2026-09-18T21:22:44.756,17,0.003,0.5,9,manhattan,0.897,0.888,0.9255,43,293,5063,0.588364161,2.909188963,1.577225765,295
2026-09-18T21:22:47.804,17,0.003,0.5,10,manhattan,0.4406,0.4812,0.4641,21,142,1273,1.311845811,1.029550208,0.704878563,295
2026-09-18T21:22:54.802,17,0.003,0.55,5,manhattan,0.9679,0.9643,0.9722,1,410,9202,0.925186878,3.54732446,2.523108176,295
2026-09-18T21:23:03.434,17,0.003,0.55,6,manhattan,0.9699,0.9743,0.9668,1,1229,9201,0.995924032,4.824721923,2.807947682,295
2026-09-18T21:23:12.405,17,0.003,0.55,7,manhattan,0.9954,0.9976,0.9933,1,1420,9200,0.848200038,5.55654808,2.541835791,295
2026-09-18T21:23:20.005,17,0.003,0.55,8,manhattan,0.9924,0.9896,0.9954,1,771,8806,0.592862015,4.481775655,2.505619828,295
2026-09-18T21:23:24.345,17,0.003,0.55,9,manhattan,0.8176,0.8335,0.8349,49,293,4078,0.664865465,2.313920564,1.358057051,295
2026-09-18T21:23:27.093,17,0.003,0.55,10,manhattan,0.4925,0.5246,0.5006,15,142,807,1.400903824,0.836953202,0.507497354,295
2026-09-18T21:23:33.981,17,0.003,0.6,5,manhattan,0.947,0.9456,0.9489,1,410,9116,0.931267058,3.423569743,2.529062573,295
2026-09-18T21:23:42.159,17,0.003,0.6,6,manhattan,0.9866,0.9833,0.9904,1,1229,9113,0.899757495,4.700965041,2.574855464,295
2026-09-18T21:23:51.068,17,0.003,0.6,7,manhattan,0.996,0.9944,0.9976,1,1420,9109,0.779160097,5.544152074,2.583259685,295
2026-09-18T21:23:58.712,17,0.003,0.6,8,manhattan,1.0,1.0,1.0,1,771,8757,0.573724572,4.574687654,2.491586043,295
2026-09-18T21:24:02.522,17,0.003,0.6,9,manhattan,0.6899,0.7378,0.7387,44,293,2955,0.649200604,1.955315861,1.201655895,295
2026-09-18T21:24:05.24,17,0.003,0.6,10,manhattan,0.3313,0.3873,0.3845,6,142,404,1.341299453,0.671010667,0.70283675,293
2026-09-18T21:24:12.506,17,0.003,0.65,5,manhattan,0.9718,0.9697,0.975,1,410,9030,0.885350617,3.50008669,2.877791845,295
2026-09-18T21:24:21.102,17,0.003,0.65,6,manhattan,0.9798,0.9771,0.9829,1,1229,9033,0.970498003,4.893718771,2.728651468,295
2026-09-18T21:24:30.019,17,0.003,0.65,7,manhattan,0.9964,0.9951,0.9977,1,1420,9031,0.76755323,5.48195596,2.661898902,295
2026-09-18T21:24:37.506,17,0.003,0.65,8,manhattan,0.988,0.988,0.9885,2,771,8719,0.544258917,4.342604922,2.59627197,295
2026-09-18T21:24:40.305,17,0.003,0.65,9,manhattan,0.5419,0.6705,0.554,32,293,1770,0.575880366,1.341638114,0.877388492,295
2026-09-18T21:24:43.002,17,0.003,0.65,10,manhattan,0.1417,0.2335,0.2444,4,142,261,1.705006766,0.428372389,0.561518326,291
2026-09-18T21:24:49.669,17,0.003,0.7,5,manhattan,0.9598,0.9566,0.9641,1,410,9012,0.967292633,3.311653628,2.384627268,295
2026-09-18T21:24:57.926,17,0.003,0.7,6,manhattan,0.9693,0.9626,0.9782,1,1229,9015,0.967834602,4.771450837,2.514883238,295
2026-09-18T21:25:06.883,17,0.003,0.7,7,manhattan,0.9789,0.9845,0.975,1,1420,8993,0.815763749,5.646410456,2.472487012,295
2026-09-18T21:25:14.682,17,0.003,0.7,8,manhattan,0.9876,0.9855,0.99,7,771,8474,0.627915469,4.746445671,2.422077467,295
2026-09-18T21:25:16.763,17,0.003,0.7,9,manhattan,0.3409,0.4906,0.407,19,293,927,0.52288697,0.928018876,0.623631539,295
2026-09-18T21:25:19.392,17,0.003,0.7,10,manhattan,0.2747,0.4372,0.31,3,142,195,1.410069037,0.650086961,0.565795412,288
2026-09-18T21:25:26.518,17,0.003,0.75,5,manhattan,0.9522,0.9501,0.956,1,410,8999,0.788572339,3.636237551,2.699200968,295
2026-09-18T21:25:35.0,17,0.003,0.75,6,manhattan,0.98,0.9734,0.9882,1,1229,9001,1.037887521,4.694433616,2.746061174,295
2026-09-18T21:25:44.057,17,0.003,0.75,7,manhattan,0.9952,0.9952,0.9954,1,1420,8986,0.799883499,5.484222522,2.769705063,295
2026-09-18T21:25:51.763,17,0.003,0.75,8,manhattan,0.9954,0.9977,0.9933,13,771,8064,0.565312389,4.807400495,2.330104624,295
2026-09-18T21:25:53.398,17,0.003,0.75,9,manhattan,0.5206,0.5737,0.552,9,293,478,0.514818266,0.576236556,0.542110387,295
2026-09-18T21:25:55.78,17,0.003,0.75,10,manhattan,0.2234,0.2955,0.254,3,142,104,1.489090985,0.290120351,0.598969504,267
2026-09-18T21:26:02.558,17,0.003,0.8,5,manhattan,0.9637,0.9647,0.9638,1,410,8977,0.83345401,3.413302293,2.526964957,295
2026-09-18T21:26:11.088,17,0.003,0.8,6,manhattan,0.9902,0.988,0.9926,1,1229,8978,0.926306644,4.891956883,2.709094277,295
2026-09-18T21:26:19.904,17,0.003,0.8,7,manhattan,0.9941,0.9951,0.9933,1,1420,8955,0.803584742,5.346898815,2.643695448,295
2026-09-18T21:26:27.819,17,0.003,0.8,8,manhattan,0.9923,0.9896,0.9952,22,771,7425,0.493573708,5.288997596,2.129563233,295
2026-09-18T21:26:29.4,17,0.003,0.8,9,manhattan,0.4599,0.493,0.4734,3,293,221,0.544038358,0.488652266,0.545407529,295
2026-09-18T21:26:31.43,17,0.003,0.8,10,manhattan,0.2415,0.3057,0.2824,1,142,35,1.35492746,0.379674308,0.277178465,186
2026-09-18T21:27:51.356,18,0.0015,0.5,5,manhattan,0.9402,0.9401,0.9419,5,406,9593,1.788642785,7.641743814,3.220102556,295
2026-09-18T21:27:57.389,18,0.0015,0.5,6,manhattan,0.9877,0.9889,0.9868,2,1239,9636,0.779768835,2.204931151,1.413594979,295
2026-09-18T21:28:02.717,18,0.0015,0.5,7,manhattan,0.9956,0.9936,0.9977,3,1447,9253,0.535449895,3.238359999,1.55029598,295
2026-09-18T21:28:07.056,18,0.0015,0.5,8,manhattan,0.9976,0.9977,0.9976,47,777,7036,0.577309809,2.564606382,1.195064686,295
2026-09-18T21:28:07.788,18,0.0015,0.5,9,manhattan,0.4438,0.5036,0.4596,13,297,404,0.396182992,0.139222974,0.19370888,295
2026-09-18T21:28:09.312,18,0.0015,0.5,10,manhattan,0.214,0.2902,0.2417,1,128,21,1.242186588,0.192700161,0.086791031,152
2026-09-18T21:28:12.992,18,0.0015,0.55,5,manhattan,0.9624,0.9646,0.9612,2,406,9425,0.487186576,1.972833124,1.216901008,295
2026-09-18T21:28:17.982,18,0.0015,0.55,6,manhattan,0.963,0.9609,0.9675,6,1239,9491,0.80591039,2.931848647,1.250177558,295
2026-09-18T21:28:23.087,18,0.0015,0.55,7,manhattan,0.9849,0.9816,0.9884,3,1447,9175,0.594260798,3.035929049,1.472229742,295
2026-09-18T21:28:26.018,18,0.0015,0.55,8,manhattan,0.9836,0.978,0.9904,52,777,6280,0.209104642,1.739469152,0.973807575,295
2026-09-18T21:28:26.889,18,0.0015,0.55,9,manhattan,0.2692,0.3757,0.3334,6,297,163,0.453130666,0.167863732,0.248324342,294
2026-09-18T21:28:28.313,18,0.0015,0.55,10,manhattan,0.265,0.3041,0.3567,1,128,16,1.257661131,0.098398947,0.049860313,116
2026-09-18T21:28:32.074,18,0.0015,0.6,5,manhattan,0.9488,0.9481,0.9516,4,406,9121,0.578542369,1.796465507,1.384559896,295
2026-09-18T21:28:37.291,18,0.0015,0.6,6,manhattan,0.9769,0.971,0.9834,3,1239,9166,0.693306267,2.957351363,1.562867008,295
2026-09-18T21:28:42.456,18,0.0015,0.6,7,manhattan,0.9828,0.9814,0.9846,4,1447,9081,0.442732614,3.229172856,1.491458258,295
2026-09-18T21:28:45.84,18,0.0015,0.6,8,manhattan,0.9753,0.9763,0.9746,62,777,5305,0.383255983,2.125968429,0.87218964,295
2026-09-18T21:28:46.728,18,0.0015,0.6,9,manhattan,0.2815,0.4222,0.3626,1,297,53,0.283496176,0.209974655,0.392069963,269
2026-09-18T21:28:52.991,18,0.0015,0.65,5,manhattan,0.9524,0.949,0.9573,2,406,9016,0.478877268,1.890310168,1.368296704,295
2026-09-18T21:28:57.32,18,0.0015,0.65,6,manhattan,0.9644,0.9597,0.9726,2,1239,9087,0.658879081,2.473592461,1.193082867,295
2026-09-18T21:29:02.374,18,0.0015,0.65,7,manhattan,0.9779,0.9772,0.9795,7,1447,9004,0.509789128,3.097763874,1.444891595,295
2026-09-18T21:29:05.342,18,0.0015,0.65,8,manhattan,0.923,0.9189,0.9334,74,777,3968,0.343871666,1.819771223,0.801836263,295
2026-09-18T21:29:06.337,18,0.0015,0.65,9,manhattan,0.3218,0.3887,0.3728,1,297,22,0.486631965,0.289457975,0.216883713,208
2026-09-18T21:29:11.22,18,0.0015,0.7,5,manhattan,0.9588,0.9556,0.9628,4,406,8994,0.372668241,2.026297042,1.336670995,295
2026-09-18T21:29:16.24,18,0.0015,0.7,6,manhattan,0.9884,0.9869,0.9902,2,1239,9041,0.645246186,2.833287389,1.539545159,295
2026-09-18T21:29:21.6,18,0.0015,0.7,7,manhattan,0.996,0.9944,0.9977,4,1447,8846,0.464961305,3.408301512,1.483413161,295
2026-09-18T21:29:23.342,18,0.0015,0.7,8,manhattan,0.8358,0.8338,0.8491,73,777,2610,0.203585148,1.109841802,0.418214312,295
2026-09-18T21:29:23.97,18,0.0015,0.7,9,manhattan,0.2759,0.3445,0.3225,1,297,16,0.396411652,0.069349965,0.160760376,166
2026-09-18T21:29:29.07,18,0.0015,0.75,5,manhattan,0.9558,0.9494,0.9632,9,406,8867,0.686108206,1.73407237,1.269339515,295
2026-09-18T21:29:33.131,18,0.0015,0.75,6,manhattan,0.9956,0.9936,0.9977,1,1239,8981,0.669425477,2.151175086,1.236869005,295
2026-09-18T21:29:38.843,18,0.0015,0.75,7,manhattan,0.9955,0.9936,0.9975,1,1447,8713,0.595436299,2.715517378,2.399040501,295
2026-09-18T21:29:41.462,18,0.0015,0.75,8,manhattan,0.7441,0.7471,0.7682,46,777,1291,0.429769357,1.444289911,0.742014336,295
2026-09-18T21:29:42.625,18,0.0015,0.75,9,manhattan,0.3403,0.4761,0.3945,1,297,16,0.631799417,0.220084543,0.30771004,166
2026-09-18T21:29:51.812,18,0.0015,0.8,5,manhattan,0.9282,0.9168,0.9444,28,406,8430,0.771627916,4.104903034,2.509759885,295
2026-09-18T21:30:00.523,18,0.0015,0.8,6,manhattan,0.9909,0.9927,0.9892,1,1239,8966,0.894303862,5.420737835,2.39312368,295
2026-09-18T21:30:09.7,18,0.0015,0.8,7,manhattan,0.9861,0.9829,0.9894,5,1447,8649,0.789926354,5.904403357,2.479610692,295
2026-09-18T21:30:11.813,18,0.0015,0.8,8,manhattan,0.5669,0.6099,0.5716,15,777,408,0.505404347,1.089971513,0.513260664,295
2026-09-18T21:30:21.193,18,0.002,0.5,5,manhattan,0.9223,0.9328,0.9147,2,406,9639,0.832973362,3.615559756,2.506653201,295
2026-09-18T21:30:29.851,18,0.002,0.5,6,manhattan,0.988,0.9891,0.9874,1,1239,9647,0.960237956,4.838387644,2.856373662,295
2026-09-18T21:30:39.207,18,0.002,0.5,7,manhattan,1.0,1.0,1.0,3,1447,9614,0.725379729,5.670999996,2.956979527,295
2026-09-18T21:30:46.719,18,0.002,0.5,8,manhattan,0.9954,0.9977,0.9933,5,777,8532,0.585501643,4.320874409,2.602564329,295
2026-09-18T21:30:49.524,18,0.002,0.5,9,manhattan,0.6964,0.7145,0.7331,43,297,1801,0.633904855,1.40791457,0.760468172,295
2026-09-18T21:30:52.435,18,0.002,0.5,10,manhattan,0.2638,0.4051,0.3603,8,128,278,1.538080236,0.416439364,0.953260593,287
2026-09-18T21:30:59.161,18,0.002,0.55,5,manhattan,0.9573,0.9584,0.9575,3,406,9527,0.678979916,3.565783533,2.478382113,295
2026-09-18T21:31:08.519,18,0.002,0.55,6,manhattan,0.977,0.9775,0.9782,2,1239,9594,1.066936852,5.634557397,2.65298868,295
2026-09-18T21:31:17.521,18,0.002,0.55,7,manhattan,0.9918,0.9887,0.9952,5,1447,9355,0.76577032,5.627896067,2.606024828,295
2026-09-18T21:31:25.195,18,0.002,0.55,8,manhattan,1.0,1.0,1.0,13,777,8278,0.560745811,4.940501593,2.169140033,295
2026-09-18T21:31:27.304,18,0.002,0.55,9,manhattan,0.5102,0.6184,0.5442,26,297,1092,0.569843347,0.923678304,0.613015511,295
2026-09-18T21:31:29.462,18,0.002,0.55,10,manhattan,0.2855,0.3063,0.318,5,128,142,1.32826419,0.16957268,0.656835802,273
2026-09-18T21:31:36.343,18,0.002,0.6,5,manhattan,0.9653,0.9624,0.9686,1,406,9207,0.934968231,3.663406124,2.277222905,295
2026-09-18T21:31:44.763,18,0.002,0.6,6,manhattan,0.9635,0.9588,0.9707,1,1239,9198,1.011020384,4.997749516,2.40327659,295
2026-09-18T21:31:53.525,18,0.002,0.6,7,manhattan,0.9836,0.983,0.9844,2,1447,9196,0.763346894,5.496990782,2.497889786,295
2026-09-18T21:32:01.723,18,0.002,0.6,8,manhattan,0.9936,0.9921,0.9953,24,777,7907,0.514366182,5.120659292,2.561049571,295
2026-09-18T21:32:03.719,18,0.002,0.6,9,manhattan,0.3978,0.5456,0.4382,15,297,620,0.66586692,0.700255622,0.627333621,295
2026-09-18T21:32:05.776,18,0.002,0.6,10,manhattan,0.3654,0.4019,0.4201,1,128,40,1.352405488,0.404936,0.296505528,191
2026-09-18T21:32:12.476,18,0.002,0.65,5,manhattan,0.9475,0.9431,0.9581,1,406,9106,0.813767893,3.414022358,2.469383751,295
2026-09-18T21:32:20.911,18,0.002,0.65,6,manhattan,0.9678,0.9591,0.9803,2,1239,9136,0.994517148,4.886826755,2.549951219,295
2026-09-18T21:32:30.138,18,0.002,0.65,7,manhattan,0.9954,0.9976,0.9933,2,1447,9129,0.808821867,5.720633952,2.694952098,295
2026-09-18T21:32:37.409,18,0.002,0.65,8,manhattan,0.9814,0.9756,0.988,30,777,7335,0.589696386,4.722320925,1.954524348,295
2026-09-18T21:32:39.103,18,0.002,0.65,9,manhattan,0.3925,0.45,0.4333,8,297,347,0.553972805,0.638760297,0.497371892,295
2026-09-18T21:32:40.934,18,0.002,0.65,10,manhattan,0.3147,0.4888,0.3528,1,128,21,1.328104113,0.253589683,0.246254872,153
2026-09-18T21:32:48.237,18,0.002,0.7,5,manhattan,0.9708,0.9645,0.98,2,406,9055,0.943628212,3.628575395,2.507871095,295
2026-09-18T21:32:57.001,18,0.002,0.7,6,manhattan,0.9831,0.9769,0.9903,2,1239,9088,0.973555029,5.247594933,2.539957687,295
2026-09-18T21:33:05.799,18,0.002,0.7,7,manhattan,0.9867,0.9822,0.9925,3,1447,9091,0.826561993,5.274476877,2.692102361,295
2026-09-18T21:33:12.335,18,0.002,0.7,8,manhattan,0.9896,0.987,0.9926,39,777,6409,0.534092458,4.005540904,1.993412861,295
2026-09-18T21:33:13.905,18,0.002,0.7,9,manhattan,0.3193,0.3404,0.3894,3,297,124,0.61476797,0.417823689,0.533962623,289
2026-09-18T21:33:22.598,18,0.002,0.75,5,manhattan,0.9607,0.9503,0.9735,1,406,8991,0.907716199,3.722253833,2.618308668,295
2026-09-18T21:33:30.956,18,0.002,0.75,6,manhattan,0.9875,0.9828,0.9927,1,1239,9029,0.956055087,4.722186411,2.673098943,295
2026-09-18T21:33:39.824,18,0.002,0.75,7,manhattan,0.9946,0.9944,0.9949,4,1447,9013,0.787781805,5.607059872,2.468850442,295
2026-09-18T21:33:45.577,18,0.002,0.75,8,manhattan,0.98,0.973,0.988,40,777,5437,0.469284347,3.772450432,1.506244234,295
2026-09-18T21:33:47.004,18,0.002,0.75,9,manhattan,0.3148,0.2736,0.378,2,297,69,0.553862804,0.377822394,0.488131389,269
2026-09-18T21:33:55.387,18,0.002,0.8,5,manhattan,0.9696,0.9742,0.9656,2,406,8971,0.880365411,3.744926298,2.310199555,295
2026-09-18T21:34:04.23,18,0.002,0.8,6,manhattan,0.9807,0.9788,0.9829,1,1239,8975,0.993907223,5.181426381,2.665187733,295
2026-09-18T21:34:13.425,18,0.002,0.8,7,manhattan,0.9746,0.9732,0.9763,1,1447,8865,0.750015364,5.616101816,2.824565179,295
2026-09-18T21:34:19.272,18,0.002,0.8,8,manhattan,0.9785,0.9802,0.9769,53,777,4332,0.539542599,3.868380347,1.436442744,295
2026-09-18T21:34:20.584,18,0.002,0.8,9,manhattan,0.297,0.4039,0.3582,1,297,24,0.558322385,0.390305281,0.360491188,220
2026-09-18T21:34:29.06,18,0.0025,0.5,5,manhattan,0.9401,0.9415,0.94,2,406,9651,0.92233288,3.412184203,2.519247416,295
2026-09-18T21:34:37.605,18,0.0025,0.5,6,manhattan,0.9734,0.9707,0.9767,1,1239,9651,0.945607796,4.83674686,2.751391398,295
2026-09-18T21:34:46.542,18,0.0025,0.5,7,manhattan,0.9876,0.993,0.9825,1,1447,9638,0.815427114,5.654247565,2.462996059,295
2026-09-18T21:34:53.994,18,0.0025,0.5,8,manhattan,0.9874,0.9856,0.9894,5,777,8898,0.521953889,4.491360544,2.435415423,295
2026-09-18T21:34:57.852,18,0.0025,0.5,9,manhattan,0.8436,0.842,0.8704,54,297,4136,0.582030876,2.104338207,1.168198596,295
2026-09-18T21:35:00.471,18,0.0025,0.5,10,manhattan,0.3248,0.5066,0.396,17,128,737,1.339049793,0.707211544,0.569317372,295
2026-09-18T21:35:07.122,18,0.0025,0.55,5,manhattan,0.9599,0.9574,0.9647,3,406,9547,0.865129586,3.2770202,2.5045669,295
2026-09-18T21:35:15.595,18,0.0025,0.55,6,manhattan,0.9877,0.9856,0.9902,1,1239,9600,0.935725382,5.01249226,2.522176213,295
2026-09-18T21:35:24.322,18,0.0025,0.55,7,manhattan,0.9926,0.9926,0.9926,4,1447,9541,0.766822689,5.467120606,2.489456369,295
2026-09-18T21:35:31.078,18,0.0025,0.55,8,manhattan,0.9955,0.9936,0.9976,6,777,8691,0.612387917,3.816324362,2.323876311,295
2026-09-18T21:35:34.436,18,0.0025,0.55,9,manhattan,0.6117,0.686,0.6501,50,297,2800,0.550022506,1.858414103,0.946651226,295
2026-09-18T21:35:36.896,18,0.0025,0.55,10,manhattan,0.3046,0.3766,0.3652,9,128,411,1.218047315,0.61391849,0.623906784,295
2026-09-18T21:35:43.482,18,0.0025,0.6,5,manhattan,0.9733,0.9696,0.9786,1,406,9211,0.844572407,3.32434129,2.413454503,295
2026-09-18T21:35:52.074,18,0.0025,0.6,6,manhattan,0.9792,0.9808,0.9777,1,1239,9210,0.953386797,5.095212029,2.540913605,295
2026-09-18T21:36:00.575,18,0.0025,0.6,7,manhattan,0.9959,0.9977,0.9942,1,1447,9208,0.738742757,5.290079997,2.468105653,295
2026-09-18T21:36:07.048,18,0.0025,0.6,8,manhattan,1.0,1.0,1.0,3,777,8515,0.467014083,3.927352862,2.07489113,295
2026-09-18T21:36:09.599,18,0.0025,0.6,9,manhattan,0.7593,0.7708,0.7791,35,297,1717,0.559366793,1.241717952,0.747003944,295
2026-09-18T21:36:11.846,18,0.0025,0.6,10,manhattan,0.3234,0.3771,0.3586,5,128,248,1.483063395,0.328093174,0.42208953,290
2026-09-18T21:36:18.389,18,0.0025,0.65,5,manhattan,0.9495,0.9427,0.9585,1,406,9153,0.735513013,3.234321631,2.570042764,295
2026-09-18T21:36:26.527,18,0.0025,0.65,6,manhattan,0.9847,0.9866,0.9835,1,1239,9151,0.902628185,4.695563859,2.536455561,295
2026-09-18T21:36:36.076,18,0.0025,0.65,7,manhattan,0.9882,0.9869,0.99,1,1447,9150,0.83830589,5.877085814,2.830921162,295
2026-09-18T21:36:44.055,18,0.0025,0.65,8,manhattan,0.9964,0.9951,0.9977,8,777,8333,0.626761409,4.874942826,2.474639733,295
2026-09-18T21:36:46.073,18,0.0025,0.65,9,manhattan,0.6452,0.6583,0.6607,23,297,1076,0.576335243,0.867253112,0.567295185,295
2026-09-18T21:36:48.091,18,0.0025,0.65,10,manhattan,0.2724,0.2923,0.3118,2,128,92,1.42207428,0.254294592,0.339536961,247
2026-09-18T21:36:55.342,18,0.0025,0.7,5,manhattan,0.9586,0.9507,0.968,1,406,9107,0.791348115,3.711854034,2.743880099,295
2026-09-18T21:37:04.685,18,0.0025,0.7,6,manhattan,0.9638,0.9628,0.9662,1,1239,9106,1.113799713,5.347157857,2.861179308,295
2026-09-18T21:37:13.494,18,0.0025,0.7,7,manhattan,0.977,0.9746,0.9798,1,1447,9101,0.835929817,5.36532681,2.604895913,295
2026-09-18T21:37:21.252,18,0.0025,0.7,8,manhattan,1.0,1.0,1.0,17,777,8008,0.571679897,4.827006225,2.355624382,295
2026-09-18T21:37:23.065,18,0.0025,0.7,9,manhattan,0.4563,0.5447,0.4857,12,297,617,0.577187587,0.688368971,0.544111552,295
2026-09-18T21:37:25.064,18,0.0025,0.7,10,manhattan,0.2543,0.2839,0.2658,1,128,47,1.371182968,0.281581266,0.341234107,207
2026-09-18T21:37:32.441,18,0.0025,0.75,5,manhattan,0.9675,0.9622,0.9747,2,406,9028,0.852119814,3.784855376,2.737084045,295
2026-09-18T21:37:40.9,18,0.0025,0.75,6,manhattan,0.9751,0.9691,0.9823,1,1239,9037,0.985199541,4.955139157,2.514224075,295
2026-09-18T21:37:50.758,18,0.0025,0.75,7,manhattan,0.9924,0.9953,0.9899,2,1447,9041,0.855287051,6.257072173,2.739491267,295
2026-09-18T21:37:58.698,18,0.0025,0.75,8,manhattan,0.9919,0.9887,0.9954,22,777,7402,0.590732343,5.136957892,2.209168636,295
2026-09-18T21:38:00.94,18,0.0025,0.75,9,manhattan,0.3387,0.4106,0.394,6,297,293,0.772545701,0.54950142,0.916473538,295
2026-09-18T21:38:02.641,18,0.0025,0.75,10,manhattan,0.1687,0.1702,0.2009,1,128,24,1.275799562,0.216219801,0.205214477,114
2026-09-18T21:38:09.449,18,0.0025,0.8,5,manhattan,0.9545,0.9469,0.9658,1,406,8979,0.79356467,3.66226736,2.346685035,295
2026-09-18T21:38:18.166,18,0.0025,0.8,6,manhattan,0.9869,0.9821,0.9925,1,1239,8979,0.886094358,5.179832183,2.625486545,295
2026-09-18T21:38:27.054,18,0.0025,0.8,7,manhattan,0.9891,0.9861,0.9927,2,1447,8916,0.692439047,5.412028895,2.780152703,295
2026-09-18T21:38:33.674,18,0.0025,0.8,8,manhattan,0.987,0.9821,0.9926,26,777,6552,0.499392822,4.311606879,1.806298263,295
2026-09-18T21:38:35.425,18,0.0025,0.8,9,manhattan,0.317,0.4366,0.3496,2,297,110,0.54613751,0.64749403,0.555288756,284
2026-09-18T21:38:44.041,18,0.003,0.5,5,manhattan,0.9461,0.9379,0.9577,1,406,9659,1.008714642,3.660336526,2.452884286,295
2026-09-18T21:38:52.969,18,0.003,0.5,6,manhattan,0.9689,0.9617,0.9784,1,1239,9655,1.128176418,5.161805077,2.634469891,295
2026-09-18T21:39:01.986,18,0.003,0.5,7,manhattan,0.9928,0.9905,0.9954,1,1447,9643,0.726260358,5.648589715,2.639043942,295
2026-09-18T21:39:09.84,18,0.003,0.5,8,manhattan,0.9914,0.988,0.995,3,777,9031,0.647505275,4.534588302,2.669195439,295
2026-09-18T21:39:14.508,18,0.003,0.5,9,manhattan,0.9569,0.9481,0.9689,39,297,5300,0.567442132,2.566834252,1.530502936,295
2026-09-18T21:39:17.784,18,0.003,0.5,10,manhattan,0.5643,0.629,0.6032,22,128,1253,1.370533444,1.052761568,0.849746745,295
2026-09-18T21:39:24.865,18,0.003,0.55,5,manhattan,0.9532,0.9578,0.9495,2,406,9567,0.957604658,3.373261957,2.745933015,295
2026-09-18T21:39:33.442,18,0.003,0.55,6,manhattan,0.9851,0.9822,0.9893,1,1239,9604,1.045775196,4.89337571,2.634946559,295
2026-09-18T21:39:42.74,18,0.003,0.55,7,manhattan,0.974,0.97,0.9794,2,1447,9597,0.807387255,5.51066202,2.977569321,295
2026-09-18T21:39:50.493,18,0.003,0.55,8,manhattan,0.9959,0.9976,0.9942,4,777,8919,0.610343101,4.547702485,2.590871347,295
2026-09-18T21:39:54.653,18,0.003,0.55,9,manhattan,0.921,0.921,0.9224,41,297,4536,0.620093724,2.157899483,1.376704697,295
2026-09-18T21:39:57.561,18,0.003,0.55,10,manhattan,0.3261,0.4504,0.4412,15,128,848,1.580826996,0.675756109,0.648091523,295
2026-09-18T21:40:04.516,18,0.003,0.6,5,manhattan,0.9366,0.9394,0.9347,1,406,9215,0.856149871,3.405821026,2.689744866,295
2026-09-18T21:40:13.366,18,0.003,0.6,6,manhattan,0.976,0.9778,0.9743,1,1239,9214,0.995378431,5.223151222,2.62800258,295
2026-09-18T21:40:22.268,18,0.003,0.6,7,manhattan,0.9898,0.9876,0.9925,1,1447,9212,0.726441177,5.51229121,2.66037182,295
2026-09-18T21:40:30.475,18,0.003,0.6,8,manhattan,1.0,1.0,1.0,4,777,8752,0.513342658,4.885639242,2.78490017,295
2026-09-18T21:40:34.373,18,0.003,0.6,9,manhattan,0.7716,0.7773,0.8057,44,297,3341,0.625974088,1.940513262,1.328286609,295
2026-09-18T21:40:36.79,18,0.003,0.6,10,manhattan,0.3244,0.4557,0.431,6,128,409,1.422275563,0.399654806,0.592964473,295
2026-09-18T21:40:43.812,18,0.003,0.65,5,manhattan,0.9431,0.9377,0.9507,1,406,9157,0.85643217,3.611266119,2.551563996,295
2026-09-18T21:40:52.74,18,0.003,0.65,6,manhattan,0.9829,0.9784,0.9879,1,1239,9157,0.990708978,5.167150875,2.767326475,295
2026-09-18T21:41:02.002,18,0.003,0.65,7,manhattan,0.9976,0.9977,0.9975,1,1447,9154,0.767269535,5.749447987,2.741773263,295
2026-09-18T21:41:09.3,18,0.003,0.65,8,manhattan,0.9919,0.9887,0.9954,3,777,8566,0.551779227,4.364633869,2.376175135,295
2026-09-18T21:41:12.704,18,0.003,0.65,9,manhattan,0.5936,0.6401,0.6545,38,297,2222,0.644956484,1.766364016,0.990234825,295
2026-09-18T21:41:15.175,18,0.003,0.65,10,manhattan,0.2764,0.3313,0.3087,5,128,259,1.384190086,0.377844324,0.706018024,294
2026-09-18T21:41:22.32,18,0.003,0.7,5,manhattan,0.9537,0.9492,0.9597,1,406,9112,0.97086914,3.61541302,2.557012739,295
2026-09-18T21:41:30.735,18,0.003,0.7,6,manhattan,0.9706,0.9688,0.9737,1,1239,9110,1.039635092,5.027718448,2.344841503,295
2026-09-18T21:41:40.449,18,0.003,0.7,7,manhattan,0.9905,0.9885,0.9926,1,1447,9105,0.837223139,6.171046462,2.702065582,295
2026-09-18T21:41:47.894,18,0.003,0.7,8,manhattan,0.9919,0.9887,0.9954,3,777,8466,0.527860234,4.403204673,2.510337962,295
2026-09-18T21:41:50.101,18,0.003,0.7,9,manhattan,0.7195,0.7258,0.7521,22,297,1241,0.545427643,0.989078112,0.669113007,295
2026-09-18T21:41:52.414,18,0.003,0.7,10,manhattan,0.1775,0.1976,0.2383,2,128,94,1.368616298,0.352379323,0.588847114,254
2026-09-18T21:41:59.394,18,0.003,0.75,5,manhattan,0.9657,0.959,0.9741,1,406,9039,1.019133507,3.272299831,2.686340099,295
2026-09-18T21:42:08.042,18,0.003,0.75,6,manhattan,0.978,0.9768,0.9793,1,1239,9043,0.99213451,4.949492901,2.702683188,295
2026-09-18T21:42:17.396,18,0.003,0.75,7,manhattan,0.99,0.9899,0.9902,1,1447,9052,0.853908871,5.741852808,2.753500468,295
2026-09-18T21:42:25.074,18,0.003,0.75,8,manhattan,0.9889,0.9889,0.9893,9,777,8161,0.523397859,4.652213391,2.498871895,295
2026-09-18T21:42:26.902,18,0.003,0.75,9,manhattan,0.5315,0.5648,0.5615,11,297,621,0.584179825,0.710673231,0.528062075,295
2026-09-18T21:42:29.001,18,0.003,0.75,10,manhattan,0.1806,0.2065,0.1871,1,128,60,1.232300263,0.27808773,0.567628678,225
2026-09-18T21:42:35.565,18,0.003,0.8,5,manhattan,0.9497,0.9432,0.959,1,406,8983,0.73660624,3.268226683,2.556089157,295
2026-09-18T21:42:44.309,18,0.003,0.8,6,manhattan,0.9756,0.9737,0.9777,1,1239,8983,0.926408194,5.245689241,2.569276884,295
2026-09-18T21:42:53.675,18,0.003,0.8,7,manhattan,0.9914,0.988,0.995,1,1447,8958,0.71522605,5.978426619,2.669733078,295
2026-09-18T21:43:01.401,18,0.003,0.8,8,manhattan,1.0,1.0,1.0,17,777,7799,0.564308978,4.876744663,2.281348016,295
2026-09-18T21:43:03.257,18,0.003,0.8,9,manhattan,0.3366,0.3336,0.3718,6,297,324,0.529742249,0.60926901,0.713707211,295
2026-09-18T21:44:36.415,19,0.0015,0.5,5,manhattan,0.925,0.9145,0.9407,3,407,9616,2.314056195,10.792546621,5.054361393,295
2026-09-18T21:44:46.843,19,0.0015,0.5,6,manhattan,0.982,0.977,0.988,1,1226,9671,0.973375048,5.153173941,2.564637532,295
2026-09-18T21:44:56.296,19,0.0015,0.5,7,manhattan,0.9867,0.9833,0.9905,5,1485,9352,0.692991981,6.084455736,2.672360092,295
2026-09-18T21:45:03.909,19,0.0015,0.5,8,manhattan,0.9762,0.9755,0.9795,46,797,7463,0.49454136,5.246543053,1.869359363,295
2026-09-18T21:45:06.114,19,0.0015,0.5,9,manhattan,0.3119,0.4039,0.403,23,310,634,0.601948168,1.082566721,0.517359793,295
2026-09-18T21:45:08.035,19,0.0015,0.5,10,manhattan,0.1094,0.1196,0.1012,1,136,16,1.551578757,0.216098207,0.148859965,60
2026-09-18T21:45:14.931,19,0.0015,0.55,5,manhattan,0.9183,0.9171,0.9258,4,407,9573,0.733132609,3.370384772,2.789659929,295
2026-09-18T21:45:23.516,19,0.0015,0.55,6,manhattan,0.9606,0.9551,0.9679,1,1226,9657,0.995371029,4.914085981,2.654540764,295
2026-09-18T21:45:32.578,19,0.0015,0.55,7,manhattan,0.9724,0.9651,0.9826,4,1485,9240,0.791475505,5.672577782,2.593835693,295
2026-09-18T21:45:40.46,19,0.0015,0.55,8,manhattan,0.9906,0.9894,0.9919,57,797,6513,0.564619074,5.553629199,1.758545833,295
2026-09-18T21:45:42.052,19,0.0015,0.55,9,manhattan,0.3598,0.5199,0.3843,14,310,333,0.489059022,0.579162212,0.517862372,295
2026-09-18T21:45:52.036,19,0.0015,0.6,5,manhattan,0.9682,0.9637,0.9729,4,407,9407,0.719725651,3.760252497,2.653189474,295
2026-09-18T21:46:01.18,19,0.0015,0.6,6,manhattan,0.9731,0.9648,0.983,7,1226,9558,0.938396814,5.423356746,2.779116047,295
2026-09-18T21:46:10.263,19,0.0015,0.6,7,manhattan,0.9917,0.9912,0.9925,6,1485,9068,0.781215459,5.688632427,2.609824548,295
2026-09-18T21:46:17.407,19,0.0015,0.6,8,manhattan,0.9545,0.9443,0.9691,70,797,5479,0.487508335,5.125718601,1.527995422,295
2026-09-18T21:46:19.031,19,0.0015,0.6,9,manhattan,0.2871,0.3524,0.2937,6,310,143,0.588535413,0.490058173,0.542610103,293
2026-09-18T21:46:27.164,19,0.0015,0.65,5,manhattan,0.9525,0.9536,0.9518,2,407,9007,0.867700307,3.609107531,2.201833266,295
2026-09-18T21:46:35.945,19,0.0015,0.65,6,manhattan,0.9852,0.9804,0.9906,3,1226,9105,0.95129903,5.258904835,2.568427752,295
2026-09-18T21:46:44.942,19,0.0015,0.65,7,manhattan,0.9839,0.9836,0.9852,2,1485,8951,0.789120384,5.560430492,2.644668966,295
2026-09-18T21:46:51.076,19,0.0015,0.65,8,manhattan,0.9381,0.9287,0.9512,72,797,4268,0.473878862,4.319726287,1.336397776,295
2026-09-18T21:46:52.739,19,0.0015,0.65,9,manhattan,0.3059,0.3646,0.3503,3,310,61,0.675739976,0.43624016,0.547889831,277
2026-09-18T21:47:01.485,19,0.0015,0.7,5,manhattan,0.9686,0.9673,0.972,2,407,8972,0.771099844,3.725507044,2.526544582,295
2026-09-18T21:47:10.01,19,0.0015,0.7,6,manhattan,0.9648,0.9564,0.9756,1,1226,8982,1.036182344,4.967362514,2.518383268,295
2026-09-18T21:47:18.872,19,0.0015,0.7,7,manhattan,0.985,0.9804,0.9904,2,1485,8896,0.833287648,5.762327225,2.255511039,295
2026-09-18T21:47:23.616,19,0.0015,0.7,8,manhattan,0.8101,0.813,0.8244,72,797,2841,0.465007401,3.301446031,0.975336962,295
2026-09-18T21:47:24.97,19,0.0015,0.7,9,manhattan,0.2951,0.3484,0.3305,1,310,21,0.58977405,0.381172754,0.379934676,205
2026-09-18T21:47:33.693,19,0.0015,0.75,5,manhattan,0.925,0.9214,0.9315,10,407,8838,0.942574795,4.053739831,2.231335867,295
2026-09-18T21:47:42.267,19,0.0015,0.75,6,manhattan,0.9725,0.968,0.978,1,1226,8980,0.936761757,5.290205642,2.344277744,295
2026-09-18T21:47:51.843,19,0.0015,0.75,7,manhattan,0.9686,0.9605,0.9786,4,1485,8825,0.752748396,6.329267686,2.490255914,295
2026-09-18T21:47:55.263,19,0.0015,0.75,8,manhattan,0.5636,0.6088,0.5777,52,797,1541,0.483352843,2.23436384,0.699470745,295
2026-09-18T21:48:05.283,19,0.0015,0.8,5,manhattan,0.9394,0.9372,0.9438,27,407,8481,0.814419443,4.412304514,2.642845199,295
2026-09-18T21:48:14.375,19,0.0015,0.8,6,manhattan,0.9857,0.9817,0.9902,3,1226,8919,0.983197049,5.427057152,2.679266146,295
2026-09-18T21:48:24.73,19,0.0015,0.8,7,manhattan,0.985,0.9804,0.9902,7,1485,8730,0.767526761,6.775146932,2.808631988,295
2026-09-18T21:48:27.156,19,0.0015,0.8,8,manhattan,0.4524,0.5108,0.4813,28,797,640,0.539409762,1.278828723,0.603435231,295
2026-09-18T21:48:36.328,19,0.002,0.5,5,manhattan,0.943,0.9408,0.9483,1,407,9678,0.917750099,3.576104691,2.467267697,295
2026-09-18T21:48:44.884,19,0.002,0.5,6,manhattan,0.9788,0.9722,0.9882,1,1226,9675,0.965877019,5.25160739,2.334106116,295
2026-09-18T21:48:54.569,19,0.002,0.5,7,manhattan,0.9936,0.9921,0.9952,1,1485,9632,0.82322162,6.209114618,2.650673718,295
2026-09-18T21:49:02.926,19,0.002,0.5,8,manhattan,0.9924,0.9896,0.9954,7,797,8629,0.64110997,5.198198716,2.513461757,295
2026-09-18T21:49:06.292,19,0.002,0.5,9,manhattan,0.6839,0.7032,0.7043,50,310,2381,0.563281751,1.895401883,0.904480448,295
2026-09-18T21:49:08.918,19,0.002,0.5,10,manhattan,0.2513,0.3596,0.2876,12,136,346,1.45064366,0.563232792,0.606978004,288
2026-09-18T21:49:16.032,19,0.002,0.55,5,manhattan,0.9359,0.9277,0.9472,2,407,9632,0.919751473,3.673425497,2.517310574,295
2026-09-18T21:49:25.001,19,0.002,0.55,6,manhattan,0.9563,0.9533,0.9598,1,1226,9661,1.005630656,5.372671677,2.587609126,295
2026-09-18T21:49:34.539,19,0.002,0.55,7,manhattan,0.9867,0.9866,0.9871,6,1485,9589,0.831835855,6.107790645,2.579648257,295
2026-09-18T21:49:42.763,19,0.002,0.55,8,manhattan,1.0,1.0,1.0,10,797,8363,0.534549012,5.154301111,2.513252791,295
2026-09-18T21:49:45.623,19,0.002,0.55,9,manhattan,0.4592,0.4915,0.4898,37,310,1577,0.647697059,1.316331234,0.891944272,295
2026-09-18T21:49:47.691,19,0.002,0.55,10,manhattan,0.2458,0.264,0.3077,5,136,133,1.283028494,0.326111285,0.431310407,260
2026-09-18T21:49:54.275,19,0.002,0.6,5,manhattan,0.9208,0.9128,0.9337,2,407,9542,0.747155988,3.260150157,2.573601113,295
2026-09-18T21:50:03.483,19,0.002,0.6,6,manhattan,0.9755,0.9727,0.9788,1,1226,9640,1.062273683,5.471800816,2.67045461,295
2026-09-18T21:50:12.983,19,0.002,0.6,7,manhattan,0.9959,0.9944,0.9975,3,1485,9323,0.774001334,6.138256568,2.581837226,295
2026-09-18T21:50:21.103,19,0.002,0.6,8,manhattan,0.9776,0.9716,0.9845,22,797,8045,0.511421391,5.243166711,2.360267925,295
2026-09-18T21:50:23.234,19,0.002,0.6,9,manhattan,0.412,0.5383,0.4612,32,310,1036,0.628114657,0.972063567,0.528300932,295
2026-09-18T21:50:25.38,19,0.002,0.6,10,manhattan,0.1721,0.1807,0.1918,4,136,81,1.282335737,0.410322796,0.450366554,171
2026-09-18T21:50:31.908,19,0.002,0.65,5,manhattan,0.9405,0.9295,0.9562,3,407,9142,0.97050778,3.231795539,2.322645427,295
2026-09-18T21:50:40.779,19,0.002,0.65,6,manhattan,0.9754,0.9704,0.9814,2,1226,9195,1.048632407,5.14599823,2.672934886,295
2026-09-18T21:50:50.736,19,0.002,0.65,7,manhattan,0.9832,0.9769,0.9904,3,1485,9124,0.760040394,6.306440522,2.886729446,295
2026-09-18T21:50:58.744,19,0.002,0.65,8,manhattan,0.9843,0.9796,0.9901,36,797,7611,0.633031279,5.138844029,2.23286267,295
2026-09-18T21:51:00.605,19,0.002,0.65,9,manhattan,0.3773,0.4782,0.3792,14,310,475,0.545542811,0.727319014,0.584453813,295
2026-09-18T21:51:09.38,19,0.002,0.7,5,manhattan,0.9461,0.9384,0.9559,1,407,8993,1.091983503,3.496040011,2.583644022,295
2026-09-18T21:51:18.302,19,0.002,0.7,6,manhattan,0.9868,0.9855,0.9884,1,1226,9029,0.952827717,5.154170647,2.799275898,295
2026-09-18T21:51:27.651,19,0.002,0.7,7,manhattan,0.9912,0.9896,0.9929,1,1485,8968,0.855949706,5.925783547,2.564599118,295
2026-09-18T21:51:35.688,19,0.002,0.7,8,manhattan,0.987,0.9852,0.9894,38,797,6506,0.528701752,5.461688484,2.024548842,295
2026-09-18T21:51:37.349,19,0.002,0.7,9,manhattan,0.3625,0.417,0.3964,6,310,194,0.583178579,0.525673081,0.546137511,295
2026-09-18T21:51:46.181,19,0.002,0.75,5,manhattan,0.9509,0.9465,0.9616,1,407,8975,1.093124781,3.50539652,2.637000035,295
2026-09-18T21:51:54.907,19,0.002,0.75,6,manhattan,0.9857,0.9837,0.988,1,1226,8985,0.991241449,5.187009152,2.542282496,295
2026-09-18T21:52:04.476,19,0.002,0.75,7,manhattan,0.9893,0.9904,0.9884,2,1485,8933,0.781569904,6.190542261,2.59301848,295
2026-09-18T21:52:11.213,19,0.002,0.75,8,manhattan,0.9627,0.9608,0.9674,46,797,5517,0.497524704,4.728816173,1.505218404,295
2026-09-18T21:52:12.542,19,0.002,0.75,9,manhattan,0.2601,0.3452,0.3158,3,310,104,0.554094887,0.316401728,0.45649255,293
2026-09-18T21:52:21.669,19,0.002,0.8,5,manhattan,0.954,0.9468,0.9646,1,407,8938,1.035547347,3.938551647,2.63513569,295
2026-09-18T21:52:30.281,19,0.002,0.8,6,manhattan,0.9813,0.977,0.9875,1,1226,8942,0.957453311,5.065882426,2.58539278,295
2026-09-18T21:52:39.705,19,0.002,0.8,7,manhattan,0.9794,0.972,0.988,1,1485,8910,0.762817357,5.98669465,2.671782015,295
2026-09-18T21:52:45.786,19,0.002,0.8,8,manhattan,0.9351,0.9207,0.9593,54,797,4357,0.495721889,4.169214364,1.409465398,295
2026-09-18T21:52:47.212,19,0.002,0.8,9,manhattan,0.3183,0.3334,0.3657,1,310,59,0.557342231,0.441407234,0.424098377,283
2026-09-18T21:52:56.08,19,0.0025,0.5,5,manhattan,0.9529,0.948,0.9592,1,407,9682,0.737752547,3.651214405,2.731932405,295
2026-09-18T21:53:04.852,19,0.0025,0.5,6,manhattan,0.9652,0.9597,0.9714,1,1226,9679,1.019612968,4.960646148,2.78907836,295
2026-09-18T21:53:14.144,19,0.0025,0.5,7,manhattan,0.9798,0.9734,0.9878,1,1485,9657,0.806291794,5.991649057,2.491181242,295
2026-09-18T21:53:22.066,19,0.0025,0.5,8,manhattan,0.9854,0.9841,0.9869,3,797,8864,0.660553668,4.791840187,2.466067962,295
2026-09-18T21:53:26.504,19,0.0025,0.5,9,manhattan,0.847,0.8436,0.878,58,310,4248,0.668601209,2.44008802,1.324950427,295
2026-09-18T21:53:29.689,19,0.0025,0.5,10,manhattan,0.3786,0.5802,0.4127,23,136,974,1.563265314,0.736477662,0.88269923,295
2026-09-18T21:53:36.505,19,0.0025,0.55,5,manhattan,0.9424,0.9401,0.9491,2,407,9661,0.646118923,3.593558258,2.572905911,295
2026-09-18T21:53:45.127,19,0.0025,0.55,6,manhattan,0.9894,0.9862,0.993,1,1226,9665,1.101864451,5.120167399,2.397312835,295
2026-09-18T21:53:53.554,19,0.0025,0.55,7,manhattan,0.9849,0.9816,0.9884,1,1485,9639,0.739684778,5.248762961,2.432208796,295
2026-09-18T21:54:00.572,19,0.0025,0.55,8,manhattan,0.9818,0.9774,0.9877,3,797,8785,0.590455002,3.964242725,2.460297947,295
2026-09-18T21:54:04.179,19,0.0025,0.55,9,manhattan,0.7252,0.7391,0.7615,55,310,3281,0.62815677,2.000408801,0.976504501,295
2026-09-18T21:54:06.932,19,0.0025,0.55,10,manhattan,0.308,0.3773,0.3588,17,136,631,1.499930435,0.667528934,0.582572636,294
2026-09-18T21:54:13.336,19,0.0025,0.6,5,manhattan,0.9122,0.9064,0.922,3,407,9581,0.837058803,3.130125222,2.433139642,295
2026-09-18T21:54:21.469,19,0.0025,0.6,6,manhattan,0.9736,0.972,0.976,1,1226,9644,0.824368765,4.743314124,2.563234279,295
2026-09-18T21:54:30.414,19,0.0025,0.6,7,manhattan,0.9836,0.978,0.9904,4,1485,9562,0.730156179,5.611584476,2.582176794,295
2026-09-18T21:54:37.873,19,0.0025,0.6,8,manhattan,0.9866,0.9835,0.9902,6,797,8657,0.475622172,4.725544314,2.254765762,295
2026-09-18T21:54:40.775,19,0.0025,0.6,9,manhattan,0.6652,0.7595,0.7011,41,310,2307,0.550739847,1.47042511,0.876813558,295
2026-09-18T21:54:43.119,19,0.0025,0.6,10,manhattan,0.2361,0.2371,0.2816,10,136,345,1.336169465,0.447286411,0.544781471,288
2026-09-18T21:54:49.443,19,0.0025,0.65,5,manhattan,0.9488,0.9452,0.9534,1,407,9210,0.803637053,3.010539965,2.507157595,295
2026-09-18T21:54:57.79,19,0.0025,0.65,6,manhattan,0.9773,0.9747,0.9819,1,1226,9210,0.931295064,4.896847175,2.507428021,295
2026-09-18T21:55:06.867,19,0.0025,0.65,7,manhattan,1.0,1.0,1.0,1,1485,9210,0.830994127,5.42234251,2.819713438,295
2026-09-18T21:55:14.974,19,0.0025,0.65,8,manhattan,0.991,0.9876,0.995,7,797,8391,0.546244996,5.246255725,2.311163995,295
2026-09-18T21:55:17.65,19,0.0025,0.65,9,manhattan,0.4196,0.5466,0.4718,34,310,1602,0.638370443,1.157035851,0.857246799,295
2026-09-18T21:55:19.957,19,0.0025,0.65,10,manhattan,0.107,0.2624,0.1784,3,136,111,1.40554653,0.514533802,0.383497145,268
2026-09-18T21:55:26.906,19,0.0025,0.7,5,manhattan,0.9191,0.9216,0.9231,2,407,9021,0.972622498,3.532147158,2.441297433,295
2026-09-18T21:55:35.881,19,0.0025,0.7,6,manhattan,0.9868,0.9886,0.9851,1,1226,9033,1.032564519,5.699902287,2.240748927,295
2026-09-18T21:55:44.802,19,0.0025,0.7,7,manhattan,1.0,1.0,1.0,2,1485,9030,0.832074399,5.639620458,2.445931688,295
2026-09-18T21:55:52.343,19,0.0025,0.7,8,manhattan,0.9914,0.9955,0.9876,14,797,8093,0.503632033,4.960360925,2.07344484,295
2026-09-18T21:55:54.364,19,0.0025,0.7,9,manhattan,0.3926,0.4935,0.4226,23,310,916,0.594603067,0.851529341,0.573035774,295
2026-09-18T21:55:56.536,19,0.0025,0.7,10,manhattan,0.2062,0.23,0.2531,2,136,58,1.46723777,0.275673513,0.425328965,236
2026-09-18T21:56:03.944,19,0.0025,0.75,5,manhattan,0.9883,0.9844,0.9927,1,407,8989,0.783880504,3.980657101,2.640751457,295
2026-09-18T21:56:12.339,19,0.0025,0.75,6,manhattan,0.9788,0.9754,0.9834,1,1226,8989,1.015905397,4.855991243,2.515657467,295
2026-09-18T21:56:21.542,19,0.0025,0.75,7,manhattan,0.984,0.982,0.9873,1,1485,8970,0.736882712,5.859588356,2.591712411,295
2026-09-18T21:56:29.904,19,0.0025,0.75,8,manhattan,0.9738,0.9732,0.977,30,797,7533,0.50655685,5.517611432,2.334515222,295
2026-09-18T21:56:31.635,19,0.0025,0.75,9,manhattan,0.3868,0.4792,0.4481,10,310,418,0.544579537,0.644130583,0.539063396,295
2026-09-18T21:56:39.831,19,0.0025,0.8,5,manhattan,0.9496,0.9439,0.9574,1,407,8952,1.01393622,3.077270615,2.607420293,295
2026-09-18T21:56:48.31,19,0.0025,0.8,6,manhattan,0.9742,0.9706,0.9788,1,1226,8952,0.933290254,5.07182565,2.470680465,295
2026-09-18T21:56:57.264,19,0.0025,0.8,7,manhattan,0.9905,0.9894,0.9918,1,1485,8915,0.758675593,5.780475898,2.411841139,295
2026-09-18T21:57:05.008,19,0.0025,0.8,8,manhattan,0.9871,0.9821,0.9927,32,797,6538,0.512050013,5.17993869,2.048797333,295
2026-09-18T21:57:06.655,19,0.0025,0.8,9,manhattan,0.4233,0.4465,0.4663,3,310,160,0.576004799,0.487756391,0.580646526,295
2026-09-18T21:57:15.482,19,0.003,0.5,5,manhattan,0.9419,0.9437,0.9408,1,407,9687,0.977629605,3.949298676,2.435947236,295
2026-09-18T21:57:24.552,19,0.003,0.5,6,manhattan,0.9518,0.9499,0.955,1,1226,9684,0.949927446,5.133109215,2.983304224,295
2026-09-18T21:57:34.143,19,0.003,0.5,7,manhattan,0.9936,0.9921,0.9954,1,1485,9668,0.790470736,5.921717351,2.876381631,295
2026-09-18T21:57:42.539,19,0.003,0.5,8,manhattan,0.9919,0.9892,0.995,4,797,9031,0.647181044,5.296020768,2.449097107,295
2026-09-18T21:57:48.19,19,0.003,0.5,9,manhattan,0.9302,0.9211,0.9452,42,310,5834,0.620191547,3.230775583,1.796654424,295
2026-09-18T21:57:51.773,19,0.003,0.5,10,manhattan,0.413,0.5008,0.479,36,136,1871,1.605258069,1.020011721,0.95409481,295
2026-09-18T21:57:58.612,19,0.003,0.55,5,manhattan,0.9309,0.9258,0.9372,1,407,9673,0.73290329,3.586591436,2.51376749,295
2026-09-18T21:58:07.488,19,0.003,0.55,6,manhattan,0.9875,0.9828,0.9927,1,1226,9670,1.059703128,5.253867801,2.559974607,295
2026-09-18T21:58:17.403,19,0.003,0.55,7,manhattan,0.9864,0.9834,0.99,1,1485,9650,0.867517427,6.345959026,2.698941817,295
2026-09-18T21:58:25.283,19,0.003,0.55,8,manhattan,0.9894,0.9862,0.9929,1,797,8929,0.617550845,4.879922737,2.377929593,295
2026-09-18T21:58:30.238,19,0.003,0.55,9,manhattan,0.9025,0.896,0.9242,49,310,5016,0.583727788,2.942812714,1.425926462,295
2026-09-18T21:58:33.682,19,0.003,0.55,10,manhattan,0.3795,0.4893,0.4399,28,136,1344,1.560963627,0.965162572,0.914629479,295
2026-09-18T21:58:40.885,19,0.003,0.6,5,manhattan,0.9075,0.9007,0.9259,2,407,9628,0.724539647,3.815989107,2.658801119,295
2026-09-18T21:58:49.454,19,0.003,0.6,6,manhattan,0.972,0.9657,0.9796,1,1226,9649,0.954481242,4.957537028,2.654187259,295
2026-09-18T21:58:59.095,19,0.003,0.6,7,manhattan,0.996,0.9944,0.9977,1,1485,9635,0.808278538,6.30923434,2.520384261,295
2026-09-18T21:59:07.066,19,0.003,0.6,8,manhattan,0.9882,0.9844,0.9929,3,797,8827,0.554923323,4.747690121,2.665614145,295
2026-09-18T21:59:11.093,19,0.003,0.6,9,manhattan,0.849,0.8409,0.8646,49,310,3980,0.645728484,2.136671741,1.241602733,295
2026-09-18T21:59:14.04,19,0.003,0.6,10,manhattan,0.2421,0.2314,0.3502,17,136,790,1.334287884,0.871571787,0.738335063,295
2026-09-18T21:59:20.917,19,0.003,0.65,5,manhattan,0.9606,0.9563,0.9655,1,407,9215,0.825537876,3.306196018,2.741851305,295
2026-09-18T21:59:29.271,19,0.003,0.65,6,manhattan,0.9562,0.9513,0.9633,1,1226,9217,1.010811308,5.030337505,2.310876992,295
2026-09-18T21:59:38.697,19,0.003,0.65,7,manhattan,0.983,0.9769,0.9901,1,1485,9215,0.806387513,5.808933601,2.807870114,295
2026-09-18T21:59:46.563,19,0.003,0.65,8,manhattan,0.9959,0.9944,0.9975,4,797,8747,0.586824065,4.651260355,2.624774754,295
2026-09-18T21:59:50.256,19,0.003,0.65,9,manhattan,0.6093,0.7184,0.6741,42,310,3007,0.555867857,1.935890173,1.197749479,295
2026-09-18T21:59:52.978,19,0.003,0.65,10,manhattan,0.2539,0.3833,0.2653,7,136,329,1.465449273,0.406757936,0.847869932,295
2026-09-18T22:00:00.318,19,0.003,0.7,5,manhattan,0.9802,0.9754,0.9854,1,407,9037,0.952781513,3.567475924,2.814208637,295
2026-09-18T22:00:09.259,19,0.003,0.7,6,manhattan,0.9744,0.971,0.9786,1,1226,9044,0.988166222,5.152274873,2.797703865,295
2026-09-18T22:00:18.569,19,0.003,0.7,7,manhattan,0.9746,0.9692,0.9811,1,1485,9056,0.849336043,5.979014231,2.47890247,295
2026-09-18T22:00:26.449,19,0.003,0.7,8,manhattan,1.0,1.0,1.0,3,797,8553,0.563033791,4.759202003,2.552751893,295
2026-09-18T22:00:29.397,19,0.003,0.7,9,manhattan,0.6422,0.7036,0.704,32,310,1935,0.545270896,1.550437765,0.848203565,295
2026-09-18T22:00:31.943,19,0.003,0.7,10,manhattan,0.1559,0.2803,0.2135,4,136,203,1.433008168,0.468843699,0.637973996,281
2026-09-18T22:00:38.733,19,0.003,0.75,5,manhattan,0.9632,0.9538,0.975,1,407,8993,0.891940673,3.15106179,2.744355607,295
2026-09-18T22:00:47.554,19,0.003,0.75,6,manhattan,0.9557,0.9556,0.9562,1,1226,8993,0.993010559,5.005266688,2.819071132,295
2026-09-18T22:00:56.823,19,0.003,0.75,7,manhattan,0.9891,0.9856,0.993,1,1485,8974,0.789362703,5.783744753,2.691151152,295
2026-09-18T22:01:05.21,19,0.003,0.75,8,manhattan,0.9897,0.9869,0.9928,10,797,8415,0.478724995,5.327421656,2.578199991,295
2026-09-18T22:01:07.84,19,0.003,0.75,9,manhattan,0.5544,0.6141,0.5772,21,310,1069,0.673389436,1.078427948,0.875758288,295
2026-09-18T22:01:10.39,19,0.003,0.75,10,manhattan,0.0975,0.1365,0.2176,3,136,134,1.596812851,0.423938563,0.526046222,274
2026-09-18T22:01:17.251,19,0.003,0.8,5,manhattan,0.9358,0.9424,0.9342,1,407,8956,0.956198712,3.506789712,2.39546718,295
2026-09-18T22:01:26.215,19,0.003,0.8,6,manhattan,0.9631,0.9544,0.9741,1,1226,8956,0.990545858,5.418366849,2.551655733,295
2026-09-18T22:01:35.898,19,0.003,0.8,7,manhattan,0.9835,0.9772,0.9906,1,1485,8948,0.763304051,6.227869846,2.688145808,295
2026-09-18T22:01:43.711,19,0.003,0.8,8,manhattan,0.9732,0.9661,0.9818,15,797,8052,0.559193843,5.087730415,2.16332642,295
2026-09-18T22:01:45.533,19,0.003,0.8,9,manhattan,0.4456,0.5583,0.4605,14,310,641,0.581610547,0.730781091,0.505373108,295
2026-09-18T22:01:47.744,19,0.003,0.8,10,manhattan,0.2862,0.3225,0.2975,1,136,52,1.334056988,0.305609408,0.566555053,241
2026-09-18T22:03:18.247,20,0.0015,0.5,5,manhattan,0.9058,0.8979,0.925,2,407,9655,2.399795249,10.574391365,4.915206176,295
2026-09-18T22:03:28.723,20,0.0015,0.5,6,manhattan,0.9877,0.9856,0.9901,1,1250,9657,1.02968936,5.182581208,2.654699965,295
2026-09-18T22:03:38.223,20,0.0015,0.5,7,manhattan,1.0,1.0,1.0,9,1472,9544,0.819637119,5.949222278,2.728173362,295
2026-09-18T22:03:45.609,20,0.0015,0.5,8,manhattan,0.991,0.9876,0.995,39,768,7083,0.489879988,4.752199079,2.13989471,295
2026-09-18T22:03:47.356,20,0.0015,0.5,9,manhattan,0.429,0.5761,0.4556,17,291,550,0.599876439,0.63254816,0.511979752,295
2026-09-18T22:03:49.479,20,0.0015,0.5,10,manhattan,0.1782,0.1882,0.2112,2,126,37,1.452827122,0.297498451,0.359257565,146
2026-09-18T22:03:56.784,20,0.0015,0.55,5,manhattan,0.9182,0.9147,0.9282,2,407,9610,0.940567305,3.931250689,2.430953438,295
2026-09-18T22:04:05.308,20,0.0015,0.55,6,manhattan,0.9936,0.9953,0.9919,1,1250,9651,0.90151802,4.92320867,2.696490105,295
2026-09-18T22:04:14.607,20,0.0015,0.55,7,manhattan,0.9852,0.9822,0.9894,7,1472,9370,0.833453487,5.843209439,2.617547291,295
2026-09-18T22:04:21.966,20,0.0015,0.55,8,manhattan,0.9833,0.9769,0.9906,50,768,6435,0.510641591,4.880163899,1.965438729,295
2026-09-18T22:04:23.853,20,0.0015,0.55,9,manhattan,0.3413,0.4763,0.338,10,291,313,0.534440247,0.698037992,0.636774192,295
2026-09-18T22:04:26.072,20,0.0015,0.55,10,manhattan,0.3653,0.3766,0.3905,1,126,19,1.420702607,0.246490298,0.548198228,130
2026-09-18T22:04:33.022,20,0.0015,0.6,5,manhattan,0.9195,0.9135,0.9276,3,407,9573,0.736633168,3.654055123,2.556413257,295
2026-09-18T22:04:41.619,20,0.0015,0.6,6,manhattan,0.962,0.9567,0.9703,1,1250,9642,0.953165432,4.8360398,2.791360173,295
2026-09-18T22:04:51.123,20,0.0015,0.6,7,manhattan,0.9856,0.9828,0.9893,6,1472,9169,0.772042812,5.896714142,2.813868999,295
2026-09-18T22:04:57.617,20,0.0015,0.6,8,manhattan,0.9657,0.9631,0.9688,59,768,5418,0.463389158,4.453790247,1.573063434,295
2026-09-18T22:04:59.04,20,0.0015,0.6,9,manhattan,0.309,0.493,0.3378,7,291,182,0.55878541,0.409298067,0.44929098,294
2026-09-18T22:05:01.009,20,0.0015,0.6,10,manhattan,0.3096,0.4011,0.3384,1,126,17,1.514296255,0.268566385,0.184286155,124
2026-09-18T22:05:08.204,20,0.0015,0.65,5,manhattan,0.9378,0.9346,0.9434,6,407,9492,0.789388334,3.962256904,2.348460587,295
2026-09-18T22:05:16.684,20,0.0015,0.65,6,manhattan,0.9522,0.9487,0.9579,5,1250,9609,0.944985959,5.185514126,2.342277531,295
2026-09-18T22:05:25.493,20,0.0015,0.65,7,manhattan,0.9844,0.9912,0.9784,4,1472,9005,0.63838187,5.418500036,2.750163265,295
2026-09-18T22:05:31.043,20,0.0015,0.65,8,manhattan,0.8254,0.8362,0.8463,68,768,4149,0.444024521,3.811077164,1.291733889,295
2026-09-18T22:05:32.513,20,0.0015,0.65,9,manhattan,0.33,0.3587,0.3221,3,291,57,0.643159719,0.363069577,0.462511322,261
2026-09-18T22:05:42.099,20,0.0015,0.7,5,manhattan,0.9429,0.9378,0.9496,4,407,9071,0.993691094,3.499908173,2.156117602,295
2026-09-18T22:05:49.336,20,0.0015,0.7,6,manhattan,0.9868,0.9853,0.9885,4,1250,9227,1.000504049,4.319420416,1.913695076,295
2026-09-18T22:05:56.258,20,0.0015,0.7,7,manhattan,0.9715,0.9659,0.9786,2,1472,8953,0.705017938,4.06727639,2.147682931,295
2026-09-18T22:05:59.549,20,0.0015,0.7,8,manhattan,0.8125,0.8211,0.8154,69,768,2800,0.437700594,2.264066654,0.563767405,295
2026-09-18T22:06:00.591,20,0.0015,0.7,9,manhattan,0.2775,0.3029,0.2813,1,291,19,0.525216577,0.268286112,0.234662313,179
2026-09-18T22:06:06.486,20,0.0015,0.75,5,manhattan,0.9268,0.9206,0.9394,7,407,8939,0.67872406,2.548542903,1.294476559,295
2026-09-18T22:06:11.078,20,0.0015,0.75,6,manhattan,0.9712,0.962,0.9832,4,1250,9074,0.647932119,2.654278891,1.287924042,295
2026-09-18T22:06:16.28,20,0.0015,0.75,7,manhattan,0.992,0.9892,0.9952,3,1472,8891,0.535753474,3.238955614,1.422495016,295
2026-09-18T22:06:17.942,20,0.0015,0.75,8,manhattan,0.7391,0.7369,0.7673,48,768,1573,0.186900387,1.088337321,0.384696585,295
2026-09-18T22:06:18.604,20,0.0015,0.75,9,manhattan,0.2722,0.3673,0.2857,1,291,16,0.402988039,0.173718877,0.083208446,145
2026-09-18T22:06:24.286,20,0.0015,0.8,5,manhattan,0.902,0.8945,0.9142,24,407,8602,0.346563408,2.463653795,1.354210693,295
2026-09-18T22:06:29.045,20,0.0015,0.8,6,manhattan,0.9793,0.9773,0.9819,1,1250,8962,0.645744198,2.828862823,1.279375738,295
2026-09-18T22:06:34.234,20,0.0015,0.8,7,manhattan,0.9904,0.9881,0.993,9,1472,8722,0.613718859,3.095916375,1.47742595,295
2026-09-18T22:06:35.511,20,0.0015,0.8,8,manhattan,0.4714,0.5252,0.5093,33,768,722,0.275136154,0.776430945,0.215066013,295
2026-09-18T22:06:40.994,20,0.002,0.5,5,manhattan,0.9028,0.8968,0.918,1,407,9664,0.615072315,2.085005193,0.978077148,295
2026-09-18T22:06:45.7,20,0.002,0.5,6,manhattan,0.9877,0.9889,0.9869,1,1250,9664,0.632391716,2.654576486,1.416757688,295
2026-09-18T22:06:51.275,20,0.002,0.5,7,manhattan,0.988,0.9865,0.9896,1,1472,9632,0.552787365,3.336808956,1.681868951,295
2026-09-18T22:06:55.281,20,0.002,0.5,8,manhattan,0.9914,0.9921,0.991,7,768,8608,0.248842834,2.357390993,1.398053192,295
2026-09-18T22:06:56.911,20,0.002,0.5,9,manhattan,0.6545,0.7103,0.6936,45,291,2015,0.475676279,0.732730992,0.418275686,295
2026-09-18T22:06:58.502,20,0.002,0.5,10,manhattan,0.3454,0.4991,0.4239,9,126,313,1.173504816,0.191907453,0.22368793,290
2026-09-18T22:07:02.628,20,0.002,0.55,5,manhattan,0.9438,0.938,0.9515,1,407,9655,0.669863145,1.868281146,1.585801243,295
2026-09-18T22:07:07.528,20,0.002,0.55,6,manhattan,0.9686,0.9638,0.9744,1,1250,9655,0.789147521,2.665252366,1.442949946,295
2026-09-18T22:07:12.713,20,0.002,0.55,7,manhattan,0.9956,0.9936,0.9977,4,1472,9618,0.577434312,3.399389614,1.206406875,295
2026-09-18T22:07:16.875,20,0.002,0.55,8,manhattan,0.9938,0.9936,0.9942,13,768,8254,0.341651465,2.682638956,1.134881423,295
2026-09-18T22:07:17.794,20,0.002,0.55,9,manhattan,0.5551,0.5879,0.5883,28,291,1175,0.290583318,0.302437982,0.324379834,295
2026-09-18T22:07:19.502,20,0.002,0.55,10,manhattan,0.2543,0.3243,0.2692,5,126,135,1.187298067,0.17541183,0.343999811,261
2026-09-18T22:07:23.316,20,0.002,0.6,5,manhattan,0.9503,0.9509,0.9505,2,407,9617,0.658841969,1.780229271,1.372831937,295
2026-09-18T22:07:28.323,20,0.002,0.6,6,manhattan,0.9655,0.9592,0.9753,1,1250,9647,0.846933639,2.803993988,1.353334533,295
2026-09-18T22:07:33.468,20,0.002,0.6,7,manhattan,1.0,1.0,1.0,6,1472,9543,0.454623019,3.365142551,1.322634712,295
2026-09-18T22:07:37.494,20,0.002,0.6,8,manhattan,0.9976,0.9976,0.9977,22,768,7787,0.275680706,2.500084099,1.247603364,295
2026-09-18T22:07:38.529,20,0.002,0.6,9,manhattan,0.4531,0.4647,0.4611,17,291,759,0.4401111,0.277193959,0.30725962,295
2026-09-18T22:07:39.983,20,0.002,0.6,10,manhattan,0.2392,0.2642,0.2576,2,126,46,1.183626507,0.052895546,0.215710299,184
2026-09-18T22:07:43.566,20,0.002,0.65,5,manhattan,0.9362,0.9404,0.9326,3,407,9581,0.553881149,1.732446253,1.293955962,295
2026-09-18T22:07:48.486,20,0.002,0.65,6,manhattan,0.9704,0.9635,0.9795,1,1250,9640,0.681996896,2.826274222,1.409074369,295
2026-09-18T22:07:53.449,20,0.002,0.65,7,manhattan,0.9833,0.9769,0.9906,4,1472,9350,0.432536454,3.220265226,1.307311726,295
2026-09-18T22:07:56.962,20,0.002,0.65,8,manhattan,0.976,0.9691,0.9853,30,768,7121,0.212084276,2.177029086,1.121863411,295
2026-09-18T22:07:57.998,20,0.002,0.65,9,manhattan,0.3016,0.4462,0.3638,9,291,399,0.408069068,0.288863195,0.335532662,295
2026-09-18T22:07:59.436,20,0.002,0.65,10,manhattan,0.1516,0.2255,0.2055,1,126,25,1.316137161,0.052279475,0.068119638,153
2026-09-18T22:08:03.604,20,0.002,0.7,5,manhattan,0.9705,0.9654,0.9766,2,407,9292,0.720158149,1.967496116,1.477960375,295
2026-09-18T22:08:08.494,20,0.002,0.7,6,manhattan,0.9738,0.9719,0.9764,3,1250,9443,0.55171062,2.680358286,1.655971004,295
2026-09-18T22:08:13.541,20,0.002,0.7,7,manhattan,0.9914,0.9911,0.9918,3,1472,9186,0.43062762,3.069131022,1.544603706,295
2026-09-18T22:08:17.619,20,0.002,0.7,8,manhattan,0.9712,0.9731,0.9694,43,768,6305,0.282231408,2.759061614,1.034175061,295
2026-09-18T22:08:18.66,20,0.002,0.7,9,manhattan,0.3595,0.4438,0.3997,5,291,247,0.413348308,0.308555737,0.317199443,295
2026-09-18T22:08:23.967,20,0.002,0.75,5,manhattan,0.9079,0.8977,0.9298,3,407,9120,0.44175321,2.03336714,1.46503204,295
2026-09-18T22:08:28.407,20,0.002,0.75,6,manhattan,0.99,0.9899,0.9902,1,1250,9186,0.523062739,2.50504123,1.406067139,295
2026-09-18T22:08:33.046,20,0.002,0.75,7,manhattan,0.996,0.9944,0.9977,5,1472,9069,0.567157295,2.629132088,1.44138962,295
2026-09-18T22:08:36.435,20,0.002,0.75,8,manhattan,0.9852,0.9849,0.9858,47,768,5364,0.311757125,2.112636952,0.962088714,295
2026-09-18T22:08:37.556,20,0.002,0.75,9,manhattan,0.3566,0.3687,0.3652,3,291,112,0.509599977,0.269909714,0.338766109,289
2026-09-18T22:08:42.819,20,0.002,0.8,5,manhattan,0.9384,0.9385,0.9416,1,407,8994,0.396633801,1.914367927,1.522527968,295
2026-09-18T22:08:47.935,20,0.002,0.8,6,manhattan,0.9769,0.9747,0.9797,1,1250,8986,0.856736573,2.801430181,1.455014554,295
2026-09-18T22:08:52.966,20,0.002,0.8,7,manhattan,0.9918,0.9913,0.9926,1,1472,8957,0.46449321,3.205823708,1.358669366,295
2026-09-18T22:08:55.788,20,0.002,0.8,8,manhattan,0.9209,0.9275,0.9195,54,768,4134,0.358303881,1.762319221,0.698330347,295
2026-09-18T22:08:56.41,20,0.002,0.8,9,manhattan,0.2581,0.3058,0.2815,1,291,22,0.396416385,0.125409672,0.09841759,198
2026-09-18T22:09:01.289,20,0.0025,0.5,5,manhattan,0.9286,0.9205,0.9397,1,407,9668,0.639468183,1.713200067,1.308628096,295
2026-09-18T22:09:05.801,20,0.0025,0.5,6,manhattan,0.9658,0.959,0.9757,1,1250,9668,0.859792622,2.414774476,1.23239806,295
2026-09-18T22:09:10.831,20,0.0025,0.5,7,manhattan,0.9852,0.9838,0.9867,1,1472,9651,0.480644795,3.044516131,1.501598466,295
2026-09-18T22:09:15.396,20,0.0025,0.5,8,manhattan,0.996,0.9944,0.9977,5,768,8967,0.453413715,2.705779915,1.402712099,295
2026-09-18T22:09:17.627,20,0.0025,0.5,9,manhattan,0.7476,0.7633,0.8091,56,291,3963,0.396470093,1.239677626,0.592765261,295
2026-09-18T22:09:19.613,20,0.0025,0.5,10,manhattan,0.3854,0.4536,0.4166,12,126,649,1.259898867,0.46801091,0.255379986,295
2026-09-18T22:09:23.576,20,0.0025,0.55,5,manhattan,0.9551,0.9516,0.9597,1,407,9659,0.625662919,1.920894254,1.414463399,295
2026-09-18T22:09:28.334,20,0.0025,0.55,6,manhattan,0.9781,0.9724,0.9848,1,1250,9659,0.696849152,2.680599448,1.377318687,295
2026-09-18T22:09:33.338,20,0.0025,0.55,7,manhattan,1.0,1.0,1.0,1,1472,9640,0.625241007,2.821499028,1.554810743,295
2026-09-18T22:09:37.237,20,0.0025,0.55,8,manhattan,0.9792,0.9748,0.9847,4,768,8759,0.401925822,2.371847946,1.121180712,295
2026-09-18T22:09:39.274,20,0.0025,0.55,9,manhattan,0.6923,0.7052,0.7157,54,291,2918,0.421980002,1.043032483,0.570147762,295
2026-09-18T22:09:40.684,20,0.0025,0.55,10,manhattan,0.2895,0.395,0.3308,9,126,408,1.013070187,0.183065327,0.211360369,295
2026-09-18T22:09:44.328,20,0.0025,0.6,5,manhattan,0.9502,0.9494,0.9515,2,407,9651,0.524557065,1.690584246,1.426426037,295
2026-09-18T22:09:47.934,20,0.0025,0.6,6,manhattan,0.9702,0.9701,0.9705,1,1250,9651,0.533639515,1.992214861,1.078027618,295
2026-09-18T22:09:51.51,20,0.0025,0.6,7,manhattan,0.9842,0.9854,0.9834,1,1472,9634,0.340646518,2.204316108,1.029242095,295
2026-09-18T22:09:54.463,20,0.0025,0.6,8,manhattan,0.9939,0.9955,0.9925,7,768,8595,0.228727124,1.82150531,0.90053647,295
2026-09-18T22:09:55.538,20,0.0025,0.6,9,manhattan,0.6256,0.6771,0.6407,35,291,1827,0.274967346,0.552589294,0.245076709,295
2026-09-18T22:09:56.688,20,0.0025,0.6,10,manhattan,0.3263,0.5029,0.3606,6,126,262,0.888259405,0.070279691,0.189829882,288
2026-09-18T22:09:59.348,20,0.0025,0.65,5,manhattan,0.924,0.9255,0.9271,2,407,9602,0.363673495,1.314076142,0.979992269,295
2026-09-18T22:10:02.795,20,0.0025,0.65,6,manhattan,0.9763,0.9724,0.9825,1,1250,9644,0.449447564,1.97256583,1.023273313,295
2026-09-18T22:10:06.377,20,0.0025,0.65,7,manhattan,0.9866,0.9847,0.9885,3,1472,9573,0.339564465,2.236425746,0.998318992,295
2026-09-18T22:10:09.382,20,0.0025,0.65,8,manhattan,0.9862,0.9829,0.9896,8,768,8329,0.220422636,1.883043097,0.899059533,295
2026-09-18T22:10:10.252,20,0.0025,0.65,9,manhattan,0.4326,0.5145,0.5188,20,291,1082,0.276400143,0.382536252,0.208648919,295
2026-09-18T22:10:11.445,20,0.0025,0.65,10,manhattan,0.3582,0.4751,0.4009,2,126,121,0.855591734,0.128241949,0.20770166,273
2026-09-18T22:10:13.977,20,0.0025,0.7,5,manhattan,0.9495,0.946,0.9549,2,407,9348,0.282482697,1.280838216,0.966626307,295
2026-09-18T22:10:17.313,20,0.0025,0.7,6,manhattan,0.9694,0.9687,0.9704,1,1250,9465,0.44535472,1.86287738,1.025535265,295
2026-09-18T22:10:20.79,20,0.0025,0.7,7,manhattan,0.9959,0.9977,0.9942,1,1472,9267,0.348678414,2.144831517,0.981524867,295
2026-09-18T22:10:23.662,20,0.0025,0.7,8,manhattan,0.9878,0.9872,0.9887,18,768,7983,0.226735387,1.784248083,0.859631778,295
2026-09-18T22:10:24.38,20,0.0025,0.7,9,manhattan,0.395,0.4471,0.4402,14,291,648,0.263236721,0.285536371,0.16702039,295
2026-09-18T22:10:25.409,20,0.0025,0.7,10,manhattan,0.2445,0.3024,0.269,2,126,55,0.836614088,0.110903551,0.079348523,223
2026-09-18T22:10:28.121,20,0.0025,0.75,5,manhattan,0.8984,0.8929,0.9062,1,407,9209,0.397342551,1.341239614,0.971383203,295
2026-09-18T22:10:31.492,20,0.0025,0.75,6,manhattan,0.9714,0.9688,0.9745,1,1250,9196,0.447698177,1.913997978,1.007967787,295
2026-09-18T22:10:35.051,20,0.0025,0.75,7,manhattan,0.9799,0.9796,0.9812,2,1472,9196,0.358209735,2.207149502,0.991467624,295
2026-09-18T22:10:37.802,20,0.0025,0.75,8,manhattan,0.9939,0.9953,0.9926,29,768,7167,0.208668404,1.76779255,0.772605593,295
2026-09-18T22:10:38.353,20,0.0025,0.75,9,manhattan,0.3939,0.5134,0.4292,7,291,353,0.257742999,0.12912202,0.16220399,295
2026-09-18T22:10:41.96,20,0.0025,0.8,5,manhattan,0.9432,0.9426,0.9444,1,407,8998,0.322929788,1.385534475,0.953191063,295
2026-09-18T22:10:45.297,20,0.0025,0.8,6,manhattan,0.9777,0.9778,0.9783,1,1250,9006,0.445225025,1.891907293,0.998135659,295
2026-09-18T22:10:49.192,20,0.0025,0.8,7,manhattan,0.9852,0.9852,0.9852,1,1472,8972,0.319313752,2.581907242,0.986241254,295
2026-09-18T22:10:51.596,20,0.0025,0.8,8,manhattan,0.9872,0.9853,0.9893,29,768,6239,0.201291759,1.535795802,0.664175894,295
2026-09-18T22:10:52.156,20,0.0025,0.8,9,manhattan,0.3646,0.4056,0.4319,4,291,210,0.26845869,0.118343752,0.171273451,294
2026-09-18T22:10:56.093,20,0.003,0.5,5,manhattan,0.9329,0.9244,0.9466,1,407,9672,0.404486765,1.344532635,1.230618083,295
2026-09-18T22:11:00.9,20,0.003,0.5,6,manhattan,0.9725,0.964,0.9833,1,1250,9672,0.795577327,2.756543903,1.25257132,295
2026-09-18T22:11:05.262,20,0.003,0.5,7,manhattan,0.9916,0.988,0.9954,1,1472,9656,0.359800861,2.542916413,1.457042886,295
2026-09-18T22:11:09.488,20,0.003,0.5,8,manhattan,0.996,0.9944,0.9977,2,768,9051,0.429845606,2.531745007,1.263190002,295
2026-09-18T22:11:12.503,20,0.003,0.5,9,manhattan,0.951,0.9536,0.952,38,291,5472,0.431509716,1.560860751,1.02019687,295
2026-09-18T22:11:14.846,20,0.003,0.5,10,manhattan,0.3893,0.5218,0.4302,23,126,1263,1.277695564,0.471745049,0.587133533,295
2026-09-18T22:11:18.488,20,0.003,0.55,5,manhattan,0.9389,0.9323,0.949,1,407,9663,0.511594717,1.84128662,1.285231937,295
2026-09-18T22:11:22.359,20,0.003,0.55,6,manhattan,0.9573,0.9486,0.9691,1,1250,9663,0.455446169,1.997884094,1.415295279,295
2026-09-18T22:11:27.64,20,0.003,0.55,7,manhattan,0.9854,0.9833,0.9879,1,1472,9651,0.553224083,3.299718371,1.426177542,295
2026-09-18T22:11:31.955,20,0.003,0.55,8,manhattan,0.996,0.9944,0.9977,4,768,9020,0.355431236,2.659709895,1.297600214,295
2026-09-18T22:11:34.433,20,0.003,0.55,9,manhattan,0.8172,0.8251,0.8619,50,291,4613,0.551350937,1.194565341,0.729684791,295
2026-09-18T22:11:36.632,20,0.003,0.55,10,manhattan,0.4192,0.5033,0.4382,14,126,780,1.09020886,0.580846622,0.524767427,295
2026-09-18T22:11:40.565,20,0.003,0.6,5,manhattan,0.8982,0.8858,0.9198,1,407,9657,0.603107371,1.729533937,1.597399938,295
2026-09-18T22:11:44.758,20,0.003,0.6,6,manhattan,0.9647,0.9587,0.9716,1,1250,9655,0.67945453,2.446090298,1.066021397,295
2026-09-18T22:11:49.886,20,0.003,0.6,7,manhattan,0.989,0.9889,0.9894,1,1472,9642,0.569072276,3.230938314,1.323731501,295
2026-09-18T22:11:54.122,20,0.003,0.6,8,manhattan,1.0,1.0,1.0,4,768,8855,0.478441229,2.425127202,1.330339403,295
2026-09-18T22:11:56.295,20,0.003,0.6,9,manhattan,0.7848,0.7864,0.8064,45,291,3522,0.414026467,1.072015253,0.685152189,295
2026-09-18T22:11:58.267,20,0.003,0.6,10,manhattan,0.358,0.4856,0.4102,8,126,485,1.116900763,0.419050016,0.432059508,295
2026-09-18T22:12:02.132,20,0.003,0.65,5,manhattan,0.9412,0.9355,0.9492,2,407,9645,0.417957907,2.147359286,1.296239355,295
2026-09-18T22:12:06.98,20,0.003,0.65,6,manhattan,0.9838,0.9806,0.9871,1,1250,9648,0.784402777,2.771201371,1.289491283,295
2026-09-18T22:12:11.595,20,0.003,0.65,7,manhattan,0.9941,0.9951,0.9933,1,1472,9636,0.426840332,2.615877594,1.569410732,295
2026-09-18T22:12:15.615,20,0.003,0.65,8,manhattan,0.9964,0.9951,0.9977,4,768,8605,0.480294679,2.347830269,1.189898751,295
2026-09-18T22:12:17.395,20,0.003,0.65,9,manhattan,0.6145,0.6928,0.6757,37,291,2364,0.466238825,0.9807358,0.330181138,295
2026-09-18T22:12:19.396,20,0.003,0.65,10,manhattan,0.2462,0.3785,0.3,5,126,243,1.30310965,0.229720687,0.466215638,288
2026-09-18T22:12:23.109,20,0.003,0.7,5,manhattan,0.9272,0.9192,0.9386,2,407,9363,0.355832545,2.099452159,1.256108994,295
2026-09-18T22:12:28.036,20,0.003,0.7,6,manhattan,0.9631,0.9561,0.9723,1,1250,9469,0.769436611,2.681029532,1.473905177,295
2026-09-18T22:12:32.426,20,0.003,0.7,7,manhattan,0.9916,0.988,0.9954,2,1472,9352,0.526891582,2.808513073,1.046281503,295
2026-09-18T22:12:36.634,20,0.003,0.7,8,manhattan,0.9964,0.9951,0.9977,3,768,8464,0.428751821,2.373496412,1.403856869,295
2026-09-18T22:12:38.066,20,0.003,0.7,9,manhattan,0.6151,0.6241,0.6341,24,291,1406,0.39790687,0.590690483,0.43266147,295
2026-09-18T22:12:39.961,20,0.003,0.7,10,manhattan,0.3522,0.4272,0.3853,3,126,163,1.303317918,0.22109919,0.368596055,285
2026-09-18T22:12:43.834,20,0.003,0.75,5,manhattan,0.9581,0.9515,0.9675,1,407,9213,0.547412303,1.851392455,1.46975611,295
2026-09-18T22:12:48.8,20,0.003,0.75,6,manhattan,0.9806,0.9772,0.9845,1,1250,9213,0.692450263,2.677471463,1.593954594,295
2026-09-18T22:12:54.069,20,0.003,0.75,7,manhattan,0.9847,0.9828,0.9867,1,1472,9211,0.54658601,3.209384081,1.50249886,295
2026-09-18T22:12:57.563,20,0.003,0.75,8,manhattan,0.9964,0.9951,0.9977,5,768,8292,0.26678117,1.929748742,1.282085094,295
2026-09-18T22:12:58.591,20,0.003,0.75,9,manhattan,0.4787,0.5953,0.5475,15,291,828,0.414224328,0.337472647,0.274382146,295
2026-09-18T22:13:00.124,20,0.003,0.75,10,manhattan,0.1862,0.2994,0.2098,2,126,60,1.30256824,0.048806055,0.179540504,200
2026-09-18T22:13:03.965,20,0.003,0.8,5,manhattan,0.9072,0.8962,0.9262,1,407,9016,0.570600614,1.689743914,1.578373264,295
2026-09-18T22:13:08.9,20,0.003,0.8,6,manhattan,0.9587,0.9567,0.9624,1,1250,9017,0.712059833,2.819455679,1.401078161,295
2026-09-18T22:13:13.931,20,0.003,0.8,7,manhattan,0.9903,0.9904,0.9902,1,1472,8990,0.657663675,3.016006048,1.35550157,295
2026-09-18T22:13:18.26,20,0.003,0.8,8,manhattan,0.9955,0.9936,0.9975,21,768,7794,0.308079139,2.802915568,1.215542474,295
2026-09-18T22:13:18.938,20,0.003,0.8,9,manhattan,0.5346,0.5555,0.5561,7,291,461,0.346449008,0.15286571,0.175969723,295
2026-09-18T22:14:35.172,21,0.0015,0.5,5,manhattan,0.968,0.9619,0.9752,5,405,9409,1.612443629,8.081041232,3.361107606,295
2026-09-18T22:14:41.257,21,0.0015,0.5,6,manhattan,0.9693,0.9647,0.9745,4,1251,9478,0.73375333,2.299894857,1.477580717,295
2026-09-18T22:14:46.605,21,0.0015,0.5,7,manhattan,0.9958,0.9976,0.9942,2,1438,9083,0.555789844,3.46515895,1.325179453,295
2026-09-18T22:14:51.061,21,0.0015,0.5,8,manhattan,1.0,1.0,1.0,46,742,6717,0.459432713,2.734288323,1.259284472,295
2026-09-18T22:14:51.956,21,0.0015,0.5,9,manhattan,0.3296,0.4501,0.3864,9,265,248,0.408021855,0.265082349,0.21950101,295
2026-09-18T22:14:58.422,21,0.0015,0.55,5,manhattan,0.9468,0.9412,0.9555,2,405,9083,0.608621486,1.993529416,1.327356617,295
2026-09-18T22:15:03.071,21,0.0015,0.55,6,manhattan,0.9851,0.9847,0.9861,1,1251,9097,0.729327412,2.600260086,1.316348152,295
2026-09-18T22:15:07.935,21,0.0015,0.55,7,manhattan,0.9814,0.9846,0.9793,3,1438,9026,0.602165909,3.155633536,1.082781649,295
2026-09-18T22:15:11.065,21,0.0015,0.55,8,manhattan,0.9822,0.9828,0.9819,48,742,5826,0.223284456,2.002823764,0.901338318,295
2026-09-18T22:15:12.114,21,0.0015,0.55,9,manhattan,0.146,0.26,0.229,3,265,111,0.44307845,0.246038703,0.358383571,291
2026-09-18T22:15:17.283,21,0.0015,0.6,5,manhattan,0.9583,0.9504,0.9696,2,405,9032,0.679866455,1.89053079,1.373136167,295
2026-09-18T22:15:22.283,21,0.0015,0.6,6,manhattan,0.9916,0.9933,0.9901,2,1251,9082,0.778561735,2.759976326,1.45918995,295
2026-09-18T22:15:27.52,21,0.0015,0.6,7,manhattan,0.9956,0.9936,0.9977,3,1438,8988,0.419417312,3.348653563,1.467535154,295
2026-09-18T22:15:30.635,21,0.0015,0.6,8,manhattan,0.977,0.9696,0.9858,53,742,4827,0.39161989,1.865388317,0.855104521,295
2026-09-18T22:15:31.396,21,0.0015,0.6,9,manhattan,0.2493,0.2757,0.2728,1,265,51,0.271790613,0.19444968,0.292790304,261
2026-09-18T22:15:36.408,21,0.0015,0.65,5,manhattan,0.9735,0.9716,0.9755,1,405,9011,0.618567385,1.819985562,1.2783182,295
2026-09-18T22:15:41.124,21,0.0015,0.65,6,manhattan,0.9764,0.9746,0.9786,1,1251,9030,0.440272015,2.586326873,1.687252673,295
2026-09-18T22:15:46.473,21,0.0015,0.65,7,manhattan,0.9839,0.9779,0.9907,2,1438,8917,0.543524233,3.015713272,1.786716138,295
2026-09-18T22:15:49.082,21,0.0015,0.65,8,manhattan,0.881,0.878,0.9012,73,742,3516,0.225859368,1.653672385,0.726749638,295
2026-09-18T22:15:49.578,21,0.0015,0.65,9,manhattan,0.258,0.3398,0.2639,1,265,30,0.318439477,0.08219365,0.093586593,209
2026-09-18T22:15:54.918,21,0.0015,0.7,5,manhattan,0.9368,0.9313,0.9479,3,405,8947,0.443354114,2.269505132,1.299933545,295
2026-09-18T22:15:59.875,21,0.0015,0.7,6,manhattan,0.9594,0.9606,0.9596,1,1251,8998,0.751179379,2.903274818,1.300577063,295
2026-09-18T22:16:04.97,21,0.0015,0.7,7,manhattan,0.9899,0.9892,0.991,2,1438,8847,0.574863103,3.080208073,1.437672523,295
2026-09-18T22:16:06.563,21,0.0015,0.7,8,manhattan,0.8111,0.8123,0.8297,70,742,2359,0.379855461,0.904675129,0.305443674,295
2026-09-18T22:16:06.984,21,0.0015,0.7,9,manhattan,0.2231,0.2394,0.238,1,265,18,0.270326458,0.076415465,0.072622311,148
2026-09-18T22:16:12.697,21,0.0015,0.75,5,manhattan,0.9388,0.9312,0.9482,11,405,8858,0.586934554,2.436177712,1.551940053,295
2026-09-18T22:16:17.798,21,0.0015,0.75,6,manhattan,0.9871,0.9854,0.9894,1,1251,8983,0.478236944,3.06564957,1.55439805,295
2026-09-18T22:16:22.977,21,0.0015,0.75,7,manhattan,1.0,1.0,1.0,5,1438,8761,0.44409115,3.235246548,1.496773684,295
2026-09-18T22:16:24.157,21,0.0015,0.75,8,manhattan,0.6428,0.6687,0.6696,39,742,1045,0.328587707,0.507330483,0.341560811,295
2026-09-18T22:16:29.852,21,0.0015,0.8,5,manhattan,0.8778,0.8718,0.8895,36,405,8468,0.603949867,2.119725501,1.261286614,295
2026-09-18T22:16:34.718,21,0.0015,0.8,6,manhattan,0.9848,0.9797,0.9906,1,1251,8981,0.684493446,2.808698083,1.369127342,295
2026-09-18T22:16:39.81,21,0.0015,0.8,7,manhattan,0.9798,0.9747,0.9854,9,1438,8623,0.31147287,3.177085941,1.601277252,295
2026-09-18T22:16:40.639,21,0.0015,0.8,8,manhattan,0.5397,0.5876,0.5677,16,742,394,0.319170576,0.245763948,0.260741708,295
2026-09-18T22:16:46.31,21,0.002,0.5,5,manhattan,0.9552,0.9538,0.9582,2,405,9488,0.681659422,1.893981162,1.561450562,295
2026-09-18T22:16:51.214,21,0.002,0.5,6,manhattan,0.9634,0.9615,0.9655,1,1251,9605,0.691962561,2.757894635,1.451635419,295
2026-09-18T22:16:56.504,21,0.002,0.5,7,manhattan,1.0,1.0,1.0,4,1438,9249,0.627911113,3.239731901,1.420868411,295
2026-09-18T22:17:00.802,21,0.002,0.5,8,manhattan,1.0,1.0,1.0,7,742,8317,0.457572349,2.576013608,1.261718374,295
2026-09-18T22:17:02.366,21,0.002,0.5,9,manhattan,0.4096,0.4652,0.4728,39,265,1375,0.404873756,0.746818694,0.409756295,295
2026-09-18T22:17:04.01,21,0.002,0.5,10,manhattan,0.3168,0.4249,0.3777,9,119,206,1.362897841,0.092062585,0.186892773,260
2026-09-18T22:17:07.739,21,0.002,0.55,5,manhattan,0.9655,0.9583,0.9748,1,405,9206,0.508679538,1.694186872,1.524563564,295
2026-09-18T22:17:12.305,21,0.002,0.55,6,manhattan,0.9976,0.9976,0.9977,1,1251,9200,0.732220591,2.405136926,1.425685649,295
2026-09-18T22:17:17.509,21,0.002,0.55,7,manhattan,1.0,1.0,1.0,2,1438,9129,0.600466528,3.057759242,1.543588841,295
2026-09-18T22:17:21.642,21,0.002,0.55,8,manhattan,0.9938,0.9944,0.9933,18,742,7966,0.402123961,2.6606501,1.06490198,295
2026-09-18T22:17:22.718,21,0.002,0.55,9,manhattan,0.4491,0.5182,0.4865,17,265,649,0.473206549,0.406540939,0.194385914,295
2026-09-18T22:17:24.183,21,0.002,0.55,10,manhattan,0.3352,0.3668,0.3468,1,119,21,1.227533819,0.094693789,0.141079771,121
2026-09-18T22:17:28.051,21,0.002,0.6,5,manhattan,0.9515,0.9453,0.9603,1,405,9101,0.711527292,1.851525364,1.30288057,295
2026-09-18T22:17:33.221,21,0.002,0.6,6,manhattan,0.9922,0.992,0.9925,1,1251,9097,0.829098529,2.844790984,1.493379534,295
2026-09-18T22:17:38.2,21,0.002,0.6,7,manhattan,1.0,1.0,1.0,1,1438,9023,0.509007932,3.061417254,1.404528953,295
2026-09-18T22:17:42.209,21,0.002,0.6,8,manhattan,0.9828,0.9766,0.9902,24,742,7541,0.354657114,2.495209801,1.157153835,295
2026-09-18T22:17:42.987,21,0.002,0.6,9,manhattan,0.3004,0.3992,0.3447,10,265,353,0.470908279,0.146328977,0.158956996,295
2026-09-18T22:17:48.176,21,0.002,0.65,5,manhattan,0.9777,0.9742,0.9819,1,405,9018,0.650782414,1.972362871,1.20016578,295
2026-09-18T22:17:52.772,21,0.002,0.65,6,manhattan,0.9918,0.992,0.9918,1,1251,9037,0.563115017,2.56457038,1.465401851,295
2026-09-18T22:17:58.182,21,0.002,0.65,7,manhattan,0.9938,0.9944,0.9933,1,1438,8983,0.415339555,3.275021137,1.717314142,295
2026-09-18T22:18:01.878,21,0.002,0.65,8,manhattan,0.9882,0.9844,0.9929,31,742,6839,0.25680915,2.260097639,1.176988574,295
2026-09-18T22:18:02.894,21,0.002,0.65,9,manhattan,0.3182,0.5158,0.3898,5,265,185,0.399418796,0.353894936,0.25096245,294
2026-09-18T22:18:08.247,21,0.002,0.7,5,manhattan,0.9817,0.983,0.9808,1,405,8994,0.624052727,1.867560453,1.350427805,295
2026-09-18T22:18:13.401,21,0.002,0.7,6,manhattan,0.9922,0.9922,0.9925,1,1251,9008,0.763628883,2.984118015,1.397907293,295
2026-09-18T22:18:18.393,21,0.002,0.7,7,manhattan,1.0,1.0,1.0,2,1438,8952,0.572564763,3.05091374,1.366138551,295
2026-09-18T22:18:21.88,21,0.002,0.7,8,manhattan,0.9852,0.9826,0.9884,37,742,5937,0.401520043,2.084631332,0.998955806,295
2026-09-18T22:18:22.4,21,0.002,0.7,9,manhattan,0.3108,0.3662,0.3631,1,265,84,0.262136021,0.071229394,0.183815703,285
2026-09-18T22:18:27.453,21,0.002,0.75,5,manhattan,0.959,0.957,0.9614,1,405,8990,0.74585621,1.890990835,1.019446146,295
2026-09-18T22:18:32.118,21,0.002,0.75,6,manhattan,0.9784,0.977,0.9804,1,1251,8990,0.660280422,2.62717178,1.374754111,295
2026-09-18T22:18:37.512,21,0.002,0.75,7,manhattan,1.0,1.0,1.0,2,1438,8935,0.615208086,3.409523597,1.367629384,295
2026-09-18T22:18:40.671,21,0.002,0.75,8,manhattan,0.9598,0.9578,0.9637,42,742,4943,0.3932048,1.976887126,0.786132399,295
2026-09-18T22:18:41.345,21,0.002,0.75,9,manhattan,0.2492,0.2954,0.2597,1,265,30,0.387813954,0.155380139,0.128438762,208
2026-09-18T22:18:46.653,21,0.002,0.8,5,manhattan,0.955,0.9569,0.9552,2,405,8978,0.587966182,1.976239765,1.349179391,295
2026-09-18T22:18:51.702,21,0.002,0.8,6,manhattan,0.9838,0.9827,0.9851,1,1251,8985,0.789239223,2.835870006,1.422076387,295
2026-09-18T22:18:56.568,21,0.002,0.8,7,manhattan,0.986,0.9844,0.9887,1,1438,8896,0.512977157,3.084674987,1.265967871,295
2026-09-18T22:18:59.113,21,0.002,0.8,8,manhattan,0.891,0.8909,0.9136,49,742,3709,0.374257396,1.503812856,0.664281703,295
2026-09-18T22:18:59.893,21,0.002,0.8,9,manhattan,0.2388,0.2862,0.2797,1,265,25,0.401808767,0.189841616,0.186402627,199
2026-09-18T22:19:05.063,21,0.0025,0.5,5,manhattan,0.974,0.9694,0.9801,2,405,9539,0.560473407,1.980342877,1.321172165,295
2026-09-18T22:19:09.659,21,0.0025,0.5,6,manhattan,0.9758,0.971,0.9811,1,1251,9609,0.434008989,2.568860525,1.590500659,295
2026-09-18T22:19:14.803,21,0.0025,0.5,7,manhattan,0.9976,0.9976,0.9977,3,1438,9512,0.410012613,3.301145929,1.429508835,295
2026-09-18T22:19:18.986,21,0.0025,0.5,8,manhattan,0.9638,0.959,0.9709,4,742,8687,0.469193395,2.285243535,1.426811073,295
2026-09-18T22:19:21.211,21,0.0025,0.5,9,manhattan,0.724,0.7466,0.7753,54,265,3325,0.357478985,1.135819672,0.729078358,295
2026-09-18T22:19:23.099,21,0.0025,0.5,10,manhattan,0.2699,0.2788,0.3142,13,119,515,1.162076534,0.305229541,0.417231627,294
2026-09-18T22:19:27.001,21,0.0025,0.55,5,manhattan,0.9568,0.9527,0.9631,1,405,9210,0.601356727,1.791591624,1.506818758,295
2026-09-18T22:19:32.208,21,0.0025,0.55,6,manhattan,0.9717,0.9659,0.9795,1,1251,9204,0.805811601,3.019263868,1.379841986,295
2026-09-18T22:19:37.259,21,0.0025,0.55,7,manhattan,0.9931,0.9912,0.9952,1,1438,9161,0.592260587,3.128884711,1.327564465,295
2026-09-18T22:19:41.226,21,0.0025,0.55,8,manhattan,0.9959,0.9944,0.9975,4,742,8491,0.475266939,2.153275338,1.333081933,295
2026-09-18T22:19:42.748,21,0.0025,0.55,9,manhattan,0.6409,0.6988,0.6861,42,265,2068,0.483020448,0.627479843,0.408652383,295
2026-09-18T22:19:44.092,21,0.0025,0.55,10,manhattan,0.1196,0.102,0.1897,8,119,271,0.926480651,0.183201797,0.232630768,273
2026-09-18T22:19:47.725,21,0.0025,0.6,5,manhattan,0.9667,0.9628,0.9717,1,405,9136,0.562599797,1.602753558,1.465278022,295
2026-09-18T22:19:52.851,21,0.0025,0.6,6,manhattan,0.9894,0.9878,0.991,1,1251,9136,0.617006781,2.87504794,1.632024704,295
2026-09-18T22:19:57.969,21,0.0025,0.6,7,manhattan,0.9931,0.9913,0.995,1,1438,9109,0.571164584,3.144692747,1.399887855,295
2026-09-18T22:20:02.42,21,0.0025,0.6,8,manhattan,1.0,1.0,1.0,7,742,8379,0.286120943,2.884689052,1.277170427,295
2026-09-18T22:20:03.397,21,0.0025,0.6,9,manhattan,0.4754,0.571,0.53,26,265,1222,0.442354475,0.299869636,0.218161453,295
2026-09-18T22:20:05.055,21,0.0025,0.6,10,manhattan,0.2797,0.3853,0.3075,5,119,145,1.196169946,0.330383328,0.12929397,252
2026-09-18T22:20:09.075,21,0.0025,0.65,5,manhattan,0.962,0.9604,0.9638,1,405,9035,0.617932877,2.068667271,1.331978928,295
2026-09-18T22:20:13.774,21,0.0025,0.65,6,manhattan,0.979,0.9734,0.9858,1,1251,9044,0.798969033,2.600111673,1.296886644,295
2026-09-18T22:20:18.813,21,0.0025,0.65,7,manhattan,1.0,1.0,1.0,1,1438,9027,0.605695901,3.209710379,1.221251308,295
2026-09-18T22:20:23.15,21,0.0025,0.65,8,manhattan,0.9851,0.9804,0.9904,10,742,8060,0.35490994,2.795443658,1.161441886,295
2026-09-18T22:20:23.899,21,0.0025,0.65,9,manhattan,0.3909,0.449,0.412,12,265,533,0.267646086,0.193642313,0.285985032,295
2026-09-18T22:20:25.347,21,0.0025,0.65,10,manhattan,0.2781,0.4158,0.3207,3,119,79,1.219539426,0.06904748,0.156325512,220
2026-09-18T22:20:29.109,21,0.0025,0.7,5,manhattan,0.9676,0.9619,0.9755,1,405,9012,0.596273602,1.712601596,1.450798719,295
2026-09-18T22:20:34.27,21,0.0025,0.7,6,manhattan,0.9795,0.972,0.988,1,1251,9013,0.72668231,2.930055839,1.502013533,295
2026-09-18T22:20:39.742,21,0.0025,0.7,7,manhattan,1.0,1.0,1.0,1,1438,8987,0.590711226,3.475612108,1.403544958,295
2026-09-18T22:20:43.871,21,0.0025,0.7,8,manhattan,0.9865,0.9849,0.9885,20,742,7606,0.46808585,2.397051181,1.260741224,295
2026-09-18T22:20:44.624,21,0.0025,0.7,9,manhattan,0.4138,0.4908,0.4175,6,265,318,0.388531854,0.120419018,0.241983435,295
2026-09-18T22:20:49.906,21,0.0025,0.75,5,manhattan,0.9531,0.9462,0.961,1,405,8995,0.532625489,1.91284378,1.270261929,295
2026-09-18T22:20:54.95,21,0.0025,0.75,6,manhattan,0.9837,0.978,0.9904,1,1251,8994,0.767362392,2.901861019,1.371037713,295
2026-09-18T22:20:59.725,21,0.0025,0.75,7,manhattan,0.996,0.9944,0.9977,1,1438,8955,0.534860761,2.742514589,1.495255333,295
2026-09-18T22:21:03.115,21,0.0025,0.75,8,manhattan,0.9938,0.9944,0.9933,32,742,6998,0.360128906,2.057017941,0.961160242,295
2026-09-18T22:21:03.959,21,0.0025,0.75,9,manhattan,0.1787,0.2819,0.2561,3,265,156,0.430937296,0.179127741,0.231232403,294
2026-09-18T22:21:08.302,21,0.0025,0.8,5,manhattan,0.9485,0.9469,0.9517,1,405,8989,0.478143425,1.459355823,1.037064119,295
2026-09-18T22:21:11.645,21,0.0025,0.8,6,manhattan,0.9918,0.9918,0.9918,1,1251,8989,0.437013007,1.889010692,1.014403599,295
2026-09-18T22:21:15.221,21,0.0025,0.8,7,manhattan,0.9876,0.9869,0.9887,2,1438,8926,0.335496135,2.225555915,1.007644212,295
2026-09-18T22:21:17.573,21,0.0025,0.8,8,manhattan,0.9874,0.987,0.9885,33,742,5817,0.205998368,1.499766666,0.638546347,295
2026-09-18T22:21:18.161,21,0.0025,0.8,9,manhattan,0.2803,0.3574,0.3325,1,265,79,0.256251956,0.121824226,0.207564421,284
2026-09-18T22:21:21.794,21,0.003,0.5,5,manhattan,0.9675,0.9654,0.9714,2,405,9551,0.394516141,1.323176471,1.023802152,295
2026-09-18T22:21:25.291,21,0.003,0.5,6,manhattan,0.9716,0.9724,0.9712,1,1251,9613,0.456701498,2.01428131,1.02399652,295
2026-09-18T22:21:28.908,21,0.003,0.5,7,manhattan,0.9955,0.9936,0.9976,1,1438,9597,0.360592304,2.250022603,1.004007083,295
2026-09-18T22:21:31.818,21,0.003,0.5,8,manhattan,0.9822,0.983,0.9818,2,742,8785,0.236433141,1.730978187,0.940584767,295
2026-09-18T22:21:33.488,21,0.003,0.5,9,manhattan,0.8718,0.8657,0.9024,43,265,4772,0.272508442,0.84802058,0.546928581,295
2026-09-18T22:21:34.836,21,0.003,0.5,10,manhattan,0.3128,0.4477,0.3786,22,119,1174,0.904430754,0.193683171,0.248596504,295
2026-09-18T22:21:37.462,21,0.003,0.55,5,manhattan,0.953,0.9525,0.955,1,405,9214,0.367928511,1.293308951,0.962885254,295
2026-09-18T22:21:40.841,21,0.003,0.55,6,manhattan,0.9837,0.9779,0.9902,1,1251,9213,0.434954362,1.951140944,0.990299458,295
2026-09-18T22:21:44.416,21,0.003,0.55,7,manhattan,0.9884,0.9844,0.993,1,1438,9191,0.336048022,2.240150037,0.989862529,295
2026-09-18T22:21:47.357,21,0.003,0.55,8,manhattan,0.9946,0.9944,0.9949,1,742,8735,0.240275463,1.731467287,0.967724842,295
2026-09-18T22:21:48.892,21,0.003,0.55,9,manhattan,0.8118,0.8234,0.828,45,265,3937,0.26557068,0.804465129,0.462500985,295
2026-09-18T22:21:50.121,21,0.003,0.55,10,manhattan,0.1307,0.2734,0.2227,15,119,669,0.910305251,0.119098806,0.197883081,294
2026-09-18T22:21:52.823,21,0.003,0.6,5,manhattan,0.9364,0.9283,0.9482,1,405,9144,0.399779945,1.280778502,1.020324121,295
2026-09-18T22:21:56.241,21,0.003,0.6,6,manhattan,0.9875,0.9881,0.987,1,1251,9142,0.43946828,1.992891414,0.983294648,295
2026-09-18T22:21:59.828,21,0.003,0.6,7,manhattan,1.0,1.0,1.0,1,1438,9131,0.343578248,2.230294512,1.011069092,295
2026-09-18T22:22:02.718,21,0.003,0.6,8,manhattan,0.9976,0.9977,0.9976,4,742,8631,0.235517451,1.727365572,0.924584808,295
2026-09-18T22:22:03.79,21,0.003,0.6,9,manhattan,0.7335,0.7439,0.7875,37,265,2633,0.24973862,0.491235679,0.323169763,295
2026-09-18T22:22:04.994,21,0.003,0.6,10,manhattan,0.3382,0.4222,0.3669,5,119,309,0.916038669,0.080803737,0.205415961,290
2026-09-18T22:22:07.94,21,0.003,0.65,5,manhattan,0.979,0.9752,0.9837,1,405,9039,0.382904037,1.373878161,1.186581705,295
2026-09-18T22:22:11.448,21,0.003,0.65,6,manhattan,0.98,0.9755,0.9855,1,1251,9052,0.540850357,1.960637135,1.004610861,295
2026-09-18T22:22:15.032,21,0.003,0.65,7,manhattan,0.9899,0.9871,0.993,1,1438,9048,0.333562298,2.264913271,0.983186184,295
2026-09-18T22:22:18.883,21,0.003,0.65,8,manhattan,0.9891,0.99,0.9885,5,742,8520,0.263896792,2.100956472,1.484079527,295
2026-09-18T22:22:20.365,21,0.003,0.65,9,manhattan,0.6219,0.6678,0.6466,26,265,1549,0.39266346,0.531866872,0.555322815,295
2026-09-18T22:22:21.641,21,0.003,0.65,10,manhattan,0.2854,0.4015,0.2964,5,119,246,0.949413972,0.137768731,0.185976944,275
2026-09-18T22:22:24.934,21,0.003,0.7,5,manhattan,0.9788,0.9795,0.9796,1,405,9016,0.378623389,1.457384201,1.455023633,295
2026-09-18T22:22:30.072,21,0.003,0.7,6,manhattan,0.9713,0.9644,0.9792,1,1251,9017,0.657948977,2.842681984,1.635450004,295
2026-09-18T22:22:35.397,21,0.003,0.7,7,manhattan,0.9893,0.9878,0.9908,1,1438,8992,0.495075069,3.315675727,1.512187954,295
2026-09-18T22:22:39.406,21,0.003,0.7,8,manhattan,0.9959,0.9944,0.9975,5,742,8327,0.388539885,2.6314379,0.986066372,295
2026-09-18T22:22:40.198,21,0.003,0.7,9,manhattan,0.4664,0.5986,0.513,20,265,961,0.251413206,0.26412196,0.275617849,295
2026-09-18T22:22:41.374,21,0.003,0.7,10,manhattan,0.3035,0.4788,0.3177,3,119,113,0.840771815,0.1157555,0.217355972,238
2026-09-18T22:22:45.349,21,0.003,0.75,5,manhattan,0.9592,0.9526,0.9694,1,405,8999,0.517010216,1.850617636,1.603748519,295
2026-09-18T22:22:50.237,21,0.003,0.75,6,manhattan,0.9788,0.9715,0.9882,1,1251,8998,0.614498358,2.706202106,1.565201811,295
2026-09-18T22:22:55.427,21,0.003,0.75,7,manhattan,0.9976,0.9976,0.9977,1,1438,8991,0.531879652,3.200990266,1.455176166,295
2026-09-18T22:22:59.575,21,0.003,0.75,8,manhattan,0.9911,0.9876,0.9951,8,742,8037,0.355775694,2.552778572,1.237105158,295
2026-09-18T22:23:00.83,21,0.003,0.75,9,manhattan,0.3171,0.3954,0.3403,7,265,383,0.418670638,0.400220854,0.433933072,295
2026-09-18T22:23:02.208,21,0.003,0.75,10,manhattan,0.127,0.3338,0.1942,2,119,56,1.097989816,0.172290271,0.105287047,182
2026-09-18T22:23:05.366,21,0.003,0.8,5,manhattan,0.9709,0.9657,0.9783,1,405,8993,0.676633079,1.464334395,1.015087555,295
2026-09-18T22:23:10.582,21,0.003,0.8,6,manhattan,0.9878,0.9831,0.9929,1,1251,8993,0.76180721,3.03705875,1.414364992,295
2026-09-18T22:23:15.669,21,0.003,0.8,7,manhattan,0.9956,0.9936,0.9977,1,1438,8956,0.597829458,3.05929638,1.426868901,295
2026-09-18T22:23:19.881,21,0.003,0.8,8,manhattan,0.9916,0.988,0.9954,19,742,7507,0.405418728,2.501553422,1.302282519,295
2026-09-18T22:23:20.927,21,0.003,0.8,9,manhattan,0.3606,0.5148,0.376,3,265,188,0.26237865,0.257550517,0.52437876,295
2026-09-18T22:24:35.761,22,0.0015,0.5,5,manhattan,0.9263,0.9158,0.9422,3,412,9587,1.7332972,7.010137363,3.295724073,295
2026-09-18T22:24:42.47,22,0.0015,0.5,6,manhattan,0.985,0.9804,0.9902,1,1240,9645,0.868376196,2.956583127,1.410157818,295
2026-09-18T22:24:48.178,22,0.0015,0.5,7,manhattan,0.9894,0.9876,0.9918,7,1468,9364,0.682157322,3.481955379,1.540456526,295
2026-09-18T22:24:52.282,22,0.0015,0.5,8,manhattan,0.9692,0.9679,0.972,47,773,7293,0.400753535,2.665861524,1.035560854,295
2026-09-18T22:24:53.434,22,0.0015,0.5,9,manhattan,0.3461,0.3999,0.3526,22,299,627,0.49963529,0.416008355,0.2318373,295
2026-09-18T22:24:54.824,22,0.0015,0.5,10,manhattan,0.3057,0.399,0.317,3,149,55,1.238412658,0.067831612,0.082126114,202
2026-09-18T22:24:57.979,22,0.0015,0.55,5,manhattan,0.9242,0.921,0.93,4,412,9470,0.410675967,1.325634189,1.415655172,295
2026-09-18T22:25:03.105,22,0.0015,0.55,6,manhattan,0.9936,0.9921,0.9954,3,1240,9621,0.805179816,2.788546265,1.521026448,295
2026-09-18T22:25:08.282,22,0.0015,0.55,7,manhattan,0.992,0.9892,0.9952,2,1468,9102,0.554601703,3.08793141,1.526173338,295
2026-09-18T22:25:12.05,22,0.0015,0.55,8,manhattan,0.9613,0.9556,0.9701,53,773,6403,0.233963062,2.581368346,0.950172379,295
2026-09-18T22:25:13.186,22,0.0015,0.55,9,manhattan,0.3932,0.4956,0.4188,11,299,255,0.489058444,0.321662586,0.322314206,295
2026-09-18T22:25:19.702,22,0.0015,0.6,5,manhattan,0.9614,0.9611,0.9641,1,412,9074,0.740014958,1.808326733,1.344970051,295
2026-09-18T22:25:24.205,22,0.0015,0.6,6,manhattan,0.9734,0.9671,0.9807,1,1240,9172,0.785704132,2.718949203,0.996760482,295
2026-09-18T22:25:29.293,22,0.0015,0.6,7,manhattan,0.9801,0.9771,0.9842,2,1468,9090,0.421538045,3.129407824,1.534607102,295
2026-09-18T22:25:32.971,22,0.0015,0.6,8,manhattan,0.9651,0.9596,0.9733,59,773,5440,0.414643166,2.19610877,1.059832335,295
2026-09-18T22:25:33.703,22,0.0015,0.6,9,manhattan,0.3515,0.4289,0.3851,3,299,91,0.336785686,0.110449023,0.281816969,288
2026-09-18T22:25:38.954,22,0.0015,0.65,5,manhattan,0.9402,0.9383,0.943,2,412,9051,0.60468816,2.135403911,1.225528533,295
2026-09-18T22:25:43.92,22,0.0015,0.65,6,manhattan,0.9839,0.9779,0.9905,1,1240,9095,0.785855898,2.71379093,1.46275619,295
2026-09-18T22:25:48.884,22,0.0015,0.65,7,manhattan,0.9923,0.9896,0.9953,3,1468,9014,0.485852725,3.020666562,1.444142208,295
2026-09-18T22:25:52.1,22,0.0015,0.65,8,manhattan,0.9102,0.9116,0.9196,68,773,4482,0.403796104,2.094219574,0.712327325,295
2026-09-18T22:25:52.602,22,0.0015,0.65,9,manhattan,0.3117,0.3539,0.3202,2,299,44,0.25762818,0.117348722,0.12539759,270
2026-09-18T22:25:57.608,22,0.0015,0.7,5,manhattan,0.9561,0.9522,0.9628,3,412,8976,0.626117726,1.982842778,1.40503656,295
2026-09-18T22:26:02.455,22,0.0015,0.7,6,manhattan,0.9646,0.9585,0.9719,1,1240,9065,0.618211684,2.784553783,1.43290145,295
2026-09-18T22:26:07.553,22,0.0015,0.7,7,manhattan,0.9844,0.9798,0.9905,2,1468,8882,0.483660545,3.152877946,1.457955573,295
2026-09-18T22:26:09.82,22,0.0015,0.7,8,manhattan,0.807,0.8217,0.8265,72,773,3065,0.236190582,1.61164639,0.417138318,295
2026-09-18T22:26:10.385,22,0.0015,0.7,9,manhattan,0.3832,0.4121,0.4196,1,299,16,0.379169339,0.084848461,0.098287826,167
2026-09-18T22:26:15.093,22,0.0015,0.75,5,manhattan,0.9538,0.9538,0.9562,8,412,8922,0.586280141,1.683506172,1.182591248,295
2026-09-18T22:26:19.247,22,0.0015,0.75,6,manhattan,0.9915,0.988,0.9952,1,1240,9004,0.608072882,2.4965657,1.047682312,295
2026-09-18T22:26:23.294,22,0.0015,0.75,7,manhattan,1.0,1.0,1.0,5,1468,8838,0.311232267,2.363884913,1.369402447,295
2026-09-18T22:26:24.867,22,0.0015,0.75,8,manhattan,0.6788,0.7513,0.6778,57,773,1719,0.378397941,0.901634166,0.290371838,295
2026-09-18T22:26:30.186,22,0.0015,0.8,5,manhattan,0.921,0.9172,0.9287,26,412,8562,0.469353191,1.93792563,1.194851969,295
2026-09-18T22:26:34.233,22,0.0015,0.8,6,manhattan,0.9712,0.9721,0.9712,1,1240,8979,0.59057308,2.170287648,1.283304245,295
2026-09-18T22:26:38.661,22,0.0015,0.8,7,manhattan,0.9754,0.9707,0.9815,4,1468,8695,0.403570446,2.800376135,1.222727545,295
2026-09-18T22:26:39.801,22,0.0015,0.8,8,manhattan,0.5878,0.6283,0.5986,34,773,788,0.356878349,0.508678839,0.271393284,295
2026-09-18T22:26:44.705,22,0.002,0.5,5,manhattan,0.9611,0.9588,0.964,2,412,9612,0.639540957,1.654912209,0.839743121,295
2026-09-18T22:26:49.059,22,0.002,0.5,6,manhattan,0.9581,0.949,0.9735,1,1240,9651,0.495874472,2.433203168,1.422075758,295
2026-09-18T22:26:53.551,22,0.002,0.5,7,manhattan,0.9935,0.9952,0.9919,1,1468,9630,0.511578513,2.682418677,1.295762758,295
2026-09-18T22:26:57.284,22,0.002,0.5,8,manhattan,0.977,0.9734,0.9825,9,773,8478,0.318774087,2.368322424,1.043854935,295
2026-09-18T22:26:58.564,22,0.002,0.5,9,manhattan,0.6417,0.7244,0.6702,45,299,1953,0.476271328,0.554710376,0.246950972,295
2026-09-18T22:27:00.38,22,0.002,0.5,10,manhattan,0.3347,0.4084,0.3657,13,149,385,1.167534078,0.383435249,0.261969869,291
2026-09-18T22:27:04.041,22,0.002,0.55,5,manhattan,0.9299,0.9234,0.9405,2,412,9571,0.596928994,1.768319921,1.293421047,295
2026-09-18T22:27:09.083,22,0.002,0.55,6,manhattan,0.9572,0.9483,0.9688,1,1240,9648,0.593463395,2.719037902,1.727231477,295
2026-09-18T22:27:13.603,22,0.002,0.55,7,manhattan,0.9863,0.9856,0.9874,5,1468,9471,0.484531746,2.497691893,1.534874245,295
2026-09-18T22:27:17.989,22,0.002,0.55,8,manhattan,0.9785,0.9734,0.9852,11,773,8285,0.520041611,2.704184179,1.158184205,295
2026-09-18T22:27:19.575,22,0.002,0.55,9,manhattan,0.5138,0.5737,0.537,28,299,1260,0.43281575,0.632398211,0.518518231,295
2026-09-18T22:27:22.171,22,0.002,0.55,10,manhattan,0.3262,0.3598,0.3982,8,149,227,1.371866101,0.526164114,0.696253824,289
2026-09-18T22:27:28.66,22,0.002,0.6,5,manhattan,0.9511,0.941,0.9682,2,412,9177,0.91574268,3.292664463,2.278429112,295
2026-09-18T22:27:36.717,22,0.002,0.6,6,manhattan,0.975,0.9686,0.9831,1,1240,9191,0.878658592,4.814988913,2.359925606,295
2026-09-18T22:27:44.718,22,0.002,0.6,7,manhattan,0.9942,0.9936,0.9949,3,1468,9171,0.711040848,5.006733426,2.280448436,295
2026-09-18T22:27:51.747,22,0.002,0.6,8,manhattan,0.9919,0.9892,0.995,25,773,7943,0.522864668,4.499862571,1.999241671,295
2026-09-18T22:27:53.603,22,0.002,0.6,9,manhattan,0.4196,0.543,0.4512,16,299,695,0.570159148,0.788920886,0.492854531,295
2026-09-18T22:27:55.612,22,0.002,0.6,10,manhattan,0.2219,0.2533,0.2669,2,149,59,1.295730072,0.244875496,0.465524208,227
2026-09-18T22:28:02.057,22,0.002,0.65,5,manhattan,0.9624,0.9589,0.9669,1,412,9102,0.949307114,3.123285948,2.369833442,295
2026-09-18T22:28:09.776,22,0.002,0.65,6,manhattan,0.9765,0.9716,0.9823,2,1240,9147,0.895289357,4.590345343,2.230518283,295
2026-09-18T22:28:18.113,22,0.002,0.65,7,manhattan,0.9875,0.9869,0.9887,2,1468,9108,0.835279001,5.352892943,2.146368028,295
2026-09-18T22:28:25.278,22,0.002,0.65,8,manhattan,0.9791,0.9752,0.9838,38,773,7297,0.517883024,4.75856498,1.884673963,295
2026-09-18T22:28:26.908,22,0.002,0.65,9,manhattan,0.4643,0.5488,0.4765,9,299,395,0.51406347,0.607410996,0.50619151,295
2026-09-18T22:28:28.978,22,0.002,0.65,10,manhattan,0.1843,0.2262,0.2439,1,149,20,1.506546657,0.263341134,0.295136765,139
2026-09-18T22:28:35.688,22,0.002,0.7,5,manhattan,0.9626,0.958,0.9685,2,412,9050,0.899312011,3.350392404,2.45799811,295
2026-09-18T22:28:43.17,22,0.002,0.7,6,manhattan,0.9686,0.961,0.9783,1,1240,9096,1.018424157,4.247110575,2.210858358,295
2026-09-18T22:28:51.027,22,0.002,0.7,7,manhattan,0.9918,0.9887,0.9951,2,1468,9060,0.801228611,4.808845806,2.242621862,295
2026-09-18T22:28:57.488,22,0.002,0.7,8,manhattan,0.9515,0.9411,0.9683,43,773,6359,0.519036873,4.172662262,1.746569085,295
2026-09-18T22:28:59.061,22,0.002,0.7,9,manhattan,0.4437,0.4485,0.444,6,299,213,0.539939207,0.512151003,0.518727685,295
2026-09-18T22:29:06.555,22,0.002,0.75,5,manhattan,0.9593,0.9539,0.9656,1,412,9004,0.884264618,2.979934168,2.179544492,295
2026-09-18T22:29:14.485,22,0.002,0.75,6,manhattan,0.9719,0.9688,0.9758,1,1240,9016,0.966277939,4.434106924,2.527045242,295
2026-09-18T22:29:22.379,22,0.002,0.75,7,manhattan,0.9819,0.9769,0.988,1,1468,8981,0.789669097,5.02458055,2.073978708,295
2026-09-18T22:29:28.627,22,0.002,0.75,8,manhattan,0.9871,0.9821,0.9927,42,773,5382,0.543195421,4.198311225,1.500986865,295
2026-09-18T22:29:30.031,22,0.002,0.75,9,manhattan,0.3437,0.4229,0.369,4,299,117,0.499654497,0.401515294,0.479308799,291
2026-09-18T22:29:37.509,22,0.002,0.8,5,manhattan,0.965,0.9618,0.9704,1,412,8991,0.894419553,2.896825037,2.28408752,295
2026-09-18T22:29:44.714,22,0.002,0.8,6,manhattan,0.9737,0.9682,0.9799,1,1240,8985,0.890656989,4.153554782,2.15705676,295
2026-09-18T22:29:52.85,22,0.002,0.8,7,manhattan,0.9907,0.9889,0.9929,2,1468,8914,0.766939502,4.99852532,2.367246099,295
2026-09-18T22:29:57.782,22,0.002,0.8,8,manhattan,0.968,0.9575,0.9808,55,773,4299,0.607401288,3.311053905,1.011185588,295
2026-09-18T22:29:59.288,22,0.002,0.8,9,manhattan,0.3257,0.3691,0.3539,1,299,37,0.6822155,0.442057788,0.379119263,244
2026-09-18T22:30:07.007,22,0.0025,0.5,5,manhattan,0.9408,0.9409,0.9422,2,412,9649,0.953065628,3.243662783,2.03432711,295
2026-09-18T22:30:14.798,22,0.0025,0.5,6,manhattan,0.9699,0.9642,0.9779,1,1240,9655,0.981126422,4.418700617,2.384700434,295
2026-09-18T22:30:22.878,22,0.0025,0.5,7,manhattan,0.9936,0.992,0.9953,1,1468,9640,0.751265982,4.986361468,2.338802504,295
2026-09-18T22:30:29.478,22,0.0025,0.5,8,manhattan,0.9884,0.9844,0.9929,4,773,8873,0.564628968,4.033966457,1.996816988,295
2026-09-18T22:30:33.209,22,0.0025,0.5,9,manhattan,0.7665,0.7966,0.8056,59,299,3974,0.500345367,2.162681504,1.064790164,295
2026-09-18T22:30:35.822,22,0.0025,0.5,10,manhattan,0.3396,0.4404,0.3912,22,149,920,1.37348251,0.603263327,0.633643343,295
2026-09-18T22:30:41.645,22,0.0025,0.55,5,manhattan,0.9784,0.9734,0.9851,2,412,9603,0.591216877,3.084482016,2.143311839,295
2026-09-18T22:30:49.126,22,0.0025,0.55,6,manhattan,0.9768,0.9728,0.9816,1,1240,9652,0.923527479,4.381215777,2.173589329,295
2026-09-18T22:30:57.076,22,0.0025,0.55,7,manhattan,0.9915,0.988,0.9952,1,1468,9632,0.747558453,4.88420506,2.315679285,295
2026-09-18T22:31:03.85,22,0.0025,0.55,8,manhattan,0.9876,0.9828,0.9928,5,773,8703,0.635940216,3.997670388,2.134456373,295
2026-09-18T22:31:07.006,22,0.0025,0.55,9,manhattan,0.7458,0.7481,0.7637,53,299,2846,0.566246773,1.724614451,0.861592853,295
2026-09-18T22:31:09.656,22,0.0025,0.55,10,manhattan,0.2729,0.3992,0.2829,15,149,606,1.328488467,0.571206698,0.741693874,295
2026-09-18T22:31:16.22,22,0.0025,0.6,5,manhattan,0.9284,0.9183,0.942,1,412,9210,0.973511618,3.254145972,2.334383501,295
2026-09-18T22:31:23.851,22,0.0025,0.6,6,manhattan,0.9836,0.9804,0.9869,1,1240,9210,0.929020712,4.393121565,2.306146357,295
2026-09-18T22:31:32.044,22,0.0025,0.6,7,manhattan,0.9835,0.9795,0.9882,1,1468,9202,0.776158144,5.0849369,2.304050488,295
2026-09-18T22:31:38.799,22,0.0025,0.6,8,manhattan,0.9686,0.9625,0.9786,7,773,8452,0.622069582,4.184466082,1.925253194,295
2026-09-18T22:31:41.297,22,0.0025,0.6,9,manhattan,0.5639,0.6122,0.6396,31,299,1737,0.588520023,1.081358003,0.825469781,295
2026-09-18T22:31:43.649,22,0.0025,0.6,10,manhattan,0.3156,0.3492,0.3424,6,149,237,1.373479647,0.532894169,0.44263377,292
2026-09-18T22:31:49.466,22,0.0025,0.65,5,manhattan,0.9603,0.9589,0.9621,1,412,9107,0.800362229,2.997162707,2.016514768,295
2026-09-18T22:31:57.647,22,0.0025,0.65,6,manhattan,0.958,0.95,0.9675,1,1240,9153,0.979986891,4.476875193,2.721598147,295
2026-09-18T22:32:05.959,22,0.0025,0.65,7,manhattan,0.992,0.9892,0.9952,1,1468,9116,0.737845615,5.244713693,2.325959166,295
2026-09-18T22:32:12.789,22,0.0025,0.65,8,manhattan,0.9685,0.9653,0.9761,7,773,8290,0.542569573,4.372370788,1.912062394,295
2026-09-18T22:32:14.847,22,0.0025,0.65,9,manhattan,0.4538,0.5392,0.4888,20,299,1054,0.573784053,0.936128468,0.545539646,295
2026-09-18T22:32:17.115,22,0.0025,0.65,10,manhattan,0.3392,0.3582,0.3849,4,149,144,1.304868256,0.342656622,0.618751557,268
2026-09-18T22:32:22.972,22,0.0025,0.7,5,manhattan,0.9626,0.9579,0.9679,1,412,9070,0.914861004,2.880347294,2.05807974,295
2026-09-18T22:32:30.38,22,0.0025,0.7,6,manhattan,0.9704,0.9684,0.9728,1,1240,9107,0.969772032,4.146129528,2.289144664,295
2026-09-18T22:32:38.68,22,0.0025,0.7,7,manhattan,0.985,0.9831,0.9873,2,1468,9113,0.754681784,5.235732513,2.307282536,295
2026-09-18T22:32:45.458,22,0.0025,0.7,8,manhattan,0.9921,0.9892,0.9954,18,773,8048,0.56866084,4.249191778,1.957663639,295
2026-09-18T22:32:47.198,22,0.0025,0.7,9,manhattan,0.5703,0.6378,0.5883,12,299,639,0.537481838,0.593048887,0.605578498,295
2026-09-18T22:32:49.397,22,0.0025,0.7,10,manhattan,0.3516,0.3614,0.3508,3,149,91,1.303928541,0.306528102,0.586936929,234
2026-09-18T22:32:56.273,22,0.0025,0.75,5,manhattan,0.9169,0.9096,0.9334,1,412,9008,1.028577834,3.286730112,2.554288403,295
2026-09-18T22:33:04.111,22,0.0025,0.75,6,manhattan,0.9917,0.9887,0.995,1,1240,9030,1.011445537,4.649798226,2.171959021,295
2026-09-18T22:33:12.675,22,0.0025,0.75,7,manhattan,0.9915,0.988,0.9952,2,1468,9010,0.797527228,5.339200193,2.419993652,295
2026-09-18T22:33:19.21,22,0.0025,0.75,8,manhattan,0.9956,0.9936,0.9977,25,773,7331,0.509580352,4.125395511,1.896466119,295
2026-09-18T22:33:20.818,22,0.0025,0.75,9,manhattan,0.3394,0.4648,0.3865,7,299,363,0.607938647,0.516811029,0.479815009,295
2026-09-18T22:33:22.935,22,0.0025,0.75,10,manhattan,0.2851,0.3208,0.3154,1,149,24,1.379443331,0.27763382,0.458235354,160
2026-09-18T22:33:29.382,22,0.0025,0.8,5,manhattan,0.9598,0.9609,0.961,1,412,8995,0.974754166,3.237507314,2.232213264,295
2026-09-18T22:33:36.649,22,0.0025,0.8,6,manhattan,0.9667,0.9656,0.9679,1,1240,8994,0.981728874,4.13078475,2.15106018,295
2026-09-18T22:33:44.309,22,0.0025,0.8,7,manhattan,0.982,0.9776,0.9868,1,1468,8973,0.748487693,4.7452646,2.164088528,295
2026-09-18T22:33:50.599,22,0.0025,0.8,8,manhattan,0.996,0.9944,0.9977,34,773,6348,0.468884695,4.201254689,1.61734796,295
2026-09-18T22:33:52.22,22,0.0025,0.8,9,manhattan,0.3764,0.4211,0.3793,5,299,217,0.614077354,0.453544528,0.550650987,295
2026-09-18T22:34:00.593,22,0.003,0.5,5,manhattan,0.9385,0.9268,0.9547,1,412,9660,1.016508688,3.504216757,2.199851708,295
2026-09-18T22:34:08.344,22,0.003,0.5,6,manhattan,0.9515,0.9465,0.961,1,1240,9660,1.006905919,4.410177177,2.330703908,295
2026-09-18T22:34:16.328,22,0.003,0.5,7,manhattan,0.9959,0.9944,0.9975,1,1468,9645,0.785503478,4.772594645,2.401738375,295
2026-09-18T22:34:22.9,22,0.003,0.5,8,manhattan,1.0,1.0,1.0,1,773,9015,0.612500266,3.868173389,2.088884811,295
2026-09-18T22:34:27.704,22,0.003,0.5,9,manhattan,0.9288,0.9206,0.9404,38,299,5422,0.617489315,2.687522265,1.494755408,295
2026-09-18T22:34:31.037,22,0.003,0.5,10,manhattan,0.4391,0.5172,0.483,26,149,1620,1.358683403,1.008676537,0.963400125,295
2026-09-18T22:34:36.758,22,0.003,0.55,5,manhattan,0.9494,0.9449,0.9564,2,412,9622,0.696741875,2.969984777,2.050774333,295
2026-09-18T22:34:43.603,22,0.003,0.55,6,manhattan,0.9768,0.9736,0.9808,1,1240,9657,0.966974117,3.944462581,1.929835834,295
2026-09-18T22:34:51.221,22,0.003,0.55,7,manhattan,0.9838,0.982,0.9863,1,1468,9638,0.77897338,4.970681523,1.8657392,295
2026-09-18T22:34:57.024,22,0.003,0.55,8,manhattan,1.0,1.0,1.0,3,773,8898,0.542757026,3.582788434,1.675172421,295
2026-09-18T22:35:00.604,22,0.003,0.55,9,manhattan,0.8481,0.8464,0.8762,45,299,4454,0.447688818,1.875268216,1.253899912,295
2026-09-18T22:35:03.441,22,0.003,0.55,10,manhattan,0.3458,0.5486,0.3714,21,149,1115,1.416136448,0.842375303,0.575957797,295
2026-09-18T22:35:08.933,22,0.003,0.6,5,manhattan,0.9595,0.9522,0.9703,1,412,9215,0.808943777,2.664247001,2.016010723,295
2026-09-18T22:35:15.527,22,0.003,0.6,6,manhattan,0.9846,0.9831,0.9868,1,1240,9215,0.762659274,3.876602753,1.952389079,295
2026-09-18T22:35:22.846,22,0.003,0.6,7,manhattan,1.0,1.0,1.0,1,1468,9213,0.647219597,4.532221054,2.137476104,295
2026-09-18T22:35:29.093,22,0.003,0.6,8,manhattan,0.9904,0.9909,0.9902,3,773,8712,0.575029186,3.760675024,1.907562445,295
2026-09-18T22:35:32.118,22,0.003,0.6,9,manhattan,0.8151,0.8262,0.8391,46,299,3336,0.542186982,1.678468724,0.801494148,295
2026-09-18T22:35:34.532,22,0.003,0.6,10,manhattan,0.449,0.4746,0.4478,12,149,599,1.293102849,0.615672671,0.502749168,295
2026-09-18T22:35:39.719,22,0.003,0.65,5,manhattan,0.9481,0.9425,0.9596,1,412,9158,0.725222766,2.630743258,1.828714964,295
2026-09-18T22:35:46.853,22,0.003,0.65,6,manhattan,0.9603,0.9556,0.9658,1,1240,9158,0.879522529,4.242829789,2.008220407,295
2026-09-18T22:35:54.117,22,0.003,0.65,7,manhattan,0.9915,0.988,0.9953,1,1468,9152,0.766888589,4.522769212,1.972260065,295
2026-09-18T22:35:59.944,22,0.003,0.65,8,manhattan,0.9959,0.9944,0.9975,2,773,8560,0.506680817,3.627395556,1.689634752,295
2026-09-18T22:36:02.257,22,0.003,0.65,9,manhattan,0.6165,0.6749,0.6431,26,299,2068,0.44853781,1.160596246,0.701542352,295
2026-09-18T22:36:04.587,22,0.003,0.65,10,manhattan,0.3019,0.3901,0.3409,6,149,281,1.269792105,0.511008817,0.547538087,292
2026-09-18T22:36:09.958,22,0.003,0.7,5,manhattan,0.9485,0.9417,0.9567,1,412,9111,0.902015081,2.490985376,1.974748443,295
2026-09-18T22:36:16.936,22,0.003,0.7,6,manhattan,0.9807,0.9813,0.9803,1,1240,9114,0.878536998,3.97136338,2.124962556,295
2026-09-18T22:36:24.946,22,0.003,0.7,7,manhattan,0.9916,0.988,0.9954,1,1468,9120,0.735779218,5.119186897,2.1481809,295
2026-09-18T22:36:32.151,22,0.003,0.7,8,manhattan,0.9899,0.9892,0.991,4,773,8437,0.464525198,4.573485778,2.164200903,295
2026-09-18T22:36:34.615,22,0.003,0.7,9,manhattan,0.6625,0.6758,0.6933,22,299,1379,0.578081253,1.194355328,0.689386601,295
2026-09-18T22:36:37.039,22,0.003,0.7,10,manhattan,0.2673,0.3608,0.3185,5,149,211,1.426493574,0.321157353,0.673526605,283
2026-09-18T22:36:43.096,22,0.003,0.75,5,manhattan,0.9756,0.9712,0.9805,1,412,9032,0.960606679,2.903793599,2.190124482,295
2026-09-18T22:36:50.578,22,0.003,0.75,6,manhattan,0.9714,0.9671,0.9778,1,1240,9035,0.904179535,4.552669908,2.022665767,295
2026-09-18T22:36:58.366,22,0.003,0.75,7,manhattan,0.9885,0.9902,0.9869,1,1468,9031,0.871422886,4.766915774,2.145320337,295
2026-09-18T22:37:05.611,22,0.003,0.75,8,manhattan,0.9784,0.9755,0.9836,8,773,8244,0.518646879,4.519019429,2.20309584,295
2026-09-18T22:37:07.586,22,0.003,0.75,9,manhattan,0.4867,0.5615,0.5172,11,299,768,0.699258469,0.750312857,0.522233652,295
2026-09-18T22:37:09.883,22,0.003,0.75,10,manhattan,0.294,0.3116,0.3407,2,149,83,1.633798186,0.305463301,0.352328114,247
2026-09-18T22:37:15.764,22,0.003,0.8,5,manhattan,0.9759,0.9711,0.9816,1,412,8999,0.935360143,2.827371499,2.114981736,295
2026-09-18T22:37:23.085,22,0.003,0.8,6,manhattan,0.977,0.978,0.9763,1,1240,8998,1.013788156,4.210465439,2.094624025,295
2026-09-18T22:37:31.7,22,0.003,0.8,7,manhattan,0.9634,0.9552,0.9754,1,1468,8988,0.755298134,5.164399265,2.69072938,295
2026-09-18T22:37:39.235,22,0.003,0.8,8,manhattan,0.9777,0.9728,0.9836,18,773,7746,0.417487526,4.633444801,2.480872765,295
2026-09-18T22:37:40.827,22,0.003,0.8,9,manhattan,0.4788,0.5306,0.5269,5,299,394,0.561684107,0.438486729,0.589421116,295
2026-09-18T22:37:42.72,22,0.003,0.8,10,manhattan,0.34,0.4173,0.3954,1,149,43,1.318266414,0.278981898,0.293010585,204
2026-09-18T22:39:12.322,23,0.0015,0.5,5,manhattan,0.9418,0.9374,0.9488,2,411,9597,2.140486476,10.634498243,5.075696259,295
2026-09-18T22:39:22.162,23,0.0015,0.5,6,manhattan,0.9792,0.9749,0.9848,1,1243,9645,0.905264101,4.820273739,2.435880467,295
2026-09-18T22:39:31.005,23,0.0015,0.5,7,manhattan,0.9922,0.9922,0.9925,5,1460,9316,0.755742465,5.654580339,2.429096776,295
2026-09-18T22:39:38.181,23,0.0015,0.5,8,manhattan,0.9721,0.9653,0.9828,45,754,7199,0.527693082,4.507974855,2.136817291,295
2026-09-18T22:39:40.278,23,0.0015,0.5,9,manhattan,0.3587,0.4281,0.3739,26,279,620,0.596859711,0.719157462,0.776694456,295
2026-09-18T22:39:42.402,23,0.0015,0.5,10,manhattan,0.2335,0.3866,0.2428,4,122,67,1.467784628,0.290014879,0.36237263,213
2026-09-18T22:39:49.204,23,0.0015,0.55,5,manhattan,0.9324,0.9312,0.9359,3,411,9556,0.923080284,3.435801271,2.440191844,295
2026-09-18T22:39:57.92,23,0.0015,0.55,6,manhattan,0.9814,0.9756,0.988,1,1243,9638,1.03829654,5.072524622,2.601141763,295
2026-09-18T22:40:06.616,23,0.0015,0.55,7,manhattan,0.9832,0.9769,0.9904,6,1460,9223,0.80611157,5.293588752,2.593917861,295
2026-09-18T22:40:12.945,23,0.0015,0.55,8,manhattan,0.983,0.9799,0.9875,64,754,6178,0.426402986,4.141668759,1.756905747,295
2026-09-18T22:40:14.667,23,0.0015,0.55,9,manhattan,0.2937,0.4193,0.3326,12,279,308,0.617047708,0.538865326,0.544474985,295
2026-09-18T22:40:16.649,23,0.0015,0.55,10,manhattan,0.0909,0.0854,0.0972,1,122,16,1.575556073,0.25589821,0.147716516,81
2026-09-18T22:40:23.827,23,0.0015,0.6,5,manhattan,0.957,0.958,0.9572,9,411,9259,0.922080156,3.720179184,2.533171377,295
2026-09-18T22:40:32.296,23,0.0015,0.6,6,manhattan,0.9669,0.9626,0.9718,10,1243,9459,0.988125016,4.987686289,2.486357547,295
2026-09-18T22:40:41.081,23,0.0015,0.6,7,manhattan,0.9842,0.982,0.9875,2,1460,9052,0.759327423,5.566950656,2.455917816,295
2026-09-18T22:40:46.93,23,0.0015,0.6,8,manhattan,0.9671,0.9641,0.9719,63,754,5186,0.497782608,3.696758998,1.651889125,295
2026-09-18T22:40:48.668,23,0.0015,0.6,9,manhattan,0.2325,0.5209,0.3043,6,279,145,0.600682898,0.549464732,0.583603192,292
2026-09-18T22:40:57.947,23,0.0015,0.65,5,manhattan,0.9544,0.9468,0.9658,4,411,9071,0.669007449,3.258795032,2.552810979,295
2026-09-18T22:41:06.402,23,0.0015,0.65,6,manhattan,0.9825,0.9794,0.986,2,1243,9091,0.906936383,4.906991295,2.636838594,295
2026-09-18T22:41:15.611,23,0.0015,0.65,7,manhattan,0.9867,0.9822,0.9925,3,1460,8995,0.718932153,5.950846858,2.533830051,295
2026-09-18T22:41:20.185,23,0.0015,0.65,8,manhattan,0.9372,0.9317,0.9472,62,754,3813,0.501873497,2.83568374,1.230566749,295
2026-09-18T22:41:21.764,23,0.0015,0.65,9,manhattan,0.3052,0.5418,0.3569,3,279,60,0.559004014,0.563045803,0.440597964,273
2026-09-18T22:41:30.291,23,0.0015,0.7,5,manhattan,0.9632,0.9587,0.9696,4,411,8998,0.699328659,3.649255345,2.460238202,295
2026-09-18T22:41:38.669,23,0.0015,0.7,6,manhattan,0.9955,0.9936,0.9975,2,1243,9055,0.986207102,4.890172935,2.498480542,295
2026-09-18T22:41:47.11,23,0.0015,0.7,7,manhattan,0.9898,0.9878,0.9919,5,1460,8935,0.702371229,5.324572128,2.411366566,295
2026-09-18T22:41:50.887,23,0.0015,0.7,8,manhattan,0.779,0.7763,0.8026,69,754,2607,0.463272313,2.366722568,0.943396999,295
2026-09-18T22:41:52.386,23,0.0015,0.7,9,manhattan,0.2856,0.3425,0.354,1,279,18,0.626523994,0.495903945,0.369870171,192
2026-09-18T22:42:01.183,23,0.0015,0.75,5,manhattan,0.9561,0.9467,0.9675,10,411,8865,0.902641907,3.729079208,2.574149403,295
2026-09-18T22:42:09.353,23,0.0015,0.75,6,manhattan,0.9976,0.9976,0.9977,1,1243,8992,0.943851247,4.716018598,2.506858782,295
2026-09-18T22:42:18.491,23,0.0015,0.75,7,manhattan,0.9918,0.9913,0.9925,3,1460,8793,0.659579145,5.823309539,2.650945921,295
2026-09-18T22:42:21.23,23,0.0015,0.75,8,manhattan,0.6099,0.6542,0.6407,51,754,1364,0.461207803,1.615702218,0.659162051,295
2026-09-18T22:42:30.706,23,0.0015,0.8,5,manhattan,0.9003,0.8958,0.9171,27,411,8507,0.854699441,4.102782344,2.284447133,295
2026-09-18T22:42:39.289,23,0.0015,0.8,6,manhattan,0.9791,0.9753,0.9839,1,1243,8966,0.899064493,5.026155473,2.654137882,295
2026-09-18T22:42:47.927,23,0.0015,0.8,7,manhattan,0.9932,0.9913,0.9952,6,1460,8688,0.741784878,5.497600413,2.395311503,295
2026-09-18T22:42:49.963,23,0.0015,0.8,8,manhattan,0.4806,0.6584,0.4983,15,754,406,0.57640562,0.940970221,0.515703973,295
2026-09-18T22:42:59.574,23,0.002,0.5,5,manhattan,0.9575,0.9503,0.9672,1,411,9656,0.928275505,3.78670581,2.430341,295
2026-09-18T22:43:08.567,23,0.002,0.5,6,manhattan,0.9785,0.9724,0.9855,1,1243,9652,0.960968458,5.214102642,2.814854739,295
2026-09-18T22:43:17.415,23,0.002,0.5,7,manhattan,0.9869,0.9822,0.9927,2,1460,9621,0.809341383,5.503275862,2.532443071,295
2026-09-18T22:43:25.192,23,0.002,0.5,8,manhattan,0.9931,0.9911,0.9952,10,754,8658,0.501941802,5.010475039,2.262467986,295
2026-09-18T22:43:28.039,23,0.002,0.5,9,manhattan,0.6309,0.6598,0.6792,49,279,2248,0.526034838,1.500516832,0.816510809,295
2026-09-18T22:43:30.49,23,0.002,0.5,10,manhattan,0.1543,0.1373,0.2761,12,122,376,1.48018182,0.417443246,0.550841444,294
2026-09-18T22:43:37.777,23,0.002,0.55,5,manhattan,0.9358,0.9272,0.9505,3,411,9626,0.924182451,3.701369088,2.65564415,295
2026-09-18T22:43:46.176,23,0.002,0.55,6,manhattan,0.98,0.973,0.9881,1,1243,9643,0.955129161,4.88665754,2.554536969,295
2026-09-18T22:43:54.928,23,0.002,0.55,7,manhattan,0.9902,0.9909,0.99,4,1460,9533,0.788862219,5.473436487,2.486898818,295
2026-09-18T22:44:02.229,23,0.002,0.55,8,manhattan,0.9902,0.9887,0.9919,12,754,8279,0.51052775,4.457699687,2.330054942,295
2026-09-18T22:44:04.819,23,0.002,0.55,9,manhattan,0.3941,0.5533,0.4934,40,279,1562,0.618048464,1.17433111,0.793898061,295
2026-09-18T22:44:07.436,23,0.002,0.55,10,manhattan,0.1775,0.3283,0.2213,8,122,183,1.473405043,0.412472217,0.728636262,281
2026-09-18T22:44:14.343,23,0.002,0.6,5,manhattan,0.9498,0.947,0.9534,2,411,9525,0.734595407,3.638910163,2.530036408,295
2026-09-18T22:44:23.092,23,0.002,0.6,6,manhattan,0.9869,0.9855,0.9884,1,1243,9592,0.999170358,4.999190838,2.74678008,295
2026-09-18T22:44:32.148,23,0.002,0.6,7,manhattan,0.9963,0.9977,0.9949,5,1460,9340,0.8010047,5.677586644,2.571182192,295
2026-09-18T22:44:39.506,23,0.002,0.6,8,manhattan,1.0,1.0,1.0,23,754,7992,0.534260335,4.473225073,2.34704162,295
2026-09-18T22:44:41.437,23,0.002,0.6,9,manhattan,0.4851,0.5492,0.5336,26,279,874,0.551596779,0.801052959,0.575874266,295
2026-09-18T22:44:43.356,23,0.002,0.6,10,manhattan,0.2544,0.3541,0.3328,1,122,20,1.284987212,0.44649921,0.184542193,107
2026-09-18T22:44:50.581,23,0.002,0.65,5,manhattan,0.9771,0.9781,0.9769,1,411,9167,1.032802748,3.380904141,2.809043519,295
2026-09-18T22:44:59.178,23,0.002,0.65,6,manhattan,0.9922,0.9921,0.9925,1,1243,9167,0.901961164,4.997937186,2.694098457,295
2026-09-18T22:45:07.759,23,0.002,0.65,7,manhattan,1.0,1.0,1.0,2,1460,9119,0.722426247,5.383801728,2.471758187,295
2026-09-18T22:45:14.812,23,0.002,0.65,8,manhattan,0.9836,0.978,0.9902,34,754,7357,0.516066171,4.389476894,2.12748362,295
2026-09-18T22:45:16.437,23,0.002,0.65,9,manhattan,0.3885,0.4433,0.4364,10,279,418,0.571729321,0.552426633,0.498316965,295
2026-09-18T22:45:25.142,23,0.002,0.7,5,manhattan,0.9544,0.9476,0.9632,4,411,9082,0.932621523,3.728760243,2.636483311,295
2026-09-18T22:45:33.726,23,0.002,0.7,6,manhattan,0.9917,0.9911,0.9925,1,1243,9095,1.010148374,4.916189891,2.654754232,295
2026-09-18T22:45:42.265,23,0.002,0.7,7,manhattan,1.0,1.0,1.0,1,1460,9040,0.782083206,5.365150731,2.388665259,295
2026-09-18T22:45:48.273,23,0.002,0.7,8,manhattan,0.9802,0.978,0.9827,46,754,6380,0.459281438,3.740684818,1.803432598,295
2026-09-18T22:45:49.863,23,0.002,0.7,9,manhattan,0.3411,0.4522,0.3805,6,279,220,0.538298493,0.480610711,0.568358497,295
2026-09-18T22:45:58.156,23,0.002,0.75,5,manhattan,0.9748,0.968,0.9829,1,411,8991,1.020501937,3.282851402,2.508454517,295
2026-09-18T22:46:06.183,23,0.002,0.75,6,manhattan,0.9825,0.977,0.99,1,1243,9006,1.03163968,4.527677453,2.465321048,295
2026-09-18T22:46:15.236,23,0.002,0.75,7,manhattan,0.9938,0.9936,0.9942,1,1460,8978,0.844236157,5.52079089,2.670992489,295
2026-09-18T22:46:21.206,23,0.002,0.75,8,manhattan,0.9708,0.9675,0.9771,48,754,5413,0.489934255,3.772597993,1.699044619,295
2026-09-18T22:46:22.693,23,0.002,0.75,9,manhattan,0.2894,0.3714,0.3305,1,279,57,0.570314614,0.460594804,0.446783535,278
2026-09-18T22:46:31.451,23,0.002,0.8,5,manhattan,0.956,0.9538,0.9589,2,411,8967,0.968514259,3.868393669,2.44495754,295
2026-09-18T22:46:39.838,23,0.002,0.8,6,manhattan,0.9676,0.963,0.9728,1,1243,8983,0.876666925,5.172315155,2.335094696,295
2026-09-18T22:46:49.024,23,0.002,0.8,7,manhattan,0.9878,0.9863,0.9896,3,1460,8930,0.803423096,5.692236359,2.686933711,295
2026-09-18T22:46:53.977,23,0.002,0.8,8,manhattan,0.9264,0.9208,0.9456,55,754,4071,0.500386294,3.065002839,1.383421774,295
2026-09-18T22:47:03.578,23,0.0025,0.5,5,manhattan,0.9637,0.959,0.9704,1,411,9660,1.131867279,3.726464138,2.530362148,295
2026-09-18T22:47:12.393,23,0.0025,0.5,6,manhattan,0.9791,0.9743,0.9852,1,1243,9656,1.005825891,4.881750764,2.923426357,295
2026-09-18T22:47:21.716,23,0.0025,0.5,7,manhattan,0.9873,0.9853,0.99,1,1460,9649,0.843070923,5.6918574,2.782643622,295
2026-09-18T22:47:28.686,23,0.0025,0.5,8,manhattan,1.0,1.0,1.0,3,754,8870,0.606487903,4.177090555,2.183539069,295
2026-09-18T22:47:32.56,23,0.0025,0.5,9,manhattan,0.8583,0.8599,0.8655,52,279,4047,0.558466724,1.917225138,1.395910249,295
2026-09-18T22:47:35.432,23,0.0025,0.5,10,manhattan,0.3613,0.4862,0.3914,24,122,994,1.332002675,0.746201995,0.779866092,295
2026-09-18T22:47:41.952,23,0.0025,0.55,5,manhattan,0.959,0.9513,0.9702,1,411,9651,0.812241058,3.25368893,2.448311742,295
2026-09-18T22:47:49.593,23,0.0025,0.55,6,manhattan,0.9731,0.9672,0.9805,1,1243,9647,0.908686049,4.437263475,2.291866731,295
2026-09-18T22:47:55.74,23,0.0025,0.55,7,manhattan,0.9844,0.9829,0.986,1,1460,9633,0.680378602,3.830149025,1.634166249,295
2026-09-18T22:47:59.897,23,0.0025,0.55,8,manhattan,0.981,0.9771,0.9854,4,754,8775,0.498549676,2.365159658,1.290565023,295
2026-09-18T22:48:01.957,23,0.0025,0.55,9,manhattan,0.7293,0.7432,0.7677,54,279,3345,0.409006479,1.171465728,0.469258765,295
2026-09-18T22:48:03.945,23,0.0025,0.55,10,manhattan,0.2517,0.5312,0.314,15,122,596,1.362788958,0.287713955,0.335705101,295
2026-09-18T22:48:07.807,23,0.0025,0.6,5,manhattan,0.9406,0.9396,0.9443,2,411,9547,0.526600902,1.969756112,1.362826394,295
2026-09-18T22:48:12.604,23,0.0025,0.6,6,manhattan,0.9964,0.9951,0.9977,1,1243,9596,0.728762606,2.669333826,1.396417926,295
2026-09-18T22:48:17.555,23,0.0025,0.6,7,manhattan,1.0,1.0,1.0,2,1460,9506,0.51089756,3.110820312,1.32692409,295
2026-09-18T22:48:21.791,23,0.0025,0.6,8,manhattan,0.9876,0.9871,0.9885,6,754,8517,0.415629536,2.589144763,1.222673208,295
2026-09-18T22:48:23.268,23,0.0025,0.6,9,manhattan,0.5076,0.6058,0.5716,37,279,2255,0.433728577,0.613716623,0.427481197,295
2026-09-18T22:48:24.945,23,0.0025,0.6,10,manhattan,0.3439,0.4548,0.3666,6,122,260,1.169455973,0.220618331,0.285515209,288
2026-09-18T22:48:28.168,23,0.0025,0.65,5,manhattan,0.9725,0.9704,0.9753,1,411,9171,0.398870751,1.414516268,1.262131974,295
2026-09-18T22:48:32.836,23,0.0025,0.65,6,manhattan,0.9846,0.9838,0.9861,1,1243,9171,0.741239626,2.537680546,1.38770326,295
2026-09-18T22:48:38.115,23,0.0025,0.65,7,manhattan,0.986,0.9856,0.9867,2,1460,9153,0.63761599,3.369217655,1.267378737,295
2026-09-18T22:48:42.408,23,0.0025,0.65,8,manhattan,0.9964,0.9951,0.9977,9,754,8274,0.404978867,2.509454366,1.375190341,295
2026-09-18T22:48:43.528,23,0.0025,0.65,9,manhattan,0.5152,0.5966,0.526,30,279,1395,0.373467839,0.34334442,0.401604412,295
2026-09-18T22:48:44.973,23,0.0025,0.65,10,manhattan,0.3185,0.3476,0.3709,3,122,118,1.222322046,0.058253916,0.162282212,270
2026-09-18T22:48:48.828,23,0.0025,0.7,5,manhattan,0.9524,0.946,0.9622,1,411,9105,0.556545179,1.92318533,1.372880966,295
2026-09-18T22:48:53.586,23,0.0025,0.7,6,manhattan,0.984,0.9807,0.9876,1,1243,9105,0.832292095,2.647271916,1.259848161,295
2026-09-18T22:48:58.691,23,0.0025,0.7,7,manhattan,0.9935,0.992,0.9952,1,1460,9100,0.608379276,3.166928631,1.32661588,295
2026-09-18T22:49:02.675,23,0.0025,0.7,8,manhattan,0.9956,0.9936,0.9977,17,754,7954,0.452176057,2.25604258,1.272047912,295
2026-09-18T22:49:03.673,23,0.0025,0.7,9,manhattan,0.4484,0.5163,0.4798,16,279,691,0.419336716,0.28005117,0.295393223,295
2026-09-18T22:49:08.321,23,0.0025,0.75,5,manhattan,0.9373,0.9304,0.9481,1,411,8995,0.496285838,1.640230855,1.439171668,295
2026-09-18T22:49:13.02,23,0.0025,0.75,6,manhattan,0.996,0.9944,0.9977,1,1243,9012,0.636414369,2.598978707,1.460711444,295
2026-09-18T22:49:17.942,23,0.0025,0.75,7,manhattan,0.9837,0.9806,0.9876,1,1460,8990,0.60780553,2.908202755,1.403151192,295
2026-09-18T22:49:21.855,23,0.0025,0.75,8,manhattan,0.9956,0.9936,0.9977,27,754,7324,0.336171991,2.400461187,1.173645268,295
2026-09-18T22:49:22.885,23,0.0025,0.75,9,manhattan,0.3112,0.3787,0.3469,7,279,349,0.28739492,0.351940984,0.38069663,295
2026-09-18T22:49:27.823,23,0.0025,0.8,5,manhattan,0.9713,0.9667,0.977,1,411,8992,0.58365676,1.858659381,1.369468797,295
2026-09-18T22:49:32.599,23,0.0025,0.8,6,manhattan,0.9889,0.9889,0.9893,1,1243,8992,0.818661644,2.634933181,1.319029013,295
2026-09-18T22:49:37.648,23,0.0025,0.8,7,manhattan,0.9896,0.9869,0.9927,1,1460,8966,0.588343324,3.223357313,1.234740609,295
2026-09-18T22:49:41.014,23,0.0025,0.8,8,manhattan,0.9852,0.9822,0.9894,37,754,6374,0.399159893,2.044623823,0.915451303,295
2026-09-18T22:49:42.023,23,0.0025,0.8,9,manhattan,0.4014,0.5455,0.4651,4,279,178,0.463041487,0.229523874,0.314640386,295
2026-09-18T22:49:46.531,23,0.003,0.5,5,manhattan,0.9563,0.951,0.964,1,411,9664,0.350849153,1.610104153,1.330713473,295
2026-09-18T22:49:51.444,23,0.003,0.5,6,manhattan,0.9782,0.9718,0.9858,1,1243,9660,0.739192995,2.715474805,1.456670771,295
2026-09-18T22:49:56.401,23,0.003,0.5,7,manhattan,0.9955,0.9936,0.9976,1,1460,9653,0.66203784,3.009141619,1.280273829,295
2026-09-18T22:50:00.603,23,0.003,0.5,8,manhattan,0.9959,0.9944,0.9975,3,754,9031,0.406229307,2.281338355,1.512085775,295
2026-09-18T22:50:03.283,23,0.003,0.5,9,manhattan,0.9552,0.9544,0.9578,36,279,5351,0.347119625,1.283788945,1.047359854,295
2026-09-18T22:50:05.488,23,0.003,0.5,10,manhattan,0.288,0.5501,0.3417,29,122,1621,1.219737497,0.484135117,0.489649791,295
2026-09-18T22:50:09.358,23,0.003,0.55,5,manhattan,0.9768,0.9697,0.9854,1,411,9655,0.493246202,2.042624613,1.331682032,295
2026-09-18T22:50:14.083,23,0.003,0.55,6,manhattan,0.9572,0.9466,0.9712,1,1243,9651,0.754763359,2.579465797,1.389006988,295
2026-09-18T22:50:19.041,23,0.003,0.55,7,manhattan,0.9824,0.9783,0.9876,1,1460,9648,0.637746733,3.006952092,1.310593153,295
2026-09-18T22:50:23.036,23,0.003,0.55,8,manhattan,1.0,1.0,1.0,2,754,8956,0.374076088,2.404067655,1.204300808,295
2026-09-18T22:50:25.095,23,0.003,0.55,9,manhattan,0.9088,0.898,0.9321,38,279,4550,0.261699862,1.131013259,0.658541581,295
2026-09-18T22:50:27.127,23,0.003,0.55,10,manhattan,0.4281,0.5106,0.4644,23,122,1161,1.1922105,0.369829732,0.467939044,295
2026-09-18T22:50:31.098,23,0.003,0.6,5,manhattan,0.9312,0.9212,0.946,2,411,9574,0.425047644,1.838200609,1.704718532,295
2026-09-18T22:50:35.907,23,0.003,0.6,6,manhattan,0.9936,0.9922,0.9951,1,1243,9600,0.669000325,2.721721207,1.416249591,295
2026-09-18T22:50:41.112,23,0.003,0.6,7,manhattan,0.9931,0.9913,0.995,2,1460,9559,0.492064067,3.280008579,1.430772894,295
2026-09-18T22:50:45.205,23,0.003,0.6,8,manhattan,1.0,1.0,1.0,4,754,8870,0.286228709,2.627397438,1.176521685,295
2026-09-18T22:50:47.251,23,0.003,0.6,9,manhattan,0.8267,0.8223,0.8676,41,279,3539,0.419549523,1.114696081,0.510143133,295
2026-09-18T22:50:49.085,23,0.003,0.6,10,manhattan,0.1879,0.3713,0.2635,12,122,590,1.167918764,0.377842912,0.28640876,295
2026-09-18T22:50:52.748,23,0.003,0.65,5,manhattan,0.9623,0.9636,0.9636,1,411,9177,0.443709607,1.822127946,1.395599525,295
2026-09-18T22:50:57.254,23,0.003,0.65,6,manhattan,0.9837,0.9802,0.9879,1,1243,9175,0.612224183,2.574598831,1.316186747,295
2026-09-18T22:51:01.934,23,0.003,0.65,7,manhattan,0.9872,0.9845,0.9905,1,1460,9164,0.472723316,3.104381078,1.100955211,295
2026-09-18T22:51:06.034,23,0.003,0.65,8,manhattan,0.9914,0.988,0.9951,3,754,8708,0.451015223,2.378931817,1.267040425,295
2026-09-18T22:51:07.716,23,0.003,0.65,9,manhattan,0.7268,0.7378,0.7766,33,279,2617,0.453517849,0.803829992,0.422725907,295
2026-09-18T22:51:09.484,23,0.003,0.65,10,manhattan,0.2417,0.4383,0.2986,5,122,308,1.252644723,0.216116148,0.296407249,295
2026-09-18T22:51:13.16,23,0.003,0.7,5,manhattan,0.9684,0.9654,0.9726,1,411,9112,0.506251084,1.785221741,1.381984859,295
2026-09-18T22:51:17.952,23,0.003,0.7,6,manhattan,0.9816,0.9798,0.9837,1,1243,9112,0.69423876,2.747863529,1.347687579,295
2026-09-18T22:51:23.031,23,0.003,0.7,7,manhattan,0.9938,0.9944,0.9933,1,1460,9114,0.653494075,3.07051884,1.351880366,295
2026-09-18T22:51:27.366,23,0.003,0.7,8,manhattan,0.9936,0.992,0.9953,6,754,8477,0.418034663,2.603845812,1.308213169,295
2026-09-18T22:51:28.458,23,0.003,0.7,9,manhattan,0.6848,0.6932,0.7274,27,279,1669,0.296524513,0.426005029,0.366909525,295
2026-09-18T22:51:30.098,23,0.003,0.7,10,manhattan,0.2702,0.4637,0.3547,3,122,148,1.259345863,0.052402676,0.324705854,280
2026-09-18T22:51:33.918,23,0.003,0.75,5,manhattan,0.9625,0.9629,0.9636,1,411,9017,0.701389119,1.914431763,1.202021605,295
2026-09-18T22:51:38.629,23,0.003,0.75,6,manhattan,0.9718,0.9646,0.9804,1,1243,9016,0.669228148,2.771712121,1.267459404,295
2026-09-18T22:51:43.174,23,0.003,0.75,7,manhattan,0.9963,0.9977,0.9949,1,1460,8995,0.349621762,2.719336962,1.47381529,295
2026-09-18T22:51:46.41,23,0.003,0.75,8,manhattan,1.0,1.0,1.0,9,754,8212,0.42751493,1.890364288,0.914829086,295
2026-09-18T22:51:47.204,23,0.003,0.75,9,manhattan,0.461,0.5674,0.5502,20,279,857,0.319832113,0.297486928,0.17510369,295
2026-09-18T22:51:48.155,23,0.003,0.75,10,manhattan,0.1534,0.1992,0.1936,1,122,30,0.796645411,0.105174604,0.046628262,160
2026-09-18T22:51:50.769,23,0.003,0.8,5,manhattan,0.9554,0.952,0.9604,1,411,8996,0.391718855,1.274952824,0.946483987,295
2026-09-18T22:51:54.104,23,0.003,0.8,6,manhattan,0.9898,0.9903,0.9894,1,1243,8996,0.448423619,1.840751286,1.043191442,295
2026-09-18T22:51:57.648,23,0.003,0.8,7,manhattan,0.991,0.9876,0.995,1,1460,8974,0.3439035,2.215967882,0.980790485,295
2026-09-18T22:52:00.509,23,0.003,0.8,8,manhattan,1.0,1.0,1.0,15,754,7687,0.210188361,1.796010487,0.852603291,295
2026-09-18T22:52:01.175,23,0.003,0.8,9,manhattan,0.2917,0.4322,0.3213,8,279,413,0.259310239,0.131727313,0.273289478,295
2026-09-18T22:52:57.547,24,0.0015,0.5,5,manhattan,0.9245,0.9172,0.9355,2,412,9635,1.931692987,7.933929611,2.274848555,295
2026-09-18T22:53:04.244,24,0.0015,0.5,6,manhattan,0.9714,0.9616,0.9832,1,1239,9672,0.681618984,2.65524361,1.707891984,295
2026-09-18T22:53:09.624,24,0.0015,0.5,7,manhattan,0.9964,0.9951,0.9977,6,1450,9504,0.540271512,3.362333043,1.474452872,295
2026-09-18T22:53:13.652,24,0.0015,0.5,8,manhattan,0.9651,0.9583,0.9738,34,773,7027,0.328600558,2.645656695,1.051946616,295
2026-09-18T22:53:14.825,24,0.0015,0.5,9,manhattan,0.277,0.3954,0.3508,13,280,316,0.453112768,0.34167102,0.375517334,294
2026-09-18T22:53:20.525,24,0.0015,0.55,5,manhattan,0.9613,0.9532,0.9718,2,412,9613,0.578083628,1.366109008,1.384827332,295
2026-09-18T22:53:28.572,24,0.0015,0.55,6,manhattan,0.9851,0.9829,0.9878,1,1239,9662,0.892507087,4.569629906,2.575977989,295
2026-09-18T22:53:36.85,24,0.0015,0.55,7,manhattan,0.9976,0.9976,0.9977,7,1450,9233,0.765110148,5.429013327,2.080463479,295
2026-09-18T22:53:43.366,24,0.0015,0.55,8,manhattan,0.9936,0.9921,0.9954,42,773,6382,0.472060243,4.403906819,1.636146881,295
2026-09-18T22:53:44.975,24,0.0015,0.55,9,manhattan,0.3527,0.4923,0.3665,4,280,125,0.529656812,0.451663421,0.625471065,292
2026-09-18T22:53:52.604,24,0.0015,0.6,5,manhattan,0.9667,0.9622,0.9716,4,412,9533,0.767253649,3.154490094,2.133108085,295
2026-09-18T22:54:00.548,24,0.0015,0.6,6,manhattan,0.9737,0.9691,0.9801,3,1239,9635,0.84058003,4.755986577,2.345531859,295
2026-09-18T22:54:08.861,24,0.0015,0.6,7,manhattan,0.9864,0.9856,0.9876,3,1450,9016,0.838593044,5.050455101,2.420541627,295
2026-09-18T22:54:15.18,24,0.0015,0.6,8,manhattan,0.9628,0.9629,0.9656,54,773,5590,0.429138812,4.436268375,1.449706679,295
2026-09-18T22:54:16.811,24,0.0015,0.6,9,manhattan,0.3756,0.388,0.3918,3,280,57,0.588127375,0.43850391,0.6011662,269
2026-09-18T22:54:25.25,24,0.0015,0.65,5,manhattan,0.9479,0.9451,0.9528,7,412,9313,1.040146638,3.337544106,2.535296371,295
2026-09-18T22:54:33.029,24,0.0015,0.65,6,manhattan,0.9646,0.9572,0.9734,9,1239,9425,0.954216753,4.649248645,2.172956077,295
2026-09-18T22:54:41.17,24,0.0015,0.65,7,manhattan,0.9891,0.9856,0.9929,2,1450,8997,0.74973073,4.916539588,2.471738352,295
2026-09-18T22:54:46.636,24,0.0015,0.65,8,manhattan,0.9172,0.9083,0.9335,76,773,4441,0.539610603,3.667431561,1.256045788,295
2026-09-18T22:54:55.731,24,0.0015,0.7,5,manhattan,0.9533,0.946,0.9625,3,412,8980,0.697572428,3.668932662,2.247328123,295
2026-09-18T22:55:03.519,24,0.0015,0.7,6,manhattan,0.9852,0.9804,0.9906,4,1239,9119,0.879986067,4.641454418,2.245406158,295
2026-09-18T22:55:11.807,24,0.0015,0.7,7,manhattan,0.9875,0.9853,0.9903,3,1450,8911,0.773078978,5.157490138,2.354458005,295
2026-09-18T22:55:16.173,24,0.0015,0.7,8,manhattan,0.7711,0.7688,0.7875,78,773,2827,0.502053827,3.036265771,0.824838555,295
2026-09-18T22:55:24.899,24,0.0015,0.75,5,manhattan,0.9248,0.9152,0.9376,10,412,8889,0.629223851,3.603272068,1.997061014,295
2026-09-18T22:55:32.351,24,0.0015,0.75,6,manhattan,0.9787,0.9715,0.9879,2,1239,9022,0.879754332,4.244047333,2.324908263,295
2026-09-18T22:55:40.699,24,0.0015,0.75,7,manhattan,0.9919,0.9887,0.9953,5,1450,8821,0.803902697,5.349261471,2.165304327,295
2026-09-18T22:55:43.74,24,0.0015,0.75,8,manhattan,0.6472,0.6913,0.6793,54,773,1552,0.563489786,1.843658642,0.630109999,295
2026-09-18T22:55:52.454,24,0.0015,0.8,5,manhattan,0.9174,0.9081,0.931,34,412,8516,0.574625153,3.662029471,2.326103388,295
2026-09-18T22:56:00.183,24,0.0015,0.8,6,manhattan,0.9876,0.9828,0.9929,1,1239,8980,0.900350342,4.597826192,2.228065874,295
2026-09-18T22:56:09.521,24,0.0015,0.8,7,manhattan,0.9918,0.9887,0.9952,11,1450,8621,0.770897063,6.55491364,2.007189618,295
2026-09-18T22:56:11.672,24,0.0015,0.8,8,manhattan,0.5298,0.5846,0.5762,28,773,657,0.481585627,1.179119713,0.487214143,295
2026-09-18T22:56:19.889,24,0.002,0.5,5,manhattan,0.9548,0.9439,0.9691,1,412,9675,0.767874539,3.129813322,2.044407384,295
2026-09-18T22:56:27.316,24,0.002,0.5,6,manhattan,0.9833,0.9797,0.9876,1,1239,9676,0.830187705,4.28699684,2.307758995,295
2026-09-18T22:56:35.416,24,0.002,0.5,7,manhattan,0.9845,0.982,0.988,1,1450,9637,1.036383655,4.886453742,2.173400757,295
2026-09-18T22:56:42.571,24,0.002,0.5,8,manhattan,0.9875,0.9849,0.9904,7,773,8466,0.680041478,4.367132616,2.105239913,295
2026-09-18T22:56:45.095,24,0.002,0.5,9,manhattan,0.4683,0.5521,0.5089,46,280,1876,0.583954982,1.318554161,0.619796593,295
2026-09-18T22:56:47.472,24,0.002,0.5,10,manhattan,0.275,0.3949,0.2919,10,117,348,1.401361856,0.470006069,0.503423835,295
2026-09-18T22:56:53.263,24,0.002,0.55,5,manhattan,0.9729,0.9731,0.9734,2,412,9651,0.789820861,2.818454154,2.180146944,295
2026-09-18T22:57:00.613,24,0.002,0.55,6,manhattan,0.9697,0.9678,0.9723,1,1239,9666,0.97328638,4.135049264,2.224087361,295
2026-09-18T22:57:08.58,24,0.002,0.55,7,manhattan,0.9852,0.985,0.9856,2,1450,9631,0.766273286,4.991801413,2.206128701,295
2026-09-18T22:57:16.202,24,0.002,0.55,8,manhattan,0.982,0.98,0.9843,18,773,8139,0.669849527,4.755467656,2.193720195,295
2026-09-18T22:57:18.264,24,0.002,0.55,9,manhattan,0.5545,0.6088,0.5991,26,280,1041,0.516279326,0.919627398,0.622732096,295
2026-09-18T22:57:20.744,24,0.002,0.55,10,manhattan,0.3863,0.4637,0.3802,4,117,99,1.445390413,0.384529454,0.647597998,267
2026-09-18T22:57:26.61,24,0.002,0.6,5,manhattan,0.9742,0.9695,0.9799,2,412,9595,0.650756294,2.969964732,2.242012217,295
2026-09-18T22:57:34.518,24,0.002,0.6,6,manhattan,0.979,0.9721,0.9879,1,1239,9649,0.978486209,4.61181458,2.314821493,295
2026-09-18T22:57:42.777,24,0.002,0.6,7,manhattan,0.9837,0.978,0.9905,6,1450,9540,0.712358335,5.250583301,2.292229976,295
2026-09-18T22:57:50.127,24,0.002,0.6,8,manhattan,0.996,0.9944,0.9977,23,773,7664,0.500351235,4.833921651,2.012368984,295
2026-09-18T22:57:51.868,24,0.002,0.6,9,manhattan,0.5125,0.5671,0.5227,18,280,631,0.511864095,0.731133161,0.482001113,295
2026-09-18T22:57:53.524,24,0.002,0.6,10,manhattan,0.1648,0.1607,0.2019,1,117,27,1.270357821,0.159709117,0.206249448,139
2026-09-18T22:58:00.144,24,0.002,0.65,5,manhattan,0.9388,0.9382,0.943,2,412,9531,0.822452843,3.104359008,2.690642637,295
2026-09-18T22:58:07.575,24,0.002,0.65,6,manhattan,0.9834,0.9864,0.9808,1,1239,9641,1.032384398,4.216353834,2.177892744,295
2026-09-18T22:58:16.083,24,0.002,0.65,7,manhattan,0.9919,0.9887,0.9954,5,1450,9233,0.79487563,5.510239535,2.191101003,295
2026-09-18T22:58:22.461,24,0.002,0.65,8,manhattan,0.9954,0.9977,0.9933,24,773,7084,0.496141406,4.356475032,1.521916228,295
2026-09-18T22:58:24.166,24,0.002,0.65,9,manhattan,0.2635,0.4015,0.3167,10,280,300,0.558994027,0.609470687,0.533381312,295
2026-09-18T22:58:25.956,24,0.002,0.65,10,manhattan,0.1673,0.203,0.2402,1,117,25,1.40107376,0.183611836,0.20228637,134
2026-09-18T22:58:32.125,24,0.002,0.7,5,manhattan,0.9705,0.9634,0.9795,4,412,9178,0.900014126,3.072751669,2.194314265,295
2026-09-18T22:58:39.699,24,0.002,0.7,6,manhattan,0.9898,0.9871,0.9929,1,1239,9205,0.890935446,4.661705062,2.017909918,295
2026-09-18T22:58:48.084,24,0.002,0.7,7,manhattan,0.9899,0.9872,0.993,3,1450,9062,0.728261703,5.335342365,2.319733576,295
2026-09-18T22:58:54.506,24,0.002,0.7,8,manhattan,0.9915,0.988,0.9953,34,773,6423,0.55971926,4.170491034,1.687459822,295
2026-09-18T22:58:56.035,24,0.002,0.7,9,manhattan,0.3082,0.3963,0.3149,4,280,127,0.496186803,0.420848013,0.60965891,295
2026-09-18T22:59:03.444,24,0.002,0.75,5,manhattan,0.9432,0.9317,0.9603,2,412,9026,0.87653716,2.926244945,2.077239811,295
2026-09-18T22:59:10.74,24,0.002,0.75,6,manhattan,0.9829,0.9803,0.986,1,1239,9067,0.994858772,4.141486543,2.156315044,295
2026-09-18T22:59:18.236,24,0.002,0.75,7,manhattan,0.9884,0.9844,0.9929,1,1450,8980,0.729326784,4.65993158,2.1038764,295
2026-09-18T22:59:24.092,24,0.002,0.75,8,manhattan,0.9774,0.975,0.9816,41,773,5554,0.511608196,3.804509492,1.537809049,295
2026-09-18T22:59:25.198,24,0.002,0.75,9,manhattan,0.2848,0.3321,0.2786,2,280,43,0.469070194,0.296426107,0.337175402,243
2026-09-18T22:59:33.408,24,0.002,0.8,5,manhattan,0.9601,0.9542,0.9672,1,412,8994,0.827094919,3.508371271,2.316992791,295
2026-09-18T22:59:40.715,24,0.002,0.8,6,manhattan,0.9936,0.9921,0.9952,1,1239,8986,0.96561214,4.086303762,2.252292517,295
2026-09-18T22:59:48.943,24,0.002,0.8,7,manhattan,0.9894,0.9863,0.9929,2,1450,8925,0.78655501,5.103669473,2.334718669,295
2026-09-18T22:59:54.326,24,0.002,0.8,8,manhattan,0.9164,0.9143,0.9235,55,773,4278,0.515380887,3.550824136,1.311750634,295
2026-09-18T23:00:02.9,24,0.0025,0.5,5,manhattan,0.927,0.9171,0.945,1,412,9679,0.938679493,3.181724665,2.286203993,295
2026-09-18T23:00:10.836,24,0.0025,0.5,6,manhattan,0.9836,0.978,0.9903,1,1239,9680,0.95463636,4.616627768,2.362894004,295
2026-09-18T23:00:18.828,24,0.0025,0.5,7,manhattan,0.9803,0.9738,0.9882,1,1450,9652,0.693350379,4.700843885,2.595038257,295
2026-09-18T23:00:25.186,24,0.0025,0.5,8,manhattan,0.9976,0.9976,0.9977,4,773,8947,0.556156791,3.455211584,2.323916794,295
2026-09-18T23:00:28.681,24,0.0025,0.5,9,manhattan,0.7754,0.8003,0.8093,48,280,3863,0.592509502,1.955877794,0.943793208,295
2026-09-18T23:00:31.304,24,0.0025,0.5,10,manhattan,0.277,0.4136,0.4256,18,117,809,1.40254916,0.657867123,0.532555927,295
2026-09-18T23:00:37.399,24,0.0025,0.55,5,manhattan,0.9481,0.9497,0.9474,2,412,9664,0.932164971,3.038553565,2.120059762,295
2026-09-18T23:00:45.388,24,0.0025,0.55,6,manhattan,0.9758,0.9726,0.9797,1,1239,9670,0.943341196,4.593056796,2.450092069,295
2026-09-18T23:00:53.721,24,0.0025,0.55,7,manhattan,0.9899,0.9892,0.991,1,1450,9651,0.770258714,5.098016652,2.462331977,295
2026-09-18T23:01:00.461,24,0.0025,0.55,8,manhattan,0.9836,0.9814,0.9862,8,773,8732,0.659025303,4.150419533,1.9279402,295
2026-09-18T23:01:03.605,24,0.0025,0.55,9,manhattan,0.6192,0.6672,0.6449,47,280,2904,0.605182358,1.655953614,0.879770885,295
2026-09-18T23:01:05.871,24,0.0025,0.55,10,manhattan,0.2021,0.3931,0.2858,14,117,560,1.369375558,0.469838588,0.424114494,295
2026-09-18T23:01:12.136,24,0.0025,0.6,5,manhattan,0.9311,0.927,0.9369,2,412,9642,0.777117904,3.243099162,2.242100916,295
2026-09-18T23:01:19.826,24,0.0025,0.6,6,manhattan,1.0,1.0,1.0,1,1239,9654,0.905368654,4.511984169,2.270080415,295
2026-09-18T23:01:27.93,24,0.0025,0.6,7,manhattan,0.986,0.982,0.9907,1,1450,9637,0.775356575,4.955528321,2.369436814,295
2026-09-18T23:01:34.972,24,0.0025,0.6,8,manhattan,0.9821,0.977,0.9882,7,773,8526,0.652412652,4.338582302,2.046408549,295
2026-09-18T23:01:37.47,24,0.0025,0.6,9,manhattan,0.6436,0.667,0.684,34,280,1812,0.595643563,1.224881593,0.674883622,295
2026-09-18T23:01:40.12,24,0.0025,0.6,10,manhattan,0.2032,0.3386,0.2726,8,117,275,1.436072737,0.5590323,0.651860207,291
2026-09-18T23:01:45.84,24,0.0025,0.65,5,manhattan,0.9481,0.9477,0.9492,3,412,9571,0.890472049,2.979105431,1.846568093,295
2026-09-18T23:01:53.964,24,0.0025,0.65,6,manhattan,0.9708,0.9614,0.9831,1,1239,9645,0.908692684,4.836492511,2.375680282,295
2026-09-18T23:02:02.042,24,0.0025,0.65,7,manhattan,0.9896,0.991,0.9883,8,1450,9532,0.753024029,5.038988544,2.28348025,295
2026-09-18T23:02:09.248,24,0.0025,0.65,8,manhattan,0.9894,0.9888,0.9902,13,773,8185,0.506906475,4.619394045,2.077524554,295
2026-09-18T23:02:11.508,24,0.0025,0.65,9,manhattan,0.4071,0.5241,0.4452,23,280,1082,0.585897201,1.057494464,0.612898223,295
2026-09-18T23:02:13.659,24,0.0025,0.65,10,manhattan,0.1435,0.1615,0.1784,2,117,61,1.355043062,0.234328541,0.559700262,186
2026-09-18T23:02:19.833,24,0.0025,0.7,5,manhattan,0.9317,0.9245,0.9409,1,412,9210,0.995540982,3.048203476,2.12698188,295
2026-09-18T23:02:27.77,24,0.0025,0.7,6,manhattan,0.9772,0.9751,0.98,1,1239,9209,0.95099518,4.63491091,2.343689445,295
2026-09-18T23:02:35.832,24,0.0025,0.7,7,manhattan,0.981,0.9793,0.9836,1,1450,9207,0.739236086,5.089663135,2.230173616,295
2026-09-18T23:02:42.605,24,0.0025,0.7,8,manhattan,0.9876,0.9828,0.993,22,773,7798,0.502906311,4.302611484,1.964115234,295
2026-09-18T23:02:44.444,24,0.0025,0.7,9,manhattan,0.3823,0.4577,0.4276,13,280,585,0.615715134,0.792418331,0.428294569,295
2026-09-18T23:02:46.519,24,0.0025,0.7,10,manhattan,0.2013,0.2389,0.2802,1,117,31,1.630289774,0.253423101,0.188784986,150
2026-09-18T23:02:52.949,24,0.0025,0.75,5,manhattan,0.9645,0.9617,0.9677,1,412,9152,0.928854699,3.162578073,2.335714747,295
2026-09-18T23:03:00.435,24,0.0025,0.75,6,manhattan,0.9661,0.9574,0.9774,1,1239,9142,1.042668191,4.082490773,2.357113164,295
2026-09-18T23:03:08.898,24,0.0025,0.75,7,manhattan,0.9845,0.9797,0.9906,2,1450,9060,0.837226737,5.398442365,2.223001327,295
2026-09-18T23:03:15.425,24,0.0025,0.75,8,manhattan,0.9866,0.9872,0.9862,27,773,7167,0.582638403,4.263398979,1.673957181,295
2026-09-18T23:03:17.134,24,0.0025,0.75,9,manhattan,0.4256,0.4772,0.436,6,280,310,0.539028336,0.641372058,0.525743321,295
2026-09-18T23:03:25.721,24,0.0025,0.8,5,manhattan,0.9612,0.9529,0.9716,1,412,8998,0.937164355,3.56734141,2.605877078,295
2026-09-18T23:03:34.201,24,0.0025,0.8,6,manhattan,0.9798,0.9803,0.9794,1,1239,9011,1.004243984,5.077595665,2.395164347,295
2026-09-18T23:03:42.946,24,0.0025,0.8,7,manhattan,0.9936,0.9921,0.9954,1,1450,8975,0.824791132,5.368369998,2.546612278,295
2026-09-18T23:03:49.926,24,0.0025,0.8,8,manhattan,0.9865,0.9849,0.9887,31,773,6385,0.471703074,4.557577032,1.946724455,295
2026-09-18T23:03:51.507,24,0.0025,0.8,9,manhattan,0.2751,0.3399,0.3209,3,280,110,0.57319131,0.43122204,0.574532055,292
2026-09-18T23:03:59.775,24,0.003,0.5,5,manhattan,0.9476,0.9394,0.9585,1,412,9683,0.932510894,3.404710479,2.447326001,295
2026-09-18T23:04:08.273,24,0.003,0.5,6,manhattan,0.9851,0.9804,0.9903,1,1239,9684,1.075444953,4.678653117,2.741352219,295
2026-09-18T23:04:16.865,24,0.003,0.5,7,manhattan,0.996,0.9944,0.9977,1,1450,9666,0.765633469,5.367765312,2.445426385,295
2026-09-18T23:04:24.466,24,0.003,0.5,8,manhattan,0.9956,0.9936,0.9977,2,773,9018,0.585359841,4.340730623,2.672746276,295
2026-09-18T23:04:29.138,24,0.003,0.5,9,manhattan,0.927,0.9164,0.9473,43,280,5325,0.622682509,2.556596292,1.48849302,295
2026-09-18T23:04:32.59,24,0.003,0.5,10,manhattan,0.4479,0.5057,0.5168,24,117,1394,1.557942162,1.031414007,0.860058204,295
2026-09-18T23:04:39.13,24,0.003,0.55,5,manhattan,0.9407,0.9358,0.9472,1,412,9673,0.659141762,3.355355786,2.523730004,295
2026-09-18T23:04:47.399,24,0.003,0.55,6,manhattan,0.9704,0.9627,0.9806,1,1239,9674,0.964929212,5.106534703,2.192001094,295
2026-09-18T23:04:55.891,24,0.003,0.55,7,manhattan,0.985,0.9804,0.9904,1,1450,9656,0.762764566,5.21852974,2.506818964,295
2026-09-18T23:05:03.763,24,0.003,0.55,8,manhattan,0.9964,0.9951,0.9977,3,773,8968,0.776279429,4.845140034,2.245487781,295
2026-09-18T23:05:08.239,24,0.003,0.55,9,manhattan,0.8584,0.8442,0.8904,40,280,4356,0.630267315,2.314007683,1.529048368,295
2026-09-18T23:05:11.16,24,0.003,0.55,10,manhattan,0.2894,0.4895,0.4149,16,117,997,1.398965882,0.864275994,0.655172957,295
2026-09-18T23:05:18.341,24,0.003,0.6,5,manhattan,0.9546,0.9456,0.966,2,412,9655,0.928374449,3.712893177,2.536333997,295
2026-09-18T23:05:26.964,24,0.003,0.6,6,manhattan,0.9854,0.9879,0.9834,1,1239,9658,1.03436669,4.910058357,2.67465504,295
2026-09-18T23:05:35.929,24,0.003,0.6,7,manhattan,0.9836,0.978,0.9904,1,1450,9641,0.834961546,5.529960652,2.597083069,295
2026-09-18T23:05:43.188,24,0.003,0.6,8,manhattan,0.9976,0.9976,0.9977,5,773,8843,0.53620342,4.403623424,2.303509408,295
2026-09-18T23:05:47.178,24,0.003,0.6,9,manhattan,0.7969,0.7904,0.8356,39,280,3429,0.698635171,2.047896487,1.238416845,295
2026-09-18T23:05:49.711,24,0.003,0.6,10,manhattan,0.2767,0.5649,0.395,11,117,636,1.30412605,0.739550691,0.472196039,295
2026-09-18T23:05:56.353,24,0.003,0.65,5,manhattan,0.9168,0.9132,0.9294,2,412,9593,0.695122849,3.727818977,2.216474558,295
2026-09-18T23:06:04.448,24,0.003,0.65,6,manhattan,0.9817,0.9777,0.9862,1,1239,9649,0.961386858,4.80453915,2.326515295,295
2026-09-18T23:06:13.873,24,0.003,0.65,7,manhattan,0.9827,0.9779,0.9881,1,1450,9633,0.802710896,5.939267331,2.678118055,295
2026-09-18T23:06:21.456,24,0.003,0.65,8,manhattan,0.9954,0.9976,0.9933,7,773,8661,0.549639294,4.497310384,2.53376174,295
2026-09-18T23:06:24.535,24,0.003,0.65,9,manhattan,0.5274,0.6449,0.5828,36,280,2335,0.554824386,1.599826032,0.921190984,295
2026-09-18T23:06:27.174,24,0.003,0.65,10,manhattan,0.1738,0.3291,0.2398,8,117,368,1.282824083,0.731250533,0.622900587,294
2026-09-18T23:06:34.183,24,0.003,0.7,5,manhattan,0.9595,0.9542,0.9672,1,412,9214,0.866591375,3.494533504,2.568599034,295
2026-09-18T23:06:42.752,24,0.003,0.7,6,manhattan,0.9792,0.9742,0.9854,1,1239,9213,1.011253666,5.198838734,2.357029618,295
2026-09-18T23:06:52.053,24,0.003,0.7,7,manhattan,0.9842,0.9816,0.9871,1,1450,9211,0.907633447,5.889506472,2.500474155,295
2026-09-18T23:06:59.787,24,0.003,0.7,8,manhattan,0.9976,0.9976,0.9976,4,773,8435,0.492801897,4.58391948,2.627797836,295
2026-09-18T23:07:01.934,24,0.003,0.7,9,manhattan,0.5704,0.6062,0.6158,23,280,1424,0.536414481,0.907987193,0.700346844,295
2026-09-18T23:07:04.284,24,0.003,0.7,10,manhattan,0.396,0.4575,0.4185,2,117,155,1.383793054,0.513781617,0.448982373,289
2026-09-18T23:07:11.306,24,0.003,0.75,5,manhattan,0.9609,0.952,0.9731,1,412,9156,0.974460813,3.383386481,2.662417436,295
2026-09-18T23:07:19.59,24,0.003,0.75,6,manhattan,0.991,0.9895,0.9927,1,1239,9156,0.916222819,4.795161201,2.569176483,295
2026-09-18T23:07:28.62,24,0.003,0.75,7,manhattan,0.9936,0.9921,0.9954,2,1450,9145,0.878465247,5.533618385,2.615042079,295
2026-09-18T23:07:36.552,24,0.003,0.75,8,manhattan,0.9748,0.9667,0.9857,11,773,8126,0.602525204,4.960134061,2.363871768,295
2026-09-18T23:07:38.575,24,0.003,0.75,9,manhattan,0.4716,0.5991,0.5496,15,280,791,0.616333263,0.714299194,0.687447353,295
2026-09-18T23:07:40.575,24,0.003,0.75,10,manhattan,0.2521,0.2731,0.2892,2,117,61,1.283774903,0.343900235,0.368885357,196
2026-09-18T23:07:47.543,24,0.003,0.8,5,manhattan,0.9876,0.9828,0.993,1,412,9010,0.729243152,3.612023102,2.62123142,295
2026-09-18T23:07:56.485,24,0.003,0.8,6,manhattan,0.9688,0.9662,0.9724,1,1239,9017,1.226439818,4.863398873,2.846339726,295
2026-09-18T23:08:05.237,24,0.003,0.8,7,manhattan,0.9828,0.9815,0.9846,1,1450,9002,0.743130271,5.569686983,2.43588269,295
2026-09-18T23:08:12.328,24,0.003,0.8,8,manhattan,0.9852,0.9846,0.9862,20,773,7646,0.54640487,4.152905476,2.372508352,295
2026-09-18T23:08:13.91,24,0.003,0.8,9,manhattan,0.3443,0.454,0.3769,7,280,394,0.516950249,0.49178808,0.553697845,295
2026-09-18T23:09:44.692,25,0.0015,0.5,5,manhattan,0.9433,0.9434,0.9442,4,409,9544,2.089585499,10.384962428,4.797354918,295
2026-09-18T23:09:54.83,25,0.0015,0.5,6,manhattan,0.9745,0.971,0.9787,3,1239,9628,1.010946294,4.974766595,2.578761861,295
2026-09-18T23:10:02.847,25,0.0015,0.5,7,manhattan,0.9924,0.9896,0.9954,1,1438,9080,0.738928613,4.981942378,2.293839171,295
2026-09-18T23:10:09.563,25,0.0015,0.5,8,manhattan,0.9787,0.9777,0.9808,43,778,7058,0.452179782,4.268112238,1.992253378,295
2026-09-18T23:10:11.748,25,0.0015,0.5,9,manhattan,0.3564,0.4561,0.4091,20,313,563,0.85874812,0.728266631,0.593040188,295
2026-09-18T23:10:13.923,25,0.0015,0.5,10,manhattan,0.2486,0.2927,0.2624,5,149,101,1.446927837,0.316318341,0.408968925,228
2026-09-18T23:10:20.178,25,0.0015,0.55,5,manhattan,0.9602,0.953,0.9685,4,409,9141,0.872976553,3.10104436,2.277751142,295
2026-09-18T23:10:28.016,25,0.0015,0.55,6,manhattan,0.9599,0.9527,0.9712,2,1239,9190,0.865799235,4.605816147,2.362092698,295
2026-09-18T23:10:36.301,25,0.0015,0.55,7,manhattan,0.9872,0.9891,0.986,2,1438,9041,0.647222564,5.081460673,2.553541025,295
2026-09-18T23:10:42.535,25,0.0015,0.55,8,manhattan,0.9557,0.9487,0.9648,52,778,6163,0.523557941,4.219580587,1.487589762,295
2026-09-18T23:10:44.364,25,0.0015,0.55,9,manhattan,0.275,0.3267,0.2924,9,313,283,0.614932036,0.691828432,0.518849796,295
2026-09-18T23:10:46.25,25,0.0015,0.55,10,manhattan,0.2331,0.3204,0.2982,1,149,16,1.49274168,0.214181274,0.176410083,83
2026-09-18T23:10:53.312,25,0.0015,0.6,5,manhattan,0.9738,0.9701,0.9791,1,409,9018,0.926613259,3.60839149,2.522571406,295
2026-09-18T23:11:02.185,25,0.0015,0.6,6,manhattan,0.9494,0.9421,0.959,2,1239,9077,0.937077521,5.111423808,2.819094817,295
2026-09-18T23:11:10.82,25,0.0015,0.6,7,manhattan,0.9804,0.9742,0.9879,2,1438,8973,0.770179624,5.506309851,2.355267311,295
2026-09-18T23:11:16.531,25,0.0015,0.6,8,manhattan,0.9606,0.9625,0.9614,61,778,5081,0.441394947,3.749197351,1.517721844,295
2026-09-18T23:11:18.272,25,0.0015,0.6,9,manhattan,0.3948,0.4403,0.4152,5,313,142,0.558324626,0.596406402,0.582822675,288
2026-09-18T23:11:27.973,25,0.0015,0.65,5,manhattan,0.9616,0.9535,0.9722,1,409,9016,0.707289425,3.428397707,2.648097022,295
2026-09-18T23:11:36.763,25,0.0015,0.65,6,manhattan,0.9774,0.9753,0.9798,2,1239,9033,0.899152749,5.242722931,2.630620895,295
2026-09-18T23:11:45.678,25,0.0015,0.65,7,manhattan,0.969,0.9641,0.9749,3,1438,8923,0.769999852,5.591281725,2.551183041,295
2026-09-18T23:11:50.904,25,0.0015,0.65,8,manhattan,0.936,0.9274,0.9587,71,778,4088,0.465671179,3.425198274,1.331669462,295
2026-09-18T23:11:52.285,25,0.0015,0.65,9,manhattan,0.2405,0.2517,0.239,2,313,37,0.538932193,0.32903862,0.51045172,230
2026-09-18T23:12:00.753,25,0.0015,0.7,5,manhattan,0.9466,0.943,0.9522,2,409,8982,0.820433074,3.744702989,2.275345665,295
2026-09-18T23:12:09.347,25,0.0015,0.7,6,manhattan,0.9774,0.9772,0.9777,1,1239,9006,0.961413048,5.051142255,2.577860767,295
2026-09-18T23:12:18.486,25,0.0015,0.7,7,manhattan,0.988,0.9903,0.9862,1,1438,8864,0.904786433,5.492023519,2.739039635,295
2026-09-18T23:12:22.288,25,0.0015,0.7,8,manhattan,0.7348,0.7693,0.76,62,778,2661,0.485969247,2.402023874,0.910411807,295
2026-09-18T23:12:32.089,25,0.0015,0.75,5,manhattan,0.9532,0.9464,0.9645,8,409,8903,0.933508139,4.140664448,2.46724391,295
2026-09-18T23:12:40.383,25,0.0015,0.75,6,manhattan,0.9666,0.9586,0.9762,1,1239,8985,0.960224279,4.806129578,2.52481911,295
2026-09-18T23:12:49.341,25,0.0015,0.75,7,manhattan,0.9732,0.971,0.9766,4,1438,8780,0.704573923,5.718341197,2.533006195,295
2026-09-18T23:12:52.345,25,0.0015,0.75,8,manhattan,0.6686,0.6738,0.6807,49,778,1512,0.422335726,1.784956438,0.793505384,295
2026-09-18T23:13:01.885,25,0.0015,0.8,5,manhattan,0.9558,0.9507,0.9624,26,409,8580,0.615021223,4.073060096,2.421405203,295
2026-09-18T23:13:10.054,25,0.0015,0.8,6,manhattan,0.9657,0.9689,0.9651,1,1239,8981,0.914560663,4.6876277,2.56370036,295
2026-09-18T23:13:18.624,25,0.0015,0.8,7,manhattan,0.9851,0.9803,0.9906,5,1438,8643,0.704227999,5.425389054,2.436946584,295
2026-09-18T23:13:20.344,25,0.0015,0.8,8,manhattan,0.5238,0.6177,0.5541,26,778,585,0.428722231,0.890021129,0.383727276,295
2026-09-18T23:13:28.132,25,0.002,0.5,5,manhattan,0.9451,0.9379,0.9539,2,409,9594,0.904326179,2.942162854,1.854016633,295
2026-09-18T23:13:34.027,25,0.002,0.5,6,manhattan,0.9782,0.9756,0.9811,1,1239,9650,0.838130528,3.486762534,1.558927553,295
2026-09-18T23:13:39.692,25,0.002,0.5,7,manhattan,0.9812,0.9798,0.9828,9,1438,9516,0.689393692,3.534934014,1.438308853,295
2026-09-18T23:13:44.311,25,0.002,0.5,8,manhattan,0.9912,0.9952,0.9876,12,778,8534,0.423998579,2.752475439,1.439457953,295
2026-09-18T23:13:45.86,25,0.002,0.5,9,manhattan,0.6431,0.646,0.658,56,313,2314,0.41536458,0.823096405,0.308359987,295
2026-09-18T23:13:47.159,25,0.002,0.5,10,manhattan,0.2998,0.3302,0.3361,9,149,352,0.808644339,0.213737013,0.274712929,295
2026-09-18T23:13:51.189,25,0.002,0.55,5,manhattan,0.9576,0.9566,0.9588,1,409,9207,0.481381157,1.928412848,1.617408737,295
2026-09-18T23:13:56.08,25,0.002,0.55,6,manhattan,0.9813,0.9836,0.9795,1,1239,9207,0.671142954,2.758833657,1.458776425,295
2026-09-18T23:14:01.277,25,0.002,0.55,7,manhattan,0.9829,0.9797,0.9873,1,1438,9164,0.496034994,3.223838689,1.474892391,295
2026-09-18T23:14:05.44,25,0.002,0.55,8,manhattan,0.9904,0.9927,0.9885,16,778,8280,0.267933428,2.759585849,1.133070216,295
2026-09-18T23:14:06.912,25,0.002,0.55,9,manhattan,0.5741,0.6238,0.6087,33,313,1284,0.507850408,0.594363821,0.366310166,295
2026-09-18T23:14:08.582,25,0.002,0.55,10,manhattan,0.1964,0.2298,0.2733,5,149,195,1.331237353,0.125055933,0.211772165,285
2026-09-18T23:14:11.762,25,0.002,0.6,5,manhattan,0.982,0.9825,0.9817,2,409,9190,0.375854617,1.36200094,1.438685717,295
2026-09-18T23:14:16.799,25,0.002,0.6,6,manhattan,0.9637,0.9615,0.9666,2,1239,9192,0.648962592,2.95860938,1.427929588,295
2026-09-18T23:14:22.14,25,0.002,0.6,7,manhattan,0.9915,0.988,0.9952,1,1438,9104,0.517048027,3.303895267,1.518314867,295
2026-09-18T23:14:26.45,25,0.002,0.6,8,manhattan,0.9883,0.9844,0.9927,28,778,7798,0.346437642,2.712183114,1.247684934,295
2026-09-18T23:14:27.374,25,0.002,0.6,9,manhattan,0.4513,0.5258,0.4986,17,313,707,0.458803258,0.198323162,0.264436888,295
2026-09-18T23:14:29.162,25,0.002,0.6,10,manhattan,0.2378,0.3383,0.2752,4,149,108,1.269572242,0.239258446,0.277473619,235
2026-09-18T23:14:32.439,25,0.002,0.65,5,manhattan,0.9467,0.9481,0.9455,1,409,9023,0.460934048,1.848286079,0.965399594,295
2026-09-18T23:14:37.281,25,0.002,0.65,6,manhattan,0.9669,0.961,0.9746,1,1239,9045,0.454398363,2.691789294,1.69377818,295
2026-09-18T23:14:42.242,25,0.002,0.65,7,manhattan,0.9955,0.9936,0.9975,1,1438,9025,0.358679996,3.135038529,1.465610613,295
2026-09-18T23:14:46.209,25,0.002,0.65,8,manhattan,0.9936,0.992,0.9953,32,778,7280,0.284248022,2.669367211,1.010938892,295
2026-09-18T23:14:47.14,25,0.002,0.65,9,manhattan,0.4598,0.5065,0.5234,11,313,418,0.404053141,0.154137321,0.370384153,295
2026-09-18T23:14:52.497,25,0.002,0.7,5,manhattan,0.9563,0.9512,0.963,1,409,9011,0.801394736,1.72696226,1.505709757,295
2026-09-18T23:14:57.191,25,0.002,0.7,6,manhattan,0.9813,0.9779,0.9853,1,1239,9028,0.559033866,2.733189093,1.399687553,295
2026-09-18T23:15:01.854,25,0.002,0.7,7,manhattan,0.9879,0.9864,0.9894,2,1438,8970,0.587928987,3.074896239,0.997904117,295
2026-09-18T23:15:05.84,25,0.002,0.7,8,manhattan,0.9677,0.96,0.9776,41,778,6548,0.221291963,2.47380397,1.288317037,295
2026-09-18T23:15:06.595,25,0.002,0.7,9,manhattan,0.3441,0.4191,0.3647,7,313,216,0.412153064,0.130538969,0.208830656,295
2026-09-18T23:15:11.815,25,0.002,0.75,5,manhattan,0.9455,0.9366,0.9578,1,409,8993,0.507156673,1.874183329,1.459339836,295
2026-09-18T23:15:16.928,25,0.002,0.75,6,manhattan,0.9717,0.9708,0.9734,1,1239,8993,0.848436181,2.855512133,1.406930312,295
2026-09-18T23:15:22.035,25,0.002,0.75,7,manhattan,0.9692,0.9704,0.9687,2,1438,8940,0.611024271,3.163780558,1.329425039,295
2026-09-18T23:15:25.267,25,0.002,0.75,8,manhattan,0.9692,0.964,0.9755,51,778,5394,0.266885946,2.156408815,0.806333358,295
2026-09-18T23:15:26.062,25,0.002,0.75,9,manhattan,0.3255,0.3944,0.3219,3,313,97,0.368979503,0.121563235,0.292488675,275
2026-09-18T23:15:30.701,25,0.002,0.8,5,manhattan,0.9448,0.945,0.9448,1,409,8988,0.573763201,1.340684655,1.342455832,295
2026-09-18T23:15:35.917,25,0.002,0.8,6,manhattan,0.9686,0.9688,0.969,1,1239,8986,0.644856199,3.084982381,1.475304596,295
2026-09-18T23:15:41.194,25,0.002,0.8,7,manhattan,0.9756,0.9743,0.978,2,1438,8905,0.4548355,3.185011287,1.635774014,295
2026-09-18T23:15:43.893,25,0.002,0.8,8,manhattan,0.933,0.9248,0.9523,50,778,4021,0.205103501,1.723551487,0.767677627,295
2026-09-18T23:15:49.702,25,0.0025,0.5,5,manhattan,0.953,0.9487,0.9586,3,409,9631,0.479269085,2.105494805,1.368058352,295
2026-09-18T23:15:54.628,25,0.0025,0.5,6,manhattan,0.9772,0.9726,0.9823,1,1239,9654,0.760398201,2.556234388,1.60477995,295
2026-09-18T23:15:59.282,25,0.0025,0.5,7,manhattan,0.9928,0.9905,0.9954,1,1438,9639,0.596708467,2.621646419,1.433646243,295
2026-09-18T23:16:03.591,25,0.0025,0.5,8,manhattan,0.9876,0.9828,0.9929,3,778,8809,0.328949084,2.56921741,1.407775323,295
2026-09-18T23:16:05.629,25,0.0025,0.5,9,manhattan,0.8018,0.8228,0.8024,55,313,4007,0.359865903,0.951343738,0.724529069,295
2026-09-18T23:16:07.675,25,0.0025,0.5,10,manhattan,0.3891,0.4248,0.4182,15,149,768,1.282702838,0.340326732,0.415905221,295
2026-09-18T23:16:11.635,25,0.0025,0.55,5,manhattan,0.9582,0.9578,0.9596,1,409,9211,0.654437108,1.95876891,1.34367631,295
2026-09-18T23:16:16.645,25,0.0025,0.55,6,manhattan,0.966,0.9669,0.9666,1,1239,9211,0.743914869,2.776283315,1.481152414,295
2026-09-18T23:16:21.711,25,0.0025,0.55,7,manhattan,0.9924,0.9896,0.9954,1,1438,9207,0.566011158,3.101226646,1.396587085,295
2026-09-18T23:16:25.481,25,0.0025,0.55,8,manhattan,0.993,0.9952,0.991,4,778,8693,0.483730551,2.346600066,0.935671685,295
2026-09-18T23:16:27.48,25,0.0025,0.55,9,manhattan,0.8008,0.7988,0.805,44,313,2796,0.408903414,1.038247216,0.549614499,295
2026-09-18T23:16:29.452,25,0.0025,0.55,10,manhattan,0.2884,0.3706,0.3404,10,149,436,1.337305729,0.200963236,0.432630763,295
2026-09-18T23:16:33.174,25,0.0025,0.6,5,manhattan,0.9485,0.945,0.9525,1,409,9210,0.453318546,1.802595994,1.463253606,295
2026-09-18T23:16:38.454,25,0.0025,0.6,6,manhattan,0.9742,0.97,0.9796,1,1239,9210,0.699305579,3.018979632,1.559700697,295
2026-09-18T23:16:43.784,25,0.0025,0.6,7,manhattan,1.0,1.0,1.0,1,1438,9130,0.507801938,3.23043353,1.588020676,295
2026-09-18T23:16:47.869,25,0.0025,0.6,8,manhattan,0.9954,0.9976,0.9933,7,778,8569,0.251604166,2.686658746,1.144183934,295
2026-09-18T23:16:49.541,25,0.0025,0.6,9,manhattan,0.6653,0.6894,0.7132,35,313,1920,0.364825827,0.723791893,0.581259276,295
2026-09-18T23:16:51.237,25,0.0025,0.6,10,manhattan,0.2351,0.2998,0.2864,4,149,228,1.391691763,0.105492806,0.196885686,286
2026-09-18T23:16:54.537,25,0.0025,0.65,5,manhattan,0.9534,0.9434,0.9658,1,409,9039,0.371667627,1.437070705,1.488172449,295
2026-09-18T23:16:59.541,25,0.0025,0.65,6,manhattan,0.9916,0.988,0.9954,1,1239,9049,0.784421746,2.910678434,1.305826059,295
2026-09-18T23:17:04.903,25,0.0025,0.65,7,manhattan,0.9919,0.9887,0.9953,1,1438,9048,0.643842661,3.218084319,1.486059328,295
2026-09-18T23:17:09.287,25,0.0025,0.65,8,manhattan,0.9893,0.9931,0.986,12,778,8278,0.319411825,2.700965333,1.36191706,295
2026-09-18T23:17:10.406,25,0.0025,0.65,9,manhattan,0.5087,0.6198,0.5996,22,313,1064,0.39302023,0.37974122,0.34423261,295
2026-09-18T23:17:12.122,25,0.0025,0.65,10,manhattan,0.2523,0.2838,0.3146,4,149,161,1.166879307,0.180295009,0.36314314,285
2026-09-18T23:17:15.811,25,0.0025,0.7,5,manhattan,0.9327,0.9307,0.9411,1,409,9032,0.570202199,1.754550858,1.361306647,295
2026-09-18T23:17:20.269,25,0.0025,0.7,6,manhattan,0.969,0.9657,0.9736,1,1239,9032,0.788230615,2.626498368,1.041587589,295
2026-09-18T23:17:25.528,25,0.0025,0.7,7,manhattan,0.9883,0.987,0.9896,1,1438,9025,0.545983168,3.371987181,1.338670081,295
2026-09-18T23:17:29.852,25,0.0025,0.7,8,manhattan,0.9836,0.9845,0.983,21,778,7905,0.389805082,2.740325345,1.191561526,295
2026-09-18T23:17:30.992,25,0.0025,0.7,9,manhattan,0.4147,0.4871,0.4391,12,313,589,0.371980307,0.410900528,0.355457934,295
2026-09-18T23:17:32.507,25,0.0025,0.7,10,manhattan,0.1986,0.2243,0.1986,1,149,25,1.29401749,0.129134738,0.089622402,138
2026-09-18T23:17:36.319,25,0.0025,0.75,5,manhattan,0.9614,0.9616,0.9614,1,409,8997,0.662701368,1.701982655,1.445352356,295
2026-09-18T23:17:41.434,25,0.0025,0.75,6,manhattan,0.9691,0.9659,0.9729,1,1239,8997,0.671030509,2.844784987,1.596711945,295
2026-09-18T23:17:46.313,25,0.0025,0.75,7,manhattan,0.9876,0.9828,0.9929,2,1438,8984,0.43678849,2.85720893,1.582415766,295
2026-09-18T23:17:49.834,25,0.0025,0.75,8,manhattan,0.9671,0.9669,0.9688,32,778,7375,0.348487626,2.037794561,1.132230374,295
2026-09-18T23:17:50.74,25,0.0025,0.75,9,manhattan,0.4513,0.4923,0.4923,8,313,337,0.40358248,0.276254398,0.223828951,295
2026-09-18T23:17:56.058,25,0.0025,0.8,5,manhattan,0.9287,0.9211,0.9391,1,409,8992,0.756986799,1.795382916,1.445081301,295
2026-09-18T23:18:01.034,25,0.0025,0.8,6,manhattan,0.9798,0.9778,0.9826,1,1239,8992,0.629641326,2.848827685,1.494778115,295
2026-09-18T23:18:06.306,25,0.0025,0.8,7,manhattan,0.9752,0.9728,0.9782,2,1438,8935,0.558863662,3.25876154,1.450934008,295
2026-09-18T23:18:10.06,25,0.0025,0.8,8,manhattan,0.9546,0.9487,0.9616,42,778,6483,0.42875764,2.385516865,0.938110127,295
2026-09-18T23:18:10.96,25,0.0025,0.8,9,manhattan,0.3868,0.4725,0.3938,5,313,158,0.412540264,0.235119926,0.248089189,294
2026-09-18T23:18:16.005,25,0.003,0.5,5,manhattan,0.9441,0.9402,0.951,1,409,9659,0.653186878,1.793039669,1.282866058,295
2026-09-18T23:18:20.644,25,0.003,0.5,6,manhattan,0.969,0.9611,0.9797,1,1239,9658,0.711268358,2.748698557,1.177114071,295
2026-09-18T23:18:25.73,25,0.003,0.5,7,manhattan,0.9923,0.9896,0.9953,1,1438,9643,0.469305165,3.082877083,1.529862858,295
2026-09-18T23:18:30.277,25,0.003,0.5,8,manhattan,0.9946,0.9944,0.9949,4,778,8943,0.381504436,2.688283257,1.474339388,295
2026-09-18T23:18:32.988,25,0.003,0.5,9,manhattan,0.8982,0.9076,0.8992,40,313,5444,0.371918847,1.483071235,0.854865358,295
2026-09-18T23:18:35.313,25,0.003,0.5,10,manhattan,0.4051,0.509,0.4781,24,149,1407,1.298437889,0.471789772,0.552025913,295
2026-09-18T23:18:39.083,25,0.003,0.55,5,manhattan,0.9581,0.9514,0.9666,1,409,9215,0.453814908,1.84699108,1.467779257,295
2026-09-18T23:18:44.055,25,0.003,0.55,6,manhattan,0.949,0.9418,0.96,1,1239,9217,0.664095332,2.861546009,1.444682996,295
2026-09-18T23:18:49.191,25,0.003,0.55,7,manhattan,0.9918,0.9911,0.9926,1,1438,9212,0.455740434,3.185201884,1.49232368,295
2026-09-18T23:18:53.294,25,0.003,0.55,8,manhattan,0.9875,0.9868,0.9887,3,778,8814,0.330126539,2.429487107,1.339888813,295
2026-09-18T23:18:55.475,25,0.003,0.55,9,manhattan,0.9117,0.9073,0.9172,48,313,4422,0.394297559,1.196569292,0.587204522,295
2026-09-18T23:18:57.177,25,0.003,0.55,10,manhattan,0.454,0.5309,0.4967,12,149,808,1.04097543,0.283301951,0.376160103,295
2026-09-18T23:19:00.989,25,0.003,0.6,5,manhattan,0.9542,0.9524,0.957,1,409,9214,0.553756233,1.774487496,1.48129908,295
2026-09-18T23:19:05.945,25,0.003,0.6,6,manhattan,0.9641,0.9637,0.9647,1,1239,9214,0.759854415,2.901089564,1.292236325,295
2026-09-18T23:19:11.291,25,0.003,0.6,7,manhattan,0.9838,0.9804,0.988,1,1438,9191,0.592810759,3.184387953,1.566733654,295
2026-09-18T23:19:15.469,25,0.003,0.6,8,manhattan,0.9785,0.9715,0.9877,2,778,8729,0.39061615,2.336648929,1.447719908,295
2026-09-18T23:19:17.759,25,0.003,0.6,9,manhattan,0.8423,0.8639,0.8506,40,313,3271,0.410287111,1.143002009,0.734305325,295
2026-09-18T23:19:19.622,25,0.003,0.6,10,manhattan,0.3766,0.6539,0.4149,7,149,460,1.219434589,0.270436123,0.369602907,294
2026-09-18T23:19:23.408,25,0.003,0.65,5,manhattan,0.945,0.9405,0.9502,1,409,9050,0.506298114,1.728573849,1.548633564,295
2026-09-18T23:19:28.208,25,0.003,0.65,6,manhattan,0.971,0.9636,0.9799,1,1239,9053,0.718684953,2.703574606,1.375388833,295
2026-09-18T23:19:32.436,25,0.003,0.65,7,manhattan,0.9894,0.9876,0.9918,1,1438,9056,0.493388426,2.45606957,1.274734427,295
2026-09-18T23:19:36.004,25,0.003,0.65,8,manhattan,1.0,1.0,1.0,4,778,8668,0.325879835,2.08403772,1.155207347,295
2026-09-18T23:19:37.693,25,0.003,0.65,9,manhattan,0.7229,0.7224,0.749,34,313,2281,0.454523519,0.908701113,0.323166986,295
2026-09-18T23:19:39.115,25,0.003,0.65,10,manhattan,0.375,0.4322,0.419,5,149,326,1.167575346,0.102905672,0.14968619,293
2026-09-18T23:19:42.426,25,0.003,0.7,5,manhattan,0.9739,0.9751,0.9729,1,409,9036,0.485049645,1.579408954,1.245321433,295
2026-09-18T23:19:46.932,25,0.003,0.7,6,manhattan,0.9801,0.9802,0.9801,1,1239,9036,0.63966929,2.430252428,1.421634995,295
2026-09-18T23:19:56.34,25,0.003,0.7,7,manhattan,0.9796,0.9759,0.9838,1,1438,9032,0.49053303,5.967631308,2.947149389,295
2026-09-18T23:20:04.335,25,0.003,0.7,8,manhattan,0.9877,0.9871,0.9887,6,778,8397,0.465379521,4.890084004,2.636367792,295
2026-09-18T23:20:06.559,25,0.003,0.7,9,manhattan,0.6182,0.6373,0.655,25,313,1449,0.577160426,1.012368125,0.63120263,295
2026-09-18T23:20:08.938,25,0.003,0.7,10,manhattan,0.304,0.3649,0.3664,4,149,173,1.389811355,0.293743305,0.69364319,279
2026-09-18T23:20:15.931,25,0.003,0.75,5,manhattan,0.9577,0.9508,0.9662,1,409,9001,1.025376011,3.502438151,2.461792652,295
2026-09-18T23:20:24.225,25,0.003,0.75,6,manhattan,0.9847,0.9797,0.9904,1,1239,9001,0.967609165,5.003516167,2.319942872,295
2026-09-18T23:20:33.545,25,0.003,0.75,7,manhattan,0.9882,0.987,0.9896,1,1438,8991,0.82308055,5.585844784,2.907724983,295
2026-09-18T23:20:41.378,25,0.003,0.75,8,manhattan,0.9813,0.9844,0.9792,9,778,8219,0.530472028,4.874103949,2.42547472,295
2026-09-18T23:20:43.328,25,0.003,0.75,9,manhattan,0.5808,0.6135,0.615,16,313,812,0.611599554,0.827854558,0.507725252,295
2026-09-18T23:20:45.682,25,0.003,0.75,10,manhattan,0.3566,0.3996,0.3805,2,149,57,1.689671717,0.198941607,0.462471396,222
2026-09-18T23:20:52.71,25,0.003,0.8,5,manhattan,0.9342,0.9222,0.9513,1,409,8996,1.106847505,3.417897966,2.500493361,295
2026-09-18T23:21:00.969,25,0.003,0.8,6,manhattan,0.9801,0.9788,0.9814,1,1239,8996,1.032973355,4.699928511,2.523462233,295
2026-09-18T23:21:10.155,25,0.003,0.8,7,manhattan,0.9918,0.9913,0.9925,2,1438,8963,0.846769975,5.873491008,2.442676091,295
2026-09-18T23:21:17.894,25,0.003,0.8,8,manhattan,0.9843,0.9816,0.9872,18,778,7880,0.56258516,4.770643877,2.387762195,295
2026-09-18T23:21:19.481,25,0.003,0.8,9,manhattan,0.4376,0.4943,0.4764,7,313,382,0.616776965,0.383564197,0.58227861,295
2026-09-18T23:22:52.417,26,0.0015,0.5,5,manhattan,0.9436,0.9407,0.9489,9,411,9435,2.442175049,10.744513067,5.258351544,295
2026-09-18T23:23:03.159,26,0.0015,0.5,6,manhattan,0.9811,0.9794,0.9833,6,1248,9557,0.997139843,5.412983132,2.705555168,295
2026-09-18T23:23:13.202,26,0.0015,0.5,7,manhattan,0.9816,0.9766,0.9877,2,1481,9040,0.884586563,6.307391627,2.847203175,295
2026-09-18T23:23:21.227,26,0.0015,0.5,8,manhattan,0.9809,0.9798,0.9835,43,790,6864,0.5898821,5.419142722,2.011698752,295
2026-09-18T23:23:22.966,26,0.0015,0.5,9,manhattan,0.4207,0.5529,0.4888,6,312,273,0.578724453,0.624399383,0.53264563,295
2026-09-18T23:23:24.654,26,0.0015,0.5,10,manhattan,0.1676,0.1773,0.2565,1,140,17,1.403081634,0.163625899,0.118310653,111
2026-09-18T23:23:27.046,26,0.0015,0.55,5,manhattan,0.9237,0.9193,0.934,1,411,9062,0.392901779,1.157979631,0.839166555,295
2026-09-18T23:23:30.205,26,0.0015,0.55,6,manhattan,0.9541,0.9509,0.9575,3,1248,9107,0.404156855,1.809126231,0.943100921,295
2026-09-18T23:23:33.303,26,0.0015,0.55,7,manhattan,0.9798,0.9796,0.9811,1,1481,8986,0.346306061,1.922507342,0.82783598,295
2026-09-18T23:23:35.529,26,0.0015,0.55,8,manhattan,0.9879,0.993,0.9832,52,790,5976,0.167955575,1.474605203,0.581482348,295
2026-09-18T23:23:35.985,26,0.0015,0.55,9,manhattan,0.2741,0.3854,0.3314,5,312,169,0.239611843,0.081323012,0.13266515,292
2026-09-18T23:23:39.902,26,0.0015,0.6,5,manhattan,0.949,0.9421,0.9605,1,411,9020,0.453159027,1.077912715,0.816026084,295
2026-09-18T23:23:42.755,26,0.0015,0.6,6,manhattan,0.9918,0.9887,0.9952,1,1248,9030,0.391085344,1.646931522,0.813145755,295
2026-09-18T23:23:45.705,26,0.0015,0.6,7,manhattan,0.9894,0.9903,0.9886,1,1481,8980,0.291093663,1.835202765,0.822075045,295
2026-09-18T23:23:47.65,26,0.0015,0.6,8,manhattan,0.9743,0.9717,0.9774,58,790,5023,0.178561966,1.313518178,0.45119425,295
2026-09-18T23:23:48.085,26,0.0015,0.6,9,manhattan,0.3042,0.409,0.3521,5,312,122,0.223601966,0.06803185,0.140735879,288
2026-09-18T23:23:51.412,26,0.0015,0.65,5,manhattan,0.928,0.918,0.9421,2,411,9007,0.404912818,1.272797097,0.802235765,295
2026-09-18T23:23:54.349,26,0.0015,0.65,6,manhattan,0.9784,0.9779,0.9794,1,1248,9020,0.377740055,1.71114298,0.845989917,295
2026-09-18T23:23:57.474,26,0.0015,0.65,7,manhattan,0.9912,0.9876,0.9954,3,1481,8967,0.28653854,1.970768776,0.859279612,295
2026-09-18T23:23:59.049,26,0.0015,0.65,8,manhattan,0.9194,0.9199,0.9277,71,790,3782,0.165826112,1.05363809,0.353673277,295
2026-09-18T23:23:59.458,26,0.0015,0.65,9,manhattan,0.3709,0.4078,0.3831,3,312,56,0.228136417,0.063188841,0.11589051,259
2026-09-18T23:24:02.668,26,0.0015,0.7,5,manhattan,0.9521,0.9432,0.9655,4,411,8982,0.362439069,1.19346198,0.844612995,295
2026-09-18T23:24:05.507,26,0.0015,0.7,6,manhattan,0.9885,0.9899,0.9876,1,1248,9008,0.387102151,1.591410147,0.85785827,295
2026-09-18T23:24:08.606,26,0.0015,0.7,7,manhattan,0.9884,0.9863,0.9906,4,1481,8880,0.293582111,1.942307789,0.858854418,295
2026-09-18T23:24:09.863,26,0.0015,0.7,8,manhattan,0.7656,0.7769,0.7891,68,790,2375,0.16846402,0.817662397,0.26946009,295
2026-09-18T23:24:13.399,26,0.0015,0.75,5,manhattan,0.9238,0.9144,0.9419,7,411,8916,0.274017728,1.298198263,0.767093543,295
2026-09-18T23:24:16.203,26,0.0015,0.75,6,manhattan,0.9542,0.951,0.9605,2,1248,9004,0.375428865,1.605954821,0.820114458,295
2026-09-18T23:24:19.262,26,0.0015,0.75,7,manhattan,0.9959,0.9977,0.9942,4,1481,8802,0.289166322,1.936507184,0.831188366,295
2026-09-18T23:24:20.156,26,0.0015,0.75,8,manhattan,0.5734,0.5906,0.5917,44,790,1152,0.164410986,0.493759562,0.233640685,295
2026-09-18T23:24:23.653,26,0.0015,0.8,5,manhattan,0.9434,0.9419,0.949,27,411,8471,0.30677347,1.28457326,0.743815415,295
2026-09-18T23:24:26.502,26,0.0015,0.8,6,manhattan,0.9814,0.9754,0.9881,1,1248,8980,0.391091491,1.613336985,0.843244732,295
2026-09-18T23:24:30.588,26,0.0015,0.8,7,manhattan,0.9915,0.988,0.9952,6,1481,8640,0.274739958,2.699151203,1.109775466,295
2026-09-18T23:24:31.512,26,0.0015,0.8,8,manhattan,0.523,0.631,0.5596,15,790,359,0.33887899,0.432394001,0.140866133,295
2026-09-18T23:24:35.737,26,0.002,0.5,5,manhattan,0.9555,0.9474,0.9654,2,411,9558,0.364169318,1.591896731,1.120326191,295
2026-09-18T23:24:39.966,26,0.002,0.5,6,manhattan,0.9938,0.9944,0.9933,1,1248,9637,0.716417483,2.265187657,1.24438018,295
2026-09-18T23:24:44.371,26,0.002,0.5,7,manhattan,0.9874,0.9854,0.9896,3,1481,9267,0.57357868,2.64740664,1.181253359,295
2026-09-18T23:24:47.5,26,0.002,0.5,8,manhattan,0.989,0.9887,0.9894,5,790,8450,0.419110032,1.971597793,0.737156947,295
2026-09-18T23:24:48.387,26,0.002,0.5,9,manhattan,0.7463,0.7622,0.7691,40,312,1638,0.245286944,0.452486874,0.187270276,295
2026-09-18T23:24:49.764,26,0.002,0.5,10,manhattan,0.2589,0.2932,0.312,4,140,139,1.049964015,0.102069601,0.223195769,227
2026-09-18T23:24:53.047,26,0.002,0.55,5,manhattan,0.9516,0.9458,0.9603,3,411,9189,0.461524277,1.727367619,1.091938049,295
2026-09-18T23:24:57.17,26,0.002,0.55,6,manhattan,0.9727,0.9683,0.9778,1,1248,9199,0.66694451,2.213462929,1.239576211,295
2026-09-18T23:25:01.591,26,0.002,0.55,7,manhattan,0.9728,0.9674,0.9805,2,1481,9079,0.637029635,2.614343246,1.167169358,295
2026-09-18T23:25:05.275,26,0.002,0.55,8,manhattan,0.9976,0.9976,0.9977,13,790,8263,0.359403832,2.188061831,1.134372479,295
2026-09-18T23:25:06.35,26,0.002,0.55,9,manhattan,0.3939,0.4404,0.4117,23,312,862,0.304211968,0.455512612,0.313834223,295
2026-09-18T23:25:07.337,26,0.002,0.55,10,manhattan,0.1526,0.23,0.2313,1,140,52,0.868668877,0.035982833,0.079504344,196
2026-09-18T23:25:10.072,26,0.002,0.6,5,manhattan,0.9707,0.9696,0.9734,1,411,9048,0.271288956,1.289357324,1.172301791,295
2026-09-18T23:25:14.08,26,0.002,0.6,6,manhattan,0.9784,0.9773,0.9811,1,1248,9046,0.666010591,2.209939082,1.129632484,295
2026-09-18T23:25:18.4,26,0.002,0.6,7,manhattan,0.9847,0.9797,0.9906,1,1481,9009,0.553441737,2.575612574,1.189420399,295
2026-09-18T23:25:22.036,26,0.002,0.6,8,manhattan,0.9915,0.9913,0.9919,29,790,7666,0.412439064,2.246895573,0.974010686,295
2026-09-18T23:25:22.732,26,0.002,0.6,9,manhattan,0.4886,0.5478,0.5694,11,312,427,0.317289625,0.125317559,0.2505673,295
2026-09-18T23:25:24.102,26,0.002,0.6,10,manhattan,0.2327,0.2393,0.257,1,140,22,1.082547388,0.229555105,0.056502926,145
2026-09-18T23:25:26.935,26,0.002,0.65,5,manhattan,0.9562,0.9482,0.9656,1,411,9024,0.486061576,1.526072566,0.818767148,295
2026-09-18T23:25:30.741,26,0.002,0.65,6,manhattan,0.9717,0.9714,0.9727,1,1248,9024,0.373848005,2.129737862,1.299813555,295
2026-09-18T23:25:34.851,26,0.002,0.65,7,manhattan,0.9936,0.9921,0.9952,1,1481,9001,0.467188831,2.440030569,1.20077053,295
2026-09-18T23:25:38.159,26,0.002,0.65,8,manhattan,0.9838,0.9875,0.9808,36,790,6834,0.25437135,2.308027097,0.743395039,295
2026-09-18T23:25:38.998,26,0.002,0.65,9,manhattan,0.2466,0.2861,0.3038,6,312,244,0.299695327,0.253355997,0.284061545,294
2026-09-18T23:25:43.502,26,0.002,0.7,5,manhattan,0.9365,0.9305,0.9461,1,411,9018,0.589770703,1.59252705,1.149841435,295
2026-09-18T23:25:46.866,26,0.002,0.7,6,manhattan,0.981,0.9806,0.9821,1,1248,9018,0.601705406,1.915082645,0.845079675,295
2026-09-18T23:25:51.15,26,0.002,0.7,7,manhattan,1.0,1.0,1.0,1,1481,8990,0.538506299,2.637601749,1.105828799,295
2026-09-18T23:25:54.381,26,0.002,0.7,8,manhattan,0.9812,0.9766,0.9864,39,790,6032,0.391675085,2.099354422,0.736801386,295
2026-09-18T23:25:55.241,26,0.002,0.7,9,manhattan,0.2288,0.4436,0.3008,5,312,172,0.346542684,0.239615476,0.272518583,293
2026-09-18T23:25:59.533,26,0.002,0.75,5,manhattan,0.963,0.9596,0.9701,1,411,9008,0.54087476,1.42744391,1.140741523,295
2026-09-18T23:26:03.663,26,0.002,0.75,6,manhattan,0.9684,0.9622,0.9763,1,1248,9010,0.568752293,2.321934958,1.237314189,295
2026-09-18T23:26:07.12,26,0.002,0.75,7,manhattan,0.996,0.9944,0.9977,1,1481,8982,0.31074968,1.989603248,1.154867359,295
2026-09-18T23:26:10.229,26,0.002,0.75,8,manhattan,0.9697,0.9654,0.9778,47,790,5141,0.314402174,2.04464565,0.748058557,295
2026-09-18T23:26:10.738,26,0.002,0.75,9,manhattan,0.3287,0.4674,0.3921,2,312,76,0.27221184,0.078301745,0.155804644,286
2026-09-18T23:26:15.231,26,0.002,0.8,5,manhattan,0.9551,0.9496,0.963,2,411,8983,0.497917499,1.729425285,1.108418727,295
2026-09-18T23:26:19.219,26,0.002,0.8,6,manhattan,0.9718,0.9631,0.9832,1,1248,8986,0.714585893,2.133755137,1.137969239,295
2026-09-18T23:26:23.356,26,0.002,0.8,7,manhattan,1.0,1.0,1.0,3,1481,8949,0.553660899,2.64708502,0.933605986,295
2026-09-18T23:26:25.111,26,0.002,0.8,8,manhattan,0.8882,0.8844,0.9114,47,790,3739,0.170439833,1.079511733,0.502665804,295
2026-09-18T23:26:25.648,26,0.002,0.8,9,manhattan,0.2928,0.4034,0.3408,1,312,20,0.350621979,0.063433425,0.121154943,177
2026-09-18T23:26:30.088,26,0.0025,0.5,5,manhattan,0.9162,0.9127,0.9239,2,411,9571,0.295227923,1.74233239,1.083384227,295
2026-09-18T23:26:34.2,26,0.0025,0.5,6,manhattan,0.9772,0.9747,0.9812,1,1248,9641,0.589395656,2.417756759,1.102307049,295
2026-09-18T23:26:38.43,26,0.0025,0.5,7,manhattan,0.992,0.9892,0.9952,5,1481,9491,0.500184758,2.562217767,1.165342378,295
2026-09-18T23:26:42.068,26,0.0025,0.5,8,manhattan,0.9854,0.9826,0.9885,4,790,8824,0.367996347,2.099074078,1.169442136,295
2026-09-18T23:26:43.32,26,0.0025,0.5,9,manhattan,0.7374,0.7527,0.7808,48,312,3229,0.255504317,0.678216768,0.316214138,295
2026-09-18T23:26:44.824,26,0.0025,0.5,10,manhattan,0.1942,0.322,0.2927,16,140,611,1.045494306,0.129037031,0.327927235,295
2026-09-18T23:26:48.12,26,0.0025,0.55,5,manhattan,0.9675,0.9636,0.9736,1,411,9210,0.510998927,1.519838107,1.262026789,295
2026-09-18T23:26:52.168,26,0.0025,0.55,6,manhattan,1.0,1.0,1.0,1,1248,9204,0.485700148,2.219446868,1.340965697,295
2026-09-18T23:26:56.429,26,0.0025,0.55,7,manhattan,1.0,1.0,1.0,3,1481,9189,0.41004148,2.574749894,1.273918051,295
2026-09-18T23:26:59.85,26,0.0025,0.55,8,manhattan,0.9907,0.9892,0.9925,5,790,8691,0.251668699,2.143145519,1.023194097,295
2026-09-18T23:27:01.26,26,0.0025,0.55,9,manhattan,0.7614,0.7657,0.7854,40,312,2362,0.320259559,0.78261495,0.294017154,295
2026-09-18T23:27:02.734,26,0.0025,0.55,10,manhattan,0.3549,0.4183,0.4143,4,140,207,1.052851885,0.265482484,0.154112388,263
2026-09-18T23:27:05.953,26,0.0025,0.6,5,manhattan,0.9684,0.9637,0.9745,1,411,9052,0.605299723,1.531779724,1.012294373,295
2026-09-18T23:27:09.51,26,0.0025,0.6,6,manhattan,0.9839,0.9779,0.9907,1,1248,9050,0.389281202,1.969038805,1.196952302,295
2026-09-18T23:27:13.813,26,0.0025,0.6,7,manhattan,0.9923,0.9896,0.9952,1,1481,9044,0.617532439,2.50247525,1.170920678,295
2026-09-18T23:27:17.5,26,0.0025,0.6,8,manhattan,0.996,0.9944,0.9977,5,790,8522,0.255175015,2.404206556,1.024541755,295
2026-09-18T23:27:18.801,26,0.0025,0.6,9,manhattan,0.6322,0.6636,0.6713,32,312,1522,0.356975797,0.73108878,0.211091143,295
2026-09-18T23:27:20.238,26,0.0025,0.6,10,manhattan,0.2168,0.2265,0.2944,3,140,140,1.124358135,0.066833093,0.243621646,257
2026-09-18T23:27:23.425,26,0.0025,0.65,5,manhattan,0.9696,0.9661,0.9737,1,411,9028,0.460601673,1.582238019,1.142421907,295
2026-09-18T23:27:27.326,26,0.0025,0.65,6,manhattan,0.986,0.9854,0.9868,1,1248,9029,0.675640948,2.085911005,1.137567861,295
2026-09-18T23:27:31.051,26,0.0025,0.65,7,manhattan,0.9882,0.9897,0.9869,1,1481,9012,0.568624483,2.310817539,0.843587234,295
2026-09-18T23:27:34.75,26,0.0025,0.65,8,manhattan,0.996,0.9944,0.9977,9,790,8278,0.357237213,2.30000847,1.039139789,295
2026-09-18T23:27:35.742,26,0.0025,0.65,9,manhattan,0.5356,0.5939,0.5746,17,312,830,0.361374965,0.306569953,0.32217482,295
2026-09-18T23:27:37.077,26,0.0025,0.65,10,manhattan,0.2527,0.2604,0.298,1,140,70,0.99876156,0.252733291,0.081259387,204
2026-09-18T23:27:40.376,26,0.0025,0.7,5,manhattan,0.9342,0.9282,0.9417,1,411,9022,0.479372659,1.650220212,1.167356532,295
2026-09-18T23:27:44.477,26,0.0025,0.7,6,manhattan,0.9609,0.9692,0.9573,1,1248,9023,0.686727986,2.318102203,1.094515196,295
2026-09-18T23:27:48.701,26,0.0025,0.7,7,manhattan,0.9952,0.9952,0.9954,1,1481,9009,0.530694333,2.6359551,1.052038931,295
2026-09-18T23:27:52.442,26,0.0025,0.7,8,manhattan,0.9832,0.9769,0.9904,24,790,7862,0.339554635,2.305161156,1.093599436,295
2026-09-18T23:27:53.283,26,0.0025,0.7,9,manhattan,0.513,0.5478,0.5486,8,312,404,0.366597144,0.283063443,0.189525873,295
2026-09-18T23:27:57.583,26,0.0025,0.75,5,manhattan,0.9514,0.9448,0.96,1,411,9012,0.634338019,1.521464992,1.325158081,295
2026-09-18T23:28:01.58,26,0.0025,0.75,6,manhattan,0.9725,0.9689,0.9776,1,1248,9014,0.609581418,2.16910863,1.215894889,295
2026-09-18T23:28:05.915,26,0.0025,0.75,7,manhattan,0.984,0.9844,0.9839,1,1481,9001,0.448373637,2.677726874,1.206305878,295
2026-09-18T23:28:09.302,26,0.0025,0.75,8,manhattan,0.9842,0.9826,0.9864,27,790,6958,0.209325203,2.200965234,0.966129856,295
2026-09-18T23:28:10.174,26,0.0025,0.75,9,manhattan,0.2313,0.4175,0.2954,5,312,256,0.438995337,0.215792374,0.21507231,295
2026-09-18T23:28:14.369,26,0.0025,0.8,5,manhattan,0.9824,0.978,0.9878,1,411,8994,0.482358867,1.448544944,1.108119876,295
2026-09-18T23:28:18.04,26,0.0025,0.8,6,manhattan,0.981,0.977,0.9855,1,1248,8990,0.68147787,2.089879113,0.897308169,295
2026-09-18T23:28:22.401,26,0.0025,0.8,7,manhattan,1.0,1.0,1.0,1,1481,8986,0.485509829,2.689361468,1.183447286,295
2026-09-18T23:28:25.298,26,0.0025,0.8,8,manhattan,0.9876,0.9904,0.9851,30,790,5968,0.350137279,1.838588535,0.706959913,295
2026-09-18T23:28:26.157,26,0.0025,0.8,9,manhattan,0.2713,0.4378,0.3006,2,312,118,0.349514084,0.203937011,0.302962366,294
2026-09-18T23:28:30.508,26,0.003,0.5,5,manhattan,0.9359,0.9272,0.9527,2,411,9592,0.629636228,1.456412365,1.129043512,295
2026-09-18T23:28:34.698,26,0.003,0.5,6,manhattan,0.9568,0.9517,0.9658,1,1248,9645,0.574218637,2.332680262,1.27640147,295
2026-09-18T23:28:38.787,26,0.003,0.5,7,manhattan,0.9873,0.9828,0.9925,1,1481,9636,0.335659722,2.444393978,1.306239101,295
2026-09-18T23:28:41.746,26,0.003,0.5,8,manhattan,0.9844,0.982,0.9876,2,790,8940,0.354419533,1.779486532,0.817208638,295
2026-09-18T23:28:43.789,26,0.003,0.5,9,manhattan,0.9245,0.9177,0.9391,35,312,4483,0.353749475,1.00702575,0.677328455,295
2026-09-18T23:28:45.637,26,0.003,0.5,10,manhattan,0.3047,0.3572,0.3749,21,140,1229,1.025623179,0.442273272,0.378334336,295
2026-09-18T23:28:48.545,26,0.003,0.55,5,manhattan,0.962,0.956,0.97,1,411,9214,0.372543857,1.442272421,1.09027352,295
2026-09-18T23:28:52.574,26,0.003,0.55,6,manhattan,0.9771,0.9738,0.981,1,1248,9213,0.75102472,2.278355061,0.997885679,295
2026-09-18T23:28:56.857,26,0.003,0.55,7,manhattan,0.9885,0.987,0.9901,1,1481,9211,0.541569403,2.572389674,1.166399357,295
2026-09-18T23:29:00.27,26,0.003,0.55,8,manhattan,0.9956,0.9936,0.9977,4,790,8901,0.36198475,1.98776621,1.061747581,295
2026-09-18T23:29:02.174,26,0.003,0.55,9,manhattan,0.8319,0.8497,0.8573,41,312,3737,0.380233811,0.965650953,0.554971682,295
2026-09-18T23:29:03.627,26,0.003,0.55,10,manhattan,0.2812,0.4251,0.3291,11,140,608,1.061453687,0.172135442,0.218630169,295
2026-09-18T23:29:06.307,26,0.003,0.6,5,manhattan,0.9262,0.9223,0.9407,1,411,9056,0.251221016,1.222525209,1.20369388,295
2026-09-18T23:29:10.477,26,0.003,0.6,6,manhattan,0.9915,0.988,0.9952,1,1248,9054,0.737454542,2.379345053,1.044087771,295
2026-09-18T23:29:14.551,26,0.003,0.6,7,manhattan,0.9806,0.9791,0.9822,1,1481,9048,0.577408362,2.469825317,1.023647296,295
2026-09-18T23:29:18.015,26,0.003,0.6,8,manhattan,0.9871,0.9853,0.9896,3,790,8751,0.39189767,1.901306364,1.168864058,295
2026-09-18T23:29:19.48,26,0.003,0.6,9,manhattan,0.8564,0.8631,0.8681,37,312,2848,0.295703194,0.721018562,0.44607404,295
2026-09-18T23:29:20.923,26,0.003,0.6,10,manhattan,0.1295,0.3583,0.2045,4,140,285,0.974293823,0.200231578,0.26451134,290
2026-09-18T23:29:24.094,26,0.003,0.65,5,manhattan,0.9263,0.9263,0.9285,1,411,9033,0.488208779,1.587622789,1.093097905,295
2026-09-18T23:29:27.782,26,0.003,0.65,6,manhattan,0.9868,0.9853,0.9884,1,1248,9033,0.693606104,2.1462404,0.840690564,295
2026-09-18T23:29:32.1,26,0.003,0.65,7,manhattan,0.9946,0.9951,0.9942,1,1481,9017,0.324492995,2.806836539,1.183909636,295
2026-09-18T23:29:35.423,26,0.003,0.65,8,manhattan,0.9867,0.9832,0.9907,4,790,8618,0.325895619,1.925733943,1.069446125,295
2026-09-18T23:29:36.864,26,0.003,0.65,9,manhattan,0.7928,0.7903,0.8015,24,312,1913,0.326260121,0.702801628,0.409511383,295
2026-09-18T23:29:38.385,26,0.003,0.65,10,manhattan,0.2294,0.2586,0.2915,3,140,190,0.976949332,0.150784865,0.390727337,267
2026-09-18T23:29:41.437,26,0.003,0.7,5,manhattan,0.9438,0.9396,0.9529,1,411,9026,0.466672355,1.568809409,1.014542427,295
2026-09-18T23:29:45.432,26,0.003,0.7,6,manhattan,0.98,0.9781,0.9828,1,1248,9027,0.753991861,2.130728841,1.099824886,295
2026-09-18T23:29:49.656,26,0.003,0.7,7,manhattan,0.996,0.9944,0.9976,1,1481,9013,0.541705523,2.607216213,1.073126066,295
2026-09-18T23:29:53.12,26,0.003,0.7,8,manhattan,0.9956,0.9936,0.9977,4,790,8458,0.376786092,1.97712015,1.107456033,295
2026-09-18T23:29:54.126,26,0.003,0.7,9,manhattan,0.6269,0.6777,0.6519,18,312,1090,0.369862437,0.399381591,0.236050771,295
2026-09-18T23:29:55.148,26,0.003,0.7,10,manhattan,0.2673,0.2792,0.2712,2,140,121,0.822099978,0.041666942,0.155784389,247
2026-09-18T23:29:58.302,26,0.003,0.75,5,manhattan,0.958,0.9566,0.9633,1,411,9020,0.489715677,1.517470275,1.144530138,295
2026-09-18T23:30:02.407,26,0.003,0.75,6,manhattan,0.9738,0.9702,0.9791,1,1248,9018,0.543146211,2.37976941,1.179686329,295
2026-09-18T23:30:06.55,26,0.003,0.75,7,manhattan,0.9914,0.9912,0.9919,1,1481,9007,0.528497263,2.45126148,1.161122422,295
2026-09-18T23:30:10.114,26,0.003,0.75,8,manhattan,0.9834,0.9804,0.9871,11,790,8232,0.396679429,2.069599693,1.085596593,295
2026-09-18T23:30:10.988,26,0.003,0.75,9,manhattan,0.3606,0.4009,0.4004,13,312,674,0.234880301,0.308897976,0.328896702,295
2026-09-18T23:30:12.24,26,0.003,0.75,10,manhattan,0.2007,0.338,0.2072,1,140,30,1.03161962,0.046701318,0.170964202,159
2026-09-18T23:30:15.56,26,0.003,0.8,5,manhattan,0.9476,0.938,0.9608,1,411,9001,0.606462582,1.583864206,1.127802571,295
2026-09-18T23:30:19.47,26,0.003,0.8,6,manhattan,0.9593,0.9618,0.9577,1,1248,8995,0.464714562,2.141729485,1.284744581,295
2026-09-18T23:30:23.481,26,0.003,0.8,7,manhattan,0.9918,0.9918,0.9919,1,1481,8994,0.450373823,2.408469393,1.149221522,295
2026-09-18T23:30:26.663,26,0.003,0.8,8,manhattan,0.9891,0.9889,0.9894,25,790,7561,0.341433927,2.097705606,0.741141817,295
2026-09-18T23:30:27.345,26,0.003,0.8,9,manhattan,0.4651,0.6045,0.519,4,312,255,0.286977214,0.141054286,0.227343229,295
2026-09-18T23:31:37.999,27,0.0015,0.5,5,manhattan,0.9732,0.9713,0.9763,3,412,9632,1.663169989,6.535600679,2.834880085,295
2026-09-18T23:31:43.606,27,0.0015,0.5,6,manhattan,0.9625,0.9633,0.9651,1,1235,9668,0.669365212,2.334180804,1.128217847,295
2026-09-18T23:31:48.042,27,0.0015,0.5,7,manhattan,0.996,0.9944,0.9977,6,1482,9349,0.540199604,2.814138734,1.079295085,295
2026-09-18T23:31:51.764,27,0.0015,0.5,8,manhattan,0.989,0.9856,0.9928,41,800,7043,0.399988443,2.425929946,0.890869214,295
2026-09-18T23:31:52.62,27,0.0015,0.5,9,manhattan,0.2623,0.2886,0.3332,23,323,633,0.385032263,0.324220614,0.145143289,295
2026-09-18T23:31:54.096,27,0.0015,0.5,10,manhattan,0.2798,0.2874,0.2886,5,143,114,1.063851412,0.190391208,0.21926412,262
2026-09-18T23:31:57.08,27,0.0015,0.55,5,manhattan,0.9617,0.9606,0.9631,3,412,9542,0.628544188,1.527003902,0.826178435,295
2026-09-18T23:32:00.923,27,0.0015,0.55,6,manhattan,0.9768,0.9748,0.9794,3,1235,9622,0.560228292,2.257445462,1.015633,295
2026-09-18T23:32:05.576,27,0.0015,0.55,7,manhattan,0.9878,0.9831,0.9928,7,1482,9161,0.50682388,2.893983065,1.249338638,295
2026-09-18T23:32:08.642,27,0.0015,0.55,8,manhattan,0.974,0.9664,0.9831,42,800,6270,0.223636748,2.062844496,0.768128592,295
2026-09-18T23:32:09.685,27,0.0015,0.55,9,manhattan,0.4185,0.4461,0.4613,9,323,304,0.469690689,0.263852107,0.30559371,295
2026-09-18T23:32:15.512,27,0.0015,0.6,5,manhattan,0.9464,0.9373,0.9611,6,412,9182,0.571326924,1.714240514,1.230890879,295
2026-09-18T23:32:19.588,27,0.0015,0.6,6,manhattan,0.9796,0.978,0.9819,3,1235,9254,0.692395613,2.124169409,1.257224148,295
2026-09-18T23:32:23.669,27,0.0015,0.6,7,manhattan,0.987,0.9822,0.993,3,1482,9026,0.495375203,2.469280973,1.113535096,295
2026-09-18T23:32:26.581,27,0.0015,0.6,8,manhattan,0.9801,0.9767,0.9838,62,800,5401,0.232183236,2.208000705,0.469276739,295
2026-09-18T23:32:27.197,27,0.0015,0.6,9,manhattan,0.3581,0.4847,0.4144,6,323,171,0.248791304,0.177420059,0.18722886,295
2026-09-18T23:32:31.131,27,0.0015,0.65,5,manhattan,0.9751,0.9713,0.9797,2,412,9034,0.480091048,1.332338542,0.849648348,295
2026-09-18T23:32:34.03,27,0.0015,0.65,6,manhattan,0.9676,0.9609,0.9755,2,1235,9097,0.434204639,1.651701967,0.811675036,295
2026-09-18T23:32:37.076,27,0.0015,0.65,7,manhattan,0.9914,0.9913,0.9918,3,1482,8920,0.285083605,1.940501481,0.818300188,295
2026-09-18T23:32:38.828,27,0.0015,0.65,8,manhattan,0.8923,0.8839,0.9221,73,800,4311,0.169582111,1.216036806,0.364433877,295
2026-09-18T23:32:39.287,27,0.0015,0.65,9,manhattan,0.2376,0.3626,0.283,4,323,83,0.257422092,0.068170695,0.131698545,284
2026-09-18T23:32:42.458,27,0.0015,0.7,5,manhattan,0.9455,0.9433,0.9495,3,412,8964,0.342865745,1.297106922,0.799638434,295
2026-09-18T23:32:45.338,27,0.0015,0.7,6,manhattan,0.9801,0.9771,0.9843,2,1235,9039,0.371884485,1.669167268,0.837193188,295
2026-09-18T23:32:48.443,27,0.0015,0.7,7,manhattan,0.9936,0.9921,0.9954,3,1482,8869,0.287421055,1.979090165,0.836494075,295
2026-09-18T23:32:49.721,27,0.0015,0.7,8,manhattan,0.8094,0.8032,0.8331,61,800,2698,0.162466393,0.841164647,0.272848514,295
2026-09-18T23:32:53.159,27,0.0015,0.75,5,manhattan,0.9507,0.9415,0.9635,10,412,8868,0.327659253,1.333390632,0.768987711,295
2026-09-18T23:32:55.9,27,0.0015,0.75,6,manhattan,0.9738,0.9667,0.9832,1,1235,8990,0.363273184,1.56721535,0.808949686,295
2026-09-18T23:32:58.944,27,0.0015,0.75,7,manhattan,0.9976,0.9976,0.9977,2,1482,8775,0.29061951,1.939681683,0.812151564,295
2026-09-18T23:32:59.915,27,0.0015,0.75,8,manhattan,0.5735,0.703,0.6042,48,800,1683,0.16231798,0.604215156,0.203056312,295
2026-09-18T23:33:03.373,27,0.0015,0.8,5,manhattan,0.9269,0.9166,0.9418,25,412,8516,0.235987496,1.357683695,0.749768134,295
2026-09-18T23:33:06.235,27,0.0015,0.8,6,manhattan,0.9615,0.9559,0.9715,2,1235,8954,0.377491909,1.649612872,0.83208925,295
2026-09-18T23:33:09.654,27,0.0015,0.8,7,manhattan,1.0,1.0,1.0,10,1482,8672,0.270252441,2.288292789,0.858930057,295
2026-09-18T23:33:10.276,27,0.0015,0.8,8,manhattan,0.5104,0.5966,0.5493,25,800,618,0.176481042,0.30226542,0.141870801,295
2026-09-18T23:33:13.667,27,0.002,0.5,5,manhattan,0.9628,0.9599,0.9691,1,412,9675,0.267954799,1.21468803,0.799861299,295
2026-09-18T23:33:16.579,27,0.002,0.5,6,manhattan,0.963,0.9591,0.9691,1,1235,9672,0.386620385,1.668128937,0.855469696,295
2026-09-18T23:33:19.675,27,0.002,0.5,7,manhattan,0.9713,0.9657,0.9774,4,1482,9545,0.296555957,1.934871778,0.861463762,295
2026-09-18T23:33:22.406,27,0.002,0.5,8,manhattan,0.9952,0.9951,0.9953,14,800,8532,0.19993517,1.740840019,0.788126621,295
2026-09-18T23:33:23.373,27,0.002,0.5,9,manhattan,0.6502,0.688,0.7084,55,323,2436,0.24467192,0.483249484,0.237096647,295
2026-09-18T23:33:24.704,27,0.002,0.5,10,manhattan,0.3686,0.4436,0.4363,10,143,385,0.80037142,0.249251629,0.279415069,295
2026-09-18T23:33:27.045,27,0.002,0.55,5,manhattan,0.9685,0.9613,0.9775,2,412,9587,0.336416942,1.153604976,0.848672035,295
2026-09-18T23:33:29.952,27,0.002,0.55,6,manhattan,0.984,0.9785,0.9902,1,1235,9649,0.380311195,1.677462258,0.841823112,295
2026-09-18T23:33:33.816,27,0.002,0.55,7,manhattan,0.9862,0.9829,0.9896,4,1482,9400,0.305647837,2.318075664,1.238249994,295
2026-09-18T23:33:36.938,27,0.002,0.55,8,manhattan,0.9803,0.9766,0.9846,18,800,8219,0.26330497,2.139063012,0.717667434,295
2026-09-18T23:33:37.78,27,0.002,0.55,9,manhattan,0.5311,0.598,0.5893,38,323,1412,0.231668226,0.425845394,0.18232432,295
2026-09-18T23:33:39.136,27,0.002,0.55,10,manhattan,0.3535,0.4031,0.3928,5,143,266,1.004878197,0.058445633,0.291455931,293
2026-09-18T23:33:42.41,27,0.002,0.6,5,manhattan,0.9252,0.9176,0.9372,2,412,9347,0.473336689,1.753683149,1.043856037,295
2026-09-18T23:33:46.392,27,0.002,0.6,6,manhattan,0.9802,0.9754,0.9855,3,1235,9430,0.68801649,2.177205619,1.115235384,295
2026-09-18T23:33:50.634,27,0.002,0.6,7,manhattan,0.9815,0.9766,0.9876,2,1482,9268,0.581823943,2.701046697,0.957325023,295
2026-09-18T23:33:53.34,27,0.002,0.6,8,manhattan,0.9741,0.9674,0.9827,20,800,7710,0.181980421,1.660329053,0.860925495,295
2026-09-18T23:33:54.233,27,0.002,0.6,9,manhattan,0.3874,0.5184,0.47,21,323,784,0.364354817,0.22519868,0.301170796,295
2026-09-18T23:33:55.647,27,0.002,0.6,10,manhattan,0.3238,0.4337,0.3344,4,143,163,1.03103379,0.178582498,0.202401549,284
2026-09-18T23:33:58.85,27,0.002,0.65,5,manhattan,0.9644,0.9651,0.9658,3,412,9170,0.522365051,1.469759959,1.208861793,295
2026-09-18T23:34:02.884,27,0.002,0.65,6,manhattan,0.9692,0.9705,0.9693,2,1235,9186,0.616608508,2.282770781,1.12539032,295
2026-09-18T23:34:07.185,27,0.002,0.65,7,manhattan,0.9923,0.9896,0.9953,4,1482,9135,0.590579676,2.612362963,1.095317883,295
2026-09-18T23:34:10.654,27,0.002,0.65,8,manhattan,0.9805,0.9758,0.9857,29,800,7046,0.354818397,2.269115675,0.842244744,295
2026-09-18T23:34:11.154,27,0.002,0.65,9,manhattan,0.481,0.4946,0.5096,9,323,386,0.232537192,0.123603093,0.131221878,295
2026-09-18T23:34:12.294,27,0.002,0.65,10,manhattan,0.2461,0.2655,0.2584,2,143,44,0.806641918,0.116311793,0.215162335,205
2026-09-18T23:34:15.638,27,0.002,0.7,5,manhattan,0.9635,0.9589,0.9706,2,412,9041,0.519527955,1.669477853,1.152861096,295
2026-09-18T23:34:19.694,27,0.002,0.7,6,manhattan,0.9415,0.9314,0.9597,1,1235,9065,0.662509584,2.267179044,1.114585371,295
2026-09-18T23:34:24.012,27,0.002,0.7,7,manhattan,0.9865,0.9879,0.9852,1,1482,8993,0.577467378,2.620897859,1.117092886,295
2026-09-18T23:34:27.461,27,0.002,0.7,8,manhattan,0.9918,0.9912,0.9926,36,800,6389,0.344972789,2.103075081,0.997804314,295
2026-09-18T23:34:28.026,27,0.002,0.7,9,manhattan,0.3973,0.4728,0.4486,6,323,249,0.293588467,0.133234148,0.136709594,295
2026-09-18T23:34:31.742,27,0.002,0.75,5,manhattan,0.9473,0.9443,0.9551,1,412,8988,0.343869575,1.064417127,1.054322814,295
2026-09-18T23:34:35.865,27,0.002,0.75,6,manhattan,0.9784,0.9761,0.9811,1,1235,9027,0.646557675,2.259788151,1.213635101,295
2026-09-18T23:34:40.153,27,0.002,0.75,7,manhattan,0.9923,0.9921,0.9926,2,1482,8976,0.448075064,2.608307764,1.229853454,295
2026-09-18T23:34:43.1,27,0.002,0.75,8,manhattan,0.9627,0.952,0.9781,41,800,5458,0.355650976,1.950805667,0.637803058,295
2026-09-18T23:34:43.826,27,0.002,0.75,9,manhattan,0.2974,0.3676,0.3366,3,323,113,0.330048107,0.13143657,0.253413616,294
2026-09-18T23:34:48.463,27,0.002,0.8,5,manhattan,0.9503,0.9465,0.9556,2,412,8962,0.633827688,1.704240626,1.164895952,295
2026-09-18T23:34:51.894,27,0.002,0.8,6,manhattan,0.9956,0.9936,0.9977,1,1235,8970,0.425225063,1.805343903,1.19808932,295
2026-09-18T23:34:56.138,27,0.002,0.8,7,manhattan,0.9936,0.9921,0.9952,2,1482,8870,0.47516758,2.733885482,1.032841634,295
2026-09-18T23:34:58.874,27,0.002,0.8,8,manhattan,0.9642,0.9562,0.974,48,800,4195,0.322968636,1.76146236,0.649336593,295
2026-09-18T23:34:59.644,27,0.002,0.8,9,manhattan,0.3101,0.4215,0.3379,2,323,66,0.429745127,0.179657008,0.156771179,289
2026-09-18T23:35:03.781,27,0.0025,0.5,5,manhattan,0.9493,0.9404,0.9609,1,412,9679,0.420010428,1.518718759,1.05072291,295
2026-09-18T23:35:07.967,27,0.0025,0.5,6,manhattan,0.9674,0.9618,0.9754,1,1235,9676,0.623492702,2.397596838,1.163083848,295
2026-09-18T23:35:11.802,27,0.0025,0.5,7,manhattan,0.985,0.9826,0.9879,1,1482,9650,0.311613477,2.30567903,1.214631807,295
2026-09-18T23:35:15.511,27,0.0025,0.5,8,manhattan,0.9872,0.9821,0.9929,2,800,8774,0.441867913,2.263580327,1.000917982,295
2026-09-18T23:35:17.52,27,0.0025,0.5,9,manhattan,0.8962,0.8886,0.9128,48,323,4280,0.41060049,1.021004081,0.575645287,295
2026-09-18T23:35:19.207,27,0.0025,0.5,10,manhattan,0.3646,0.5351,0.466,15,143,748,1.024729139,0.393666751,0.266807165,295
2026-09-18T23:35:22.335,27,0.0025,0.55,5,manhattan,0.957,0.957,0.9589,2,412,9634,0.557842582,1.418372425,1.149651116,295
2026-09-18T23:35:26.493,27,0.0025,0.55,6,manhattan,0.9646,0.9575,0.9731,1,1235,9653,0.579819566,2.281966348,1.292170465,295
2026-09-18T23:35:30.169,27,0.0025,0.55,7,manhattan,0.9896,0.9868,0.993,4,1482,9594,0.365148495,2.128987766,1.179369528,295
2026-09-18T23:35:33.861,27,0.0025,0.55,8,manhattan,0.9837,0.978,0.9906,7,800,8716,0.274198268,2.28824809,1.126503033,295
2026-09-18T23:35:35.704,27,0.0025,0.55,9,manhattan,0.6766,0.7248,0.7304,54,323,3644,0.24437265,1.069913713,0.527451179,295
2026-09-18T23:35:37.494,27,0.0025,0.55,10,manhattan,0.3706,0.4272,0.4003,9,143,436,1.094089024,0.321736076,0.372095406,295
2026-09-18T23:35:40.654,27,0.0025,0.6,5,manhattan,0.9162,0.9056,0.9385,2,412,9359,0.566648671,1.529433893,1.062582394,295
2026-09-18T23:35:44.82,27,0.0025,0.6,6,manhattan,0.9706,0.9658,0.9766,1,1235,9465,0.672398143,2.293460212,1.187498295,295
2026-09-18T23:35:48.841,27,0.0025,0.6,7,manhattan,0.996,0.9944,0.9977,3,1482,9361,0.602053985,2.185335085,1.230759367,295
2026-09-18T23:35:52.672,27,0.0025,0.6,8,manhattan,0.9915,0.988,0.9953,10,800,8602,0.364874227,2.518337692,0.94386282,295
2026-09-18T23:35:54.077,27,0.0025,0.6,9,manhattan,0.686,0.7122,0.7333,45,323,2390,0.401961183,0.745342147,0.255997118,295
2026-09-18T23:35:55.849,27,0.0025,0.6,10,manhattan,0.3823,0.4177,0.4683,5,143,274,1.204973164,0.341884962,0.222783217,294
2026-09-18T23:35:58.93,27,0.0025,0.65,5,manhattan,0.9797,0.9751,0.9848,1,412,9210,0.518206696,1.481239645,1.079500279,295
2026-09-18T23:36:03.107,27,0.0025,0.65,6,manhattan,0.991,0.9876,0.995,1,1235,9204,0.639769023,2.444185991,1.091011255,295
2026-09-18T23:36:07.261,27,0.0025,0.65,7,manhattan,0.9939,0.9927,0.9952,1,1482,9202,0.473742537,2.522747685,1.15455887,295
2026-09-18T23:36:10.529,27,0.0025,0.65,8,manhattan,0.9924,0.9896,0.9954,10,800,8179,0.399880888,2.144485286,0.721866716,295
2026-09-18T23:36:11.667,27,0.0025,0.65,9,manhattan,0.4943,0.6012,0.5176,27,323,1385,0.240884772,0.593134473,0.295800065,295
2026-09-18T23:36:13.358,27,0.0025,0.65,10,manhattan,0.3628,0.4162,0.4165,3,143,190,1.189811022,0.162392221,0.336826143,292
2026-09-18T23:36:16.42,27,0.0025,0.7,5,manhattan,0.9304,0.9222,0.9441,1,412,9083,0.4838277,1.565044331,1.010488904,295
2026-09-18T23:36:20.558,27,0.0025,0.7,6,manhattan,0.965,0.9572,0.9757,1,1235,9108,0.619661343,2.313142558,1.195706542,295
2026-09-18T23:36:24.948,27,0.0025,0.7,7,manhattan,0.9878,0.9857,0.9901,2,1482,9071,0.559563193,2.686607483,1.141373447,295
2026-09-18T23:36:28.551,27,0.0025,0.7,8,manhattan,0.9976,0.9976,0.9977,15,800,7844,0.392476654,2.189796063,1.018942852,295
2026-09-18T23:36:29.551,27,0.0025,0.7,9,manhattan,0.426,0.5303,0.5028,18,323,767,0.407116663,0.335792839,0.254616913,295
2026-09-18T23:36:31.059,27,0.0025,0.7,10,manhattan,0.267,0.2963,0.3527,2,143,129,1.050550473,0.198359131,0.256538808,292
2026-09-18T23:36:33.667,27,0.0025,0.75,5,manhattan,0.953,0.9435,0.9655,1,412,9023,0.434118593,1.358918072,0.813645401,295
2026-09-18T23:36:37.839,27,0.0025,0.75,6,manhattan,0.979,0.9743,0.9851,1,1235,9036,0.617704598,2.42381026,1.127875694,295
2026-09-18T23:36:42.056,27,0.0025,0.75,7,manhattan,0.9976,0.9976,0.9977,1,1482,8996,0.506383599,2.620484816,1.088419721,295
2026-09-18T23:36:45.608,27,0.0025,0.75,8,manhattan,0.9823,0.9823,0.9828,27,800,7196,0.379376997,2.160105379,1.009835957,295
2026-09-18T23:36:46.371,27,0.0025,0.75,9,manhattan,0.3442,0.4593,0.4114,7,323,364,0.250946539,0.248107068,0.252965513,295
2026-09-18T23:36:47.577,27,0.0025,0.75,10,manhattan,0.3306,0.4017,0.3443,1,143,25,0.933129808,0.032175431,0.238053263,166
2026-09-18T23:36:50.884,27,0.0025,0.8,5,manhattan,0.9547,0.9491,0.9617,1,412,8972,0.341028917,1.754171479,1.209343768,295
2026-09-18T23:36:54.847,27,0.0025,0.8,6,manhattan,0.9786,0.9734,0.9854,1,1235,8980,0.527332518,2.138310052,1.295509162,295
2026-09-18T23:36:58.733,27,0.0025,0.8,7,manhattan,0.9914,0.992,0.991,2,1482,8969,0.488947981,2.303379921,1.091467877,295
2026-09-18T23:37:02.059,27,0.0025,0.8,8,manhattan,0.989,0.9858,0.9926,32,800,6376,0.272144024,2.190370857,0.861073208,295
2026-09-18T23:37:02.804,27,0.0025,0.8,9,manhattan,0.3639,0.4291,0.4062,4,323,170,0.436033225,0.147857813,0.158542425,295
2026-09-18T23:37:07.375,27,0.003,0.5,5,manhattan,0.9779,0.972,0.9853,1,412,9683,0.528995302,1.66723357,1.19897421,295
2026-09-18T23:37:11.366,27,0.003,0.5,6,manhattan,0.9782,0.9728,0.9845,1,1235,9680,0.662490028,2.239517671,1.086769648,295
2026-09-18T23:37:15.731,27,0.003,0.5,7,manhattan,0.9836,0.9796,0.9881,1,1482,9668,0.591727659,2.737820205,1.033646416,295
2026-09-18T23:37:19.318,27,0.003,0.5,8,manhattan,0.9935,0.992,0.9952,3,800,8888,0.428429595,2.063905247,1.091802487,295
2026-09-18T23:37:21.353,27,0.003,0.5,9,manhattan,0.9159,0.9123,0.925,36,323,5447,0.416910029,1.103766733,0.51237082,295
2026-09-18T23:37:23.136,27,0.003,0.5,10,manhattan,0.3911,0.5064,0.4791,28,143,1526,0.985652753,0.340434217,0.455430478,295
2026-09-18T23:37:26.394,27,0.003,0.55,5,manhattan,0.9266,0.9197,0.9406,1,412,9658,0.534271328,1.714893601,1.006116554,295
2026-09-18T23:37:30.709,27,0.003,0.55,6,manhattan,0.9668,0.9626,0.972,1,1235,9657,0.723868789,2.408131222,1.18086518,295
2026-09-18T23:37:35.048,27,0.003,0.55,7,manhattan,0.9806,0.9772,0.9845,1,1482,9641,0.533296273,2.679610915,1.12345725,295
2026-09-18T23:37:38.824,27,0.003,0.55,8,manhattan,0.996,0.9944,0.9977,2,800,8808,0.473727032,2.197848004,1.102138102,295
2026-09-18T23:37:40.989,27,0.003,0.55,9,manhattan,0.9558,0.9491,0.9642,38,323,4750,0.425711578,1.09486126,0.641673527,295
2026-09-18T23:37:42.747,27,0.003,0.55,10,manhattan,0.3945,0.4586,0.4835,17,143,960,1.11770302,0.415581437,0.222629565,295
2026-09-18T23:37:45.326,27,0.003,0.6,5,manhattan,0.9577,0.9493,0.9678,3,412,9401,0.319292397,1.13264628,1.124998789,295
2026-09-18T23:37:49.535,27,0.003,0.6,6,manhattan,0.9696,0.9653,0.9747,1,1235,9469,0.662865565,2.413245356,1.130176409,295
2026-09-18T23:37:54.0,27,0.003,0.6,7,manhattan,0.986,0.9846,0.9879,1,1482,9461,0.562007571,2.715214997,1.185086603,295
2026-09-18T23:37:57.492,27,0.003,0.6,8,manhattan,0.9894,0.9876,0.9918,3,800,8776,0.347925054,2.009114342,1.132591943,295
2026-09-18T23:37:59.323,27,0.003,0.6,9,manhattan,0.9197,0.9079,0.9386,39,323,3955,0.328418359,0.889661167,0.610894227,295
2026-09-18T23:38:00.979,27,0.003,0.6,10,manhattan,0.4402,0.4648,0.4651,9,143,489,1.118326704,0.105491759,0.430631763,295
2026-09-18T23:38:03.81,27,0.003,0.65,5,manhattan,0.9675,0.9638,0.9735,1,412,9214,0.423709156,1.368562606,1.035311155,295
2026-09-18T23:38:07.603,27,0.003,0.65,6,manhattan,0.972,0.9644,0.9827,1,1235,9213,0.691275009,2.230528178,0.860333868,295
2026-09-18T23:38:11.859,27,0.003,0.65,7,manhattan,1.0,1.0,1.0,1,1482,9211,0.342546709,2.751175202,1.158874647,295
2026-09-18T23:38:15.292,27,0.003,0.65,8,manhattan,0.9923,0.9896,0.9953,6,800,8636,0.348103917,1.91615471,1.166611185,295
2026-09-18T23:38:17.125,27,0.003,0.65,9,manhattan,0.7134,0.7366,0.7656,42,323,2907,0.295946033,0.988226757,0.546692895,295
2026-09-18T23:38:18.508,27,0.003,0.65,10,manhattan,0.3172,0.3476,0.355,3,143,233,0.978153746,0.159162337,0.243457379,292
2026-09-18T23:38:21.548,27,0.003,0.7,5,manhattan,0.9541,0.9526,0.9563,1,412,9111,0.613984497,1.373033642,1.05040632,295
2026-09-18T23:38:25.791,27,0.003,0.7,6,manhattan,0.9836,0.9824,0.9853,1,1235,9112,0.643864591,2.474179367,1.122427929,295
2026-09-18T23:38:30.247,27,0.003,0.7,7,manhattan,1.0,1.0,1.0,1,1482,9111,0.570307101,2.685882949,1.196741171,295
2026-09-18T23:38:33.476,27,0.003,0.7,8,manhattan,0.9959,0.9944,0.9975,8,800,8516,0.254950266,1.851663887,1.11975049,295
2026-09-18T23:38:34.87,27,0.003,0.7,9,manhattan,0.6874,0.6949,0.7307,30,323,1810,0.405001727,0.715771101,0.270407348,295
2026-09-18T23:38:36.433,27,0.003,0.7,10,manhattan,0.1677,0.2414,0.2321,3,143,197,1.218097336,0.133022388,0.209688099,292
2026-09-18T23:38:39.403,27,0.003,0.75,5,manhattan,0.9315,0.9242,0.9422,1,412,9036,0.390981001,1.403864975,1.173915545,295
2026-09-18T23:38:43.65,27,0.003,0.75,6,manhattan,0.9878,0.9862,0.9896,1,1235,9043,0.730560919,2.304068837,1.208332884,295
2026-09-18T23:38:47.98,27,0.003,0.75,7,manhattan,0.9922,0.9922,0.9925,1,1482,9031,0.48373097,2.731705104,1.112358688,295
2026-09-18T23:38:51.469,27,0.003,0.75,8,manhattan,0.992,0.9892,0.9952,12,800,8092,0.34132714,2.179864271,0.964828431,295
2026-09-18T23:38:52.563,27,0.003,0.75,9,manhattan,0.5134,0.5557,0.5621,21,323,983,0.408392175,0.44295646,0.240390785,295
2026-09-18T23:38:53.881,27,0.003,0.75,10,manhattan,0.2966,0.3538,0.3252,2,143,145,1.095133788,0.050057101,0.171818624,292
2026-09-18T23:38:57.146,27,0.003,0.8,5,manhattan,0.9441,0.9388,0.9508,1,412,8976,0.554306161,1.474855115,1.233958522,295
2026-09-18T23:39:00.876,27,0.003,0.8,6,manhattan,0.9805,0.9774,0.9852,1,1235,8984,0.579431581,1.957400701,1.190633777,295
2026-09-18T23:39:05.22,27,0.003,0.8,7,manhattan,0.996,0.9944,0.9977,1,1482,8981,0.482290945,2.562243843,1.297302377,295
2026-09-18T23:39:08.435,27,0.003,0.8,8,manhattan,0.9794,0.9747,0.9856,12,800,7515,0.280537906,2.152107518,0.779614447,295
2026-09-18T23:39:09.255,27,0.003,0.8,9,manhattan,0.5587,0.577,0.5976,8,323,438,0.371672607,0.226377277,0.220421278,295
2026-09-18T23:39:10.645,27,0.003,0.8,10,manhattan,0.124,0.1818,0.1692,1,143,28,0.968733747,0.156457511,0.253486611,177
2026-09-18T23:40:19.312,28,0.0015,0.5,5,manhattan,0.9561,0.9508,0.9641,2,410,9612,1.639996139,6.887479792,2.819157079,295
2026-09-18T23:40:24.837,28,0.0015,0.5,6,manhattan,0.9818,0.976,0.9882,1,1246,9673,0.621555614,2.144760069,1.323599875,295
2026-09-18T23:40:29.272,28,0.0015,0.5,7,manhattan,0.9816,0.9781,0.9853,7,1441,9449,0.613248616,2.625880264,1.192606166,295
2026-09-18T23:40:32.5,28,0.0015,0.5,8,manhattan,0.9798,0.9767,0.9834,43,784,7456,0.327882369,2.090004742,0.807970519,295
2026-09-18T23:40:33.316,28,0.0015,0.5,9,manhattan,0.3206,0.5104,0.3486,27,303,733,0.382647963,0.245579664,0.186021348,295
2026-09-18T23:40:34.662,28,0.0015,0.5,10,manhattan,0.1719,0.3114,0.279,2,134,34,1.267184979,0.031468411,0.045044588,157
2026-09-18T23:40:38.064,28,0.0015,0.55,5,manhattan,0.9678,0.9702,0.9672,3,410,9527,0.487776144,1.715920234,1.196907973,295
2026-09-18T23:40:42.139,28,0.0015,0.55,6,manhattan,0.9734,0.9676,0.9804,3,1246,9622,0.591344767,2.336655981,1.138954471,295
2026-09-18T23:40:46.602,28,0.0015,0.55,7,manhattan,0.9793,0.9746,0.9846,4,1441,9232,0.517993276,2.779690719,1.163708824,295
2026-09-18T23:40:50.082,28,0.0015,0.55,8,manhattan,0.9777,0.9728,0.9836,48,784,6515,0.310435724,2.188692993,0.978208982,295
2026-09-18T23:40:50.718,28,0.0015,0.55,9,manhattan,0.2258,0.4318,0.3195,16,303,394,0.269034829,0.123260737,0.239941303,295
2026-09-18T23:40:56.31,28,0.0015,0.6,5,manhattan,0.9447,0.9388,0.9544,2,410,9195,0.513732955,1.646829903,1.149418589,295
2026-09-18T23:41:00.276,28,0.0015,0.6,6,manhattan,0.989,0.9856,0.9927,1,1246,9202,0.506130935,2.259283306,1.19885899,295
2026-09-18T23:41:04.095,28,0.0015,0.6,7,manhattan,0.9926,0.9926,0.9926,2,1441,9094,0.413434094,2.231441198,1.172141957,295
2026-09-18T23:41:07.062,28,0.0015,0.6,8,manhattan,0.9827,0.977,0.9902,47,784,5652,0.289948537,1.936120535,0.738974334,295
2026-09-18T23:41:08.206,28,0.0015,0.6,9,manhattan,0.3235,0.3828,0.353,6,303,160,0.443595843,0.258618482,0.439219514,295
2026-09-18T23:41:12.291,28,0.0015,0.65,5,manhattan,0.9636,0.9605,0.968,6,410,9120,0.3300346,1.584709249,1.027377841,295
2026-09-18T23:41:16.407,28,0.0015,0.65,6,manhattan,0.9775,0.9742,0.9817,1,1246,9170,0.755305891,2.292919661,1.065057241,295
2026-09-18T23:41:20.875,28,0.0015,0.65,7,manhattan,0.9826,0.9798,0.9857,1,1441,9058,0.559820344,2.703056615,1.203592348,295
2026-09-18T23:41:23.54,28,0.0015,0.65,8,manhattan,0.9423,0.9308,0.9615,59,784,4677,0.210769276,1.799353671,0.652672025,295
2026-09-18T23:41:24.118,28,0.0015,0.65,9,manhattan,0.3479,0.4421,0.3862,1,303,28,0.344810512,0.137791507,0.093014899,221
2026-09-18T23:41:28.545,28,0.0015,0.7,5,manhattan,0.9518,0.9494,0.9551,3,410,9041,0.451364783,1.623740707,1.069452426,295
2026-09-18T23:41:32.244,28,0.0015,0.7,6,manhattan,0.9832,0.9805,0.9868,1,1246,9100,0.634058331,2.039579159,1.01363551,295
2026-09-18T23:41:36.059,28,0.0015,0.7,7,manhattan,0.9824,0.9812,0.9843,2,1441,8955,0.442200621,2.504028297,0.857523365,295
2026-09-18T23:41:37.652,28,0.0015,0.7,8,manhattan,0.829,0.8198,0.8571,73,784,3547,0.172596656,1.097729646,0.321242483,295
2026-09-18T23:41:37.998,28,0.0015,0.7,9,manhattan,0.3369,0.4346,0.3828,1,303,17,0.213994199,0.066365122,0.063817799,153
2026-09-18T23:41:41.201,28,0.0015,0.75,5,manhattan,0.9598,0.9515,0.9703,7,410,8907,0.354434438,1.31829801,0.764952586,295
2026-09-18T23:41:44.069,28,0.0015,0.75,6,manhattan,0.9739,0.9725,0.9756,2,1246,9060,0.370824453,1.664209571,0.830941612,295
2026-09-18T23:41:47.095,28,0.0015,0.75,7,manhattan,0.9906,0.9889,0.9925,4,1441,8886,0.304175287,1.907521486,0.812780282,295
2026-09-18T23:41:48.172,28,0.0015,0.75,8,manhattan,0.7035,0.7171,0.7351,57,784,2073,0.169092857,0.684813985,0.220947323,295
2026-09-18T23:41:51.686,28,0.0015,0.8,5,manhattan,0.9196,0.9112,0.9308,22,410,8558,0.389916141,1.286475923,0.787367464,295
2026-09-18T23:41:54.473,28,0.0015,0.8,6,manhattan,0.9802,0.9808,0.9798,1,1246,9005,0.384143546,1.603283621,0.796178088,295
2026-09-18T23:41:57.831,28,0.0015,0.8,7,manhattan,0.9976,0.9976,0.9977,5,1441,8791,0.27166219,2.287639028,0.79694767,295
2026-09-18T23:41:58.586,28,0.0015,0.8,8,manhattan,0.4695,0.5556,0.5013,41,784,1053,0.166606156,0.428160908,0.158112192,295
2026-09-18T23:42:02.093,28,0.002,0.5,5,manhattan,0.9562,0.9519,0.961,2,410,9663,0.297584918,1.213417976,0.822120862,295
2026-09-18T23:42:04.976,28,0.002,0.5,6,manhattan,0.9587,0.9511,0.9689,1,1246,9677,0.377577343,1.626607136,0.871443791,295
2026-09-18T23:42:08.089,28,0.002,0.5,7,manhattan,0.9774,0.9732,0.9827,2,1441,9625,0.29744335,1.981487022,0.831230267,295
2026-09-18T23:42:10.789,28,0.002,0.5,8,manhattan,0.9873,0.9846,0.9907,9,784,8698,0.206222675,1.70736942,0.785217609,295
2026-09-18T23:42:11.768,28,0.002,0.5,9,manhattan,0.646,0.6773,0.6874,58,303,2641,0.239965538,0.471330256,0.265967607,295
2026-09-18T23:42:12.875,28,0.002,0.5,10,manhattan,0.2149,0.3394,0.2923,13,134,463,0.717814016,0.20935918,0.178212878,294
2026-09-18T23:42:15.121,28,0.002,0.55,5,manhattan,0.9275,0.9189,0.9387,2,410,9589,0.314816731,1.106374187,0.821880537,295
2026-09-18T23:42:17.981,28,0.002,0.55,6,manhattan,0.962,0.9539,0.9736,1,1246,9650,0.374252196,1.642602268,0.841822753,295
2026-09-18T23:42:21.103,28,0.002,0.55,7,manhattan,0.9964,0.9951,0.9977,6,1441,9547,0.303519546,1.941925957,0.874317342,295
2026-09-18T23:42:23.761,28,0.002,0.55,8,manhattan,0.9836,0.978,0.9904,11,784,8449,0.189069573,1.719604435,0.747807586,295
2026-09-18T23:42:24.647,28,0.002,0.55,9,manhattan,0.6593,0.6968,0.6968,41,303,1725,0.231319599,0.461464818,0.191375525,295
2026-09-18T23:42:25.611,28,0.002,0.55,10,manhattan,0.2423,0.4477,0.304,7,134,211,0.750651595,0.05080559,0.161270138,288
2026-09-18T23:42:27.844,28,0.002,0.6,5,manhattan,0.9513,0.9414,0.9682,1,410,9210,0.30377768,1.093744709,0.833203773,295
2026-09-18T23:42:31.004,28,0.002,0.6,6,manhattan,0.9929,0.9928,0.993,1,1246,9206,0.40588676,1.909618542,0.842235027,295
2026-09-18T23:42:34.045,28,0.002,0.6,7,manhattan,0.9914,0.9921,0.991,1,1441,9207,0.29823556,1.899018793,0.841839934,295
2026-09-18T23:42:36.63,28,0.002,0.6,8,manhattan,0.9716,0.971,0.9735,22,784,8015,0.204608013,1.664875229,0.714646711,295
2026-09-18T23:42:37.277,28,0.002,0.6,9,manhattan,0.2606,0.5284,0.3226,29,303,1080,0.228610454,0.238207911,0.178491335,295
2026-09-18T23:42:38.836,28,0.002,0.6,10,manhattan,0.2383,0.249,0.2725,3,134,82,1.157236209,0.151515259,0.247892529,257
2026-09-18T23:42:41.635,28,0.002,0.65,5,manhattan,0.9757,0.9786,0.973,1,410,9207,0.563324633,1.446090332,0.787836449,295
2026-09-18T23:42:45.269,28,0.002,0.65,6,manhattan,0.9888,0.9853,0.9928,1,1246,9190,0.380198837,2.103950241,1.147047545,295
2026-09-18T23:42:49.621,28,0.002,0.65,7,manhattan,0.9958,0.9976,0.9942,1,1441,9205,0.541474212,2.662888489,1.144692077,295
2026-09-18T23:42:53.398,28,0.002,0.65,8,manhattan,0.9914,0.988,0.995,37,784,7329,0.373125586,2.470620253,0.930885541,295
2026-09-18T23:42:54.188,28,0.002,0.65,9,manhattan,0.4848,0.5739,0.5202,11,303,470,0.340541181,0.29058556,0.151026369,295
2026-09-18T23:42:57.532,28,0.002,0.7,5,manhattan,0.9773,0.9732,0.9822,2,410,9124,0.430710115,1.141322442,0.815008779,295
2026-09-18T23:43:01.848,28,0.002,0.7,6,manhattan,0.9841,0.9806,0.9878,2,1246,9126,0.638687344,2.442090137,1.233283296,295
2026-09-18T23:43:06.063,28,0.002,0.7,7,manhattan,1.0,1.0,1.0,1,1441,9104,0.40549907,2.54755607,1.2598068,295
2026-09-18T23:43:09.405,28,0.002,0.7,8,manhattan,0.9841,0.9819,0.9869,42,784,6557,0.336667362,2.242520617,0.760276359,295
2026-09-18T23:43:10.182,28,0.002,0.7,9,manhattan,0.3883,0.4556,0.4344,5,303,263,0.424526364,0.224485136,0.125813577,295
2026-09-18T23:43:14.425,28,0.002,0.75,5,manhattan,0.9635,0.9655,0.9626,2,410,9048,0.502962304,1.703107702,0.841591299,295
2026-09-18T23:43:18.351,28,0.002,0.75,6,manhattan,0.9807,0.9823,0.9794,1,1246,9100,0.377991501,2.216509121,1.330329368,295
2026-09-18T23:43:22.536,28,0.002,0.75,7,manhattan,0.9771,0.9716,0.9837,2,1441,9030,0.390980803,2.532341903,1.258819034,295
2026-09-18T23:43:25.697,28,0.002,0.75,8,manhattan,0.9456,0.9376,0.9572,49,784,5528,0.330114917,2.071283772,0.756699156,295
2026-09-18T23:43:26.505,28,0.002,0.75,9,manhattan,0.1856,0.4308,0.2524,6,303,149,0.343572015,0.247906847,0.21479982,295
2026-09-18T23:43:30.874,28,0.002,0.8,5,manhattan,0.9631,0.9587,0.9688,1,410,8971,0.468643319,1.667862971,1.117555785,295
2026-09-18T23:43:34.418,28,0.002,0.8,6,manhattan,0.9862,0.9847,0.9878,1,1246,9028,0.59320527,1.931653693,1.01710404,295
2026-09-18T23:43:38.87,28,0.002,0.8,7,manhattan,0.9918,0.9918,0.9918,1,1441,8950,0.480676981,2.690815804,1.278735129,295
2026-09-18T23:43:41.325,28,0.002,0.8,8,manhattan,0.9676,0.9617,0.9757,45,784,4468,0.190885308,1.712900784,0.543027903,295
2026-09-18T23:43:42.077,28,0.002,0.8,9,manhattan,0.2481,0.3108,0.3198,3,303,62,0.315276846,0.178562782,0.255507401,277
2026-09-18T23:43:46.555,28,0.0025,0.5,5,manhattan,0.9323,0.9246,0.9433,1,410,9680,0.642708669,1.52137538,1.143146767,295
2026-09-18T23:43:50.7,28,0.0025,0.5,6,manhattan,0.9859,0.9852,0.9874,1,1246,9681,0.55007203,2.349221485,1.243626727,295
2026-09-18T23:43:54.311,28,0.0025,0.5,7,manhattan,0.9807,0.9769,0.9852,1,1441,9653,0.347352038,2.07021534,1.18153799,295
2026-09-18T23:43:58.015,28,0.0025,0.5,8,manhattan,0.9808,0.9773,0.9854,1,784,8977,0.369839901,2.234466585,1.097342235,295
2026-09-18T23:44:00.19,28,0.0025,0.5,9,manhattan,0.833,0.8383,0.8744,48,303,4479,0.414483879,1.133309546,0.625116824,295
2026-09-18T23:44:01.963,28,0.0025,0.5,10,manhattan,0.3186,0.5504,0.3834,23,134,1092,1.191875276,0.243778945,0.335821722,295
2026-09-18T23:44:05.055,28,0.0025,0.55,5,manhattan,0.9607,0.954,0.97,2,410,9601,0.36597055,1.485952065,1.236788422,295
2026-09-18T23:44:09.322,28,0.0025,0.55,6,manhattan,0.977,0.9695,0.9856,1,1246,9654,0.620817112,2.407248111,1.236559413,295
2026-09-18T23:44:12.99,28,0.0025,0.55,7,manhattan,0.9682,0.9579,0.9811,2,1441,9618,0.31971205,2.138678775,1.207211805,295
2026-09-18T23:44:16.665,28,0.0025,0.55,8,manhattan,0.9831,0.9797,0.9877,5,784,8930,0.389616172,2.191126405,1.091696262,295
2026-09-18T23:44:18.554,28,0.0025,0.55,9,manhattan,0.7983,0.803,0.841,57,303,3599,0.423975246,0.986396831,0.477144826,295
2026-09-18T23:44:20.291,28,0.0025,0.55,10,manhattan,0.2641,0.3962,0.3313,18,134,729,1.202402461,0.249866316,0.282383254,295
2026-09-18T23:44:23.397,28,0.0025,0.6,5,manhattan,0.9459,0.9377,0.9576,1,410,9214,0.471573093,1.442307865,1.188701756,295
2026-09-18T23:44:27.533,28,0.0025,0.6,6,manhattan,0.9708,0.9659,0.9775,1,1246,9213,0.583221382,2.343213873,1.207916015,295
2026-09-18T23:44:31.225,28,0.0025,0.6,7,manhattan,0.9894,0.9904,0.9887,1,1441,9212,0.464693303,2.01207634,1.212796668,295
2026-09-18T23:44:35.074,28,0.0025,0.6,8,manhattan,0.984,0.9807,0.9876,5,784,8751,0.33007818,2.377722896,1.137846858,295
2026-09-18T23:44:36.623,28,0.0025,0.6,9,manhattan,0.7549,0.7563,0.7844,46,303,2587,0.319045275,0.828515465,0.399209439,295
2026-09-18T23:44:38.311,28,0.0025,0.6,10,manhattan,0.2212,0.4687,0.2659,9,134,392,1.174540168,0.199441849,0.312489269,293
2026-09-18T23:44:41.325,28,0.0025,0.65,5,manhattan,0.9661,0.9612,0.9716,1,410,9211,0.401518394,1.621852338,0.988727157,295
2026-09-18T23:44:45.521,28,0.0025,0.65,6,manhattan,0.9775,0.9756,0.9798,1,1246,9205,0.72276416,2.34203579,1.1287033,295
2026-09-18T23:44:49.266,28,0.0025,0.65,7,manhattan,0.9816,0.9802,0.9835,1,1441,9209,0.522100575,2.111703817,1.108834208,295
2026-09-18T23:44:53.262,28,0.0025,0.65,8,manhattan,0.9854,0.9842,0.9868,13,784,8450,0.320560273,2.511838932,1.161751451,295
2026-09-18T23:44:54.315,28,0.0025,0.65,9,manhattan,0.5695,0.6678,0.6609,33,303,1723,0.271366062,0.442230165,0.337428911,295
2026-09-18T23:44:55.728,28,0.0025,0.65,10,manhattan,0.2732,0.4051,0.3267,3,134,211,1.011766625,0.121882488,0.275418326,292
2026-09-18T23:44:59.064,28,0.0025,0.7,5,manhattan,0.9508,0.9428,0.9653,1,410,9137,0.601004313,1.546469372,1.185798731,295
2026-09-18T23:45:03.252,28,0.0025,0.7,6,manhattan,0.9648,0.9585,0.9725,1,1246,9152,0.574107647,2.261428762,1.349634001,295
2026-09-18T23:45:07.319,28,0.0025,0.7,7,manhattan,0.9936,0.9921,0.9954,1,1441,9149,0.465421608,2.4730735,1.126648987,295
2026-09-18T23:45:10.794,28,0.0025,0.7,8,manhattan,0.983,0.9769,0.9902,15,784,8051,0.362674878,2.399116065,0.711232726,295
2026-09-18T23:45:11.62,28,0.0025,0.7,9,manhattan,0.4514,0.5855,0.4769,19,303,933,0.230022926,0.341617505,0.252773741,295
2026-09-18T23:45:12.879,28,0.0025,0.7,10,manhattan,0.2299,0.2083,0.2968,3,134,100,0.976536352,0.10532199,0.174814817,232
2026-09-18T23:45:16.273,28,0.0025,0.75,5,manhattan,0.9489,0.9415,0.9603,1,410,9095,0.657541153,1.547213531,1.186867653,295
2026-09-18T23:45:20.441,28,0.0025,0.75,6,manhattan,0.9723,0.9662,0.9801,1,1246,9108,0.59756777,2.313429478,1.254816147,295
2026-09-18T23:45:24.763,28,0.0025,0.75,7,manhattan,0.9918,0.9913,0.9926,2,1441,9088,0.51449213,2.586034665,1.219681626,295
2026-09-18T23:45:28.482,28,0.0025,0.75,8,manhattan,0.996,0.9944,0.9976,31,784,7467,0.267608319,2.470547339,0.967787956,295
2026-09-18T23:45:29.243,28,0.0025,0.75,9,manhattan,0.2973,0.4507,0.3552,9,303,442,0.284054906,0.212909005,0.251671295,295
2026-09-18T23:45:30.719,28,0.0025,0.75,10,manhattan,0.26,0.2555,0.2793,2,134,49,1.154065971,0.113423236,0.204608921,215
2026-09-18T23:45:33.454,28,0.0025,0.8,5,manhattan,0.9571,0.9518,0.9648,1,410,9011,0.541545661,1.402329707,0.789588279,295
2026-09-18T23:45:37.622,28,0.0025,0.8,6,manhattan,0.968,0.9634,0.9744,1,1246,9032,0.551079632,2.383488089,1.230990545,295
2026-09-18T23:45:41.771,28,0.0025,0.8,7,manhattan,0.9779,0.9716,0.985,1,1441,8989,0.491877157,2.532390514,1.122881815,295
2026-09-18T23:45:45.263,28,0.0025,0.8,8,manhattan,0.9574,0.951,0.9719,37,784,6577,0.398540987,2.247472508,0.843366526,295
2026-09-18T23:45:46.206,28,0.0025,0.8,9,manhattan,0.5082,0.5884,0.5198,4,303,226,0.391627883,0.261679419,0.287401144,295
2026-09-18T23:45:50.71,28,0.003,0.5,5,manhattan,0.9621,0.9607,0.9655,1,410,9685,0.5851944,1.721810653,1.074069776,295
2026-09-18T23:45:54.954,28,0.003,0.5,6,manhattan,0.9726,0.9665,0.9799,1,1246,9686,0.632244622,2.3415821,1.268321087,295
2026-09-18T23:45:58.749,28,0.003,0.5,7,manhattan,0.9916,0.988,0.9954,1,1441,9663,0.315109297,2.228528815,1.249591457,295
2026-09-18T23:46:02.471,28,0.003,0.5,8,manhattan,0.9939,0.9927,0.9952,2,784,9040,0.45197324,2.229031183,1.038299977,295
2026-09-18T23:46:04.859,28,0.003,0.5,9,manhattan,0.9535,0.9445,0.9671,31,303,5519,0.398390968,1.218859873,0.768969371,295
2026-09-18T23:46:06.907,28,0.003,0.5,10,manhattan,0.2416,0.4261,0.3302,32,134,1900,1.000393733,0.638283033,0.406794138,295
2026-09-18T23:46:10.016,28,0.003,0.55,5,manhattan,0.9402,0.9361,0.9456,2,410,9619,0.394032101,1.558897358,1.140031634,295
2026-09-18T23:46:14.157,28,0.003,0.55,6,manhattan,0.9612,0.9524,0.975,1,1246,9659,0.655923488,2.339093723,1.143549332,295
2026-09-18T23:46:18.463,28,0.003,0.55,7,manhattan,0.9752,0.9665,0.9856,1,1441,9643,0.494991172,2.654900107,1.153473716,295
2026-09-18T23:46:21.514,28,0.003,0.55,8,manhattan,0.996,0.9944,0.9977,1,784,9008,0.22406937,1.743810255,1.080931757,295
2026-09-18T23:46:23.814,28,0.003,0.55,9,manhattan,0.9654,0.9558,0.9783,40,303,4959,0.41260347,1.226918935,0.657915572,295
2026-09-18T23:46:25.788,28,0.003,0.55,10,manhattan,0.3019,0.5255,0.379,21,134,1309,0.946122546,0.518366858,0.508183503,295
2026-09-18T23:46:29.066,28,0.003,0.6,5,manhattan,0.944,0.936,0.955,1,410,9219,0.39515054,1.659519934,1.220990941,295
2026-09-18T23:46:33.205,28,0.003,0.6,6,manhattan,0.9817,0.9791,0.9847,1,1246,9218,0.664258911,2.340479585,1.131829887,295
2026-09-18T23:46:37.374,28,0.003,0.6,7,manhattan,0.9959,0.9977,0.9942,1,1441,9217,0.542094125,2.505015853,1.113677705,295
2026-09-18T23:46:40.851,28,0.003,0.6,8,manhattan,0.9878,0.9888,0.9876,1,784,8980,0.345982868,2.071066985,1.05746919,295
2026-09-18T23:46:42.367,28,0.003,0.6,9,manhattan,0.9231,0.9206,0.9393,48,303,4241,0.401054228,0.727002551,0.385845299,295
2026-09-18T23:46:44.034,28,0.003,0.6,10,manhattan,0.2988,0.4859,0.3581,16,134,861,0.982370897,0.432775394,0.249786207,295
2026-09-18T23:46:47.385,28,0.003,0.65,5,manhattan,0.981,0.9771,0.9855,1,410,9216,0.607360153,1.574996065,1.166978796,295
2026-09-18T23:46:51.583,28,0.003,0.65,6,manhattan,0.9876,0.9828,0.9928,1,1246,9215,0.570315681,2.343260527,1.282057691,295
2026-09-18T23:46:55.844,28,0.003,0.65,7,manhattan,0.9855,0.9835,0.9882,1,1441,9214,0.326819803,2.613113547,1.318972817,295
2026-09-18T23:46:59.372,28,0.003,0.65,8,manhattan,0.9866,0.9833,0.9904,5,784,8931,0.297477712,2.175497032,1.052700911,295
2026-09-18T23:47:00.838,28,0.003,0.65,9,manhattan,0.8081,0.8188,0.8487,43,303,3181,0.395782324,0.685966436,0.382770256,295
2026-09-18T23:47:02.521,28,0.003,0.65,10,manhattan,0.2463,0.4232,0.3248,10,134,502,1.116699739,0.224953073,0.338690525,295
2026-09-18T23:47:05.238,28,0.003,0.7,5,manhattan,0.9701,0.9677,0.9728,1,410,9148,0.413105909,1.484331746,0.817484095,295
2026-09-18T23:47:09.266,28,0.003,0.7,6,manhattan,0.9718,0.9672,0.9772,1,1246,9158,0.468320303,2.43024358,1.127976322,295
2026-09-18T23:47:13.5,28,0.003,0.7,7,manhattan,0.9894,0.9889,0.9901,1,1441,9157,0.515728532,2.590626174,1.125000103,295
2026-09-18T23:47:17.376,28,0.003,0.7,8,manhattan,0.9923,0.9896,0.9952,7,784,8677,0.38157541,2.412641888,1.079080473,295
2026-09-18T23:47:18.762,28,0.003,0.7,9,manhattan,0.6346,0.6758,0.6597,33,303,1980,0.358503325,0.63907231,0.386648754,295
2026-09-18T23:47:20.355,28,0.003,0.7,10,manhattan,0.2427,0.4675,0.3454,7,134,360,0.977400079,0.361531435,0.251502419,293
2026-09-18T23:47:23.522,28,0.003,0.75,5,manhattan,0.9562,0.9484,0.9671,1,410,9112,0.535821046,1.621547969,1.007239999,295
2026-09-18T23:47:27.553,28,0.003,0.75,6,manhattan,0.9648,0.9652,0.9646,1,1246,9113,0.648953882,2.370450528,1.001723931,295
2026-09-18T23:47:31.519,28,0.003,0.75,7,manhattan,0.9888,0.9853,0.9929,1,1441,9106,0.304054461,2.391311366,1.268650179,295
2026-09-18T23:47:35.304,28,0.003,0.75,8,manhattan,0.9755,0.9674,0.9852,12,784,8421,0.315400117,2.353817954,1.112985089,295
2026-09-18T23:47:36.429,28,0.003,0.75,9,manhattan,0.5612,0.6042,0.5924,22,303,1215,0.315058522,0.508135172,0.299370762,295
2026-09-18T23:47:38.0,28,0.003,0.75,10,manhattan,0.3253,0.4213,0.3761,3,134,203,1.27326327,0.121691542,0.173934048,290
2026-09-18T23:47:41.151,28,0.003,0.8,5,manhattan,0.9767,0.9746,0.9794,1,410,9037,0.573062401,1.402071504,1.1744778,295
2026-09-18T23:47:45.346,28,0.003,0.8,6,manhattan,0.9779,0.9776,0.98,1,1246,9037,0.585024057,2.400415254,1.206723405,295
2026-09-18T23:47:49.553,28,0.003,0.8,7,manhattan,0.9959,0.9944,0.9975,1,1441,9002,0.377865158,2.663278762,1.163548679,295
2026-09-18T23:47:53.128,28,0.003,0.8,8,manhattan,0.9748,0.9687,0.9829,15,784,7971,0.369476935,2.139866706,1.064132891,295
2026-09-18T23:47:54.082,28,0.003,0.8,9,manhattan,0.3997,0.585,0.4892,8,303,488,0.357040848,0.389686154,0.205619106,295
2026-09-18T23:47:55.061,28,0.003,0.8,10,manhattan,0.2736,0.2903,0.339,2,134,59,0.733080353,0.041942864,0.201250042,226
2026-09-18T23:49:04.234,29,0.0015,0.5,5,manhattan,0.9381,0.9351,0.9437,3,415,9639,1.714426398,6.55892569,2.921760775,295
2026-09-18T23:49:09.923,29,0.0015,0.5,6,manhattan,0.9537,0.9428,0.9708,1,1254,9655,0.612405561,2.403604628,1.285915726,295
2026-09-18T23:49:14.303,29,0.0015,0.5,7,manhattan,0.9813,0.9755,0.9882,6,1479,9441,0.491668681,2.702513319,1.17862421,295
2026-09-18T23:49:17.965,29,0.0015,0.5,8,manhattan,0.991,0.9905,0.9919,42,800,7226,0.574821983,2.203270486,0.879601189,295
2026-09-18T23:49:18.93,29,0.0015,0.5,9,manhattan,0.2581,0.3722,0.3538,15,314,488,0.365195941,0.378459998,0.219670135,295
2026-09-18T23:49:24.095,29,0.0015,0.55,5,manhattan,0.9507,0.9435,0.9601,3,415,9565,0.549817389,1.533280045,1.093454517,295
2026-09-18T23:49:28.298,29,0.0015,0.55,6,manhattan,0.9558,0.9468,0.9675,1,1254,9645,0.552743951,2.464283339,1.179288471,295
2026-09-18T23:49:32.739,29,0.0015,0.55,7,manhattan,0.9926,0.9926,0.9926,9,1479,9220,0.354079016,2.812169314,1.271430004,295
2026-09-18T23:49:35.96,29,0.0015,0.55,8,manhattan,0.9754,0.9718,0.9799,47,800,6224,0.260571875,2.056791625,0.902388949,295
2026-09-18T23:49:36.591,29,0.0015,0.55,9,manhattan,0.3153,0.3685,0.3484,9,314,266,0.367294813,0.098076092,0.162310425,295
2026-09-18T23:49:41.103,29,0.0015,0.6,5,manhattan,0.9211,0.9193,0.9266,5,415,9471,0.371883598,1.783814183,1.02872927,295
2026-09-18T23:49:45.254,29,0.0015,0.6,6,manhattan,0.9732,0.9648,0.9833,4,1254,9612,0.613279836,2.421505312,1.114346506,295
2026-09-18T23:49:49.286,29,0.0015,0.6,7,manhattan,0.9936,0.9921,0.9952,3,1479,9027,0.419668829,2.586838818,1.024162276,295
2026-09-18T23:49:51.969,29,0.0015,0.6,8,manhattan,0.9455,0.9345,0.9641,62,800,5331,0.176158006,1.739704212,0.759460543,295
2026-09-18T23:49:52.681,29,0.0015,0.6,9,manhattan,0.2346,0.3902,0.3003,4,314,114,0.374860375,0.186096986,0.14900593,295
2026-09-18T23:49:57.331,29,0.0015,0.65,5,manhattan,0.9389,0.9314,0.9507,5,415,9125,0.491900274,1.783540056,1.185945328,295
2026-09-18T23:50:01.546,29,0.0015,0.65,6,manhattan,0.9896,0.9911,0.9885,4,1254,9193,0.561430396,2.4294601,1.222037025,295
2026-09-18T23:50:05.671,29,0.0015,0.65,7,manhattan,0.9921,0.9892,0.9954,2,1479,8925,0.449119593,2.454413012,1.2191956,295
2026-09-18T23:50:08.305,29,0.0015,0.65,8,manhattan,0.8853,0.8884,0.8955,75,800,4106,0.27838344,1.866286813,0.486623692,295
2026-09-18T23:50:08.832,29,0.0015,0.65,9,manhattan,0.1435,0.1959,0.2178,1,314,16,0.333812667,0.05703893,0.133730721,158
2026-09-18T23:50:13.481,29,0.0015,0.7,5,manhattan,0.9524,0.9461,0.9618,2,415,8964,0.467225331,1.872735683,1.163200938,295
2026-09-18T23:50:17.435,29,0.0015,0.7,6,manhattan,0.9737,0.969,0.9794,1,1254,9048,0.45701788,2.315927493,1.178493816,295
2026-09-18T23:50:21.263,29,0.0015,0.7,7,manhattan,0.9839,0.9779,0.9905,3,1479,8884,0.290144512,2.390750051,1.144161702,295
2026-09-18T23:50:22.689,29,0.0015,0.7,8,manhattan,0.6522,0.6873,0.7127,77,800,2850,0.222212988,0.920296268,0.281525463,295
2026-09-18T23:50:26.164,29,0.0015,0.75,5,manhattan,0.9209,0.9238,0.9205,7,415,8877,0.31080316,1.300572768,0.757116947,295
2026-09-18T23:50:28.997,29,0.0015,0.75,6,manhattan,0.9698,0.9651,0.9788,1,1254,8979,0.369542586,1.636758574,0.824885531,295
2026-09-18T23:50:32.104,29,0.0015,0.75,7,manhattan,0.9936,0.9921,0.9954,7,1479,8801,0.274379018,2.000596589,0.823104717,295
2026-09-18T23:50:33.045,29,0.0015,0.75,8,manhattan,0.6123,0.6561,0.6586,50,800,1494,0.171503918,0.576960176,0.190291517,295
2026-09-18T23:50:36.583,29,0.0015,0.8,5,manhattan,0.9328,0.9284,0.9383,26,415,8525,0.255537991,1.414764538,0.752007076,295
2026-09-18T23:50:39.421,29,0.0015,0.8,6,manhattan,0.9598,0.9501,0.9762,1,1254,8957,0.366368017,1.635517982,0.834232187,295
2026-09-18T23:50:42.424,29,0.0015,0.8,7,manhattan,0.9798,0.9734,0.9878,5,1479,8587,0.267699253,1.913390253,0.820354575,295
2026-09-18T23:50:43.012,29,0.0015,0.8,8,manhattan,0.6079,0.6208,0.6311,23,800,526,0.163479429,0.278120209,0.144508427,295
2026-09-18T23:50:46.374,29,0.002,0.5,5,manhattan,0.9003,0.8963,0.9147,1,415,9665,0.298826837,1.185811652,0.79238298,295
2026-09-18T23:50:49.31,29,0.002,0.5,6,manhattan,0.969,0.9621,0.9775,1,1254,9659,0.380500063,1.692754842,0.861552162,295
2026-09-18T23:50:52.478,29,0.002,0.5,7,manhattan,0.9746,0.968,0.9827,1,1479,9633,0.291554608,2.003469302,0.870745517,295
2026-09-18T23:50:54.887,29,0.002,0.5,8,manhattan,1.0,1.0,1.0,6,800,8504,0.195152544,1.479512903,0.731948156,295
2026-09-18T23:50:55.721,29,0.002,0.5,9,manhattan,0.6258,0.6596,0.6576,46,314,1968,0.226392573,0.371165489,0.234703692,295
2026-09-18T23:50:56.667,29,0.002,0.5,10,manhattan,0.2851,0.3725,0.3243,7,144,156,0.701667956,0.151450097,0.091153907,255
2026-09-18T23:50:58.947,29,0.002,0.55,5,manhattan,0.9525,0.9588,0.9496,2,415,9643,0.354269054,1.106399191,0.817840426,295
2026-09-18T23:51:01.8,29,0.002,0.55,6,manhattan,0.9788,0.9787,0.9794,1,1254,9649,0.393331872,1.647307689,0.810752578,295
2026-09-18T23:51:04.838,29,0.002,0.55,7,manhattan,0.9881,0.9896,0.9867,4,1479,9571,0.295231615,1.895703774,0.844210978,295
2026-09-18T23:51:07.431,29,0.002,0.55,8,manhattan,0.9917,0.9926,0.991,17,800,8264,0.194021673,1.661380019,0.735260031,295
2026-09-18T23:51:08.18,29,0.002,0.55,9,manhattan,0.4048,0.4936,0.4658,28,314,1102,0.228894638,0.348569163,0.169387307,295
2026-09-18T23:51:09.008,29,0.002,0.55,10,manhattan,0.1614,0.2583,0.2191,1,144,20,0.703573577,0.03147749,0.09139514,63
2026-09-18T23:51:11.166,29,0.002,0.6,5,manhattan,0.9534,0.9542,0.9553,2,415,9582,0.298037351,1.067690817,0.790448864,295
2026-09-18T23:51:14.071,29,0.002,0.6,6,manhattan,0.9573,0.9486,0.9683,1,1254,9637,0.377165698,1.661730483,0.86461701,295
2026-09-18T23:51:17.495,29,0.002,0.6,7,manhattan,0.986,0.982,0.9906,5,1479,9455,0.307413759,2.075208506,1.039282226,295
2026-09-18T23:51:20.001,29,0.002,0.6,8,manhattan,0.996,0.9944,0.9977,23,800,7785,0.185326986,1.628088121,0.684531336,295
2026-09-18T23:51:20.538,29,0.002,0.6,9,manhattan,0.5335,0.5802,0.5474,17,314,670,0.228233102,0.16710168,0.139790714,295
2026-09-18T23:51:23.703,29,0.002,0.65,5,manhattan,0.9593,0.9532,0.9671,3,415,9326,0.264084405,1.17575017,0.887376554,295
2026-09-18T23:51:27.755,29,0.002,0.65,6,manhattan,0.971,0.9642,0.9801,4,1254,9414,0.62738108,2.26278543,1.159090357,295
2026-09-18T23:51:31.339,29,0.002,0.65,7,manhattan,0.9852,0.9851,0.9853,5,1479,9153,0.288127215,2.066562429,1.221810669,295
2026-09-18T23:51:34.849,29,0.002,0.65,8,manhattan,0.996,0.9944,0.9977,35,800,7283,0.228977471,2.35447083,0.922635463,295
2026-09-18T23:51:35.766,29,0.002,0.65,9,manhattan,0.3499,0.3781,0.3933,10,314,404,0.34699466,0.328428249,0.239675906,295
2026-09-18T23:51:40.15,29,0.002,0.7,5,manhattan,0.9482,0.9406,0.9581,3,415,9036,0.490960489,1.568470301,1.185959016,295
2026-09-18T23:51:43.467,29,0.002,0.7,6,manhattan,0.9691,0.9657,0.9736,2,1254,9102,0.681069302,1.76161784,0.871673848,295
2026-09-18T23:51:47.531,29,0.002,0.7,7,manhattan,0.983,0.9844,0.9822,1,1479,8982,0.311483623,2.510683408,1.239141447,295
2026-09-18T23:51:50.764,29,0.002,0.7,8,manhattan,0.9918,0.9887,0.9952,41,800,6275,0.21170948,2.072489303,0.947244476,295
2026-09-18T23:51:51.519,29,0.002,0.7,9,manhattan,0.3957,0.4832,0.4319,7,314,260,0.297374068,0.202326646,0.251693714,295
2026-09-18T23:51:55.769,29,0.002,0.75,5,manhattan,0.9693,0.9625,0.9783,1,415,8990,0.508973897,1.590216098,0.982470979,295
2026-09-18T23:51:59.789,29,0.002,0.75,6,manhattan,0.9793,0.9772,0.9828,1,1254,8983,0.568993724,2.304241012,1.136301968,295
2026-09-18T23:52:03.481,29,0.002,0.75,7,manhattan,0.9964,0.9951,0.9977,1,1479,8935,0.421575289,2.195205139,1.071593481,295
2026-09-18T23:52:06.62,29,0.002,0.75,8,manhattan,0.9852,0.9804,0.9905,50,800,5323,0.314219727,2.156775014,0.665823288,295
2026-09-18T23:52:07.491,29,0.002,0.75,9,manhattan,0.2778,0.3819,0.3565,4,314,113,0.392088417,0.226988739,0.240305107,293
2026-09-18T23:52:11.702,29,0.002,0.8,5,manhattan,0.9489,0.9404,0.9601,1,415,8960,0.358492988,1.648508819,1.124655925,295
2026-09-18T23:52:15.844,29,0.002,0.8,6,manhattan,0.9851,0.9845,0.9862,1,1254,8965,0.643821381,2.32333675,1.172293233,295
2026-09-18T23:52:20.085,29,0.002,0.8,7,manhattan,0.9777,0.9715,0.9848,3,1479,8917,0.399027572,2.687929331,1.151927639,295
2026-09-18T23:52:21.81,29,0.002,0.8,8,manhattan,0.9017,0.8863,0.9354,60,800,4013,0.180238276,1.122485465,0.421295224,295
2026-09-18T23:52:22.446,29,0.002,0.8,9,manhattan,0.3024,0.3806,0.352,1,314,20,0.349594155,0.146714714,0.13780324,181
2026-09-18T23:52:26.952,29,0.0025,0.5,5,manhattan,0.9331,0.9255,0.9435,1,415,9669,0.634523544,1.75293265,1.013654996,295
2026-09-18T23:52:31.065,29,0.0025,0.5,6,manhattan,0.9783,0.9758,0.982,1,1254,9663,0.652945383,2.248228051,1.208070504,295
2026-09-18T23:52:35.433,29,0.0025,0.5,7,manhattan,0.9976,0.9977,0.9976,1,1479,9651,0.509205001,2.714696791,1.141011927,295
2026-09-18T23:52:39.052,29,0.0025,0.5,8,manhattan,0.9921,0.9892,0.9954,4,800,8944,0.422643302,2.025515628,1.169112519,295
2026-09-18T23:52:40.51,29,0.0025,0.5,9,manhattan,0.8204,0.8185,0.8521,46,314,4018,0.248506296,0.787768214,0.4197261,295
2026-09-18T23:52:42.066,29,0.0025,0.5,10,manhattan,0.4605,0.469,0.4752,22,144,851,0.942781266,0.374336215,0.23757871,295
2026-09-18T23:52:45.468,29,0.0025,0.55,5,manhattan,0.9327,0.9288,0.9426,2,415,9657,0.682893069,1.616830397,1.099126961,295
2026-09-18T23:52:49.702,29,0.0025,0.55,6,manhattan,0.9696,0.964,0.977,1,1254,9653,0.698209832,2.354369141,1.179956852,295
2026-09-18T23:52:54.099,29,0.0025,0.55,7,manhattan,0.979,0.976,0.9827,1,1479,9638,0.511637227,2.67973848,1.202626233,295
2026-09-18T23:52:57.67,29,0.0025,0.55,8,manhattan,0.9911,0.99,0.9925,7,800,8748,0.293322781,2.133121011,1.142182817,295
2026-09-18T23:52:58.843,29,0.0025,0.55,9,manhattan,0.8115,0.8067,0.8421,47,314,3060,0.303853109,0.559551665,0.307235315,295
2026-09-18T23:53:00.31,29,0.0025,0.55,10,manhattan,0.2898,0.3962,0.3185,14,144,465,0.994033561,0.180610181,0.29122796,294
2026-09-18T23:53:03.758,29,0.0025,0.6,5,manhattan,0.9582,0.9526,0.9647,3,415,9625,0.474424785,1.706317121,1.265469047,295
2026-09-18T23:53:07.899,29,0.0025,0.6,6,manhattan,0.9676,0.9598,0.9781,1,1254,9641,0.49022066,2.356181873,1.290298688,295
2026-09-18T23:53:12.392,29,0.0025,0.6,7,manhattan,0.9915,0.9913,0.9919,4,1479,9607,0.478477259,2.695891802,1.316210453,295
2026-09-18T23:53:15.979,29,0.0025,0.6,8,manhattan,1.0,1.0,1.0,5,800,8530,0.223599059,2.346507172,1.014910953,295
2026-09-18T23:53:17.235,29,0.0025,0.6,9,manhattan,0.4767,0.628,0.5686,40,314,1928,0.39689364,0.640718261,0.216697687,295
2026-09-18T23:53:18.195,29,0.0025,0.6,10,manhattan,0.1908,0.224,0.2797,5,144,146,0.747081306,0.045254531,0.165122586,271
2026-09-18T23:53:21.527,29,0.0025,0.65,5,manhattan,0.9456,0.9384,0.9545,2,415,9353,0.443682305,1.572097301,1.313762933,295
2026-09-18T23:53:25.682,29,0.0025,0.65,6,manhattan,0.9799,0.9755,0.9853,1,1254,9465,0.623375191,2.348210183,1.180421647,295
2026-09-18T23:53:30.083,29,0.0025,0.65,7,manhattan,0.9828,0.9766,0.9902,3,1479,9348,0.428964222,2.839050685,1.129840666,295
2026-09-18T23:53:33.933,29,0.0025,0.65,8,manhattan,0.9919,0.9892,0.995,8,800,8277,0.357525895,2.276705647,1.213561221,295
2026-09-18T23:53:34.931,29,0.0025,0.65,9,manhattan,0.5375,0.5537,0.5814,24,314,1180,0.26016016,0.491123499,0.244189542,295
2026-09-18T23:53:35.958,29,0.0025,0.65,10,manhattan,0.361,0.4267,0.348,1,144,25,0.907725526,0.033566305,0.083904306,136
2026-09-18T23:53:38.711,29,0.0025,0.7,5,manhattan,0.9529,0.9471,0.96,2,415,9193,0.311919992,1.298963344,1.139444198,295
2026-09-18T23:53:42.778,29,0.0025,0.7,6,manhattan,0.9755,0.9777,0.974,1,1254,9195,0.709517284,2.282441227,1.073137604,295
2026-09-18T23:53:47.245,29,0.0025,0.7,7,manhattan,0.9739,0.9666,0.9823,5,1479,9135,0.545078655,2.781404276,1.137350845,295
2026-09-18T23:53:50.743,29,0.0025,0.7,8,manhattan,0.9876,0.9828,0.9929,18,800,7841,0.235947287,2.260528158,0.999194976,295
2026-09-18T23:53:51.671,29,0.0025,0.7,9,manhattan,0.3322,0.4543,0.4018,14,314,668,0.400389269,0.238284178,0.286796109,295
2026-09-18T23:53:55.778,29,0.0025,0.75,5,manhattan,0.9494,0.946,0.9538,1,415,8995,0.463305277,1.449468767,1.071865304,295
2026-09-18T23:53:59.527,29,0.0025,0.75,6,manhattan,0.973,0.9689,0.9786,1,1254,8994,0.588469818,2.348870254,0.810264527,295
2026-09-18T23:54:03.756,29,0.0025,0.75,7,manhattan,0.9854,0.9833,0.988,1,1479,8968,0.348817868,2.5561351,1.321404413,295
2026-09-18T23:54:07.189,29,0.0025,0.75,8,manhattan,0.9728,0.9697,0.9766,27,800,7424,0.242446511,2.21203704,0.97635239,295
2026-09-18T23:54:07.967,29,0.0025,0.75,9,manhattan,0.3869,0.5518,0.4497,8,314,360,0.296296556,0.264200551,0.215936836,295
2026-09-18T23:54:12.278,29,0.0025,0.8,5,manhattan,0.9557,0.945,0.9711,1,415,8968,0.494903801,1.53262619,1.011481952,295
2026-09-18T23:54:16.284,29,0.0025,0.8,6,manhattan,0.9687,0.9646,0.9744,1,1254,8969,0.710510218,2.203614524,1.088868108,295
2026-09-18T23:54:20.425,29,0.0025,0.8,7,manhattan,0.9743,0.9717,0.9776,1,1479,8940,0.445810092,2.589438523,1.102251663,295
2026-09-18T23:54:23.313,29,0.0025,0.8,8,manhattan,0.96,0.9515,0.9705,36,800,6296,0.365610588,1.955123035,0.564901301,295
2026-09-18T23:54:23.781,29,0.0025,0.8,9,manhattan,0.3778,0.4116,0.3834,5,314,182,0.227194561,0.092686366,0.146103603,295
2026-09-18T23:54:28.388,29,0.003,0.5,5,manhattan,0.9223,0.918,0.9323,1,415,9673,0.641967024,1.622610116,1.185061905,295
2026-09-18T23:54:32.594,29,0.003,0.5,6,manhattan,0.9909,0.9927,0.9892,1,1254,9667,0.603556735,2.286519751,1.313664736,295
2026-09-18T23:54:36.842,29,0.003,0.5,7,manhattan,0.9976,0.9976,0.9977,1,1479,9656,0.40629596,2.674309293,1.165775919,295
2026-09-18T23:54:40.578,29,0.003,0.5,8,manhattan,0.9887,0.9853,0.9927,4,800,9125,0.369078281,2.144332362,1.219527487,295
2026-09-18T23:54:42.673,29,0.003,0.5,9,manhattan,0.9424,0.9293,0.9639,33,314,5288,0.347184558,1.083701385,0.662101094,295
2026-09-18T23:54:44.617,29,0.003,0.5,10,manhattan,0.3793,0.5248,0.4796,29,144,1558,1.06519413,0.466504498,0.409033251,295
2026-09-18T23:54:47.207,29,0.003,0.55,5,manhattan,0.9344,0.9247,0.9468,1,415,9663,0.410096795,1.107361394,1.070864967,295
2026-09-18T23:54:51.327,29,0.003,0.55,6,manhattan,0.9603,0.953,0.9727,1,1254,9657,0.597460913,2.265696208,1.254999412,295
2026-09-18T23:54:55.873,29,0.003,0.55,7,manhattan,0.9697,0.9681,0.9722,1,1479,9648,0.421901168,2.712173982,1.409475523,295
2026-09-18T23:54:59.293,29,0.003,0.55,8,manhattan,0.9835,0.9797,0.9879,4,800,8971,0.250991809,2.086161863,1.080091705,295
2026-09-18T23:55:01.315,29,0.003,0.55,9,manhattan,0.9139,0.9024,0.9413,36,314,4435,0.428862673,1.013505954,0.577712996,295
2026-09-18T23:55:03.068,29,0.003,0.55,10,manhattan,0.2558,0.3972,0.3764,21,144,1004,1.053079242,0.370486771,0.327044273,295
2026-09-18T23:55:06.003,29,0.003,0.6,5,manhattan,0.9201,0.908,0.9386,2,415,9648,0.458120605,1.385167038,1.089071625,295
2026-09-18T23:55:09.762,29,0.003,0.6,6,manhattan,0.9815,0.9814,0.9827,1,1254,9645,0.681132368,2.243625019,0.831734871,295
2026-09-18T23:55:14.182,29,0.003,0.6,7,manhattan,0.9936,0.992,0.9954,1,1479,9636,0.420727694,2.8461488,1.150801587,295
2026-09-18T23:55:17.685,29,0.003,0.6,8,manhattan,1.0,1.0,1.0,5,800,8851,0.387411142,2.030839563,1.082815238,295
2026-09-18T23:55:19.692,29,0.003,0.6,9,manhattan,0.7924,0.786,0.8327,39,314,3630,0.422304223,1.183047751,0.398021578,295
2026-09-18T23:55:21.284,29,0.003,0.6,10,manhattan,0.2628,0.3446,0.326,15,144,655,1.116038203,0.201571032,0.272738724,295
2026-09-18T23:55:24.45,29,0.003,0.65,5,manhattan,0.9596,0.956,0.9653,2,415,9406,0.485957266,1.47158661,1.205791861,295
2026-09-18T23:55:28.464,29,0.003,0.65,6,manhattan,0.9854,0.9819,0.9894,1,1254,9469,0.599467803,2.282182953,1.116697295,295
2026-09-18T23:55:32.592,29,0.003,0.65,7,manhattan,0.9819,0.9804,0.9836,3,1479,9403,0.421815402,2.807138782,0.89773158,295
2026-09-18T23:55:35.928,29,0.003,0.65,8,manhattan,0.996,0.9944,0.9977,5,800,8690,0.210517777,1.947222305,1.173574682,295
2026-09-18T23:55:37.487,29,0.003,0.65,9,manhattan,0.6575,0.6968,0.7214,45,314,2597,0.415698978,0.711173292,0.429376426,295
2026-09-18T23:55:38.927,29,0.003,0.65,10,manhattan,0.2036,0.3616,0.2817,4,144,151,1.043802357,0.111942879,0.282531387,275
2026-09-18T23:55:42.226,29,0.003,0.7,5,manhattan,0.9357,0.9258,0.9527,1,415,9202,0.566426008,1.467773134,1.263265273,295
2026-09-18T23:55:46.287,29,0.003,0.7,6,manhattan,0.9637,0.954,0.9759,1,1254,9199,0.585531175,2.228264744,1.244657795,295
2026-09-18T23:55:50.661,29,0.003,0.7,7,manhattan,0.9823,0.9806,0.9849,1,1479,9200,0.46778504,2.72521301,1.17915696,295
2026-09-18T23:55:54.26,29,0.003,0.7,8,manhattan,0.9824,0.9818,0.9836,5,800,8472,0.259172534,2.245335433,1.092332866,295
2026-09-18T23:55:55.473,29,0.003,0.7,9,manhattan,0.5819,0.6426,0.6436,29,314,1525,0.38080492,0.623028778,0.206420815,295
2026-09-18T23:55:56.378,29,0.003,0.7,10,manhattan,0.2644,0.2927,0.3028,1,144,29,0.719657966,0.107926653,0.075803061,148
2026-09-18T23:55:59.606,29,0.003,0.75,5,manhattan,0.9579,0.9506,0.9668,1,415,8999,0.43497337,1.463217453,1.327809073,295
2026-09-18T23:56:03.622,29,0.003,0.75,6,manhattan,0.9895,0.9863,0.993,1,1254,8998,0.619254692,2.216713895,1.177499275,295
2026-09-18T23:56:07.947,29,0.003,0.75,7,manhattan,0.9896,0.9869,0.9927,1,1479,8976,0.459581616,2.667605154,1.196420062,295
2026-09-18T23:56:11.49,29,0.003,0.75,8,manhattan,0.9759,0.9691,0.9852,7,800,8171,0.248234333,2.242357957,1.04973496,295
2026-09-18T23:56:12.599,29,0.003,0.75,9,manhattan,0.4664,0.5249,0.5099,18,314,888,0.440815039,0.457803735,0.207775527,295
2026-09-18T23:56:16.935,29,0.003,0.8,5,manhattan,0.9482,0.9448,0.9558,1,415,8972,0.483272634,1.468793306,1.197775402,295
2026-09-18T23:56:20.447,29,0.003,0.8,6,manhattan,0.9715,0.9667,0.9774,1,1254,8973,0.601814333,1.847584491,1.060499395,295
2026-09-18T23:56:24.814,29,0.003,0.8,7,manhattan,0.9822,0.9776,0.9871,1,1479,8954,0.519712352,2.685294847,1.159404573,295
2026-09-18T23:56:28.221,29,0.003,0.8,8,manhattan,0.9736,0.9697,0.9786,15,800,7757,0.201155896,2.176999737,1.027348646,295
2026-09-18T23:56:29.004,29,0.003,0.8,9,manhattan,0.4897,0.5477,0.5306,7,314,380,0.449308514,0.175472374,0.155706507,295
2026-09-18T23:57:37.404,30,0.0015,0.5,5,manhattan,0.9568,0.9597,0.9549,2,404,9589,1.516068557,6.735478717,2.923745386,295
2026-09-18T23:57:42.961,30,0.0015,0.5,6,manhattan,0.9795,0.9779,0.9818,1,1250,9663,0.630494607,2.201747176,1.290851902,295
2026-09-18T23:57:46.757,30,0.0015,0.5,7,manhattan,0.9959,0.9944,0.9975,7,1431,9191,0.345074093,2.269247849,1.178255797,295
2026-09-18T23:57:50.552,30,0.0015,0.5,8,manhattan,0.985,0.9804,0.9902,47,740,6913,0.34977253,2.495160473,0.947475582,295
2026-09-18T23:57:51.352,30,0.0015,0.5,9,manhattan,0.3164,0.4956,0.345,14,282,540,0.383909577,0.154689548,0.259692781,295
2026-09-18T23:57:57.04,30,0.0015,0.55,5,manhattan,0.928,0.9202,0.9395,4,404,9497,0.762190571,1.604403598,1.211739688,295
2026-09-18T23:58:01.203,30,0.0015,0.55,6,manhattan,0.9838,0.9839,0.9838,2,1250,9633,0.451480789,2.34324628,1.365769375,295
2026-09-18T23:58:05.278,30,0.0015,0.55,7,manhattan,0.987,0.9853,0.9894,4,1431,9048,0.346931803,2.541399557,1.183113401,295
2026-09-18T23:58:08.521,30,0.0015,0.55,8,manhattan,0.9832,0.9769,0.9904,55,740,6043,0.251552355,2.221452699,0.767916443,295
2026-09-18T23:58:09.226,30,0.0015,0.55,9,manhattan,0.3474,0.466,0.3606,13,282,333,0.281378446,0.202023884,0.219490852,295
2026-09-18T23:58:13.054,30,0.0015,0.6,5,manhattan,0.955,0.9552,0.9593,8,404,9292,0.460236308,1.155948545,1.060683078,295
2026-09-18T23:58:17.145,30,0.0015,0.6,6,manhattan,0.983,0.9868,0.9795,6,1250,9390,0.683204072,2.103094196,1.290712149,295
2026-09-18T23:58:21.481,30,0.0015,0.6,7,manhattan,0.9942,0.9936,0.9949,2,1431,8979,0.65485254,2.560861753,1.116801079,295
2026-09-18T23:58:24.429,30,0.0015,0.6,8,manhattan,0.9492,0.9427,0.9568,79,740,5128,0.27774523,1.982943982,0.685763547,295
2026-09-18T23:58:25.117,30,0.0015,0.6,9,manhattan,0.2517,0.3496,0.2935,4,282,121,0.335053677,0.199196427,0.143795976,291
2026-09-18T23:58:29.723,30,0.0015,0.65,5,manhattan,0.9625,0.9581,0.9687,1,404,9017,0.59888358,1.649532414,1.226610515,295
2026-09-18T23:58:33.575,30,0.0015,0.65,6,manhattan,0.9931,0.9912,0.9952,1,1250,9056,0.591902521,2.156171585,1.102225961,295
2026-09-18T23:58:37.752,30,0.0015,0.65,7,manhattan,0.9962,0.9976,0.9949,3,1431,8907,0.494332988,2.621784628,1.058256162,295
2026-09-18T23:58:40.18,30,0.0015,0.65,8,manhattan,0.8809,0.8722,0.902,84,740,3784,0.249452576,1.742242875,0.434308761,295
2026-09-18T23:58:40.532,30,0.0015,0.65,9,manhattan,0.3528,0.3731,0.3802,1,282,20,0.227069335,0.052951815,0.069184686,202
2026-09-18T23:58:44.833,30,0.0015,0.7,5,manhattan,0.9435,0.9451,0.9477,2,404,8961,0.546354934,1.574556763,1.122914781,295
2026-09-18T23:58:48.944,30,0.0015,0.7,6,manhattan,0.9901,0.9887,0.9918,1,1250,9003,0.648638618,2.36709123,1.092020187,295
2026-09-18T23:58:53.252,30,0.0015,0.7,7,manhattan,0.9862,0.9829,0.9896,2,1431,8831,0.536504443,2.557723293,1.211513612,295
2026-09-18T23:58:54.96,30,0.0015,0.7,8,manhattan,0.7119,0.708,0.7473,73,740,2340,0.227775083,1.238698793,0.238938312,295
2026-09-18T23:59:00.008,30,0.0015,0.75,5,manhattan,0.9036,0.8984,0.9147,8,404,8848,0.585139295,1.806426922,1.144966553,295
2026-09-18T23:59:03.839,30,0.0015,0.75,6,manhattan,0.9644,0.9614,0.9696,1,1250,8964,0.459246657,2.17183539,1.191317733,295
2026-09-18T23:59:07.972,30,0.0015,0.75,7,manhattan,0.9876,0.9828,0.9929,4,1431,8770,0.477336401,2.445349772,1.207318801,295
2026-09-18T23:59:08.985,30,0.0015,0.75,8,manhattan,0.531,0.6358,0.5888,35,740,1045,0.230624189,0.627921861,0.151900433,295
2026-09-18T23:59:13.253,30,0.0015,0.8,5,manhattan,0.934,0.9276,0.947,29,404,8416,0.559782909,1.668781035,0.812411729,295
2026-09-18T23:59:16.173,30,0.0015,0.8,6,manhattan,0.9946,0.9944,0.9949,1,1250,8954,0.386375186,1.70093396,0.825308769,295
2026-09-18T23:59:19.125,30,0.0015,0.8,7,manhattan,0.9935,0.9953,0.9919,10,1431,8646,0.271275409,1.88389535,0.795153516,295
2026-09-18T23:59:19.626,30,0.0015,0.8,8,manhattan,0.5145,0.6535,0.521,15,740,371,0.16232984,0.206068954,0.131157348,295
2026-09-18T23:59:23.079,30,0.002,0.5,5,manhattan,0.9234,0.9298,0.9225,2,404,9627,0.365244271,1.151829302,0.803596565,295
2026-09-18T23:59:25.92,30,0.002,0.5,6,manhattan,0.9695,0.965,0.975,1,1250,9668,0.385038841,1.589951888,0.8645948,295
2026-09-18T23:59:28.94,30,0.002,0.5,7,manhattan,0.9831,0.9855,0.9811,4,1431,9526,0.295242859,1.913992845,0.809345136,295
2026-09-18T23:59:31.445,30,0.002,0.5,8,manhattan,0.996,0.9944,0.9977,5,740,8450,0.211799785,1.543366392,0.748167479,295
2026-09-18T23:59:32.262,30,0.002,0.5,9,manhattan,0.5818,0.7153,0.6129,42,282,1916,0.236333649,0.353987873,0.224903067,295
2026-09-18T23:59:33.195,30,0.002,0.5,10,manhattan,0.2604,0.287,0.3018,8,102,199,0.702579246,0.130648832,0.097177443,258
2026-09-18T23:59:35.467,30,0.002,0.55,5,manhattan,0.9464,0.9402,0.9547,2,404,9589,0.372544646,1.080406201,0.816984102,295
2026-09-18T23:59:38.291,30,0.002,0.55,6,manhattan,0.9899,0.9872,0.9929,1,1250,9649,0.375306731,1.621776141,0.825393696,295
2026-09-18T23:59:41.239,30,0.002,0.55,7,manhattan,0.9976,0.9976,0.9977,3,1431,9352,0.311249306,1.833442877,0.801028639,295
2026-09-18T23:59:43.77,30,0.002,0.55,8,manhattan,0.9869,0.9844,0.9902,13,740,8228,0.191814198,1.604149864,0.733747687,295
2026-09-18T23:59:44.417,30,0.002,0.55,9,manhattan,0.4159,0.5832,0.4721,28,282,1194,0.222219903,0.247317106,0.168793516,295
2026-09-18T23:59:45.362,30,0.002,0.55,10,manhattan,0.2828,0.3318,0.3444,3,102,73,0.859970885,0.031374055,0.051775058,175
2026-09-18T23:59:47.61,30,0.002,0.6,5,manhattan,0.9566,0.9487,0.9672,2,404,9499,0.357055654,1.078282815,0.811646338,295
2026-09-18T23:59:50.566,30,0.002,0.6,6,manhattan,0.9709,0.9676,0.975,4,1250,9609,0.393106703,1.67605955,0.884431624,295
2026-09-18T23:59:53.559,30,0.002,0.6,7,manhattan,0.9914,0.9911,0.9918,5,1431,9107,0.302705755,1.858340755,0.829932965,295
2026-09-18T23:59:56.022,30,0.002,0.6,8,manhattan,0.9863,0.9869,0.986,24,740,7720,0.189933231,1.575431735,0.695918267,295
2026-09-18T23:59:56.549,30,0.002,0.6,9,manhattan,0.3389,0.4956,0.3945,15,282,659,0.233557176,0.157149289,0.135540171,295
2026-09-18T23:59:57.425,30,0.002,0.6,10,manhattan,0.2611,0.2883,0.2562,1,102,20,0.807562645,0.027427321,0.039221706,100
2026-09-18T23:59:59.688,30,0.002,0.65,5,manhattan,0.9694,0.9644,0.9754,3,404,9107,0.373856964,1.077331087,0.810138324,295
2026-09-19T00:00:02.526,30,0.002,0.65,6,manhattan,0.9551,0.9494,0.9641,2,1250,9138,0.387258329,1.636299646,0.812466973,295
2026-09-19T00:00:05.552,30,0.002,0.65,7,manhattan,0.9931,0.9911,0.9952,1,1431,8990,0.296370936,1.8724948,0.855184937,295
2026-09-19T00:00:08.197,30,0.002,0.65,8,manhattan,0.9808,0.9744,0.9882,37,740,7036,0.186640142,1.795129248,0.661485861,295
2026-09-19T00:00:08.692,30,0.002,0.65,9,manhattan,0.4785,0.5255,0.4817,10,282,455,0.23144315,0.121429637,0.132364975,295
2026-09-19T00:00:11.783,30,0.002,0.7,5,manhattan,0.9444,0.9406,0.9514,1,404,9020,0.363163139,1.087574017,0.789351517,295
2026-09-19T00:00:14.919,30,0.002,0.7,6,manhattan,0.9874,0.9855,0.9894,1,1250,9034,0.376337729,1.633441599,1.123857429,295
2026-09-19T00:00:18.915,30,0.002,0.7,7,manhattan,0.9976,0.9976,0.9977,1,1431,8979,0.615356079,2.519032381,0.859105131,295
2026-09-19T00:00:21.438,30,0.002,0.7,8,manhattan,0.978,0.9731,0.9837,43,740,6261,0.171590662,1.499685316,0.850109846,295
2026-09-19T00:00:22.041,30,0.002,0.7,9,manhattan,0.3691,0.4342,0.3891,7,282,251,0.356987418,0.092789941,0.150055226,295
2026-09-19T00:00:26.512,30,0.002,0.75,5,manhattan,0.929,0.9223,0.9418,1,404,8971,0.597513713,1.674550418,1.004551737,295
2026-09-19T00:00:30.806,30,0.002,0.75,6,manhattan,0.9783,0.9757,0.9814,1,1250,8987,0.738644054,2.317243024,1.227407684,295
2026-09-19T00:00:34.228,30,0.002,0.75,7,manhattan,1.0,1.0,1.0,2,1431,8888,0.438388193,2.128626092,0.853270097,295
2026-09-19T00:00:36.549,30,0.002,0.75,8,manhattan,0.974,0.9776,0.9705,59,740,5053,0.166614536,1.509381179,0.643202657,295
2026-09-19T00:00:37.34,30,0.002,0.75,9,manhattan,0.3515,0.4789,0.408,3,282,97,0.325184258,0.179353875,0.282664784,291
2026-09-19T00:00:41.683,30,0.002,0.8,5,manhattan,0.931,0.9242,0.9426,1,404,8960,0.662465106,1.30249075,1.15688358,295
2026-09-19T00:00:45.894,30,0.002,0.8,6,manhattan,0.9922,0.9896,0.9951,1,1250,8958,0.623254365,2.380909338,1.204183345,295
2026-09-19T00:00:49.993,30,0.002,0.8,7,manhattan,0.9877,0.9856,0.9901,2,1431,8842,0.304050969,2.530685268,1.262924308,295
2026-09-19T00:00:52.387,30,0.002,0.8,8,manhattan,0.9262,0.9165,0.9432,51,740,3631,0.330657655,1.473546707,0.586499664,295
2026-09-19T00:00:52.805,30,0.002,0.8,9,manhattan,0.269,0.317,0.2759,1,282,30,0.266259124,0.057438142,0.093349858,245
2026-09-19T00:00:56.938,30,0.0025,0.5,5,manhattan,0.9418,0.938,0.9498,2,404,9671,0.50704034,1.517936881,1.219559124,295
2026-09-19T00:01:01.011,30,0.0025,0.5,6,manhattan,0.966,0.9612,0.9717,1,1250,9672,0.5289173,2.256605519,1.284751751,295
2026-09-19T00:01:05.291,30,0.0025,0.5,7,manhattan,0.9868,0.9868,0.9869,1,1431,9637,0.471608713,2.606845078,1.199521435,295
2026-09-19T00:01:08.647,30,0.0025,0.5,8,manhattan,1.0,1.0,1.0,4,740,8789,0.425996385,1.888965273,1.037522155,295
2026-09-19T00:01:10.776,30,0.0025,0.5,9,manhattan,0.767,0.8008,0.7828,51,282,3990,0.375702731,1.203565039,0.548608365,295
2026-09-19T00:01:12.283,30,0.0025,0.5,10,manhattan,0.1453,0.19,0.2224,15,102,553,1.127036397,0.189569218,0.188619306,293
2026-09-19T00:01:14.876,30,0.0025,0.55,5,manhattan,0.9515,0.9391,0.9718,2,404,9611,0.327707626,1.090875347,1.172234635,295
2026-09-19T00:01:19.042,30,0.0025,0.55,6,manhattan,0.9873,0.9854,0.99,1,1250,9653,0.539911164,2.432477246,1.191395816,295
2026-09-19T00:01:23.449,30,0.0025,0.55,7,manhattan,0.9915,0.9913,0.9919,2,1431,9581,0.402349156,2.691558497,1.310329183,295
2026-09-19T00:01:26.673,30,0.0025,0.55,8,manhattan,0.9936,0.992,0.9953,5,740,8630,0.257118011,2.000035833,0.96434841,295
2026-09-19T00:01:28.367,30,0.0025,0.55,9,manhattan,0.5878,0.6853,0.6714,48,282,3009,0.437588161,0.883500849,0.370075057,295
2026-09-19T00:01:29.983,30,0.0025,0.55,10,manhattan,0.249,0.3321,0.2979,11,102,393,1.191592908,0.231976038,0.190740876,290
2026-09-19T00:01:32.759,30,0.0025,0.6,5,manhattan,0.9503,0.9411,0.9621,2,404,9520,0.503698013,1.432741558,0.836798857,295
2026-09-19T00:01:36.936,30,0.0025,0.6,6,manhattan,0.9773,0.9723,0.983,1,1250,9639,0.43001282,2.394395699,1.350248814,295
2026-09-19T00:01:41.103,30,0.0025,0.6,7,manhattan,0.9901,0.9887,0.9918,4,1431,9325,0.446554321,2.515661698,1.201606968,295
2026-09-19T00:01:44.463,30,0.0025,0.6,8,manhattan,0.9885,0.9892,0.9883,4,740,8493,0.270363281,1.978657819,1.099811057,295
2026-09-19T00:01:45.753,30,0.0025,0.6,9,manhattan,0.578,0.6123,0.6114,31,282,1790,0.418596695,0.495738335,0.373216798,295
2026-09-19T00:01:47.288,30,0.0025,0.6,10,manhattan,0.2468,0.3781,0.2706,3,102,106,1.242221939,0.135939034,0.155508437,231
2026-09-19T00:01:50.522,30,0.0025,0.65,5,manhattan,0.9566,0.9586,0.9547,1,404,9170,0.616709254,1.437298495,1.17710558,295
2026-09-19T00:01:53.922,30,0.0025,0.65,6,manhattan,0.9727,0.969,0.9772,1,1250,9170,0.517813784,1.713904963,1.166590548,295
2026-09-19T00:01:58.147,30,0.0025,0.65,7,manhattan,0.9921,0.9892,0.9954,2,1431,9078,0.479468167,2.565894031,1.176686462,295
2026-09-19T00:02:01.742,30,0.0025,0.65,8,manhattan,0.9884,0.9869,0.9903,6,740,8325,0.358315382,2.139859024,1.094964697,295
2026-09-19T00:02:02.774,30,0.0025,0.65,9,manhattan,0.4698,0.5422,0.542,24,282,1201,0.456149683,0.27695309,0.296424855,295
2026-09-19T00:02:04.0,30,0.0025,0.65,10,manhattan,0.1529,0.2117,0.2279,1,102,36,1.038102466,0.141841884,0.044230867,179
2026-09-19T00:02:07.038,30,0.0025,0.7,5,manhattan,0.97,0.968,0.9728,1,404,9037,0.569849909,1.450256717,1.015451595,295
2026-09-19T00:02:11.053,30,0.0025,0.7,6,manhattan,0.9887,0.9853,0.9927,1,1250,9038,0.692399452,2.216384104,1.104531493,295
2026-09-19T00:02:14.646,30,0.0025,0.7,7,manhattan,0.9803,0.9733,0.9884,1,1431,8983,0.303423235,2.16107326,1.12562644,295
2026-09-19T00:02:18.189,30,0.0025,0.7,8,manhattan,0.9794,0.9807,0.9786,15,740,7970,0.38847727,2.236053031,0.915475958,295
2026-09-19T00:02:19.241,30,0.0025,0.7,9,manhattan,0.3508,0.4642,0.3998,12,282,634,0.42471305,0.333754908,0.291045814,295
2026-09-19T00:02:23.771,30,0.0025,0.75,5,manhattan,0.958,0.9571,0.9594,1,404,8979,0.695365963,1.390133036,1.161278695,295
2026-09-19T00:02:27.831,30,0.0025,0.75,6,manhattan,0.9887,0.9854,0.9926,1,1250,9011,0.654911487,2.186831372,1.216444201,295
2026-09-19T00:02:31.532,30,0.0025,0.75,7,manhattan,0.9962,0.9976,0.9949,2,1431,8975,0.45626932,2.408335611,0.823112749,295
2026-09-19T00:02:34.693,30,0.0025,0.75,8,manhattan,0.9938,0.9936,0.9942,26,740,7302,0.188049261,1.978844435,0.992234589,295
2026-09-19T00:02:35.527,30,0.0025,0.75,9,manhattan,0.4149,0.4714,0.4467,9,282,419,0.468250462,0.211424387,0.151395481,295
2026-09-19T00:02:39.968,30,0.0025,0.8,5,manhattan,0.9552,0.953,0.9597,1,404,8964,0.416559493,1.603250447,1.165486077,295
2026-09-19T00:02:44.069,30,0.0025,0.8,6,manhattan,0.9592,0.9562,0.9637,1,1250,8965,0.754603497,2.218436671,1.115936584,295
2026-09-19T00:02:48.373,30,0.0025,0.8,7,manhattan,0.9873,0.986,0.9887,1,1431,8867,0.500108936,2.5862657,1.213230452,295
2026-09-19T00:02:51.211,30,0.0025,0.8,8,manhattan,0.983,0.9801,0.9863,29,740,6099,0.274180528,1.823695891,0.738475387,295
2026-09-19T00:02:51.931,30,0.0025,0.8,9,manhattan,0.4205,0.5002,0.4664,5,282,209,0.361491696,0.0883576,0.267742136,295
2026-09-19T00:02:55.829,30,0.003,0.5,5,manhattan,0.9465,0.9504,0.9441,1,404,9681,0.574984783,1.327350984,0.840575317,295
2026-09-19T00:03:00.13,30,0.003,0.5,6,manhattan,0.9875,0.988,0.9872,1,1250,9676,0.63894904,2.452663556,1.206070038,295
2026-09-19T00:03:04.249,30,0.003,0.5,7,manhattan,0.9884,0.9844,0.993,1,1431,9646,0.480623972,2.408700811,1.228147234,295
2026-09-19T00:03:07.762,30,0.003,0.5,8,manhattan,0.996,0.9944,0.9977,2,740,8974,0.448145167,2.014303929,1.047556678,295
2026-09-19T00:03:10.079,30,0.003,0.5,9,manhattan,0.9316,0.9292,0.9405,37,282,5390,0.412100403,1.26598671,0.629740181,295
2026-09-19T00:03:11.979,30,0.003,0.5,10,manhattan,0.3262,0.3795,0.4001,26,102,1255,1.293324984,0.230970673,0.37386779,295
2026-09-19T00:03:15.013,30,0.003,0.55,5,manhattan,0.9456,0.9384,0.9568,2,404,9657,0.390279317,1.489035141,1.153042516,295
2026-09-19T00:03:19.023,30,0.003,0.55,6,manhattan,0.9877,0.9897,0.986,1,1250,9657,0.606501315,2.345756936,1.054658983,295
2026-09-19T00:03:23.147,30,0.003,0.55,7,manhattan,1.0,1.0,1.0,1,1431,9641,0.294529779,2.433893069,1.39322994,295
2026-09-19T00:03:26.456,30,0.003,0.55,8,manhattan,0.996,0.9944,0.9977,2,740,8912,0.297026537,2.00134871,0.998587357,295
2026-09-19T00:03:28.402,30,0.003,0.55,9,manhattan,0.8012,0.816,0.8463,41,282,4525,0.40034471,0.976421952,0.565877474,295
2026-09-19T00:03:30.187,30,0.003,0.55,10,manhattan,0.1505,0.1976,0.2707,16,102,696,1.14958104,0.303063343,0.329909514,295
2026-09-19T00:03:33.449,30,0.003,0.6,5,manhattan,0.9615,0.9536,0.9724,3,404,9578,0.602206142,1.469701942,1.1880134,295
2026-09-19T00:03:37.638,30,0.003,0.6,6,manhattan,0.98,0.9754,0.9852,1,1250,9643,0.597712901,2.364084071,1.224768869,295
2026-09-19T00:03:41.744,30,0.003,0.6,7,manhattan,0.996,0.9944,0.9977,5,1431,9489,0.344302555,2.475012225,1.285395897,295
2026-09-19T00:03:44.682,30,0.003,0.6,8,manhattan,1.0,1.0,1.0,5,740,8740,0.307743131,1.787120264,0.840518605,295
2026-09-19T00:03:46.362,30,0.003,0.6,9,manhattan,0.8469,0.834,0.8736,37,282,3440,0.324513293,0.871201302,0.475968558,295
2026-09-19T00:03:47.845,30,0.003,0.6,10,manhattan,0.255,0.2589,0.2683,7,102,325,1.113420131,0.165796415,0.201638499,284
2026-09-19T00:03:50.93,30,0.003,0.65,5,manhattan,0.964,0.9593,0.97,1,404,9176,0.49674447,1.425295773,1.161618333,295
2026-09-19T00:03:55.06,30,0.003,0.65,6,manhattan,0.9752,0.975,0.9766,1,1250,9174,0.613548934,2.367065179,1.146746948,295
2026-09-19T00:03:59.269,30,0.003,0.65,7,manhattan,0.9962,0.9976,0.9949,1,1431,9108,0.584584056,2.508310339,1.114286303,295
2026-09-19T00:04:02.842,30,0.003,0.65,8,manhattan,1.0,1.0,1.0,5,740,8556,0.480984074,1.948851005,1.140386219,295
2026-09-19T00:04:04.207,30,0.003,0.65,9,manhattan,0.6746,0.6745,0.7258,33,282,2426,0.335470001,0.614722338,0.404633387,295
2026-09-19T00:04:05.802,30,0.003,0.65,10,manhattan,0.1805,0.1741,0.2726,6,102,237,1.258166925,0.12012521,0.214560473,280
2026-09-19T00:04:08.479,30,0.003,0.7,5,manhattan,0.9488,0.9478,0.9514,1,404,9041,0.508631605,1.353927987,0.813037787,295
2026-09-19T00:04:12.682,30,0.003,0.7,6,manhattan,0.9844,0.9813,0.9878,1,1250,9042,0.628881761,2.367050232,1.204686342,295
2026-09-19T00:04:16.825,30,0.003,0.7,7,manhattan,0.9938,0.9944,0.9933,1,1431,9031,0.51529342,2.53906113,1.087113064,295
2026-09-19T00:04:20.348,30,0.003,0.7,8,manhattan,1.0,1.0,1.0,2,740,8405,0.414050582,1.980089497,1.126806828,295
2026-09-19T00:04:21.741,30,0.003,0.7,9,manhattan,0.6322,0.6906,0.6586,26,282,1702,0.346267611,0.674578457,0.37027997,295
2026-09-19T00:04:23.202,30,0.003,0.7,10,manhattan,0.1257,0.1153,0.1396,1,102,39,1.085648352,0.153896429,0.218960966,189
2026-09-19T00:04:26.337,30,0.003,0.75,5,manhattan,0.9542,0.9472,0.9632,1,404,9016,0.604442811,1.467918613,1.060875491,295
2026-09-19T00:04:30.52,30,0.003,0.75,6,manhattan,0.9648,0.958,0.9737,1,1250,9017,0.705402442,2.262915754,1.212975461,295
2026-09-19T00:04:34.226,30,0.003,0.75,7,manhattan,0.9964,0.9951,0.9977,1,1431,8981,0.451992726,2.064718687,1.186231119,295
2026-09-19T00:04:37.927,30,0.003,0.75,8,manhattan,0.9907,0.9892,0.9925,6,740,8310,0.354045143,2.258325991,1.087554113,295
2026-09-19T00:04:39.039,30,0.003,0.75,9,manhattan,0.5251,0.6477,0.5565,16,282,906,0.255588556,0.519881646,0.333823143,295
2026-09-19T00:04:43.673,30,0.003,0.8,5,manhattan,0.9333,0.9283,0.9418,1,404,8968,0.664076696,1.536725807,1.178177784,295
2026-09-19T00:04:47.692,30,0.003,0.8,6,manhattan,0.9802,0.9837,0.977,1,1250,8969,0.579891836,2.185461853,1.251756329,295
2026-09-19T00:04:51.627,30,0.003,0.8,7,manhattan,0.9915,0.988,0.9952,1,1431,8910,0.467716595,2.394533566,1.071196014,295
2026-09-19T00:04:54.975,30,0.003,0.8,8,manhattan,0.9931,0.9912,0.9952,15,740,7788,0.380339079,2.087304258,0.877779307,295
2026-09-19T00:04:55.833,30,0.003,0.8,9,manhattan,0.4066,0.4351,0.4423,10,282,526,0.449753752,0.25483392,0.150428178,295
2026-09-19T00:06:06.324,31,0.0015,0.5,5,manhattan,0.9472,0.9495,0.9455,2,413,9652,1.707721281,7.069717417,2.815951921,295
2026-09-19T00:06:11.663,31,0.0015,0.5,6,manhattan,0.9774,0.976,0.9803,1,1208,9669,0.546534776,2.162738207,1.211956546,295
2026-09-19T00:06:15.753,31,0.0015,0.5,7,manhattan,0.9918,0.9955,0.9885,8,1419,9333,0.451724256,2.509774563,1.126527324,295
2026-09-19T00:06:18.931,31,0.0015,0.5,8,manhattan,0.9955,0.9936,0.9975,38,764,6999,0.345731929,1.851425485,0.978561331,295
2026-09-19T00:06:19.693,31,0.0015,0.5,9,manhattan,0.1625,0.2717,0.1875,13,281,373,0.391053508,0.104999742,0.26273109,295
2026-09-19T00:06:20.814,31,0.0015,0.5,10,manhattan,0.3171,0.4179,0.433,1,128,17,0.853636695,0.192029518,0.073279554,107
2026-09-19T00:06:23.956,31,0.0015,0.55,5,manhattan,0.9272,0.926,0.9298,2,413,9625,0.520596403,1.501064612,1.118634554,295
2026-09-19T00:06:28.149,31,0.0015,0.55,6,manhattan,0.9558,0.9549,0.958,1,1208,9645,0.630989083,2.376063745,1.183650412,295
2026-09-19T00:06:32.224,31,0.0015,0.55,7,manhattan,0.9828,0.9794,0.9868,7,1419,9147,0.510555105,2.339097845,1.223231103,295
2026-09-19T00:06:35.301,31,0.0015,0.55,8,manhattan,0.9796,0.9765,0.9828,49,764,6284,0.349358789,1.861645367,0.863029376,295
2026-09-19T00:06:36.103,31,0.0015,0.55,9,manhattan,0.3414,0.3595,0.3787,9,281,233,0.334836122,0.213806675,0.251750285,294
2026-09-19T00:06:41.651,31,0.0015,0.6,5,manhattan,0.9232,0.9189,0.9295,4,413,9565,0.633505676,1.464624616,1.14695773,295
2026-09-19T00:06:45.734,31,0.0015,0.6,6,manhattan,0.9707,0.9681,0.9735,3,1208,9624,0.585903359,2.28233402,1.212444527,295
2026-09-19T00:06:49.677,31,0.0015,0.6,7,manhattan,0.9901,0.9896,0.991,4,1419,9022,0.374034781,2.351442929,1.215528231,295
2026-09-19T00:06:51.914,31,0.0015,0.6,8,manhattan,0.9669,0.9642,0.9707,64,764,5432,0.334738134,1.232312013,0.666844717,295
2026-09-19T00:06:52.65,31,0.0015,0.6,9,manhattan,0.266,0.4484,0.3329,3,281,89,0.318768703,0.122615822,0.283642703,279
2026-09-19T00:06:57.067,31,0.0015,0.65,5,manhattan,0.9654,0.9623,0.9686,7,413,9319,0.545491975,1.587793931,1.143460634,295
2026-09-19T00:07:00.887,31,0.0015,0.65,6,manhattan,0.9811,0.9764,0.9868,9,1208,9435,0.549661712,2.149712518,1.117644832,295
2026-09-19T00:07:05.038,31,0.0015,0.65,7,manhattan,0.987,0.9852,0.9894,4,1419,8923,0.430731418,2.48167467,1.234498535,295
2026-09-19T00:07:07.229,31,0.0015,0.65,8,manhattan,0.8948,0.9136,0.8845,76,764,4182,0.196056431,1.442824762,0.548397304,295
2026-09-19T00:07:07.851,31,0.0015,0.65,9,manhattan,0.3904,0.4354,0.3969,2,281,36,0.364432015,0.109033499,0.146777991,221
2026-09-19T00:07:12.173,31,0.0015,0.7,5,manhattan,0.9648,0.967,0.9628,2,413,8972,0.534787463,1.531949149,1.063058242,295
2026-09-19T00:07:16.212,31,0.0015,0.7,6,manhattan,0.991,0.993,0.9893,1,1208,9084,0.653312959,2.270917965,1.112552142,295
2026-09-19T00:07:20.118,31,0.0015,0.7,7,manhattan,0.9915,0.988,0.9952,2,1419,8842,0.346171719,2.374175515,1.184001713,295
2026-09-19T00:07:21.412,31,0.0015,0.7,8,manhattan,0.7495,0.7445,0.7735,64,764,2635,0.305777657,0.718839216,0.267178656,295
2026-09-19T00:07:21.942,31,0.0015,0.7,9,manhattan,0.3552,0.3765,0.3995,1,281,16,0.292145955,0.128607859,0.107896412,163
2026-09-19T00:07:26.657,31,0.0015,0.75,5,manhattan,0.9413,0.9456,0.9393,6,413,8895,0.516006011,1.64786139,1.236447876,295
2026-09-19T00:07:30.586,31,0.0015,0.75,6,manhattan,0.9776,0.9744,0.9814,3,1208,8995,0.648181436,2.169145591,1.109510762,295
2026-09-19T00:07:34.665,31,0.0015,0.75,7,manhattan,0.9815,0.9804,0.9837,6,1419,8766,0.376955754,2.606903955,1.092582758,295
2026-09-19T00:07:35.754,31,0.0015,0.75,8,manhattan,0.6633,0.6751,0.6666,48,764,1333,0.319594368,0.572155162,0.195046943,295
2026-09-19T00:07:40.762,31,0.0015,0.8,5,manhattan,0.9344,0.9284,0.9423,27,413,8566,0.413091731,1.801430892,1.098407875,295
2026-09-19T00:07:44.466,31,0.0015,0.8,6,manhattan,0.9658,0.9647,0.9693,2,1208,8941,0.597372842,1.985407775,1.119549475,295
2026-09-19T00:07:48.487,31,0.0015,0.8,7,manhattan,0.985,0.9831,0.987,7,1419,8535,0.551595829,2.384186014,1.082909384,295
2026-09-19T00:07:49.304,31,0.0015,0.8,8,manhattan,0.5892,0.607,0.6129,20,764,468,0.258880527,0.261683051,0.287058503,295
2026-09-19T00:07:53.735,31,0.002,0.5,5,manhattan,0.9358,0.9272,0.9472,1,413,9673,0.415992452,1.374338487,1.101388144,295
2026-09-19T00:07:57.813,31,0.002,0.5,6,manhattan,0.9799,0.9783,0.9818,1,1208,9673,0.631733452,2.14490073,1.291386538,295
2026-09-19T00:08:01.804,31,0.002,0.5,7,manhattan,0.9923,0.9921,0.9926,1,1419,9630,0.469769092,2.387555788,1.12902492,295
2026-09-19T00:08:05.153,31,0.002,0.5,8,manhattan,0.9872,0.9889,0.9861,9,764,8574,0.281599774,2.049973226,1.01514569,295
2026-09-19T00:08:06.497,31,0.002,0.5,9,manhattan,0.5465,0.6632,0.5841,45,281,1870,0.407034532,0.560365666,0.374343968,295
2026-09-19T00:08:08.087,31,0.002,0.5,10,manhattan,0.2223,0.3182,0.2976,10,128,289,0.986842488,0.226363589,0.374064463,290
2026-09-19T00:08:11.425,31,0.002,0.55,5,manhattan,0.9718,0.9658,0.9791,2,413,9641,0.524362038,1.693813706,1.117697074,295
2026-09-19T00:08:15.374,31,0.002,0.55,6,manhattan,0.9864,0.9829,0.9905,1,1208,9653,0.729317721,2.010989748,1.206266433,295
2026-09-19T00:08:19.536,31,0.002,0.55,7,manhattan,0.9792,0.9774,0.9818,4,1419,9589,0.538617982,2.452285156,1.169039884,295
2026-09-19T00:08:22.762,31,0.002,0.55,8,manhattan,0.9866,0.9874,0.986,11,764,8193,0.273354026,2.120000758,0.829008963,295
2026-09-19T00:08:23.656,31,0.002,0.55,9,manhattan,0.4303,0.5206,0.472,29,281,1138,0.238897245,0.37333092,0.280267481,295
2026-09-19T00:08:25.137,31,0.002,0.55,10,manhattan,0.3873,0.4409,0.4088,4,128,114,1.062002171,0.212982409,0.204482159,257
2026-09-19T00:08:27.643,31,0.002,0.6,5,manhattan,0.9312,0.9358,0.9281,2,413,9630,0.602834226,1.065948416,0.834127426,295
2026-09-19T00:08:30.468,31,0.002,0.6,6,manhattan,0.9678,0.9679,0.9679,1,1208,9646,0.435103904,1.542239502,0.846813126,295
2026-09-19T00:08:33.437,31,0.002,0.6,7,manhattan,0.983,0.986,0.98,6,1419,9305,0.300949245,1.806842758,0.85862602,295
2026-09-19T00:08:35.761,31,0.002,0.6,8,manhattan,0.9921,0.9892,0.9954,21,764,7777,0.180653204,1.41837324,0.723532274,295
2026-09-19T00:08:36.392,31,0.002,0.6,9,manhattan,0.4128,0.4641,0.4447,16,281,633,0.247366764,0.165344332,0.215861338,295
2026-09-19T00:08:37.259,31,0.002,0.6,10,manhattan,0.2712,0.2979,0.3486,1,128,23,0.770340985,0.052362493,0.043266707,150
2026-09-19T00:08:39.491,31,0.002,0.65,5,manhattan,0.9519,0.9506,0.9536,2,413,9513,0.361908649,1.074292291,0.793322765,295
2026-09-19T00:08:42.343,31,0.002,0.65,6,manhattan,0.9577,0.9539,0.9639,2,1208,9593,0.420076214,1.564302379,0.865788598,295
2026-09-19T00:08:45.27,31,0.002,0.65,7,manhattan,0.9958,0.9976,0.9942,4,1419,9114,0.285127739,1.813059894,0.826987406,295
2026-09-19T00:08:47.487,31,0.002,0.65,8,manhattan,1.0,1.0,1.0,36,764,7217,0.183609098,1.390853519,0.64111021,295
2026-09-19T00:08:48.052,31,0.002,0.65,9,manhattan,0.4923,0.5478,0.499,9,281,373,0.2328075,0.100256259,0.230309135,295
2026-09-19T00:08:50.942,31,0.002,0.7,5,manhattan,0.9628,0.9619,0.9647,3,413,9155,0.265421238,1.074125649,0.800417457,295
2026-09-19T00:08:53.683,31,0.002,0.7,6,manhattan,0.9565,0.9634,0.9513,2,1208,9160,0.377516301,1.518729581,0.843259669,295
2026-09-19T00:08:56.563,31,0.002,0.7,7,manhattan,0.9824,0.9812,0.9837,2,1419,9008,0.292855194,1.750952229,0.834048644,295
2026-09-19T00:08:58.601,31,0.002,0.7,8,manhattan,0.987,0.9853,0.9894,40,764,6233,0.178417932,1.274060928,0.58376824,295
2026-09-19T00:08:59.048,31,0.002,0.7,9,manhattan,0.3255,0.4606,0.3295,6,281,194,0.241928778,0.074819136,0.127878646,295
2026-09-19T00:09:02.09,31,0.002,0.75,5,manhattan,0.9684,0.9715,0.9659,1,413,8987,0.335578116,1.030325075,0.800623909,295
2026-09-19T00:09:04.855,31,0.002,0.75,6,manhattan,0.9784,0.9779,0.9794,2,1208,9050,0.38177348,1.553940229,0.82706067,295
2026-09-19T00:09:07.721,31,0.002,0.75,7,manhattan,0.9914,0.9912,0.9918,1,1419,8958,0.291602171,1.74639194,0.826822162,295
2026-09-19T00:09:09.537,31,0.002,0.75,8,manhattan,0.9736,0.9729,0.9744,41,764,5319,0.168949542,1.151420172,0.493037012,295
2026-09-19T00:09:10.017,31,0.002,0.75,9,manhattan,0.3239,0.3399,0.3886,1,281,44,0.229738253,0.045797827,0.203143441,267
2026-09-19T00:09:12.86,31,0.002,0.8,5,manhattan,0.9696,0.9639,0.9762,1,413,8952,0.247116592,1.04084744,0.783784604,295
2026-09-19T00:09:15.656,31,0.002,0.8,6,manhattan,0.9878,0.9863,0.9895,1,1208,8965,0.372841472,1.581391018,0.839502275,295
2026-09-19T00:09:18.535,31,0.002,0.8,7,manhattan,0.9718,0.9697,0.9753,1,1419,8853,0.300668833,1.751154908,0.825315474,295
2026-09-19T00:09:19.965,31,0.002,0.8,8,manhattan,0.944,0.9377,0.9538,48,764,3982,0.169302939,0.909186397,0.349232586,295
2026-09-19T00:09:20.371,31,0.002,0.8,9,manhattan,0.2078,0.2413,0.2627,1,281,39,0.231867156,0.054601676,0.117939944,259
2026-09-19T00:09:23.66,31,0.0025,0.5,5,manhattan,0.9347,0.9311,0.9393,1,413,9677,0.350877978,1.063636388,0.830360323,295
2026-09-19T00:09:26.461,31,0.0025,0.5,6,manhattan,0.9678,0.9696,0.9695,1,1208,9677,0.390585082,1.571494779,0.837115866,295
2026-09-19T00:09:30.167,31,0.0025,0.5,7,manhattan,0.9762,0.9722,0.9811,1,1419,9654,0.315983431,2.150152798,1.236245965,295
2026-09-19T00:09:33.191,31,0.0025,0.5,8,manhattan,0.9897,0.9896,0.99,4,764,8917,0.420583402,1.81041598,0.790671798,295
2026-09-19T00:09:34.657,31,0.0025,0.5,9,manhattan,0.7928,0.7966,0.8214,55,281,3719,0.235790144,0.718994124,0.509921155,295
2026-09-19T00:09:36.318,31,0.0025,0.5,10,manhattan,0.3194,0.4789,0.3777,18,128,753,1.147218587,0.146325419,0.36506869,295
2026-09-19T00:09:39.615,31,0.0025,0.55,5,manhattan,0.9603,0.9616,0.9596,1,413,9657,0.521643673,1.562890117,1.210042544,295
2026-09-19T00:09:43.719,31,0.0025,0.55,6,manhattan,0.9688,0.9703,0.9677,1,1208,9657,0.559219569,2.13408545,1.402424272,295
2026-09-19T00:09:47.332,31,0.0025,0.55,7,manhattan,0.9938,0.9936,0.9942,1,1419,9633,0.485925977,2.272669166,0.852477328,295
2026-09-19T00:09:50.352,31,0.0025,0.55,8,manhattan,1.0,1.0,1.0,5,764,8801,0.219546935,1.667746266,1.131154661,295
2026-09-19T00:09:51.811,31,0.0025,0.55,9,manhattan,0.7084,0.7263,0.7348,47,281,2575,0.381706292,0.745669254,0.328439842,295
2026-09-19T00:09:53.253,31,0.0025,0.55,10,manhattan,0.2132,0.2288,0.2537,15,128,565,1.099863159,0.104113595,0.236372201,295
2026-09-19T00:09:56.705,31,0.0025,0.6,5,manhattan,0.9545,0.9619,0.9481,2,413,9642,0.598212475,1.527470434,1.323356199,295
2026-09-19T00:10:00.487,31,0.0025,0.6,6,manhattan,0.9827,0.9799,0.9868,1,1208,9650,0.522152957,2.140738885,1.117132547,295
2026-09-19T00:10:04.691,31,0.0025,0.6,7,manhattan,0.9685,0.9684,0.9702,1,1419,9633,0.505221043,2.521591297,1.164896546,295
2026-09-19T00:10:07.409,31,0.0025,0.6,8,manhattan,0.9872,0.9847,0.9902,6,764,8560,0.309227819,1.646820335,0.759493229,295
2026-09-19T00:10:08.645,31,0.0025,0.6,9,manhattan,0.6181,0.6433,0.6465,34,281,1760,0.336899025,0.564832787,0.325945879,295
2026-09-19T00:10:10.36,31,0.0025,0.6,10,manhattan,0.2431,0.3669,0.3481,8,128,258,1.167504352,0.173032815,0.372398328,288
2026-09-19T00:10:13.395,31,0.0025,0.65,5,manhattan,0.934,0.937,0.9331,2,413,9552,0.332710082,1.59813415,1.102668615,295
2026-09-19T00:10:17.462,31,0.0025,0.65,6,manhattan,0.985,0.983,0.9878,1,1208,9599,0.579953156,2.302496166,1.182139185,295
2026-09-19T00:10:21.631,31,0.0025,0.65,7,manhattan,0.9813,0.9827,0.9804,6,1419,9368,0.593924636,2.506450464,1.066882893,295
2026-09-19T00:10:25.165,31,0.0025,0.65,8,manhattan,0.9914,0.988,0.995,8,764,8248,0.411646156,2.054328461,1.065660949,295
2026-09-19T00:10:25.888,31,0.0025,0.65,9,manhattan,0.5177,0.5955,0.5248,24,281,1117,0.237955155,0.316708873,0.166094638,295
2026-09-19T00:10:27.163,31,0.0025,0.65,10,manhattan,0.2503,0.2523,0.2868,2,128,81,0.885527994,0.161703224,0.226373646,250
2026-09-19T00:10:30.453,31,0.0025,0.7,5,manhattan,0.9611,0.9542,0.9708,1,413,9210,0.453431947,1.661681315,1.172230655,295
2026-09-19T00:10:34.309,31,0.0025,0.7,6,manhattan,0.9764,0.9734,0.9801,1,1208,9209,0.637824595,2.087858588,1.12863276,295
2026-09-19T00:10:38.549,31,0.0025,0.7,7,manhattan,0.98,0.9801,0.9804,2,1419,9138,0.62092816,2.501935292,1.114417395,295
2026-09-19T00:10:41.961,31,0.0025,0.7,8,manhattan,0.9976,0.9976,0.9975,15,764,7881,0.373010068,1.930955,1.097451817,295
2026-09-19T00:10:42.759,31,0.0025,0.7,9,manhattan,0.5379,0.5554,0.5362,13,281,644,0.358932429,0.150207131,0.274076465,295
2026-09-19T00:10:44.002,31,0.0025,0.7,10,manhattan,0.2878,0.322,0.3308,2,128,67,1.028167676,0.141239922,0.072273909,231
2026-09-19T00:10:46.64,31,0.0025,0.75,5,manhattan,0.9672,0.9686,0.9662,3,413,9089,0.370396047,1.090654299,1.175043794,295
2026-09-19T00:10:50.702,31,0.0025,0.75,6,manhattan,0.9745,0.9667,0.9853,1,1208,9104,0.590744761,2.268088832,1.200843462,295
2026-09-19T00:10:54.996,31,0.0025,0.75,7,manhattan,0.9629,0.9648,0.9663,1,1419,9021,0.475657625,2.500885227,1.315294972,295
2026-09-19T00:10:58.203,31,0.0025,0.75,8,manhattan,0.9901,0.9887,0.9918,28,764,7331,0.276763332,1.950756066,0.977755852,295
2026-09-19T00:10:58.991,31,0.0025,0.75,9,manhattan,0.5033,0.5884,0.5054,7,281,392,0.404951235,0.238827753,0.141429681,295
2026-09-19T00:11:03.309,31,0.0025,0.8,5,manhattan,0.9519,0.9475,0.9583,1,413,8965,0.642379367,1.497511434,0.811169252,295
2026-09-19T00:11:07.152,31,0.0025,0.8,6,manhattan,0.9707,0.9679,0.9745,1,1208,8980,0.393523655,2.134070015,1.312842634,295
2026-09-19T00:11:11.027,31,0.0025,0.8,7,manhattan,0.979,0.9804,0.9785,1,1419,8936,0.375335995,2.299766837,1.197276805,295
2026-09-19T00:11:13.979,31,0.0025,0.8,8,manhattan,0.974,0.9684,0.9809,29,764,6166,0.322075551,1.673197801,0.952317752,295
2026-09-19T00:11:14.801,31,0.0025,0.8,9,manhattan,0.3403,0.4189,0.347,3,281,139,0.308600504,0.239927824,0.27156099,293
2026-09-19T00:11:19.304,31,0.003,0.5,5,manhattan,0.9494,0.9489,0.9501,1,413,9681,0.603039978,1.563945559,1.193065861,295
2026-09-19T00:11:22.856,31,0.003,0.5,6,manhattan,0.9918,0.9913,0.9925,1,1208,9681,0.565165581,2.135086905,0.849044696,295
2026-09-19T00:11:27.006,31,0.003,0.5,7,manhattan,0.9742,0.9726,0.978,1,1419,9661,0.340428317,2.497026772,1.310686632,295
2026-09-19T00:11:30.452,31,0.003,0.5,8,manhattan,0.9918,0.9887,0.9952,2,764,9012,0.398320289,1.855440942,1.190387446,295
2026-09-19T00:11:32.664,31,0.003,0.5,9,manhattan,0.9058,0.893,0.931,48,281,5113,0.30505885,1.112298269,0.791303372,295
2026-09-19T00:11:34.532,31,0.003,0.5,10,manhattan,0.4109,0.4764,0.49,31,128,1616,0.957103699,0.563108125,0.346446057,295
2026-09-19T00:11:37.774,31,0.003,0.55,5,manhattan,0.9602,0.9512,0.9715,1,413,9661,0.429888642,1.656883843,1.153219914,295
2026-09-19T00:11:41.57,31,0.003,0.55,6,manhattan,0.9735,0.9735,0.9741,1,1208,9661,0.725197991,2.190736341,0.876457351,295
2026-09-19T00:11:45.725,31,0.003,0.55,7,manhattan,0.979,0.9743,0.9852,1,1419,9642,0.314622573,2.464470583,1.3729418,295
2026-09-19T00:11:49.101,31,0.003,0.55,8,manhattan,0.9956,0.9936,0.9977,3,764,8965,0.297773769,1.940103028,1.13663986,295
2026-09-19T00:11:50.976,31,0.003,0.55,9,manhattan,0.8696,0.8638,0.8897,50,281,4280,0.341657036,0.900254318,0.631081414,295
2026-09-19T00:11:52.708,31,0.003,0.55,10,manhattan,0.2271,0.5329,0.294,19,128,970,1.008487226,0.418979496,0.301420116,295
2026-09-19T00:11:55.897,31,0.003,0.6,5,manhattan,0.9444,0.948,0.9428,1,413,9654,0.475143173,1.410532293,1.199517315,295
2026-09-19T00:11:59.941,31,0.003,0.6,6,manhattan,0.9661,0.9635,0.9703,1,1208,9654,0.590251541,2.209164186,1.242322371,295
2026-09-19T00:12:03.912,31,0.003,0.6,7,manhattan,0.9883,0.9887,0.9885,1,1419,9637,0.340913017,2.405900033,1.221403774,295
2026-09-19T00:12:06.861,31,0.003,0.6,8,manhattan,0.9839,0.9828,0.986,5,764,8871,0.358868595,1.629039779,0.958161935,295
2026-09-19T00:12:08.505,31,0.003,0.6,9,manhattan,0.7376,0.7986,0.7577,41,281,3168,0.330325419,0.719115718,0.592741734,295
2026-09-19T00:12:10.183,31,0.003,0.6,10,manhattan,0.3521,0.4319,0.3973,12,128,636,1.167068821,0.135530533,0.373435193,295
2026-09-19T00:12:13.258,31,0.003,0.65,5,manhattan,0.9572,0.9583,0.9602,2,413,9567,0.437917951,1.477160438,1.157414235,295
2026-09-19T00:12:17.297,31,0.003,0.65,6,manhattan,0.9895,0.9909,0.9883,1,1208,9603,0.647448591,2.166129073,1.223697293,295
2026-09-19T00:12:21.625,31,0.003,0.65,7,manhattan,0.9934,0.9952,0.9918,4,1419,9546,0.481689541,2.551969414,1.286322272,295
2026-09-19T00:12:24.879,31,0.003,0.65,8,manhattan,0.9904,0.9928,0.9885,5,764,8715,0.316015139,1.842082251,1.094737504,295
2026-09-19T00:12:26.314,31,0.003,0.65,9,manhattan,0.7507,0.753,0.7855,29,281,2168,0.406952957,0.595034834,0.430789805,295
2026-09-19T00:12:27.708,31,0.003,0.65,10,manhattan,0.2034,0.3401,0.244,7,128,350,1.144588711,0.074864813,0.171704712,294
2026-09-19T00:12:30.281,31,0.003,0.7,5,manhattan,0.9835,0.9871,0.9802,1,413,9214,0.323733166,1.133000917,1.113974601,295
2026-09-19T00:12:34.366,31,0.003,0.7,6,manhattan,0.9702,0.9618,0.9808,1,1208,9213,0.626006183,2.253336736,1.203614278,295
2026-09-19T00:12:38.635,31,0.003,0.7,7,manhattan,0.9905,0.9894,0.9918,2,1419,9165,0.450154013,2.407494232,1.408738208,295
2026-09-19T00:12:42.005,31,0.003,0.7,8,manhattan,1.0,1.0,1.0,6,764,8423,0.231286216,2.133114377,1.003795634,295
2026-09-19T00:12:43.083,31,0.003,0.7,9,manhattan,0.6004,0.6242,0.6298,24,281,1400,0.395584394,0.488826278,0.192176535,295
2026-09-19T00:12:44.725,31,0.003,0.7,10,manhattan,0.1507,0.1635,0.1814,2,128,120,1.186773786,0.138216421,0.314594077,281
2026-09-19T00:12:47.782,31,0.003,0.75,5,manhattan,0.9856,0.982,0.9902,1,413,9116,0.516830977,1.439211799,1.099285571,295
2026-09-19T00:12:51.589,31,0.003,0.75,6,manhattan,0.9748,0.9691,0.9829,1,1208,9116,0.595504727,2.358976713,0.849878672,295
2026-09-19T00:12:55.54,31,0.003,0.75,7,manhattan,0.9735,0.9795,0.9685,1,1419,9032,0.314219937,2.314284336,1.321351124,295
2026-09-19T00:12:58.861,31,0.003,0.75,8,manhattan,0.9918,0.9913,0.9925,7,764,8083,0.235816334,2.088622652,0.993690641,295
2026-09-19T00:12:59.924,31,0.003,0.75,9,manhattan,0.5572,0.592,0.5914,16,281,855,0.394005003,0.35398033,0.313011403,295
2026-09-19T00:13:01.518,31,0.003,0.75,10,manhattan,0.2727,0.3674,0.3318,2,128,88,1.223565643,0.202115795,0.165999723,257
2026-09-19T00:13:04.571,31,0.003,0.8,5,manhattan,0.9473,0.9575,0.9393,1,413,8969,0.531781842,1.448657281,1.070941373,295
2026-09-19T00:13:08.522,31,0.003,0.8,6,manhattan,0.9771,0.9798,0.975,1,1208,8984,0.601115221,2.255511385,1.090416317,295
2026-09-19T00:13:12.582,31,0.003,0.8,7,manhattan,0.9772,0.9746,0.9817,1,1419,8978,0.510948979,2.281098177,1.266426913,295
2026-09-19T00:13:15.422,31,0.003,0.8,8,manhattan,0.9964,0.9951,0.9977,17,764,7783,0.291667674,1.860525092,0.685629808,295
2026-09-19T00:13:16.224,31,0.003,0.8,9,manhattan,0.4741,0.4919,0.493,10,281,519,0.298371256,0.178154458,0.324116175,295
2026-09-19T00:13:17.535,31,0.003,0.8,10,manhattan,0.2028,0.2273,0.2368,1,128,29,1.03651282,0.118962377,0.153293661,185
2026-09-19T00:14:26.007,32,0.0015,0.5,5,manhattan,0.9421,0.932,0.9558,3,413,9637,1.57989731,6.708701939,2.859437564,295
2026-09-19T00:14:31.515,32,0.0015,0.5,6,manhattan,0.9848,0.9828,0.9875,1,1246,9672,0.631124082,2.238706363,1.164032509,295
2026-09-19T00:14:35.935,32,0.0015,0.5,7,manhattan,0.9955,0.9936,0.9975,10,1449,9339,0.55952308,2.825664452,1.032500085,295
2026-09-19T00:14:39.695,32,0.0015,0.5,8,manhattan,0.973,0.9705,0.977,51,725,6748,0.444860625,2.481241486,0.831849029,295
2026-09-19T00:14:40.687,32,0.0015,0.5,9,manhattan,0.4389,0.4834,0.4614,21,275,545,0.344276928,0.356391259,0.289150801,295
2026-09-19T00:14:41.907,32,0.0015,0.5,10,manhattan,0.2748,0.3811,0.2688,3,105,61,1.019622877,0.032742184,0.158684506,177
2026-09-19T00:14:45.223,32,0.0015,0.55,5,manhattan,0.9536,0.9567,0.9527,3,413,9581,0.488836021,1.635923761,1.189220932,295
2026-09-19T00:14:49.036,32,0.0015,0.55,6,manhattan,0.9678,0.9609,0.9769,1,1246,9652,0.508924418,2.231053428,1.070668592,295
2026-09-19T00:14:53.017,32,0.0015,0.55,7,manhattan,0.9911,0.993,0.9894,5,1449,9145,0.291892005,2.563820571,1.123380374,295
2026-09-19T00:14:56.33,32,0.0015,0.55,8,manhattan,0.9727,0.9657,0.9818,60,725,5724,0.328897025,2.261724536,0.719617124,295
2026-09-19T00:14:57.196,32,0.0015,0.55,9,manhattan,0.349,0.427,0.3801,10,275,291,0.343407543,0.256234084,0.263979699,295
2026-09-19T00:15:02.773,32,0.0015,0.6,5,manhattan,0.9431,0.9335,0.9576,7,413,9399,0.661853299,1.522116862,1.082183546,295
2026-09-19T00:15:07.118,32,0.0015,0.6,6,manhattan,0.9928,0.9905,0.9954,6,1246,9571,0.699392885,2.44675711,1.196849492,295
2026-09-19T00:15:11.193,32,0.0015,0.6,7,manhattan,0.9964,0.9951,0.9977,2,1449,9020,0.402454214,2.53854352,1.131113278,295
2026-09-19T00:15:13.89,32,0.0015,0.6,8,manhattan,0.9435,0.9386,0.9596,73,725,4623,0.355891126,1.849036538,0.489788726,295
2026-09-19T00:15:14.528,32,0.0015,0.6,9,manhattan,0.2728,0.4521,0.3197,4,275,141,0.351428403,0.152961635,0.131482767,291
2026-09-19T00:15:18.679,32,0.0015,0.65,5,manhattan,0.9716,0.9697,0.9738,3,413,9031,0.531478286,1.353031792,1.078336125,295
2026-09-19T00:15:22.759,32,0.0015,0.65,6,manhattan,0.9795,0.9842,0.9757,3,1246,9144,0.613820608,2.225750723,1.237979483,295
2026-09-19T00:15:26.994,32,0.0015,0.65,7,manhattan,0.9857,0.9852,0.9869,3,1449,8966,0.504045651,2.58510989,1.133287509,295
2026-09-19T00:15:29.324,32,0.0015,0.65,8,manhattan,0.8593,0.8754,0.8602,72,725,3373,0.267609494,1.521146277,0.53903938,295
2026-09-19T00:15:29.98,32,0.0015,0.65,9,manhattan,0.4049,0.4177,0.4315,3,275,58,0.248877974,0.189168159,0.21652816,249
2026-09-19T00:15:34.451,32,0.0015,0.7,5,manhattan,0.977,0.9695,0.9855,3,413,8980,0.508073332,1.787113033,1.166482264,295
2026-09-19T00:15:38.398,32,0.0015,0.7,6,manhattan,0.9955,0.9936,0.9975,2,1246,9059,0.572768631,2.265328489,1.106314151,295
2026-09-19T00:15:42.561,32,0.0015,0.7,7,manhattan,1.0,1.0,1.0,3,1449,8875,0.41876643,2.635792781,1.106110773,295
2026-09-19T00:15:44.178,32,0.0015,0.7,8,manhattan,0.6666,0.6966,0.6972,63,725,2120,0.233075111,0.96169255,0.414119884,295
2026-09-19T00:15:48.652,32,0.0015,0.75,5,manhattan,0.9536,0.9458,0.9653,7,413,8910,0.336217376,1.588515802,1.112625923,295
2026-09-19T00:15:52.889,32,0.0015,0.75,6,manhattan,0.9834,0.9795,0.9882,1,1246,8989,0.527707621,2.447143053,1.260171711,295
2026-09-19T00:15:57.092,32,0.0015,0.75,7,manhattan,0.9918,0.992,0.9918,5,1449,8758,0.50406835,2.585789727,1.110961325,295
2026-09-19T00:15:58.408,32,0.0015,0.75,8,manhattan,0.5191,0.5689,0.5374,42,725,1009,0.324670156,0.801179249,0.188345988,295
2026-09-19T00:16:03.433,32,0.0015,0.8,5,manhattan,0.9534,0.9541,0.9536,26,413,8530,0.429286492,1.965688983,1.185617537,295
2026-09-19T00:16:07.315,32,0.0015,0.8,6,manhattan,0.9876,0.9889,0.9867,4,1246,8943,0.518200398,2.253474736,1.107490699,295
2026-09-19T00:16:11.537,32,0.0015,0.8,7,manhattan,0.9862,0.9828,0.9901,7,1449,8554,0.38230729,2.82224495,1.01480955,295
2026-09-19T00:16:12.311,32,0.0015,0.8,8,manhattan,0.442,0.5021,0.4573,17,725,404,0.25361692,0.294721138,0.223406275,295
2026-09-19T00:16:16.747,32,0.002,0.5,5,manhattan,0.9535,0.9483,0.963,1,413,9675,0.359514634,1.399576373,1.150485383,295
2026-09-19T00:16:20.919,32,0.002,0.5,6,manhattan,0.9724,0.9666,0.9803,1,1246,9676,0.61646131,2.202131845,1.351622743,295
2026-09-19T00:16:25.205,32,0.002,0.5,7,manhattan,0.9913,0.992,0.9909,1,1449,9641,0.47737743,2.652864939,1.154041355,295
2026-09-19T00:16:28.793,32,0.002,0.5,8,manhattan,1.0,1.0,1.0,8,725,8436,0.284669362,2.227778218,1.073070017,295
2026-09-19T00:16:29.778,32,0.002,0.5,9,manhattan,0.6372,0.7131,0.656,37,275,1739,0.377734357,0.350142483,0.254967512,295
2026-09-19T00:16:31.26,32,0.002,0.5,10,manhattan,0.1618,0.2574,0.2446,8,105,269,0.987732269,0.168918429,0.322756224,286
2026-09-19T00:16:34.722,32,0.002,0.55,5,manhattan,0.9374,0.9316,0.9444,2,413,9630,0.57544579,1.714905388,1.170149355,295
2026-09-19T00:16:38.793,32,0.002,0.55,6,manhattan,0.948,0.9434,0.958,1,1246,9656,0.550694784,2.223548346,1.294050214,295
2026-09-19T00:16:43.093,32,0.002,0.55,7,manhattan,0.9936,0.9921,0.9954,8,1449,9578,0.537112108,2.575453765,1.18545739,295
2026-09-19T00:16:46.238,32,0.002,0.55,8,manhattan,1.0,1.0,1.0,15,725,8171,0.198965574,1.917734376,1.019272343,295
2026-09-19T00:16:47.163,32,0.002,0.55,9,manhattan,0.6342,0.6772,0.684,26,275,1178,0.420718216,0.310060324,0.191905033,295
2026-09-19T00:16:48.694,32,0.002,0.55,10,manhattan,0.1666,0.1994,0.2303,5,105,141,1.020017062,0.221690553,0.287569594,272
2026-09-19T00:16:51.968,32,0.002,0.6,5,manhattan,0.9625,0.9609,0.9644,3,413,9522,0.667903236,1.487575915,1.115995279,295
2026-09-19T00:16:56.327,32,0.002,0.6,6,manhattan,0.9787,0.9759,0.9819,1,1246,9605,0.661943394,2.461546434,1.233255833,295
2026-09-19T00:17:00.68,32,0.002,0.6,7,manhattan,0.9963,0.9977,0.9949,4,1449,9230,0.554944909,2.636839354,1.15920284,295
2026-09-19T00:17:04.137,32,0.002,0.6,8,manhattan,0.9901,0.9922,0.9883,28,725,7582,0.356436866,2.13686245,0.959732034,295
2026-09-19T00:17:05.054,32,0.002,0.6,9,manhattan,0.4196,0.5097,0.4737,18,275,711,0.333718871,0.326319739,0.246842797,295
2026-09-19T00:17:06.471,32,0.002,0.6,10,manhattan,0.3006,0.302,0.3382,1,105,23,1.109476776,0.088886318,0.216640534,124
2026-09-19T00:17:09.402,32,0.002,0.65,5,manhattan,0.9592,0.9496,0.9717,3,413,9206,0.47593807,1.365203323,1.08712538,295
2026-09-19T00:17:13.085,32,0.002,0.65,6,manhattan,0.9867,0.9884,0.9851,1,1246,9219,0.678148194,1.961640141,1.041329987,295
2026-09-19T00:17:16.709,32,0.002,0.65,7,manhattan,0.9872,0.9894,0.9852,3,1449,9072,0.504118775,2.253676717,0.863870521,295
2026-09-19T00:17:19.049,32,0.002,0.65,8,manhattan,0.9882,0.9844,0.993,45,725,6787,0.176180113,1.55637174,0.604990567,295
2026-09-19T00:17:19.502,32,0.002,0.65,9,manhattan,0.4355,0.4985,0.4649,8,275,309,0.225879637,0.097988321,0.127985042,295
2026-09-19T00:17:22.689,32,0.002,0.7,5,manhattan,0.9504,0.9457,0.9623,2,413,9031,0.363830899,1.109799933,0.820767163,295
2026-09-19T00:17:25.57,32,0.002,0.7,6,manhattan,0.9876,0.9864,0.9893,1,1246,9123,0.383790789,1.666402386,0.829405281,295
2026-09-19T00:17:28.584,32,0.002,0.7,7,manhattan,0.9837,0.9868,0.9816,1,1449,8984,0.312185735,1.877482921,0.822265889,295
2026-09-19T00:17:30.7,32,0.002,0.7,8,manhattan,0.9444,0.9401,0.9515,51,725,5864,0.168990016,1.407491982,0.538000211,295
2026-09-19T00:17:31.137,32,0.002,0.7,9,manhattan,0.3818,0.4593,0.3933,4,275,151,0.236179559,0.065638996,0.133270775,294
2026-09-19T00:17:34.26,32,0.002,0.75,5,manhattan,0.9537,0.9568,0.9546,1,413,8991,0.294790071,1.161296683,0.815238731,295
2026-09-19T00:17:37.128,32,0.002,0.75,6,manhattan,0.9746,0.9679,0.9821,2,1246,9030,0.391140683,1.651066693,0.822905775,295
2026-09-19T00:17:40.121,32,0.002,0.75,7,manhattan,0.9964,0.9951,0.9977,2,1449,8956,0.289519982,1.896593679,0.805448371,295
2026-09-19T00:17:41.837,32,0.002,0.75,8,manhattan,0.9893,0.9878,0.9908,52,725,4632,0.170552926,1.144050899,0.398922197,295
2026-09-19T00:17:42.237,32,0.002,0.75,9,manhattan,0.3744,0.4687,0.4278,2,275,96,0.223032903,0.064021679,0.110960305,273
2026-09-19T00:17:45.222,32,0.002,0.8,5,manhattan,0.957,0.952,0.9657,1,413,8971,0.291430563,1.064713151,0.790653389,295
2026-09-19T00:17:48.11,32,0.002,0.8,6,manhattan,0.9889,0.9889,0.9893,1,1246,8974,0.377550534,1.65225239,0.856762976,295
2026-09-19T00:17:51.11,32,0.002,0.8,7,manhattan,0.9894,0.9889,0.9901,2,1449,8886,0.292699441,1.890467964,0.814546743,295
2026-09-19T00:17:52.493,32,0.002,0.8,8,manhattan,0.8932,0.8963,0.8933,55,725,3291,0.166171918,0.907230405,0.307789223,295
2026-09-19T00:17:52.865,32,0.002,0.8,9,manhattan,0.3343,0.3461,0.3423,1,275,29,0.223790263,0.04970127,0.096304517,220
2026-09-19T00:17:56.035,32,0.0025,0.5,5,manhattan,0.9359,0.9218,0.9567,1,413,9679,0.378698866,1.177493661,0.813334228,295
2026-09-19T00:17:58.904,32,0.0025,0.5,6,manhattan,0.9828,0.9803,0.9859,1,1246,9680,0.380369192,1.661916757,0.824728774,295
2026-09-19T00:18:01.897,32,0.0025,0.5,7,manhattan,1.0,1.0,1.0,1,1449,9651,0.292700209,1.880558035,0.81868184,295
2026-09-19T00:18:04.295,32,0.0025,0.5,8,manhattan,0.9976,0.9976,0.9976,7,725,8862,0.204217225,1.420636403,0.770062483,295
2026-09-19T00:18:05.529,32,0.0025,0.5,9,manhattan,0.7659,0.7901,0.7749,54,275,3427,0.234841609,0.679410715,0.318248383,295
2026-09-19T00:18:06.593,32,0.0025,0.5,10,manhattan,0.2873,0.4626,0.34,18,105,702,0.774555726,0.09884304,0.189148185,295
2026-09-19T00:18:08.841,32,0.0025,0.55,5,manhattan,0.9719,0.9678,0.9777,1,413,9659,0.235993293,1.102253295,0.828454461,295
2026-09-19T00:18:12.023,32,0.0025,0.55,6,manhattan,0.996,0.9944,0.9976,1,1246,9660,0.409986114,1.92511067,0.844444778,295
2026-09-19T00:18:15.103,32,0.0025,0.55,7,manhattan,0.9873,0.9854,0.9894,1,1449,9643,0.295902225,1.931359236,0.850719255,295
2026-09-19T00:18:17.447,32,0.0025,0.55,8,manhattan,0.9898,0.9878,0.9919,5,725,8631,0.203995339,1.349703014,0.788544739,295
2026-09-19T00:18:18.687,32,0.0025,0.55,9,manhattan,0.7985,0.7912,0.8132,37,275,2376,0.239052414,0.700035285,0.298721581,295
2026-09-19T00:18:20.185,32,0.0025,0.55,10,manhattan,0.2871,0.4427,0.3339,9,105,342,1.071139044,0.193870927,0.230529813,289
2026-09-19T00:18:22.925,32,0.0025,0.6,5,manhattan,0.9454,0.9453,0.9471,3,413,9572,0.570790514,1.337347381,0.830559619,295
2026-09-19T00:18:26.773,32,0.0025,0.6,6,manhattan,0.9779,0.972,0.9852,1,1246,9609,0.391899509,2.237387479,1.216240874,295
2026-09-19T00:18:31.062,32,0.0025,0.6,7,manhattan,1.0,1.0,1.0,4,1449,9520,0.59990018,2.575274064,1.111850405,295
2026-09-19T00:18:34.614,32,0.0025,0.6,8,manhattan,0.996,0.9944,0.9976,7,725,8442,0.348116736,2.091915979,1.102453391,295
2026-09-19T00:18:35.887,32,0.0025,0.6,9,manhattan,0.651,0.698,0.6899,30,275,1663,0.354185809,0.592482958,0.309519961,295
2026-09-19T00:18:36.822,32,0.0025,0.6,10,manhattan,0.1955,0.182,0.2377,4,105,158,0.739985026,0.042981694,0.150277633,276
2026-09-19T00:18:39.368,32,0.0025,0.65,5,manhattan,0.9576,0.9495,0.9702,1,413,9242,0.330297903,1.108850021,1.105102334,295
2026-09-19T00:18:43.542,32,0.0025,0.65,6,manhattan,0.9796,0.9751,0.9852,1,1246,9253,0.603498895,2.335296322,1.225881773,295
2026-09-19T00:18:47.951,32,0.0025,0.65,7,manhattan,0.9955,0.9936,0.9975,2,1449,9151,0.322022191,2.733356188,1.351827867,295
2026-09-19T00:18:51.497,32,0.0025,0.65,8,manhattan,0.9866,0.9835,0.9902,15,725,8209,0.288337429,2.195921972,1.059138694,295
2026-09-19T00:18:52.379,32,0.0025,0.65,9,manhattan,0.5146,0.6124,0.5366,18,275,991,0.367714638,0.217732783,0.294856142,295
2026-09-19T00:18:53.742,32,0.0025,0.65,10,manhattan,0.2789,0.3092,0.2931,3,105,79,1.10488345,0.074128841,0.181523186,225
2026-09-19T00:18:56.513,32,0.0025,0.7,5,manhattan,0.977,0.974,0.9803,1,413,9136,0.527002293,1.458417641,0.784529909,295
2026-09-19T00:19:00.55,32,0.0025,0.7,6,manhattan,0.9768,0.9727,0.9813,1,1246,9149,0.420797276,2.252057096,1.361336069,295
2026-09-19T00:19:04.794,32,0.0025,0.7,7,manhattan,1.0,1.0,1.0,3,1449,9087,0.407176397,2.687816764,1.147292376,295
2026-09-19T00:19:08.451,32,0.0025,0.7,8,manhattan,0.9736,0.9664,0.9827,23,725,7679,0.263664086,2.379075325,1.012560101,295
2026-09-19T00:19:09.065,32,0.0025,0.7,9,manhattan,0.4414,0.48,0.4803,10,275,521,0.267726059,0.1386612,0.2050336,295
2026-09-19T00:19:13.495,32,0.0025,0.75,5,manhattan,0.9706,0.9634,0.9792,1,413,8998,0.61261822,1.651423652,1.094958646,295
2026-09-19T00:19:16.898,32,0.0025,0.75,6,manhattan,0.9795,0.9748,0.9853,1,1246,9036,0.586358222,1.660288684,1.154195704,295
2026-09-19T00:19:21.164,32,0.0025,0.75,7,manhattan,0.9912,0.993,0.9895,1,1449,8983,0.455356941,2.649310015,1.159499317,295
2026-09-19T00:19:24.464,32,0.0025,0.75,8,manhattan,0.9774,0.9715,0.9845,35,725,6964,0.194735633,2.151053095,0.952310692,295
2026-09-19T00:19:25.234,32,0.0025,0.75,9,manhattan,0.408,0.4672,0.4456,7,275,301,0.435447407,0.174716937,0.147133585,295
2026-09-19T00:19:29.625,32,0.0025,0.8,5,manhattan,0.9516,0.9501,0.9548,1,413,8989,0.504487817,1.618765418,1.08000254,295
2026-09-19T00:19:33.484,32,0.0025,0.8,6,manhattan,0.9918,0.9887,0.9952,1,1246,8989,0.750197717,2.291586392,0.814824642,295
2026-09-19T00:19:37.517,32,0.0025,0.8,7,manhattan,0.9883,0.9844,0.9927,1,1449,8962,0.294435487,2.428020282,1.308583989,295
2026-09-19T00:19:40.453,32,0.0025,0.8,8,manhattan,0.9543,0.9434,0.969,36,725,5926,0.257708156,1.942356945,0.733739882,295
2026-09-19T00:19:41.211,32,0.0025,0.8,9,manhattan,0.3474,0.4652,0.3864,4,275,169,0.411755056,0.191637959,0.152502289,295
2026-09-19T00:19:45.649,32,0.003,0.5,5,manhattan,0.9567,0.9522,0.9616,1,413,9683,0.537032628,1.496515399,1.115948835,295
2026-09-19T00:19:49.908,32,0.003,0.5,6,manhattan,0.9901,0.9896,0.991,1,1246,9684,0.6802845,2.345918772,1.222062848,295
2026-09-19T00:19:53.643,32,0.003,0.5,7,manhattan,0.993,0.9912,0.995,1,1449,9666,0.5341486,2.097679636,1.0994382,295
2026-09-19T00:19:57.154,32,0.003,0.5,8,manhattan,0.996,0.9944,0.9977,1,725,8953,0.306081741,2.155910561,1.04511057,295
2026-09-19T00:19:59.203,32,0.003,0.5,9,manhattan,0.939,0.9299,0.9529,43,275,4802,0.422086547,0.953420191,0.67162969,295
2026-09-19T00:20:01.19,32,0.003,0.5,10,manhattan,0.2772,0.3388,0.3702,25,105,1232,1.003686897,0.596332334,0.385024118,295
2026-09-19T00:20:04.402,32,0.003,0.55,5,manhattan,0.9363,0.9277,0.9501,1,413,9663,0.353121847,1.745045353,1.110785883,295
2026-09-19T00:20:08.535,32,0.003,0.55,6,manhattan,0.9919,0.9892,0.995,1,1246,9664,0.638764866,2.375595409,1.116778759,295
2026-09-19T00:20:12.255,32,0.003,0.55,7,manhattan,0.9828,0.9828,0.9837,1,1449,9647,0.534050892,2.01042174,1.173000488,295
2026-09-19T00:20:15.808,32,0.003,0.55,8,manhattan,0.9955,0.9936,0.9975,3,725,8881,0.361332325,2.011609881,1.177634531,295
2026-09-19T00:20:17.544,32,0.003,0.55,9,manhattan,0.8196,0.8211,0.832,40,275,3808,0.364031624,0.75107234,0.607976773,295
2026-09-19T00:20:19.423,32,0.003,0.55,10,manhattan,0.3238,0.3634,0.3862,16,105,708,1.029758184,0.445972499,0.398923175,295
2026-09-19T00:20:22.547,32,0.003,0.6,5,manhattan,0.9717,0.9665,0.9783,2,413,9599,0.418346473,1.636268428,1.065379437,295
2026-09-19T00:20:26.701,32,0.003,0.6,6,manhattan,0.9783,0.9768,0.9805,1,1246,9613,0.709923493,2.289836237,1.1510893,295
2026-09-19T00:20:30.424,32,0.003,0.6,7,manhattan,0.9826,0.978,0.9879,1,1449,9596,0.500388199,2.073271691,1.137826638,295
2026-09-19T00:20:33.98,32,0.003,0.6,8,manhattan,0.9918,0.9887,0.9952,5,725,8794,0.313122448,2.166397099,1.071634708,295
2026-09-19T00:20:35.306,32,0.003,0.6,9,manhattan,0.849,0.8449,0.8626,35,275,2748,0.417146319,0.503851841,0.395480625,295
2026-09-19T00:20:36.833,32,0.003,0.6,10,manhattan,0.2572,0.323,0.3062,8,105,364,1.158083633,0.116790801,0.249200641,289
2026-09-19T00:20:40.227,32,0.003,0.65,5,manhattan,0.9456,0.9354,0.9586,1,413,9247,0.670032559,1.552222395,1.168844019,295
2026-09-19T00:20:44.488,32,0.003,0.65,6,manhattan,0.978,0.9793,0.9781,1,1246,9257,0.58370418,2.374092843,1.29616487,295
2026-09-19T00:20:48.592,32,0.003,0.65,7,manhattan,1.0,1.0,1.0,2,1449,9231,0.506312282,2.478243546,1.1168097,295
2026-09-19T00:20:51.875,32,0.003,0.65,8,manhattan,1.0,1.0,1.0,4,725,8527,0.415001771,2.080661395,0.785501542,295
2026-09-19T00:20:52.818,32,0.003,0.65,9,manhattan,0.6835,0.6952,0.7069,28,275,1922,0.232108018,0.46787293,0.240793069,295
2026-09-19T00:20:54.21,32,0.003,0.65,10,manhattan,0.1013,0.237,0.1832,4,105,185,1.075315138,0.073036452,0.241841808,279
2026-09-19T00:20:57.558,32,0.003,0.7,5,manhattan,0.9572,0.9535,0.9617,1,413,9156,0.622852771,1.601826446,1.120091963,295
2026-09-19T00:21:01.696,32,0.003,0.7,6,manhattan,0.9869,0.9821,0.9925,1,1246,9154,0.681200889,2.311528054,1.143358352,295
2026-09-19T00:21:06.094,32,0.003,0.7,7,manhattan,0.9924,0.9896,0.9954,2,1449,9147,0.515144279,2.733865541,1.147447284,295
2026-09-19T00:21:09.657,32,0.003,0.7,8,manhattan,1.0,1.0,1.0,4,725,8337,0.302870785,2.134630669,1.122756691,295
2026-09-19T00:21:10.501,32,0.003,0.7,9,manhattan,0.699,0.7036,0.7223,18,275,1260,0.296486727,0.258211781,0.286626944,295
2026-09-19T00:21:12.105,32,0.003,0.7,10,manhattan,0.3087,0.3484,0.3313,3,105,115,1.115918943,0.141302461,0.344780624,270
2026-09-19T00:21:14.794,32,0.003,0.75,5,manhattan,0.9736,0.9724,0.9751,1,413,9036,0.507112524,1.361529948,0.818206221,295
2026-09-19T00:21:18.828,32,0.003,0.75,6,manhattan,0.9855,0.9864,0.9851,1,1246,9043,0.542452317,2.264317466,1.224655708,295
2026-09-19T00:21:23.244,32,0.003,0.75,7,manhattan,1.0,1.0,1.0,2,1449,9019,0.474764456,2.682997152,1.255617846,295
2026-09-19T00:21:26.762,32,0.003,0.75,8,manhattan,0.9914,0.9913,0.9918,9,725,8186,0.371624496,2.200079976,0.943425824,295
2026-09-19T00:21:27.83,32,0.003,0.75,9,manhattan,0.4786,0.4846,0.5238,13,275,724,0.397004493,0.336705428,0.332329936,295
2026-09-19T00:21:32.321,32,0.003,0.8,5,manhattan,0.9569,0.9541,0.9615,1,413,8993,0.58059652,1.579430979,1.102708661,295
2026-09-19T00:21:36.397,32,0.003,0.8,6,manhattan,0.9853,0.9833,0.9876,1,1246,8993,0.594801552,2.333876587,1.143083107,295
2026-09-19T00:21:40.102,32,0.003,0.8,7,manhattan,1.0,1.0,1.0,1,1449,8975,0.303999002,2.209703206,1.18869377,295
2026-09-19T00:21:43.549,32,0.003,0.8,8,manhattan,0.9776,0.9742,0.9817,21,725,7499,0.358562557,2.240177292,0.846218259,295
2026-09-19T00:21:44.498,32,0.003,0.8,9,manhattan,0.5259,0.5697,0.5384,7,275,373,0.410543308,0.282084673,0.253781884,295
2026-09-19T00:22:53.595,33,0.0015,0.5,5,manhattan,0.9626,0.9623,0.9634,3,410,9527,1.244854456,6.833751828,2.886667379,295
2026-09-19T00:22:59.156,33,0.0015,0.5,6,manhattan,0.9791,0.9778,0.981,4,1247,9635,0.704374388,2.178598942,1.191766928,295
2026-09-19T00:23:03.089,33,0.0015,0.5,7,manhattan,0.9836,0.978,0.9904,4,1451,9173,0.52849187,2.326629988,1.075071671,295
2026-09-19T00:23:06.262,33,0.0015,0.5,8,manhattan,0.9919,0.9919,0.9919,45,757,6944,0.372535716,2.102064905,0.695040791,295
2026-09-19T00:23:06.801,33,0.0015,0.5,9,manhattan,0.5678,0.6019,0.5919,22,301,635,0.254370857,0.135600403,0.146522333,295
2026-09-19T00:23:08.364,33,0.0015,0.5,10,manhattan,0.304,0.3892,0.325,4,145,106,1.171979268,0.114828469,0.273728365,268
2026-09-19T00:23:11.467,33,0.0015,0.55,5,manhattan,0.9316,0.9236,0.9421,6,410,9413,0.482573347,1.480274421,1.138630861,295
2026-09-19T00:23:15.608,33,0.0015,0.55,6,manhattan,0.9572,0.956,0.9597,5,1247,9452,0.719608323,2.265762902,1.144695256,295
2026-09-19T00:23:19.64,33,0.0015,0.55,7,manhattan,1.0,1.0,1.0,5,1451,9088,0.455710199,2.480230183,1.094017254,295
2026-09-19T00:23:22.509,33,0.0015,0.55,8,manhattan,0.9756,0.9727,0.979,56,757,6085,0.290594841,1.70776446,0.869011473,295
2026-09-19T00:23:23.295,33,0.0015,0.55,9,manhattan,0.3336,0.404,0.3913,13,301,394,0.306887571,0.244752167,0.232612693,295
2026-09-19T00:23:24.654,33,0.0015,0.55,10,manhattan,0.1162,0.1881,0.1874,2,145,36,1.205450246,0.031972113,0.118960003,184
2026-09-19T00:23:27.748,33,0.0015,0.6,5,manhattan,0.9777,0.9731,0.9837,5,410,9106,0.519752482,1.445581847,1.127051026,295
2026-09-19T00:23:31.665,33,0.0015,0.6,6,manhattan,0.9752,0.9728,0.9782,2,1247,9195,0.575706857,2.244996135,1.089779211,295
2026-09-19T00:23:35.607,33,0.0015,0.6,7,manhattan,0.9919,0.9887,0.9954,4,1451,9003,0.496114328,2.503279715,0.940225135,295
2026-09-19T00:23:37.872,33,0.0015,0.6,8,manhattan,0.9646,0.9552,0.9778,68,757,5057,0.162245995,1.434799391,0.666300586,295
2026-09-19T00:23:38.618,33,0.0015,0.6,9,manhattan,0.4193,0.5149,0.4609,5,301,168,0.398340558,0.080542093,0.2645517,294
2026-09-19T00:23:44.151,33,0.0015,0.65,5,manhattan,0.9583,0.953,0.9655,1,410,8999,0.631784013,1.489794426,1.061628258,295
2026-09-19T00:23:48.182,33,0.0015,0.65,6,manhattan,0.9834,0.9803,0.987,2,1247,9092,0.625137142,2.2422469,1.160337902,295
2026-09-19T00:23:52.37,33,0.0015,0.65,7,manhattan,0.9862,0.9828,0.9902,3,1451,8937,0.562523184,2.442624946,1.181225145,295
2026-09-19T00:23:54.503,33,0.0015,0.65,8,manhattan,0.8748,0.8698,0.8863,71,757,3786,0.327458432,1.29700555,0.505450579,295
2026-09-19T00:23:55.095,33,0.0015,0.65,9,manhattan,0.3745,0.4891,0.4146,3,301,106,0.392359555,0.076147465,0.121279574,291
2026-09-19T00:23:59.569,33,0.0015,0.7,5,manhattan,0.9513,0.9455,0.958,3,410,8968,0.585932329,1.722305498,1.092668338,295
2026-09-19T00:24:03.466,33,0.0015,0.7,6,manhattan,0.9931,0.9913,0.9952,2,1247,9024,0.500496453,2.201083177,1.193212574,295
2026-09-19T00:24:06.951,33,0.0015,0.7,7,manhattan,0.9775,0.9707,0.9856,3,1451,8835,0.29433303,2.075844157,1.112704355,295
2026-09-19T00:24:08.463,33,0.0015,0.7,8,manhattan,0.778,0.7829,0.7983,66,757,2488,0.291967712,0.780600355,0.437780597,295
2026-09-19T00:24:09.125,33,0.0015,0.7,9,manhattan,0.2933,0.3928,0.3196,2,301,49,0.346113895,0.192123496,0.121203446,268
2026-09-19T00:24:13.567,33,0.0015,0.75,5,manhattan,0.9414,0.9367,0.9483,4,410,8919,0.440017197,1.595376387,1.136559996,295
2026-09-19T00:24:17.628,33,0.0015,0.75,6,manhattan,0.9706,0.9623,0.9805,1,1247,8980,0.532275944,2.329110263,1.197653158,295
2026-09-19T00:24:21.592,33,0.0015,0.75,7,manhattan,0.9874,0.9828,0.9925,3,1451,8747,0.373902721,2.423722665,1.16361367,295
2026-09-19T00:24:22.778,33,0.0015,0.75,8,manhattan,0.5349,0.6751,0.5864,52,757,1368,0.324235464,0.544611323,0.30127079,295
2026-09-19T00:24:23.433,33,0.0015,0.75,9,manhattan,0.2113,0.3871,0.2792,1,301,32,0.30763641,0.114815478,0.229594009,253
2026-09-19T00:24:27.939,33,0.0015,0.8,5,manhattan,0.9307,0.9202,0.9461,31,410,8541,0.48188052,1.884663938,1.019794338,295
2026-09-19T00:24:31.658,33,0.0015,0.8,6,manhattan,0.9797,0.9768,0.9834,1,1247,8957,0.538364503,2.000298166,1.170941145,295
2026-09-19T00:24:35.348,33,0.0015,0.8,7,manhattan,0.9829,0.9766,0.9906,6,1451,8600,0.492258387,2.03907115,1.156666901,295
2026-09-19T00:24:36.169,33,0.0015,0.8,8,manhattan,0.406,0.5171,0.4284,19,757,520,0.286816563,0.3135797,0.217903615,295
2026-09-19T00:24:41.035,33,0.002,0.5,5,manhattan,0.9706,0.9641,0.9797,2,410,9626,0.556825527,1.629389823,1.030885144,295
2026-09-19T00:24:45.189,33,0.002,0.5,6,manhattan,0.983,0.9892,0.9776,1,1247,9658,0.645980385,2.279232086,1.225695018,295
2026-09-19T00:24:49.349,33,0.002,0.5,7,manhattan,0.9912,0.9876,0.9953,6,1451,9445,0.453694647,2.66989687,1.034410666,295
2026-09-19T00:24:52.935,33,0.002,0.5,8,manhattan,0.9918,0.9913,0.9925,11,757,8372,0.38119339,2.103838736,1.099220225,295
2026-09-19T00:24:54.198,33,0.002,0.5,9,manhattan,0.6435,0.6552,0.6757,50,301,2199,0.267420643,0.589326339,0.403200189,295
2026-09-19T00:24:55.898,33,0.002,0.5,10,manhattan,0.2598,0.4108,0.3056,16,145,538,1.257995525,0.163528003,0.276676647,295
2026-09-19T00:24:58.796,33,0.002,0.55,5,manhattan,0.9544,0.9552,0.9539,2,410,9487,0.389184986,1.392552568,1.11364386,295
2026-09-19T00:25:02.481,33,0.002,0.55,6,manhattan,0.981,0.9769,0.9856,1,1247,9634,0.6932451,2.011108211,0.978300195,295
2026-09-19T00:25:06.423,33,0.002,0.55,7,manhattan,0.9946,0.9944,0.9949,2,1451,9248,0.380186277,2.442453137,1.117777211,295
2026-09-19T00:25:09.954,33,0.002,0.55,8,manhattan,0.9938,0.9936,0.9942,15,757,8096,0.31724204,2.144368998,1.061227788,295
2026-09-19T00:25:10.815,33,0.002,0.55,9,manhattan,0.5658,0.6665,0.5872,34,301,1416,0.391744531,0.280377471,0.18671149,295
2026-09-19T00:25:12.275,33,0.002,0.55,10,manhattan,0.4446,0.4873,0.4833,9,145,308,0.967475693,0.29529691,0.188402209,292
2026-09-19T00:25:15.558,33,0.002,0.6,5,manhattan,0.941,0.9331,0.9532,1,410,9206,0.617189615,1.476379578,1.187400796,295
2026-09-19T00:25:19.421,33,0.002,0.6,6,manhattan,0.9833,0.9805,0.9864,1,1247,9205,0.556979737,2.121822534,1.181666751,295
2026-09-19T00:25:23.557,33,0.002,0.6,7,manhattan,0.9916,0.988,0.9954,4,1451,9154,0.586053923,2.454573545,1.0837577,295
2026-09-19T00:25:26.746,33,0.002,0.6,8,manhattan,1.0,1.0,1.0,24,757,7685,0.239102909,2.079676841,0.861654524,295
2026-09-19T00:25:27.506,33,0.002,0.6,9,manhattan,0.4463,0.4505,0.4825,19,301,755,0.412672492,0.210154088,0.134300656,295
2026-09-19T00:25:29.086,33,0.002,0.6,10,manhattan,0.3244,0.3864,0.3657,2,145,111,1.122761021,0.147549839,0.302103159,283
2026-09-19T00:25:31.848,33,0.002,0.65,5,manhattan,0.9628,0.9599,0.9672,3,410,9114,0.457791122,1.422049364,0.880467968,295
2026-09-19T00:25:35.821,33,0.002,0.65,6,manhattan,0.9754,0.9698,0.9825,3,1247,9148,0.564207689,2.143312229,1.262867168,295
2026-09-19T00:25:40.037,33,0.002,0.65,7,manhattan,0.9868,0.9822,0.9926,1,1451,9021,0.470315002,2.677227418,1.06632034,295
2026-09-19T00:25:43.044,33,0.002,0.65,8,manhattan,0.9886,0.9851,0.9926,36,757,6968,0.249335993,1.792710398,0.963186247,295
2026-09-19T00:25:43.771,33,0.002,0.65,9,manhattan,0.4446,0.6035,0.4576,12,301,483,0.400349614,0.180738658,0.143243561,295
2026-09-19T00:25:45.222,33,0.002,0.65,10,manhattan,0.1903,0.2178,0.2475,2,145,46,1.134865923,0.131450779,0.183071988,222
2026-09-19T00:25:48.392,33,0.002,0.7,5,manhattan,0.9772,0.9722,0.9832,1,410,9004,0.49190429,1.450950832,1.225628179,295
2026-09-19T00:25:52.429,33,0.002,0.7,6,manhattan,0.9905,0.992,0.9892,1,1247,9035,0.695247241,2.177151969,1.161886913,295
2026-09-19T00:25:56.452,33,0.002,0.7,7,manhattan,0.996,0.9944,0.9976,3,1451,8993,0.429541413,2.51147385,1.080102762,295
2026-09-19T00:25:59.267,33,0.002,0.7,8,manhattan,0.9854,0.9819,0.9895,41,757,6136,0.300486332,1.715557427,0.796294615,295
2026-09-19T00:26:00.048,33,0.002,0.7,9,manhattan,0.4879,0.5608,0.505,5,301,242,0.37278505,0.175711478,0.230843541,295
2026-09-19T00:26:03.953,33,0.002,0.75,5,manhattan,0.9574,0.9567,0.9606,1,410,8991,0.479871325,1.540913893,0.883432384,295
2026-09-19T00:26:06.796,33,0.002,0.75,6,manhattan,0.9601,0.9584,0.9634,1,1247,9005,0.432637829,1.610849948,0.798451315,295
2026-09-19T00:26:09.694,33,0.002,0.75,7,manhattan,0.9869,0.9822,0.9927,3,1451,8941,0.302297388,1.791764397,0.801958958,295
2026-09-19T00:26:11.429,33,0.002,0.75,8,manhattan,0.9448,0.9354,0.9599,50,757,4951,0.17446914,1.089592944,0.468893103,295
2026-09-19T00:26:11.854,33,0.002,0.75,9,manhattan,0.3957,0.5777,0.4158,3,301,138,0.231645041,0.070642431,0.121959061,292
2026-09-19T00:26:14.994,33,0.002,0.8,5,manhattan,0.9616,0.9586,0.9649,2,410,8964,0.27246256,1.181698739,0.809080819,295
2026-09-19T00:26:17.795,33,0.002,0.8,6,manhattan,0.9612,0.957,0.967,1,1247,8965,0.382175568,1.550889333,0.865960593,295
2026-09-19T00:26:20.718,33,0.002,0.8,7,manhattan,0.9852,0.9805,0.9905,2,1451,8834,0.312703889,1.795684802,0.812693573,295
2026-09-19T00:26:22.032,33,0.002,0.8,8,manhattan,0.9109,0.9027,0.9273,52,757,3489,0.181951593,0.790801732,0.339769437,295
2026-09-19T00:26:22.442,33,0.002,0.8,9,manhattan,0.369,0.5347,0.3963,2,301,81,0.225626252,0.061667677,0.113847547,290
2026-09-19T00:26:25.604,33,0.0025,0.5,5,manhattan,0.9448,0.9394,0.9525,2,410,9657,0.374892652,1.153383449,0.853171315,295
2026-09-19T00:26:28.405,33,0.0025,0.5,6,manhattan,0.9747,0.9731,0.9773,1,1247,9662,0.385080409,1.581035514,0.83285712,295
2026-09-19T00:26:31.327,33,0.0025,0.5,7,manhattan,0.9802,0.9746,0.9877,2,1451,9627,0.302729775,1.797465686,0.820387505,295
2026-09-19T00:26:33.69,33,0.0025,0.5,8,manhattan,1.0,1.0,1.0,6,757,8608,0.201662847,1.409002999,0.750590295,295
2026-09-19T00:26:34.863,33,0.0025,0.5,9,manhattan,0.7821,0.7858,0.8149,55,301,3863,0.237366793,0.574269731,0.359441511,295
2026-09-19T00:26:36.074,33,0.0025,0.5,10,manhattan,0.4654,0.5256,0.5158,25,145,1074,0.852127257,0.149387226,0.207413654,295
2026-09-19T00:26:38.28,33,0.0025,0.55,5,manhattan,0.9765,0.9719,0.9815,2,410,9542,0.319643675,1.060535451,0.824705447,295
2026-09-19T00:26:41.088,33,0.0025,0.55,6,manhattan,0.9745,0.9724,0.9768,1,1247,9638,0.393999709,1.543225153,0.86911379,295
2026-09-19T00:26:44.001,33,0.0025,0.55,7,manhattan,1.0,1.0,1.0,4,1451,9405,0.307709743,1.784740872,0.81745382,295
2026-09-19T00:26:46.318,33,0.0025,0.55,8,manhattan,0.981,0.9773,0.9854,4,757,8526,0.207149793,1.341832313,0.76625145,295
2026-09-19T00:26:47.395,33,0.0025,0.55,9,manhattan,0.7171,0.7561,0.7458,49,301,2925,0.232223885,0.561870797,0.281526501,295
2026-09-19T00:26:48.481,33,0.0025,0.55,10,manhattan,0.4495,0.5347,0.4852,17,145,714,0.805533088,0.098250716,0.180250048,295
2026-09-19T00:26:50.698,33,0.0025,0.6,5,manhattan,0.9545,0.9468,0.9656,1,410,9210,0.318719394,1.06403101,0.832801247,295
2026-09-19T00:26:53.459,33,0.0025,0.6,6,manhattan,0.9749,0.9704,0.9805,1,1247,9209,0.387157352,1.554029749,0.817901642,295
2026-09-19T00:26:56.394,33,0.0025,0.6,7,manhattan,1.0,1.0,1.0,1,1451,9207,0.302708614,1.799503097,0.830626247,295
2026-09-19T00:26:59.137,33,0.0025,0.6,8,manhattan,0.9924,0.9896,0.9954,7,757,8368,0.198933377,1.603873985,0.937909476,295
2026-09-19T00:26:59.971,33,0.0025,0.6,9,manhattan,0.6482,0.6859,0.6787,43,301,2194,0.236841446,0.354927664,0.240550999,295
2026-09-19T00:27:01.018,33,0.0025,0.6,10,manhattan,0.4408,0.4668,0.4374,10,145,389,0.794144619,0.070675884,0.174844327,295
2026-09-19T00:27:03.195,33,0.0025,0.65,5,manhattan,0.9606,0.9547,0.9677,1,410,9169,0.321025345,1.058236832,0.795215566,295
2026-09-19T00:27:06.461,33,0.0025,0.65,6,manhattan,0.9886,0.9854,0.9925,1,1247,9171,0.380534437,1.659037057,1.224612966,295
2026-09-19T00:27:10.205,33,0.0025,0.65,7,manhattan,0.9935,0.9953,0.9919,3,1451,9140,0.565163886,2.372655228,0.794003818,295
2026-09-19T00:27:13.233,33,0.0025,0.65,8,manhattan,0.9962,0.9976,0.9949,12,757,8210,0.195747634,1.7970414,1.033249623,295
2026-09-19T00:27:14.173,33,0.0025,0.65,9,manhattan,0.5924,0.6113,0.6164,25,301,1339,0.350603716,0.329870682,0.257681825,295
2026-09-19T00:27:15.678,33,0.0025,0.65,10,manhattan,0.3222,0.3777,0.3677,6,145,258,1.115313977,0.057340167,0.329049978,293
2026-09-19T00:27:18.731,33,0.0025,0.7,5,manhattan,0.9111,0.9058,0.9218,1,410,9032,0.532943347,1.350801689,1.166653795,295
2026-09-19T00:27:22.707,33,0.0025,0.7,6,manhattan,0.9844,0.9798,0.9902,1,1247,9039,0.559302171,2.313266335,1.101234031,295
2026-09-19T00:27:25.938,33,0.0025,0.7,7,manhattan,0.9875,0.9828,0.9927,1,1451,9038,0.600431044,1.816157675,0.811988664,295
2026-09-19T00:27:29.03,33,0.0025,0.7,8,manhattan,0.9959,0.9944,0.9975,21,757,7742,0.21279053,1.899691771,0.977451064,295
2026-09-19T00:27:29.968,33,0.0025,0.7,9,manhattan,0.6248,0.63,0.6411,18,301,774,0.44036787,0.322069055,0.173298249,295
2026-09-19T00:27:31.322,33,0.0025,0.7,10,manhattan,0.2708,0.3237,0.2957,2,145,147,1.093166796,0.051654522,0.200959684,289
2026-09-19T00:27:34.733,33,0.0025,0.75,5,manhattan,0.9629,0.9585,0.9691,1,410,8995,0.652805771,1.543360227,1.212384793,295
2026-09-19T00:27:38.813,33,0.0025,0.75,6,manhattan,0.9838,0.9805,0.9876,1,1247,9009,0.696807777,2.234738118,1.145775561,295
2026-09-19T00:27:43.023,33,0.0025,0.75,7,manhattan,0.9871,0.9821,0.9927,1,1451,8974,0.55681994,2.479391249,1.171223235,295
2026-09-19T00:27:45.667,33,0.0025,0.75,8,manhattan,0.9926,0.9926,0.9926,31,757,7148,0.270931288,1.744127987,0.617463394,295
2026-09-19T00:27:46.237,33,0.0025,0.75,9,manhattan,0.4446,0.5061,0.4487,9,301,448,0.245766053,0.13561947,0.177721093,295
2026-09-19T00:27:47.53,33,0.0025,0.75,10,manhattan,0.201,0.2416,0.2871,1,145,46,1.159886797,0.059709047,0.071444837,241
2026-09-19T00:27:50.926,33,0.0025,0.8,5,manhattan,0.9502,0.9449,0.9564,1,410,8972,0.735230716,1.523921423,1.135469353,295
2026-09-19T00:27:54.985,33,0.0025,0.8,6,manhattan,0.9877,0.9871,0.9886,1,1247,8969,0.62091593,2.129718029,1.304854112,295
2026-09-19T00:27:58.96,33,0.0025,0.8,7,manhattan,0.9732,0.965,0.9836,2,1451,8928,0.360974179,2.453739079,1.158663595,295
2026-09-19T00:28:01.808,33,0.0025,0.8,8,manhattan,0.9792,0.9773,0.9813,31,757,6001,0.322461493,1.582118823,0.940852101,295
2026-09-19T00:28:02.435,33,0.0025,0.8,9,manhattan,0.4142,0.5159,0.436,4,301,204,0.376682756,0.102530874,0.146766638,295
2026-09-19T00:28:06.343,33,0.003,0.5,5,manhattan,0.9501,0.9433,0.9591,2,410,9669,0.399295499,1.191178934,1.127575115,295
2026-09-19T00:28:10.608,33,0.003,0.5,6,manhattan,0.9681,0.959,0.9805,1,1247,9666,0.633638021,2.420891995,1.20760506,295
2026-09-19T00:28:14.795,33,0.003,0.5,7,manhattan,0.9862,0.9828,0.9901,1,1451,9647,0.468122055,2.47743646,1.239902914,295
2026-09-19T00:28:18.019,33,0.003,0.5,8,manhattan,0.9898,0.9897,0.9901,4,757,8894,0.319034169,1.881561237,1.020707303,295
2026-09-19T00:28:20.234,33,0.003,0.5,9,manhattan,0.933,0.9271,0.9486,42,301,5209,0.423523254,1.142418217,0.638700402,295
2026-09-19T00:28:22.258,33,0.003,0.5,10,manhattan,0.5995,0.6522,0.6392,36,145,1912,1.103502827,0.458447281,0.459667619,295
2026-09-19T00:28:24.857,33,0.003,0.55,5,manhattan,0.9075,0.9093,0.9152,2,410,9554,0.553021129,1.228803796,0.815229233,295
2026-09-19T00:28:29.01,33,0.003,0.55,6,manhattan,0.9574,0.9554,0.9601,1,1247,9642,0.61646152,2.317114244,1.217513662,295
2026-09-19T00:28:33.235,33,0.003,0.55,7,manhattan,1.0,1.0,1.0,2,1451,9607,0.558242189,2.547515689,1.116986677,295
2026-09-19T00:28:36.813,33,0.003,0.55,8,manhattan,0.993,0.9912,0.995,4,757,8730,0.4611067,2.006445672,1.108033924,295
2026-09-19T00:28:38.832,33,0.003,0.55,9,manhattan,0.9243,0.9213,0.9307,46,301,4550,0.249128564,1.117112951,0.650340022,295
2026-09-19T00:28:40.88,33,0.003,0.55,10,manhattan,0.4048,0.429,0.4886,22,145,1209,1.273455117,0.374335388,0.398489181,295
2026-09-19T00:28:43.631,33,0.003,0.6,5,manhattan,0.9473,0.9459,0.9512,1,410,9214,0.457006804,1.472571828,0.819092437,295
2026-09-19T00:28:47.46,33,0.003,0.6,6,manhattan,0.977,0.9723,0.9828,1,1247,9213,0.422315767,2.157745153,1.247133658,295
2026-09-19T00:28:51.48,33,0.003,0.6,7,manhattan,0.9954,0.9976,0.9933,1,1451,9211,0.441966259,2.36652637,1.201184336,295
2026-09-19T00:28:54.914,33,0.003,0.6,8,manhattan,1.0,1.0,1.0,4,757,8534,0.378108567,1.996319165,1.051115529,295
2026-09-19T00:28:56.674,33,0.003,0.6,9,manhattan,0.8375,0.829,0.8633,46,301,3443,0.420283662,0.869654711,0.467960232,295
2026-09-19T00:28:58.377,33,0.003,0.6,10,manhattan,0.436,0.4994,0.5019,16,145,760,1.106748215,0.297120398,0.297164398,295
2026-09-19T00:29:01.598,33,0.003,0.65,5,manhattan,0.9464,0.9443,0.9501,1,410,9176,0.486786037,1.684372985,1.048022046,295
2026-09-19T00:29:05.066,33,0.003,0.65,6,manhattan,0.9898,0.9897,0.9901,1,1247,9175,0.667052638,1.681270074,1.112443148,295
2026-09-19T00:29:09.325,33,0.003,0.65,7,manhattan,0.9726,0.9698,0.9765,1,1451,9165,0.464165542,2.557047077,1.235449899,295
2026-09-19T00:29:12.465,33,0.003,0.65,8,manhattan,0.9857,0.982,0.9904,4,757,8461,0.3010642,1.875920151,0.961220911,295
2026-09-19T00:29:13.997,33,0.003,0.65,9,manhattan,0.6849,0.7166,0.7057,39,301,2452,0.37153894,0.721738555,0.429695204,295
2026-09-19T00:29:15.602,33,0.003,0.65,10,manhattan,0.2923,0.4929,0.3555,9,145,432,1.18359563,0.208128061,0.2105188,295
2026-09-19T00:29:18.59,33,0.003,0.7,5,manhattan,0.9615,0.9559,0.9688,1,410,9038,0.398846838,1.512529042,1.074713245,295
2026-09-19T00:29:22.595,33,0.003,0.7,6,manhattan,0.9808,0.9843,0.9775,1,1247,9052,0.635831948,2.238330896,1.128653814,295
2026-09-19T00:29:26.375,33,0.003,0.7,7,manhattan,0.9954,0.9976,0.9933,1,1451,9044,0.316360363,2.164355428,1.2974063,295
2026-09-19T00:29:29.711,33,0.003,0.7,8,manhattan,1.0,1.0,1.0,6,757,8353,0.386535415,2.026351015,0.920623043,295
2026-09-19T00:29:30.899,33,0.003,0.7,9,manhattan,0.4681,0.6148,0.5503,28,301,1595,0.359290374,0.486122266,0.340130377,295
2026-09-19T00:29:32.562,33,0.003,0.7,10,manhattan,0.3353,0.4081,0.3736,5,145,259,1.207968515,0.151472618,0.302008873,294
2026-09-19T00:29:35.59,33,0.003,0.75,5,manhattan,0.962,0.9576,0.967,1,410,9016,0.42231863,1.527071477,1.075946503,295
2026-09-19T00:29:39.968,33,0.003,0.75,6,manhattan,0.9964,0.9951,0.9977,1,1247,9017,0.717165692,2.39172045,1.266517357,295
2026-09-19T00:29:43.909,33,0.003,0.75,7,manhattan,0.9864,0.9833,0.99,1,1451,8988,0.426479848,2.456000263,1.056798869,295
2026-09-19T00:29:47.255,33,0.003,0.75,8,manhattan,0.9976,0.9976,0.9977,10,757,8072,0.349528299,2.025116848,0.968791085,295
2026-09-19T00:29:47.912,33,0.003,0.75,9,manhattan,0.5159,0.577,0.5188,18,301,898,0.237978044,0.271400552,0.146175082,295
2026-09-19T00:29:49.422,33,0.003,0.75,10,manhattan,0.2087,0.3019,0.2692,3,145,184,1.134405948,0.077372412,0.296492943,292
2026-09-19T00:29:52.852,33,0.003,0.8,5,manhattan,0.9724,0.9685,0.9769,1,410,8976,0.538618236,1.596639538,1.292251938,295
2026-09-19T00:29:56.969,33,0.003,0.8,6,manhattan,0.9726,0.9687,0.977,1,1247,8973,0.537262127,2.283675043,1.29360288,295
2026-09-19T00:30:01.139,33,0.003,0.8,7,manhattan,0.9787,0.9818,0.9759,1,1451,8955,0.37363886,2.516195405,1.27783396,295
2026-09-19T00:30:04.459,33,0.003,0.8,8,manhattan,0.985,0.9831,0.9876,21,757,7579,0.292741276,2.016693354,1.008382889,295
2026-09-19T00:30:05.296,33,0.003,0.8,9,manhattan,0.5667,0.578,0.5808,10,301,527,0.340218168,0.202759217,0.291949345,295
2026-09-19T00:30:06.76,33,0.003,0.8,10,manhattan,0.1586,0.2417,0.2362,1,145,88,1.096313009,0.138646743,0.214153903,275
2026-09-19T00:31:15.024,34,0.0015,0.5,5,manhattan,0.9536,0.9559,0.953,2,411,9659,1.657283481,6.906358686,2.94633026,295
2026-09-19T00:31:20.156,34,0.0015,0.5,6,manhattan,0.9845,0.9827,0.9869,1,1259,9662,0.625283459,2.133257519,0.915833043,295
2026-09-19T00:31:24.637,34,0.0015,0.5,7,manhattan,0.9918,0.9887,0.9952,7,1461,9433,0.454377137,2.809242376,1.214376529,295
2026-09-19T00:31:28.059,34,0.0015,0.5,8,manhattan,0.983,0.9769,0.9901,43,764,6948,0.51300916,2.084606733,0.820710941,295
2026-09-19T00:31:29.11,34,0.0015,0.5,9,manhattan,0.2537,0.4068,0.3042,22,287,668,0.401038739,0.352429928,0.295811501,295
2026-09-19T00:31:30.654,34,0.0015,0.5,10,manhattan,0.1616,0.2116,0.1623,4,148,70,1.062530678,0.262198745,0.210443301,227
2026-09-19T00:31:33.849,34,0.0015,0.55,5,manhattan,0.9399,0.9339,0.9479,2,411,9602,0.447242633,1.623792528,1.121238199,295
2026-09-19T00:31:38.012,34,0.0015,0.55,6,manhattan,0.9795,0.9774,0.9826,1,1259,9645,0.707614747,2.310330623,1.142538833,295
2026-09-19T00:31:42.362,34,0.0015,0.55,7,manhattan,0.991,0.9876,0.995,7,1461,9244,0.549897615,2.635098976,1.161853669,295
2026-09-19T00:31:44.699,34,0.0015,0.55,8,manhattan,0.9575,0.9543,0.9633,48,764,6116,0.317031049,1.320158237,0.696120957,295
2026-09-19T00:31:45.458,34,0.0015,0.55,9,manhattan,0.3269,0.4673,0.3512,12,287,335,0.36119851,0.129472104,0.266159518,295
2026-09-19T00:31:50.785,34,0.0015,0.6,5,manhattan,0.9482,0.9465,0.9502,6,411,9474,0.39705883,1.497241679,1.027198568,295
2026-09-19T00:31:55.003,34,0.0015,0.6,6,manhattan,0.9856,0.9829,0.9885,2,1259,9634,0.775768801,2.283371863,1.156140995,295
2026-09-19T00:31:59.339,34,0.0015,0.6,7,manhattan,0.9859,0.982,0.9904,4,1461,9085,0.52064701,2.661703852,1.150340532,295
2026-09-19T00:32:01.854,34,0.0015,0.6,8,manhattan,0.9714,0.973,0.972,73,764,5169,0.33043968,1.579625627,0.602815008,295
2026-09-19T00:32:02.628,34,0.0015,0.6,9,manhattan,0.4189,0.5508,0.4352,4,287,128,0.397893573,0.150255423,0.223402504,291
2026-09-19T00:32:06.868,34,0.0015,0.65,5,manhattan,0.9655,0.963,0.9695,5,411,9239,0.444364471,1.647002625,1.003440636,295
2026-09-19T00:32:10.756,34,0.0015,0.65,6,manhattan,0.993,0.9912,0.995,7,1259,9408,0.592065098,2.408863568,0.882909063,295
2026-09-19T00:32:14.838,34,0.0015,0.65,7,manhattan,0.9871,0.9821,0.9927,2,1461,8985,0.417100434,2.525660096,1.136990427,295
2026-09-19T00:32:17.08,34,0.0015,0.65,8,manhattan,0.9066,0.8981,0.927,64,764,3923,0.237229555,1.450344679,0.552390811,295
2026-09-19T00:32:17.984,34,0.0015,0.65,9,manhattan,0.255,0.3426,0.3057,2,287,49,0.498035942,0.188997537,0.214633782,267
2026-09-19T00:32:23.345,34,0.0015,0.7,5,manhattan,0.9563,0.9504,0.9673,2,411,8970,0.368022009,2.083432211,1.264949628,295
2026-09-19T00:32:28.241,34,0.0015,0.7,6,manhattan,0.989,0.9891,0.9893,2,1259,9048,0.866768308,2.679535187,1.347967316,295
2026-09-19T00:32:33.055,34,0.0015,0.7,7,manhattan,0.996,0.9944,0.9977,3,1461,8913,0.38259741,3.084375739,1.344003751,295
2026-09-19T00:32:34.916,34,0.0015,0.7,8,manhattan,0.7787,0.7942,0.7956,72,764,2776,0.3273184,1.006756634,0.52439344,295
2026-09-19T00:32:35.367,34,0.0015,0.7,9,manhattan,0.2832,0.3134,0.3233,1,287,16,0.328572402,0.050271594,0.068294644,165
2026-09-19T00:32:40.195,34,0.0015,0.75,5,manhattan,0.9185,0.9226,0.915,9,411,8889,0.594332846,1.813911019,1.198974556,295
2026-09-19T00:32:44.182,34,0.0015,0.75,6,manhattan,0.9693,0.971,0.9684,1,1259,8981,0.485898564,2.307765211,1.191579264,295
2026-09-19T00:32:48.059,34,0.0015,0.75,7,manhattan,0.994,0.9927,0.9954,4,1461,8857,0.3595652,2.289369209,1.225669526,295
2026-09-19T00:32:49.258,34,0.0015,0.75,8,manhattan,0.6521,0.6846,0.6747,55,764,1494,0.270764856,0.722417203,0.2039109,295
2026-09-19T00:32:54.486,34,0.0015,0.8,5,manhattan,0.9289,0.9246,0.9356,25,411,8587,0.432657595,1.931249097,0.969036438,295
2026-09-19T00:32:58.592,34,0.0015,0.8,6,manhattan,0.9685,0.9595,0.9804,1,1259,8971,0.609482692,2.403199295,1.090656977,295
2026-09-19T00:33:02.818,34,0.0015,0.8,7,manhattan,0.9854,0.9833,0.9877,8,1461,8650,0.389492497,2.677523546,1.15652666,295
2026-09-19T00:33:03.846,34,0.0015,0.8,8,manhattan,0.5205,0.5921,0.5798,22,764,586,0.209895186,0.503297161,0.311789526,295
2026-09-19T00:33:08.447,34,0.002,0.5,5,manhattan,0.972,0.972,0.972,1,411,9675,0.507885249,1.397929793,1.095295072,295
2026-09-19T00:33:12.518,34,0.002,0.5,6,manhattan,0.9662,0.9573,0.9772,1,1259,9670,0.67626555,2.318101102,1.07401972,295
2026-09-19T00:33:16.709,34,0.002,0.5,7,manhattan,0.9938,0.9936,0.9942,1,1461,9633,0.526503416,2.710993546,0.951076735,295
2026-09-19T00:33:20.233,34,0.002,0.5,8,manhattan,0.9559,0.9479,0.9667,8,764,8461,0.193635352,2.17897825,1.149153019,295
2026-09-19T00:33:21.313,34,0.002,0.5,9,manhattan,0.5685,0.5821,0.6128,37,287,1690,0.32719101,0.393830762,0.35564249,295
2026-09-19T00:33:23.131,34,0.002,0.5,10,manhattan,0.3198,0.4174,0.3473,15,148,545,1.06919955,0.377706839,0.368516696,295
2026-09-19T00:33:26.133,34,0.002,0.55,5,manhattan,0.952,0.9472,0.9577,2,411,9641,0.395624847,1.613342796,0.989450505,295
2026-09-19T00:33:30.382,34,0.002,0.55,6,manhattan,0.9828,0.9802,0.9859,1,1259,9650,0.697441028,2.402733313,1.146467759,295
2026-09-19T00:33:34.796,34,0.002,0.55,7,manhattan,1.0,1.0,1.0,3,1461,9615,0.46934784,2.757896622,1.183780151,295
2026-09-19T00:33:38.519,34,0.002,0.55,8,manhattan,0.9874,0.9868,0.9885,17,764,8211,0.373320174,2.234987242,1.112492526,295
2026-09-19T00:33:39.295,34,0.002,0.55,9,manhattan,0.5891,0.6659,0.6238,27,287,1261,0.256042369,0.234676225,0.283762681,295
2026-09-19T00:33:40.862,34,0.002,0.55,10,manhattan,0.1827,0.3738,0.2302,11,148,318,1.230261804,0.07437126,0.260065372,294
2026-09-19T00:33:44.143,34,0.002,0.6,5,manhattan,0.9297,0.9188,0.9504,2,411,9589,0.636702031,1.584609785,1.056895389,295
2026-09-19T00:33:48.18,34,0.002,0.6,6,manhattan,0.9789,0.9775,0.9805,1,1259,9641,0.638241055,2.297951593,1.098462237,295
2026-09-19T00:33:52.283,34,0.002,0.6,7,manhattan,0.9827,0.9766,0.9901,6,1461,9405,0.304244704,2.572501222,1.224045924,295
2026-09-19T00:33:55.853,34,0.002,0.6,8,manhattan,0.9838,0.9845,0.9836,24,764,7747,0.253652189,2.128126275,1.186269087,295
2026-09-19T00:33:56.765,34,0.002,0.6,9,manhattan,0.5613,0.6436,0.5808,19,287,810,0.32307058,0.302788512,0.282942604,295
2026-09-19T00:33:58.04,34,0.002,0.6,10,manhattan,0.1845,0.1947,0.2714,4,148,105,1.013028107,0.048461167,0.211564604,275
2026-09-19T00:34:01.498,34,0.002,0.65,5,manhattan,0.927,0.9189,0.9367,3,411,9465,0.551949134,1.558932892,1.344262792,295
2026-09-19T00:34:05.646,34,0.002,0.65,6,manhattan,0.9772,0.9756,0.9796,1,1259,9599,0.644706968,2.248104495,1.253327608,295
2026-09-19T00:34:10.115,34,0.002,0.65,7,manhattan,0.9919,0.9892,0.995,5,1461,9179,0.465924636,2.698468269,1.302856021,295
2026-09-19T00:34:13.278,34,0.002,0.65,8,manhattan,0.9825,0.9823,0.9836,40,764,6984,0.222830363,2.000162604,0.937254783,295
2026-09-19T00:34:14.146,34,0.002,0.65,9,manhattan,0.4858,0.5612,0.5422,12,287,488,0.453732781,0.251911813,0.158837039,295
2026-09-19T00:34:15.443,34,0.002,0.65,10,manhattan,0.2405,0.3119,0.2911,1,148,20,1.115425863,0.035932956,0.144230279,140
2026-09-19T00:34:18.644,34,0.002,0.7,5,manhattan,0.9766,0.9719,0.9825,2,411,9041,0.466618439,1.447234713,1.28552468,295
2026-09-19T00:34:22.332,34,0.002,0.7,6,manhattan,0.9891,0.9857,0.9928,2,1259,9126,0.568499299,1.923270071,1.186466669,295
2026-09-19T00:34:26.793,34,0.002,0.7,7,manhattan,0.9976,0.9976,0.9976,2,1461,9034,0.452009935,2.695484646,1.310260601,295
2026-09-19T00:34:29.662,34,0.002,0.7,8,manhattan,0.9907,0.9892,0.9926,42,764,6031,0.29279617,1.93381402,0.639979965,295
2026-09-19T00:34:30.509,34,0.002,0.7,9,manhattan,0.1724,0.3718,0.2167,6,287,245,0.395681489,0.232775632,0.216384845,295
2026-09-19T00:34:35.02,34,0.002,0.75,5,manhattan,0.943,0.9409,0.9473,1,411,8990,0.613472798,1.551638592,1.087643113,295
2026-09-19T00:34:39.297,34,0.002,0.75,6,manhattan,0.9672,0.962,0.9759,1,1259,9032,0.722768714,2.355955533,1.187352466,295
2026-09-19T00:34:43.53,34,0.002,0.75,7,manhattan,0.9955,0.9936,0.9975,1,1461,8998,0.479639172,2.583288987,1.167816862,295
2026-09-19T00:34:46.243,34,0.002,0.75,8,manhattan,0.9647,0.9548,0.9788,49,764,5131,0.270118265,1.735906193,0.70549185,295
2026-09-19T00:34:46.818,34,0.002,0.75,9,manhattan,0.2108,0.395,0.276,3,287,83,0.378991431,0.066774407,0.12696885,283
2026-09-19T00:34:51.108,34,0.002,0.8,5,manhattan,0.9647,0.9701,0.9599,1,411,8973,0.640067337,1.59555155,0.83310366,295
2026-09-19T00:34:55.16,34,0.002,0.8,6,manhattan,0.964,0.9568,0.9777,1,1259,8975,0.622801298,2.341723123,1.085900921,295
2026-09-19T00:34:59.473,34,0.002,0.8,7,manhattan,0.9875,0.9828,0.9927,1,1461,8888,0.504168362,2.60164497,1.204463946,295
2026-09-19T00:35:01.575,34,0.002,0.8,8,manhattan,0.8908,0.8811,0.918,53,764,3928,0.313141515,1.204218454,0.581506482,295
2026-09-19T00:35:02.198,34,0.002,0.8,9,manhattan,0.4002,0.4378,0.4236,1,287,34,0.318806766,0.165854628,0.125306556,253
2026-09-19T00:35:06.694,34,0.0025,0.5,5,manhattan,0.9701,0.9655,0.9759,1,411,9679,0.547237428,1.600241117,1.121522663,295
2026-09-19T00:35:11.0,34,0.0025,0.5,6,manhattan,0.9751,0.9743,0.9768,1,1259,9674,0.670148774,2.424462634,1.209147716,295
2026-09-19T00:35:15.225,34,0.0025,0.5,7,manhattan,0.9886,0.9851,0.9926,1,1461,9652,0.498287372,2.567859426,1.15577391,295
2026-09-19T00:35:18.62,34,0.0025,0.5,8,manhattan,0.9838,0.9779,0.9904,8,764,8836,0.405849621,2.026887816,0.959377169,295
2026-09-19T00:35:20.309,34,0.0025,0.5,9,manhattan,0.7739,0.7912,0.8048,52,287,3407,0.393350184,0.837582166,0.456286878,295
2026-09-19T00:35:22.013,34,0.0025,0.5,10,manhattan,0.4483,0.5108,0.4802,24,148,1191,1.151744273,0.259347682,0.290997965,295
2026-09-19T00:35:24.795,34,0.0025,0.55,5,manhattan,0.9375,0.9427,0.9366,1,411,9659,0.252785668,1.335034794,1.191979246,295
2026-09-19T00:35:28.12,34,0.0025,0.55,6,manhattan,0.9687,0.9734,0.9651,1,1259,9654,0.601648518,1.791892486,0.928810544,295
2026-09-19T00:35:31.229,34,0.0025,0.55,7,manhattan,0.9956,0.9936,0.9977,1,1461,9637,0.331267091,1.922110985,0.853894801,295
2026-09-19T00:35:33.688,34,0.0025,0.55,8,manhattan,0.9918,0.9887,0.9952,7,764,8643,0.207208041,1.465825084,0.784533541,295
2026-09-19T00:35:34.646,34,0.0025,0.55,9,manhattan,0.6585,0.6921,0.6991,40,287,2310,0.227125258,0.465437701,0.254348857,295
2026-09-19T00:35:35.724,34,0.0025,0.55,10,manhattan,0.2615,0.3264,0.3491,15,148,709,0.734910842,0.161000725,0.180888678,295
2026-09-19T00:35:37.969,34,0.0025,0.6,5,manhattan,0.9431,0.9417,0.9447,2,411,9613,0.317903088,1.095166214,0.829222855,295
2026-09-19T00:35:40.87,34,0.0025,0.6,6,manhattan,0.9884,0.9897,0.9874,1,1259,9645,0.378292878,1.657160561,0.864025987,295
2026-09-19T00:35:43.95,34,0.0025,0.6,7,manhattan,0.9923,0.9921,0.9926,1,1461,9633,0.305386611,1.924280187,0.848933482,295
2026-09-19T00:35:46.506,34,0.0025,0.6,8,manhattan,0.9828,0.9828,0.9828,9,764,8489,0.203458608,1.608245634,0.741579365,295
2026-09-19T00:35:47.228,34,0.0025,0.6,9,manhattan,0.551,0.5847,0.6023,32,287,1640,0.235741095,0.279774251,0.204614691,295
2026-09-19T00:35:48.25,34,0.0025,0.6,10,manhattan,0.3745,0.4351,0.4337,10,148,468,0.752955543,0.08077229,0.186497287,294
2026-09-19T00:35:50.485,34,0.0025,0.65,5,manhattan,0.9369,0.9324,0.9466,2,411,9526,0.315461504,1.101803517,0.816553635,295
2026-09-19T00:35:53.349,34,0.0025,0.65,6,manhattan,0.9798,0.9755,0.985,1,1259,9603,0.382015282,1.671376348,0.809202274,295
2026-09-19T00:35:56.442,34,0.0025,0.65,7,manhattan,0.9861,0.9828,0.99,6,1461,9439,0.301496727,1.934612447,0.849417692,295
2026-09-19T00:35:59.003,34,0.0025,0.65,8,manhattan,0.9783,0.9725,0.9858,13,764,8338,0.202859439,1.63382426,0.722229469,295
2026-09-19T00:35:59.654,34,0.0025,0.65,9,manhattan,0.5565,0.5984,0.5858,19,287,1029,0.285581978,0.186890424,0.170107129,295
2026-09-19T00:36:00.679,34,0.0025,0.65,10,manhattan,0.2487,0.4598,0.3221,7,148,273,0.798888592,0.060079066,0.163801013,293
2026-09-19T00:36:02.918,34,0.0025,0.7,5,manhattan,0.9555,0.9538,0.9577,2,411,9195,0.310870204,1.096287587,0.829817485,295
2026-09-19T00:36:05.788,34,0.0025,0.7,6,manhattan,0.9789,0.9775,0.9805,1,1259,9195,0.398500355,1.661154996,0.809153874,295
2026-09-19T00:36:08.925,34,0.0025,0.7,7,manhattan,0.9893,0.9878,0.9908,2,1461,9116,0.305094254,1.953729002,0.875587944,295
2026-09-19T00:36:11.41,34,0.0025,0.7,8,manhattan,0.9956,0.9936,0.9977,18,764,7870,0.191163388,1.584741646,0.707735434,295
2026-09-19T00:36:11.934,34,0.0025,0.7,9,manhattan,0.4652,0.6088,0.5075,11,287,682,0.229050155,0.152234866,0.14087971,295
2026-09-19T00:36:12.879,34,0.0025,0.7,10,manhattan,0.2245,0.2666,0.2366,3,148,86,0.799907647,0.044483283,0.098330754,262
2026-09-19T00:36:15.134,34,0.0025,0.75,5,manhattan,0.9607,0.961,0.9629,1,411,8994,0.302398378,1.082827552,0.814177422,295
2026-09-19T00:36:17.98,34,0.0025,0.75,6,manhattan,0.9729,0.9708,0.9756,1,1259,9036,0.394545659,1.635346941,0.814396515,295
2026-09-19T00:36:21.116,34,0.0025,0.75,7,manhattan,0.9955,0.9936,0.9975,1,1461,9013,0.303915752,1.975670779,0.853392013,295
2026-09-19T00:36:23.714,34,0.0025,0.75,8,manhattan,1.0,1.0,1.0,29,764,7241,0.179182173,1.75442323,0.662662759,295
2026-09-19T00:36:24.195,34,0.0025,0.75,9,manhattan,0.4631,0.5488,0.4903,6,287,403,0.235285101,0.110305961,0.133626966,295
2026-09-19T00:36:27.268,34,0.0025,0.8,5,manhattan,0.9376,0.9356,0.943,1,411,8983,0.341794976,1.110240073,0.788142942,295
2026-09-19T00:36:30.626,34,0.0025,0.8,6,manhattan,0.9763,0.9706,0.9834,1,1259,8988,0.38386524,1.78054627,1.191419887,295
2026-09-19T00:36:34.448,34,0.0025,0.8,7,manhattan,0.9936,0.9921,0.9952,1,1461,8962,0.551378531,2.435024392,0.833639413,295
2026-09-19T00:36:37.144,34,0.0025,0.8,8,manhattan,0.9736,0.9732,0.9753,42,764,6191,0.185420403,1.674514041,0.833102542,295
2026-09-19T00:36:37.849,34,0.0025,0.8,9,manhattan,0.431,0.4826,0.4517,5,287,213,0.369555585,0.160179181,0.167273874,295
2026-09-19T00:36:42.37,34,0.003,0.5,5,manhattan,0.9114,0.9047,0.9234,1,411,9683,0.53193407,1.518421905,1.254416156,295
2026-09-19T00:36:46.733,34,0.003,0.5,6,manhattan,0.9833,0.9772,0.9906,1,1259,9678,0.62813606,2.4883887,1.244473331,295
2026-09-19T00:36:50.0,34,0.003,0.5,7,manhattan,0.9918,0.9913,0.9925,1,1461,9669,0.32757409,1.981922069,0.955518854,295
2026-09-19T00:36:53.695,34,0.003,0.5,8,manhattan,0.996,0.9944,0.9976,2,764,8958,0.417418701,2.161204535,1.113755886,295
2026-09-19T00:36:55.635,34,0.003,0.5,9,manhattan,0.8176,0.831,0.8584,42,287,4819,0.397795656,0.916116739,0.624450741,295
2026-09-19T00:36:57.54,34,0.003,0.5,10,manhattan,0.509,0.6102,0.5679,27,148,1847,1.005235978,0.491498932,0.405020394,295
2026-09-19T00:37:00.847,34,0.003,0.55,5,manhattan,0.9535,0.9532,0.9556,1,411,9663,0.646996437,1.483297713,1.174349264,295
2026-09-19T00:37:05.097,34,0.003,0.55,6,manhattan,0.987,0.9821,0.9926,1,1259,9658,0.539858479,2.358713009,1.349588055,295
2026-09-19T00:37:08.861,34,0.003,0.55,7,manhattan,0.9872,0.9821,0.993,1,1461,9650,0.449855049,2.464592774,0.847017873,295
2026-09-19T00:37:12.761,34,0.003,0.55,8,manhattan,0.9901,0.9896,0.991,3,764,8916,0.353224303,2.059831422,1.484983055,295
2026-09-19T00:37:14.529,34,0.003,0.55,9,manhattan,0.8538,0.842,0.8773,48,287,3921,0.335136162,1.023338367,0.407329,295
2026-09-19T00:37:16.488,34,0.003,0.55,10,manhattan,0.5444,0.5594,0.5661,22,148,1324,1.156818876,0.410043734,0.38961451,295
2026-09-19T00:37:20.144,34,0.003,0.6,5,manhattan,0.9794,0.978,0.9812,2,411,9632,0.538237881,1.725653832,1.390367372,295
2026-09-19T00:37:24.616,34,0.003,0.6,6,manhattan,0.9906,0.9889,0.9927,1,1259,9649,0.599820631,2.560790923,1.30848237,295
2026-09-19T00:37:28.897,34,0.003,0.6,7,manhattan,0.9914,0.9911,0.9919,1,1461,9640,0.546024423,2.707178253,1.009973386,295
2026-09-19T00:37:32.541,34,0.003,0.6,8,manhattan,0.9858,0.9825,0.9894,7,764,8720,0.262171507,2.003908196,1.376227222,295
2026-09-19T00:37:34.316,34,0.003,0.6,9,manhattan,0.6944,0.7122,0.7376,41,287,2935,0.537665182,0.689856467,0.544686053,295
2026-09-19T00:37:36.254,34,0.003,0.6,10,manhattan,0.4119,0.4824,0.4931,14,148,856,1.124378337,0.294368649,0.517150123,295
2026-09-19T00:37:39.649,34,0.003,0.65,5,manhattan,0.9351,0.9241,0.9542,2,411,9555,0.395853089,1.645299892,1.350307351,295
2026-09-19T00:37:43.979,34,0.003,0.65,6,manhattan,0.977,0.9716,0.9836,1,1259,9607,0.631644121,2.487935569,1.207849296,295
2026-09-19T00:37:48.834,34,0.003,0.65,7,manhattan,1.0,1.0,1.0,2,1461,9592,0.482715404,3.135213118,1.235451854,295
2026-09-19T00:37:52.134,34,0.003,0.65,8,manhattan,0.9946,0.9944,0.9949,8,764,8602,0.229068453,1.903147871,1.16601279,295
2026-09-19T00:37:53.705,34,0.003,0.65,9,manhattan,0.6137,0.6445,0.6676,30,287,1900,0.381221675,0.81692945,0.370141904,295
2026-09-19T00:37:55.349,34,0.003,0.65,10,manhattan,0.3759,0.4207,0.4439,11,148,630,1.086812211,0.314134589,0.241095134,295
2026-09-19T00:37:58.656,34,0.003,0.7,5,manhattan,0.962,0.958,0.9686,1,411,9202,0.378229253,1.664557108,1.262513073,295
2026-09-19T00:38:03.063,34,0.003,0.7,6,manhattan,0.981,0.9764,0.986,1,1259,9199,0.756202187,2.393950344,1.252837602,295
2026-09-19T00:38:07.466,34,0.003,0.7,7,manhattan,1.0,1.0,1.0,2,1461,9137,0.457459096,2.80505399,1.13204133,295
2026-09-19T00:38:10.578,34,0.003,0.7,8,manhattan,0.9811,0.9797,0.9826,6,764,8423,0.418015286,1.800164915,0.879980546,295
2026-09-19T00:38:11.587,34,0.003,0.7,9,manhattan,0.5313,0.6373,0.6097,18,287,1210,0.391478366,0.375150366,0.239999044,295
2026-09-19T00:38:13.244,34,0.003,0.7,10,manhattan,0.3617,0.439,0.4099,7,148,358,1.229376774,0.201182897,0.223793755,294
2026-09-19T00:38:16.586,34,0.003,0.75,5,manhattan,0.9628,0.9658,0.9606,1,411,9036,0.485019121,1.646285913,1.209516548,295
2026-09-19T00:38:21.023,34,0.003,0.75,6,manhattan,0.9832,0.9769,0.9904,1,1259,9043,0.670079423,2.574402653,1.19011958,295
2026-09-19T00:38:26.093,34,0.003,0.75,7,manhattan,0.9958,0.9976,0.9942,1,1461,9045,0.626927944,3.007934591,1.432569985,295
2026-09-19T00:38:29.836,34,0.003,0.75,8,manhattan,0.9922,0.9922,0.9925,11,764,8241,0.431648806,2.309237048,0.998841374,295
2026-09-19T00:38:30.405,34,0.003,0.75,9,manhattan,0.5285,0.5965,0.5958,10,287,710,0.270144036,0.146962264,0.150163233,295
2026-09-19T00:38:32.044,34,0.003,0.75,10,manhattan,0.2067,0.4062,0.2791,3,148,119,1.131597627,0.094171841,0.411258274,281
2026-09-19T00:38:35.581,34,0.003,0.8,5,manhattan,0.9535,0.9562,0.9511,1,411,8993,0.446346499,1.960671232,1.128137129,295
2026-09-19T00:38:40.446,34,0.003,0.8,6,manhattan,0.9877,0.9858,0.99,1,1259,8992,0.734157254,2.622491775,1.506052375,295
2026-09-19T00:38:45.51,34,0.003,0.8,7,manhattan,0.9907,0.9953,0.9867,1,1461,8986,0.696843884,3.048999349,1.314536218,295
2026-09-19T00:38:49.454,34,0.003,0.8,8,manhattan,0.9905,0.9919,0.9892,20,764,7686,0.413866779,2.430413465,1.096690641,295
2026-09-19T00:38:50.354,34,0.003,0.8,9,manhattan,0.4891,0.5788,0.5211,6,287,393,0.429937483,0.208504925,0.25956824,295
2026-09-19T00:38:51.594,34,0.003,0.8,10,manhattan,0.185,0.3732,0.23,1,148,32,1.124356197,0.059958869,0.053825611,184
2026-09-19T00:40:04.265,35,0.0015,0.5,5,manhattan,0.9347,0.9303,0.9428,3,411,9635,1.644969753,6.915052607,2.911529713,295
2026-09-19T00:40:09.969,35,0.0015,0.5,6,manhattan,0.992,0.9892,0.9951,1,1237,9653,0.684271673,2.344725882,1.253267405,295
2026-09-19T00:40:14.638,35,0.0015,0.5,7,manhattan,0.9914,0.9913,0.9918,7,1462,9454,0.514274964,2.803338896,1.349486367,295
2026-09-19T00:40:18.381,35,0.0015,0.5,8,manhattan,0.9964,0.9951,0.9977,49,779,7082,0.346086727,2.451637344,0.942904598,295
2026-09-19T00:40:19.384,35,0.0015,0.5,9,manhattan,0.4394,0.6159,0.4887,27,309,744,0.401688403,0.390914467,0.202768156,295
2026-09-19T00:40:21.069,35,0.0015,0.5,10,manhattan,0.1544,0.2234,0.1966,4,131,102,1.340111701,0.12909524,0.21415502,231
2026-09-19T00:40:23.793,35,0.0015,0.55,5,manhattan,0.9225,0.9214,0.9253,3,411,9572,0.594439145,1.200990037,0.925976243,295
2026-09-19T00:40:28.14,35,0.0015,0.55,6,manhattan,0.9856,0.9855,0.9858,2,1237,9641,0.657288957,2.446837288,1.240065225,295
2026-09-19T00:40:32.524,35,0.0015,0.55,7,manhattan,0.9814,0.9823,0.981,6,1462,9242,0.437934248,2.599429462,1.343800512,295
2026-09-19T00:40:35.714,35,0.0015,0.55,8,manhattan,0.9877,0.9894,0.9862,53,779,6200,0.368343419,2.037817009,0.781301004,295
2026-09-19T00:40:36.78,35,0.0015,0.55,9,manhattan,0.4284,0.5417,0.4513,12,309,387,0.404224483,0.401965674,0.257795318,295
2026-09-19T00:40:38.129,35,0.0015,0.55,10,manhattan,0.2448,0.2722,0.3012,2,131,42,1.062994216,0.13278908,0.149957061,155
2026-09-19T00:40:41.387,35,0.0015,0.6,5,manhattan,0.9629,0.9588,0.9689,7,411,9488,0.619539078,1.459895344,1.175933475,295
2026-09-19T00:40:45.582,35,0.0015,0.6,6,manhattan,0.9817,0.9769,0.9876,5,1237,9614,0.660887602,2.34447571,1.187591882,295
2026-09-19T00:40:49.311,35,0.0015,0.6,7,manhattan,0.9902,0.9887,0.9919,5,1462,9101,0.297702106,2.247346017,1.181810346,295
2026-09-19T00:40:52.398,35,0.0015,0.6,8,manhattan,0.9569,0.9482,0.9686,59,779,5242,0.395281158,1.909890914,0.77859961,295
2026-09-19T00:40:52.88,35,0.0015,0.6,9,manhattan,0.5385,0.5743,0.5554,6,309,212,0.242046791,0.094781766,0.143750819,295
2026-09-19T00:40:58.366,35,0.0015,0.65,5,manhattan,0.9789,0.9796,0.9793,6,411,9104,0.420950299,1.65683489,1.020445398,295
2026-09-19T00:41:02.387,35,0.0015,0.65,6,manhattan,0.9838,0.9804,0.988,2,1237,9166,0.692894775,2.215715499,1.110187343,295
2026-09-19T00:41:06.563,35,0.0015,0.65,7,manhattan,1.0,1.0,1.0,4,1462,9029,0.511906295,2.515758827,1.14636593,295
2026-09-19T00:41:09.078,35,0.0015,0.65,8,manhattan,0.9404,0.9378,0.9491,64,779,4084,0.356106167,1.736755324,0.418922385,295
2026-09-19T00:41:09.617,35,0.0015,0.65,9,manhattan,0.1345,0.261,0.2521,4,309,90,0.243053345,0.065239783,0.228705627,288
2026-09-19T00:41:13.935,35,0.0015,0.7,5,manhattan,0.9596,0.954,0.966,4,411,8972,0.421389112,1.796853876,1.085895055,295
2026-09-19T00:41:17.749,35,0.0015,0.7,6,manhattan,0.988,0.9904,0.9862,2,1237,9052,0.64817955,1.976637174,1.186428465,295
2026-09-19T00:41:22.034,35,0.0015,0.7,7,manhattan,0.9946,0.9951,0.9942,5,1462,8920,0.555154713,2.60617907,1.121639788,295
2026-09-19T00:41:24.16,35,0.0015,0.7,8,manhattan,0.819,0.8384,0.8238,75,779,2975,0.345883698,1.31576382,0.462249095,295
2026-09-19T00:41:24.928,35,0.0015,0.7,9,manhattan,0.2208,0.3892,0.2628,1,309,18,0.452895592,0.184567501,0.127917784,204
2026-09-19T00:41:29.37,35,0.0015,0.75,5,manhattan,0.9566,0.9538,0.9608,9,411,8912,0.402758024,1.610685402,1.220233494,295
2026-09-19T00:41:33.26,35,0.0015,0.75,6,manhattan,0.9705,0.9678,0.9744,2,1237,8998,0.589426421,2.208069408,1.076789698,295
2026-09-19T00:41:37.06,35,0.0015,0.75,7,manhattan,0.9902,0.988,0.9926,3,1462,8837,0.558099503,2.169085991,1.070624383,295
2026-09-19T00:41:38.624,35,0.0015,0.75,8,manhattan,0.6488,0.7617,0.6662,52,779,1610,0.272834535,1.020786922,0.268038809,295
2026-09-19T00:41:43.867,35,0.0015,0.8,5,manhattan,0.9026,0.8993,0.9168,27,411,8625,0.638418732,1.8651965,1.189026354,295
2026-09-19T00:41:47.895,35,0.0015,0.8,6,manhattan,0.9848,0.9873,0.9826,1,1237,8980,0.614232533,2.253605339,1.157544108,295
2026-09-19T00:41:52.017,35,0.0015,0.8,7,manhattan,0.9715,0.97,0.9749,4,1462,8684,0.479589445,2.457156208,1.183102061,295
2026-09-19T00:41:53.099,35,0.0015,0.8,8,manhattan,0.5642,0.5846,0.5839,22,779,651,0.247709039,0.513934977,0.318051571,295
2026-09-19T00:41:57.955,35,0.002,0.5,5,manhattan,0.9486,0.9438,0.9566,1,411,9662,0.57027753,1.477357776,1.214328058,295
2026-09-19T00:42:01.881,35,0.002,0.5,6,manhattan,0.9873,0.9872,0.9876,1,1237,9657,0.635979941,2.143363772,1.144614728,295
2026-09-19T00:42:05.77,35,0.002,0.5,7,manhattan,0.991,0.9876,0.995,1,1462,9633,0.624355268,2.181469003,1.081373804,295
2026-09-19T00:42:09.32,35,0.002,0.5,8,manhattan,1.0,1.0,1.0,11,779,8663,0.28808607,2.192343999,1.067219826,295
2026-09-19T00:42:10.905,35,0.002,0.5,9,manhattan,0.5845,0.6514,0.6132,52,309,2291,0.358415611,0.754641373,0.468992208,295
2026-09-19T00:42:12.535,35,0.002,0.5,10,manhattan,0.4707,0.4968,0.4654,15,131,535,0.987675977,0.359514844,0.271012584,293
2026-09-19T00:42:15.518,35,0.002,0.55,5,manhattan,0.9511,0.9481,0.9565,2,411,9635,0.269860202,1.508455895,1.202677055,295
2026-09-19T00:42:19.519,35,0.002,0.55,6,manhattan,0.986,0.9844,0.9885,1,1237,9648,0.73580572,2.202282982,1.060191412,295
2026-09-19T00:42:23.933,35,0.002,0.55,7,manhattan,0.9892,0.9909,0.9876,3,1462,9606,0.56425972,2.644688613,1.203160357,295
2026-09-19T00:42:27.581,35,0.002,0.55,8,manhattan,1.0,1.0,1.0,15,779,8238,0.393921836,2.168247406,1.083679128,295
2026-09-19T00:42:28.91,35,0.002,0.55,9,manhattan,0.5317,0.6018,0.5704,33,309,1497,0.478569622,0.532114121,0.316295899,295
2026-09-19T00:42:30.408,35,0.002,0.55,10,manhattan,0.3554,0.4277,0.3987,10,131,323,0.943115728,0.235045266,0.317823469,289
2026-09-19T00:42:33.422,35,0.002,0.6,5,manhattan,0.9579,0.9671,0.9529,2,411,9585,0.364566538,1.600020907,1.04708268,295
2026-09-19T00:42:37.182,35,0.002,0.6,6,manhattan,0.9781,0.9766,0.9803,1,1237,9641,0.378664364,2.182624527,1.197341456,295
2026-09-19T00:42:41.417,35,0.002,0.6,7,manhattan,0.9918,0.9955,0.9885,5,1462,9410,0.355693125,2.650261463,1.226225393,295
2026-09-19T00:42:44.959,35,0.002,0.6,8,manhattan,0.9874,0.9855,0.9895,22,779,7770,0.359347085,2.195555864,0.98465918,295
2026-09-19T00:42:45.932,35,0.002,0.6,9,manhattan,0.5657,0.5986,0.584,18,309,832,0.367259971,0.263399947,0.339792345,295
2026-09-19T00:42:47.392,35,0.002,0.6,10,manhattan,0.2766,0.3048,0.2952,4,131,111,1.050933872,0.117860281,0.289038147,238
2026-09-19T00:42:50.666,35,0.002,0.65,5,manhattan,0.9568,0.9548,0.9596,2,411,9227,0.625288698,1.449959224,1.196838597,295
2026-09-19T00:42:54.757,35,0.002,0.65,6,manhattan,0.9837,0.9801,0.9878,1,1237,9222,0.668832615,2.194445735,1.224806287,295
2026-09-19T00:42:59.003,35,0.002,0.65,7,manhattan,1.0,1.0,1.0,3,1462,9198,0.372642713,2.629054208,1.242623653,295
2026-09-19T00:43:02.362,35,0.002,0.65,8,manhattan,0.9922,0.9896,0.9952,35,779,7202,0.300779595,2.041623433,1.013840362,295
2026-09-19T00:43:03.169,35,0.002,0.65,9,manhattan,0.3732,0.4883,0.4155,14,309,545,0.318977946,0.310014787,0.176561935,295
2026-09-19T00:43:04.214,35,0.002,0.65,10,manhattan,0.1835,0.2197,0.2866,1,131,21,0.871474218,0.124810892,0.034120782,98
2026-09-19T00:43:07.352,35,0.002,0.7,5,manhattan,0.9555,0.9527,0.9599,5,411,9116,0.495594987,1.515324093,1.125918827,295
2026-09-19T00:43:11.457,35,0.002,0.7,6,manhattan,0.9896,0.9869,0.9927,3,1237,9158,0.537349149,2.407747363,1.15670266,295
2026-09-19T00:43:15.605,35,0.002,0.7,7,manhattan,1.0,1.0,1.0,3,1462,9053,0.47844698,2.50401221,1.160233978,295
2026-09-19T00:43:18.941,35,0.002,0.7,8,manhattan,0.9852,0.9805,0.9904,39,779,6249,0.301979609,2.183448027,0.848459538,295
2026-09-19T00:43:19.565,35,0.002,0.7,9,manhattan,0.394,0.4582,0.4561,8,309,309,0.362819806,0.112139926,0.134169074,295
2026-09-19T00:43:24.414,35,0.002,0.75,5,manhattan,0.9673,0.9588,0.9782,1,411,8990,0.586298787,1.873033189,1.170269691,295
2026-09-19T00:43:29.225,35,0.002,0.75,6,manhattan,0.9863,0.988,0.9852,1,1237,9030,0.696174036,2.620676319,1.491623571,295
2026-09-19T00:43:34.586,35,0.002,0.75,7,manhattan,0.992,0.9892,0.9952,1,1462,8985,0.750459553,3.194524279,1.413617068,295
2026-09-19T00:43:37.992,35,0.002,0.75,8,manhattan,0.9666,0.9587,0.9774,40,779,5201,0.375479808,2.31982325,0.707505516,295
2026-09-19T00:43:38.545,35,0.002,0.75,9,manhattan,0.3607,0.4579,0.3888,4,309,159,0.283515512,0.08783744,0.179615679,294
2026-09-19T00:43:43.794,35,0.002,0.8,5,manhattan,0.9656,0.9588,0.974,1,411,8984,0.733721933,1.631509858,1.487379591,295
2026-09-19T00:43:48.01,35,0.002,0.8,6,manhattan,0.9533,0.9533,0.9567,1,1237,8986,0.764277175,2.243385664,1.198903946,295
2026-09-19T00:43:52.381,35,0.002,0.8,7,manhattan,0.9907,0.9892,0.9926,3,1462,8934,0.466424979,2.68786237,1.213812001,295
2026-09-19T00:43:54.818,35,0.002,0.8,8,manhattan,0.956,0.9496,0.9638,47,779,4052,0.361614904,1.519770262,0.552311611,295
2026-09-19T00:43:55.664,35,0.002,0.8,9,manhattan,0.1837,0.1481,0.3122,2,309,45,0.451847762,0.25597602,0.136862227,268
2026-09-19T00:44:00.198,35,0.0025,0.5,5,manhattan,0.9432,0.9375,0.9501,1,411,9666,0.670500706,1.629089017,1.015012161,295
2026-09-19T00:44:04.284,35,0.0025,0.5,6,manhattan,0.979,0.9806,0.9785,1,1237,9661,0.635541198,2.190040492,1.250744736,295
2026-09-19T00:44:08.316,35,0.0025,0.5,7,manhattan,0.9938,0.9936,0.9942,1,1462,9639,0.371092375,2.431148057,1.22001978,295
2026-09-19T00:44:11.4,35,0.0025,0.5,8,manhattan,1.0,1.0,1.0,3,779,8864,0.282324927,1.627196176,1.170770104,295
2026-09-19T00:44:13.09,35,0.0025,0.5,9,manhattan,0.8885,0.8921,0.9017,52,309,3936,0.342456094,0.939345832,0.406031768,295
2026-09-19T00:44:15.009,35,0.0025,0.5,10,manhattan,0.3898,0.4527,0.4371,25,131,1065,1.046366526,0.422218827,0.447933504,295
2026-09-19T00:44:18.342,35,0.0025,0.55,5,manhattan,0.9346,0.933,0.9367,1,411,9654,0.544235506,1.698769173,1.088433718,295
2026-09-19T00:44:22.555,35,0.0025,0.55,6,manhattan,0.978,0.9757,0.9814,1,1237,9652,0.586617403,2.475769905,1.147110229,295
2026-09-19T00:44:26.713,35,0.0025,0.55,7,manhattan,1.0,1.0,1.0,1,1462,9637,0.490560124,2.542222762,1.12206568,295
2026-09-19T00:44:30.392,35,0.0025,0.55,8,manhattan,0.991,0.9876,0.995,3,779,8799,0.363889916,2.172499558,1.139087414,295
2026-09-19T00:44:32.009,35,0.0025,0.55,9,manhattan,0.7433,0.7644,0.7686,47,309,3006,0.259635637,0.943186129,0.411836701,295
2026-09-19T00:44:33.705,35,0.0025,0.55,10,manhattan,0.3395,0.3891,0.3684,14,131,617,1.264621443,0.127421771,0.302584715,295
2026-09-19T00:44:36.861,35,0.0025,0.6,5,manhattan,0.8994,0.9132,0.8887,2,411,9601,0.398766172,1.418875284,1.241237512,295
2026-09-19T00:44:40.529,35,0.0025,0.6,6,manhattan,0.9803,0.9804,0.9803,1,1237,9645,0.651595839,1.918635888,1.094771052,295
2026-09-19T00:44:44.182,35,0.0025,0.6,7,manhattan,0.9865,0.983,0.9903,2,1462,9610,0.553266971,2.204243288,0.893718758,295
2026-09-19T00:44:46.866,35,0.0025,0.6,8,manhattan,0.9936,0.9921,0.9954,9,779,8657,0.204354463,1.696308313,0.780817492,295
2026-09-19T00:44:47.878,35,0.0025,0.6,9,manhattan,0.6929,0.6996,0.7026,40,309,2147,0.279196523,0.473579108,0.252425356,295
2026-09-19T00:44:48.965,35,0.0025,0.6,10,manhattan,0.43,0.5071,0.4571,8,131,367,0.761199056,0.128177804,0.19531825,292
2026-09-19T00:44:51.097,35,0.0025,0.65,5,manhattan,0.954,0.9538,0.9558,1,411,9251,0.2471494,1.047165721,0.836662146,295
2026-09-19T00:44:53.925,35,0.0025,0.65,6,manhattan,0.9898,0.9897,0.9901,1,1237,9253,0.387510889,1.580356237,0.857749764,295
2026-09-19T00:44:56.926,35,0.0025,0.65,7,manhattan,0.9955,0.9936,0.9975,1,1462,9249,0.304526235,1.848995542,0.846265961,295
2026-09-19T00:44:59.584,35,0.0025,0.65,8,manhattan,0.9976,0.9976,0.9977,14,779,8418,0.225903592,1.651977773,0.7782738,295
2026-09-19T00:45:00.366,35,0.0025,0.65,9,manhattan,0.6558,0.662,0.6657,24,309,1294,0.224419184,0.378281424,0.177282419,295
2026-09-19T00:45:01.376,35,0.0025,0.65,10,manhattan,0.309,0.4159,0.3157,5,131,223,0.725736832,0.114430372,0.167564904,289
2026-09-19T00:45:03.67,35,0.0025,0.7,5,manhattan,0.9661,0.9651,0.9679,1,411,9210,0.306967609,1.089128919,0.896194634,295
2026-09-19T00:45:06.716,35,0.0025,0.7,6,manhattan,0.9894,0.9903,0.9886,1,1237,9200,0.447537783,1.651554884,0.944504943,295
2026-09-19T00:45:09.713,35,0.0025,0.7,7,manhattan,0.9802,0.9801,0.9809,2,1462,9183,0.310125765,1.846332561,0.838897908,295
2026-09-19T00:45:12.254,35,0.0025,0.7,8,manhattan,0.9955,0.9936,0.9976,23,779,7876,0.186625585,1.646250084,0.70661434,295
2026-09-19T00:45:12.934,35,0.0025,0.7,9,manhattan,0.2273,0.5259,0.2776,17,309,806,0.240473894,0.279878035,0.158047133,295
2026-09-19T00:45:13.787,35,0.0025,0.7,10,manhattan,0.2018,0.2649,0.2516,2,131,58,0.73917319,0.036924283,0.075077914,199
2026-09-19T00:45:15.897,35,0.0025,0.75,5,manhattan,0.934,0.93,0.9386,1,411,9023,0.27167894,1.050791116,0.785222945,295
2026-09-19T00:45:18.716,35,0.0025,0.75,6,manhattan,0.9923,0.9896,0.9953,1,1237,9045,0.433400287,1.55549125,0.828433928,295
2026-09-19T00:45:21.801,35,0.0025,0.75,7,manhattan,0.9876,0.9889,0.9867,2,1462,9032,0.292221376,1.857490624,0.933110955,295
2026-09-19T00:45:24.221,35,0.0025,0.75,8,manhattan,0.9919,0.9892,0.995,28,779,7173,0.190808803,1.573952274,0.654246248,295
2026-09-19T00:45:24.724,35,0.0025,0.75,9,manhattan,0.4919,0.5687,0.4955,10,309,475,0.229874352,0.128375944,0.137378704,295
2026-09-19T00:45:27.823,35,0.0025,0.8,5,manhattan,0.9652,0.9622,0.9712,1,411,8989,0.380520119,1.16750544,0.790649059,295
2026-09-19T00:45:30.671,35,0.0025,0.8,6,manhattan,0.992,0.9892,0.9951,1,1237,9011,0.388656287,1.607291602,0.850403502,295
2026-09-19T00:45:33.578,35,0.0025,0.8,7,manhattan,0.9892,0.9892,0.9892,1,1462,8977,0.295656034,1.784659157,0.824559758,295
2026-09-19T00:45:35.754,35,0.0025,0.8,8,manhattan,0.9868,0.9882,0.9862,38,779,6183,0.186021667,1.365690677,0.622297253,295
2026-09-19T00:45:36.317,35,0.0025,0.8,9,manhattan,0.2772,0.4182,0.3021,7,309,288,0.297605376,0.11584445,0.140314974,295
2026-09-19T00:45:39.794,35,0.003,0.5,5,manhattan,0.9214,0.9095,0.9407,1,411,9671,0.389245817,1.143424632,0.961398868,295
2026-09-19T00:45:42.852,35,0.003,0.5,6,manhattan,0.977,0.9726,0.982,1,1237,9666,0.559607657,1.611236939,0.884954227,295
2026-09-19T00:45:46.038,35,0.003,0.5,7,manhattan,0.9912,0.9876,0.9952,1,1462,9650,0.333092604,1.979046072,0.872862874,295
2026-09-19T00:45:49.096,35,0.003,0.5,8,manhattan,0.9959,0.9977,0.9942,4,779,9072,0.213610467,1.641647679,1.19480342,295
2026-09-19T00:45:51.636,35,0.003,0.5,9,manhattan,0.9659,0.9658,0.9668,41,309,5346,0.458965643,1.247980345,0.830008291,295
2026-09-19T00:45:53.057,35,0.003,0.5,10,manhattan,0.4735,0.5841,0.5558,32,131,1816,0.794057177,0.399029333,0.226327878,295
2026-09-19T00:45:56.168,35,0.003,0.55,5,manhattan,0.9464,0.94,0.9547,1,411,9659,0.271779023,1.68330965,1.154213583,295
2026-09-19T00:46:00.635,35,0.003,0.55,6,manhattan,0.9914,0.9913,0.9918,1,1237,9657,0.693721418,2.385796855,1.384682984,295
2026-09-19T00:46:05.291,35,0.003,0.55,7,manhattan,0.9876,0.9872,0.9884,1,1462,9642,0.460638623,2.701393922,1.484198317,295
2026-09-19T00:46:08.484,35,0.003,0.55,8,manhattan,0.988,0.9903,0.9862,2,779,8939,0.259270996,2.064275706,0.867926767,295
2026-09-19T00:46:09.983,35,0.003,0.55,9,manhattan,0.9103,0.9005,0.9264,46,309,4590,0.244369366,0.756098752,0.496390061,295
2026-09-19T00:46:11.865,35,0.003,0.55,10,manhattan,0.4402,0.5235,0.4765,27,131,1313,1.126040771,0.353591668,0.400402555,295
2026-09-19T00:46:15.372,35,0.003,0.6,5,manhattan,0.9492,0.9426,0.9616,1,411,9655,0.514227262,1.61284811,1.377888608,295
2026-09-19T00:46:19.886,35,0.003,0.6,6,manhattan,0.9803,0.9801,0.981,1,1237,9650,0.496330696,2.515695969,1.498551553,295
2026-09-19T00:46:24.502,35,0.003,0.6,7,manhattan,0.9922,0.9953,0.9892,1,1462,9636,0.563274049,2.819816356,1.229715994,295
2026-09-19T00:46:28.338,35,0.003,0.6,8,manhattan,0.9901,0.9887,0.9918,1,779,8823,0.472704136,2.008348708,1.352708776,295
2026-09-19T00:46:30.416,35,0.003,0.6,9,manhattan,0.8541,0.857,0.867,43,309,3513,0.399133117,1.045759605,0.630054252,295
2026-09-19T00:46:31.71,35,0.003,0.6,10,manhattan,0.3069,0.3762,0.3638,14,131,693,0.913709028,0.156331271,0.221469435,295
2026-09-19T00:46:34.819,35,0.003,0.65,5,manhattan,0.9616,0.9675,0.9589,1,411,9256,0.261916935,1.492711279,1.352121411,295
2026-09-19T00:46:39.146,35,0.003,0.65,6,manhattan,0.9802,0.9742,0.9877,1,1237,9258,0.688852428,2.300081544,1.33525221,295
2026-09-19T00:46:43.543,35,0.003,0.65,7,manhattan,0.9882,0.9897,0.9869,1,1462,9254,0.473125698,2.765203633,1.156457098,295
2026-09-19T00:46:46.982,35,0.003,0.65,8,manhattan,0.9921,0.9892,0.9953,3,779,8792,0.274307,2.023233647,1.13898768,295
2026-09-19T00:46:48.509,35,0.003,0.65,9,manhattan,0.8097,0.8157,0.8222,39,309,2581,0.358960793,0.704700618,0.444878364,295
2026-09-19T00:46:50.303,35,0.003,0.65,10,manhattan,0.4369,0.4761,0.4714,8,131,425,1.249812005,0.31928462,0.222052191,295
2026-09-19T00:46:53.01,35,0.003,0.7,5,manhattan,0.945,0.943,0.9498,1,411,9215,0.595391013,1.202795366,0.906733065,295
2026-09-19T00:46:57.626,35,0.003,0.7,6,manhattan,0.9582,0.956,0.9617,1,1237,9214,0.649137493,2.49216614,1.472077142,295
2026-09-19T00:47:02.111,35,0.003,0.7,7,manhattan,0.9876,0.9856,0.99,1,1462,9212,0.585681668,2.697777677,1.199472035,295
2026-09-19T00:47:06.32,35,0.003,0.7,8,manhattan,0.9858,0.9821,0.9901,5,779,8624,0.446274493,2.416496668,1.344078899,295
2026-09-19T00:47:07.56,35,0.003,0.7,9,manhattan,0.6293,0.7042,0.6895,25,309,1629,0.337868495,0.562138568,0.33791941,295
2026-09-19T00:47:09.151,35,0.003,0.7,10,manhattan,0.215,0.2748,0.2789,4,131,264,1.111025229,0.173179868,0.304866642,290
2026-09-19T00:47:12.621,35,0.003,0.75,5,manhattan,0.9596,0.9609,0.9634,1,411,9050,0.655772981,1.521247058,1.287962911,295
2026-09-19T00:47:16.112,35,0.003,0.75,6,manhattan,0.9815,0.9772,0.987,1,1237,9053,0.46139731,1.765175167,1.261960558,295
2026-09-19T00:47:20.777,35,0.003,0.75,7,manhattan,1.0,1.0,1.0,1,1462,9056,0.51022207,2.88485325,1.266792811,295
2026-09-19T00:47:24.998,35,0.003,0.75,8,manhattan,0.996,0.9944,0.9977,17,779,8425,0.330851115,2.5651815,1.323140184,295
2026-09-19T00:47:25.979,35,0.003,0.75,9,manhattan,0.571,0.6107,0.5831,16,309,971,0.37497269,0.250922929,0.352910646,295
2026-09-19T00:47:27.351,35,0.003,0.75,10,manhattan,0.2739,0.2959,0.28,1,131,86,1.135543454,0.043250723,0.170549155,235
2026-09-19T00:47:30.876,35,0.003,0.8,5,manhattan,0.9781,0.9827,0.975,1,411,9017,0.498113955,1.712274814,1.3123784,295
2026-09-19T00:47:34.869,35,0.003,0.8,6,manhattan,0.9748,0.9716,0.9793,1,1237,9017,0.729143274,2.353331244,0.907226981,295
2026-09-19T00:47:39.183,35,0.003,0.8,7,manhattan,1.0,1.0,1.0,1,1462,8999,0.370953108,2.556050417,1.385122762,295
2026-09-19T00:47:42.975,35,0.003,0.8,8,manhattan,0.9921,0.9892,0.9954,22,779,7696,0.296450826,2.367397757,1.110293211,295
2026-09-19T00:47:43.745,35,0.003,0.8,9,manhattan,0.6176,0.6421,0.636,9,309,537,0.421772467,0.13368647,0.21250313,295
2026-09-19T00:49:00.493,36,0.0015,0.5,5,manhattan,0.9144,0.9033,0.9319,4,410,9586,1.645732683,7.399071528,3.004674508,295
2026-09-19T00:49:06.012,36,0.0015,0.5,6,manhattan,0.9766,0.969,0.9858,1,1250,9645,0.41409348,2.267874533,1.396099936,295
2026-09-19T00:49:10.631,36,0.0015,0.5,7,manhattan,1.0,1.0,1.0,6,1428,9237,0.60336221,2.750139736,1.261649751,295
2026-09-19T00:49:14.373,36,0.0015,0.5,8,manhattan,0.9936,0.9921,0.9954,45,767,6789,0.404296415,2.512070411,0.822637507,295
2026-09-19T00:49:15.244,36,0.0015,0.5,9,manhattan,0.3016,0.3992,0.3371,7,292,301,0.433539687,0.106026851,0.328067656,295
2026-09-19T00:49:16.756,36,0.0015,0.5,10,manhattan,0.2162,0.1978,0.2737,3,140,53,1.180602777,0.147053615,0.182376016,197
2026-09-19T00:49:20.672,36,0.0015,0.55,5,manhattan,0.9705,0.966,0.9756,2,410,9515,0.566490726,1.756702835,1.578456048,295
2026-09-19T00:49:25.119,36,0.0015,0.55,6,manhattan,0.9745,0.9663,0.9852,3,1250,9624,0.657766176,2.604793881,1.183220431,295
2026-09-19T00:49:29.266,36,0.0015,0.55,7,manhattan,0.9871,0.9821,0.9928,3,1428,9028,0.592288165,2.702150836,0.849623715,295
2026-09-19T00:49:32.235,36,0.0015,0.55,8,manhattan,0.9755,0.9674,0.9858,49,767,5990,0.215080835,1.956874567,0.794245602,295
2026-09-19T00:49:33.104,36,0.0015,0.55,9,manhattan,0.2609,0.3751,0.2911,7,292,163,0.439345388,0.214332065,0.212771251,294
2026-09-19T00:49:39.335,36,0.0015,0.6,5,manhattan,0.941,0.9449,0.9453,5,410,9348,0.677756936,1.867793743,1.202283278,295
2026-09-19T00:49:43.919,36,0.0015,0.6,6,manhattan,0.9807,0.9746,0.9878,7,1250,9410,0.853851351,2.601316341,1.126495217,295
2026-09-19T00:49:48.553,36,0.0015,0.6,7,manhattan,0.9829,0.9769,0.99,1,1428,8988,0.561003013,2.90257749,1.167735486,295
2026-09-19T00:49:51.275,36,0.0015,0.6,8,manhattan,0.922,0.9137,0.9377,72,767,4880,0.31870249,1.661349698,0.738767894,295
2026-09-19T00:49:51.93,36,0.0015,0.6,9,manhattan,0.2292,0.264,0.2729,4,292,82,0.313958865,0.071231052,0.267221662,270
2026-09-19T00:49:56.038,36,0.0015,0.65,5,manhattan,0.9312,0.9262,0.9382,2,410,9015,0.304806365,1.462999707,1.230848739,295
2026-09-19T00:50:00.338,36,0.0015,0.65,6,manhattan,0.9922,0.9953,0.9892,3,1250,9108,0.69057876,2.494846346,1.111384972,295
2026-09-19T00:50:05.028,36,0.0015,0.65,7,manhattan,0.9922,0.9922,0.9925,3,1428,8937,0.563915187,2.912843191,1.210636373,295
2026-09-19T00:50:07.302,36,0.0015,0.65,8,manhattan,0.8754,0.8847,0.8872,75,767,3659,0.344933922,1.52872321,0.398242427,295
2026-09-19T00:50:08.14,36,0.0015,0.65,9,manhattan,0.2669,0.3262,0.3283,3,292,52,0.421598561,0.205855072,0.208893311,242
2026-09-19T00:50:13.072,36,0.0015,0.7,5,manhattan,0.967,0.9601,0.9762,3,410,8970,0.718549103,1.763662595,1.194215555,295
2026-09-19T00:50:17.255,36,0.0015,0.7,6,manhattan,0.9852,0.9906,0.98,3,1250,9025,0.542925976,2.401751321,1.236357475,295
2026-09-19T00:50:21.246,36,0.0015,0.7,7,manhattan,0.9856,0.9829,0.9885,2,1428,8881,0.502274819,2.192364372,1.292603717,295
2026-09-19T00:50:23.175,36,0.0015,0.7,8,manhattan,0.7108,0.7338,0.7637,62,767,2243,0.297869513,1.147264358,0.481006731,295
2026-09-19T00:50:23.878,36,0.0015,0.7,9,manhattan,0.3273,0.3848,0.3491,1,292,16,0.293453375,0.217782299,0.188803865,166
2026-09-19T00:50:28.868,36,0.0015,0.75,5,manhattan,0.9389,0.9325,0.9512,9,410,8882,0.612276061,1.874656912,1.320658638,295
2026-09-19T00:50:33.184,36,0.0015,0.75,6,manhattan,0.9887,0.9854,0.9926,1,1250,8980,0.553389956,2.488973947,1.270759997,295
2026-09-19T00:50:37.715,36,0.0015,0.75,7,manhattan,0.9877,0.9831,0.9927,3,1428,8819,0.51144848,2.781108298,1.235767595,295
2026-09-19T00:50:38.889,36,0.0015,0.75,8,manhattan,0.6828,0.7008,0.6999,37,767,1134,0.259450835,0.727180725,0.185643475,295
2026-09-19T00:50:44.013,36,0.0015,0.8,5,manhattan,0.9218,0.9121,0.9379,28,410,8520,0.65560745,1.983089098,0.835836613,295
2026-09-19T00:50:48.29,36,0.0015,0.8,6,manhattan,0.9685,0.9612,0.9771,1,1250,8958,0.429992584,2.430263283,1.415367348,295
2026-09-19T00:50:52.677,36,0.0015,0.8,7,manhattan,0.9955,0.9936,0.9976,8,1428,8651,0.456422506,2.737326781,1.190219372,295
2026-09-19T00:50:53.585,36,0.0015,0.8,8,manhattan,0.6128,0.6762,0.6228,16,767,444,0.265121463,0.355368848,0.282978779,295
2026-09-19T00:50:59.021,36,0.002,0.5,5,manhattan,0.9123,0.9088,0.9187,3,410,9628,0.657275331,1.657781783,1.233461853,295
2026-09-19T00:51:03.952,36,0.002,0.5,6,manhattan,0.9706,0.9635,0.9788,1,1250,9649,0.810951652,2.752822202,1.364477519,295
2026-09-19T00:51:08.739,36,0.002,0.5,7,manhattan,0.9865,0.9841,0.9894,4,1428,9607,0.636804482,2.922599189,1.223771365,295
2026-09-19T00:51:12.67,36,0.002,0.5,8,manhattan,0.9955,0.9936,0.9975,11,767,8466,0.477840054,2.283885034,1.165913535,295
2026-09-19T00:51:14.135,36,0.002,0.5,9,manhattan,0.6332,0.6567,0.6645,39,292,1616,0.485587765,0.525386229,0.435652667,295
2026-09-19T00:51:15.578,36,0.002,0.5,10,manhattan,0.3366,0.4646,0.3691,10,140,351,0.99820504,0.177080856,0.264527812,290
2026-09-19T00:51:19.059,36,0.002,0.55,5,manhattan,0.9365,0.9356,0.9454,2,410,9550,0.535730641,1.654494769,1.287323152,295
2026-09-19T00:51:23.741,36,0.002,0.55,6,manhattan,0.9741,0.9681,0.9812,1,1250,9639,0.625404139,2.732495156,1.320364606,295
2026-09-19T00:51:28.408,36,0.002,0.55,7,manhattan,0.988,0.9844,0.9926,6,1428,9463,0.499244822,2.983395175,1.181507432,295
2026-09-19T00:51:32.426,36,0.002,0.55,8,manhattan,0.9882,0.9844,0.9929,17,767,8028,0.383298334,2.510403228,1.121093687,295
2026-09-19T00:51:33.145,36,0.002,0.55,9,manhattan,0.5496,0.6632,0.6056,17,292,785,0.358901704,0.177587415,0.178019314,295
2026-09-19T00:51:34.753,36,0.002,0.55,10,manhattan,0.2524,0.377,0.3241,3,140,128,1.224092636,0.084179359,0.297716979,241
2026-09-19T00:51:38.234,36,0.002,0.6,5,manhattan,0.9184,0.9188,0.919,2,410,9505,0.477025634,1.803062405,1.196523182,295
2026-09-19T00:51:42.915,36,0.002,0.6,6,manhattan,0.9787,0.9773,0.9811,2,1250,9610,0.772852358,2.440646666,1.46512505,295
2026-09-19T00:51:47.49,36,0.002,0.6,7,manhattan,0.9874,0.9854,0.9896,3,1428,9179,0.4357436,2.858654894,1.276682055,295
2026-09-19T00:51:50.962,36,0.002,0.6,8,manhattan,0.9801,0.9754,0.9853,31,767,7469,0.379863746,2.338716429,0.751648315,295
2026-09-19T00:51:51.732,36,0.002,0.6,9,manhattan,0.5134,0.5786,0.5152,11,292,509,0.340716762,0.186842511,0.239966146,295
2026-09-19T00:51:53.391,36,0.002,0.6,10,manhattan,0.2233,0.2553,0.2446,2,140,99,1.356193217,0.078552731,0.22295887,217
2026-09-19T00:51:56.952,36,0.002,0.65,5,manhattan,0.9694,0.9676,0.9715,4,410,9130,0.596744043,1.509237544,1.452043066,295
2026-09-19T00:52:01.408,36,0.002,0.65,6,manhattan,0.9786,0.9788,0.9787,2,1250,9166,0.690099508,2.535544717,1.227455707,295
2026-09-19T00:52:06.189,36,0.002,0.65,7,manhattan,0.9946,0.9951,0.9942,1,1428,8999,0.446314438,3.082065148,1.23953784,295
2026-09-19T00:52:09.594,36,0.002,0.65,8,manhattan,0.9807,0.9745,0.988,28,767,6583,0.400089941,1.986698011,1.00836102,295
2026-09-19T00:52:10.364,36,0.002,0.65,9,manhattan,0.4073,0.4823,0.4538,7,292,288,0.401945765,0.157050985,0.208438574,295
2026-09-19T00:52:11.799,36,0.002,0.65,10,manhattan,0.1946,0.415,0.2322,1,140,20,1.341279925,0.046446942,0.045372013,132
2026-09-19T00:52:15.163,36,0.002,0.7,5,manhattan,0.975,0.9686,0.9833,1,410,9019,0.644827298,1.586326958,1.130889146,295
2026-09-19T00:52:19.879,36,0.002,0.7,6,manhattan,0.9796,0.9765,0.9834,1,1250,9095,0.688701285,2.67754538,1.347143246,295
2026-09-19T00:52:24.66,36,0.002,0.7,7,manhattan,0.9868,0.987,0.9874,1,1428,8980,0.44112327,3.01772604,1.320325634,295
2026-09-19T00:52:27.184,36,0.002,0.7,8,manhattan,0.9854,0.9826,0.9887,44,767,5966,0.212653359,1.524610463,0.784096955,295
2026-09-19T00:52:28.049,36,0.002,0.7,9,manhattan,0.3632,0.4594,0.3846,3,292,155,0.359483272,0.214247138,0.28877596,295
2026-09-19T00:52:32.968,36,0.002,0.75,5,manhattan,0.9473,0.9382,0.9597,1,410,8993,0.644558828,1.806589952,1.228337523,295
2026-09-19T00:52:37.34,36,0.002,0.75,6,manhattan,0.9748,0.9666,0.9853,1,1250,9004,0.811461704,2.39399055,1.164303761,295
2026-09-19T00:52:42.087,36,0.002,0.75,7,manhattan,0.9756,0.9674,0.9854,1,1428,8917,0.621932326,2.790456563,1.32259017,295
2026-09-19T00:52:45.084,36,0.002,0.75,8,manhattan,0.9661,0.9644,0.9679,64,767,4840,0.392032623,1.927143942,0.67486704,295
2026-09-19T00:52:46.131,36,0.002,0.75,9,manhattan,0.3258,0.3686,0.3372,3,292,70,0.492037963,0.210695706,0.341526013,268
2026-09-19T00:52:50.564,36,0.002,0.8,5,manhattan,0.9564,0.9508,0.9632,1,410,8973,0.506999446,1.398490675,1.111965004,295
2026-09-19T00:52:54.73,36,0.002,0.8,6,manhattan,0.9859,0.9863,0.9861,1,1250,8972,0.691573649,2.446438469,1.024911603,295
2026-09-19T00:52:58.933,36,0.002,0.8,7,manhattan,0.996,0.9944,0.9977,1,1428,8854,0.476768897,2.791493357,0.930598474,295
2026-09-19T00:53:00.686,36,0.002,0.8,8,manhattan,0.9232,0.9203,0.9334,51,767,3412,0.183389345,1.137723959,0.430334248,295
2026-09-19T00:53:06.174,36,0.0025,0.5,5,manhattan,0.944,0.9426,0.9467,2,410,9649,0.592297454,1.730662488,1.412050583,295
2026-09-19T00:53:10.812,36,0.0025,0.5,6,manhattan,0.9514,0.9481,0.9555,1,1250,9653,0.709755029,2.691713256,1.234597333,295
2026-09-19T00:53:15.443,36,0.0025,0.5,7,manhattan,0.991,0.9876,0.995,1,1428,9636,0.518788038,2.827108465,1.282329915,295
2026-09-19T00:53:19.042,36,0.0025,0.5,8,manhattan,0.9869,0.9822,0.9927,7,767,8862,0.300218068,2.162876376,1.134793487,295
2026-09-19T00:53:20.859,36,0.0025,0.5,9,manhattan,0.6388,0.7222,0.6815,56,292,3463,0.446929391,0.871642527,0.495592887,295
2026-09-19T00:53:22.679,36,0.0025,0.5,10,manhattan,0.3822,0.4182,0.4421,14,140,746,1.291687747,0.230279779,0.294628177,295
2026-09-19T00:53:26.138,36,0.0025,0.55,5,manhattan,0.9632,0.9581,0.9695,3,410,9623,0.499566231,1.716378465,1.24150604,295
2026-09-19T00:53:30.293,36,0.0025,0.55,6,manhattan,0.9681,0.9663,0.9713,1,1250,9643,0.55828793,2.285346604,1.30864411,295
2026-09-19T00:53:34.419,36,0.0025,0.55,7,manhattan,0.9921,0.992,0.9925,2,1428,9620,0.571156408,2.283999364,1.266388487,295
2026-09-19T00:53:38.023,36,0.0025,0.55,8,manhattan,0.9796,0.972,0.9884,5,767,8607,0.351262177,2.086044606,1.164636137,295
2026-09-19T00:53:39.409,36,0.0025,0.55,9,manhattan,0.6598,0.7384,0.7077,46,292,2352,0.421375488,0.687499245,0.274878928,295
2026-09-19T00:53:40.936,36,0.0025,0.55,10,manhattan,0.287,0.5322,0.38,9,140,451,1.191613964,0.138201922,0.195338431,293
2026-09-19T00:53:44.399,36,0.0025,0.6,5,manhattan,0.9445,0.9395,0.9537,2,410,9528,0.512216456,1.659123714,1.290003174,295
2026-09-19T00:53:48.723,36,0.0025,0.6,6,manhattan,0.9779,0.9766,0.9799,1,1250,9634,0.688906269,2.470797805,1.161595942,295
2026-09-19T00:53:53.439,36,0.0025,0.6,7,manhattan,0.9959,0.9977,0.9942,4,1428,9377,0.60639514,2.904594997,1.20083819,295
2026-09-19T00:53:57.239,36,0.0025,0.6,8,manhattan,0.9959,0.9944,0.9975,8,767,8424,0.327007044,2.319508452,1.149186461,295
2026-09-19T00:53:58.692,36,0.0025,0.6,9,manhattan,0.6242,0.6565,0.6604,24,292,1374,0.417717128,0.739358333,0.2939526,295
2026-09-19T00:54:00.155,36,0.0025,0.6,10,manhattan,0.2705,0.3973,0.305,6,140,267,1.237651007,0.086519953,0.137370251,291
2026-09-19T00:54:03.504,36,0.0025,0.65,5,manhattan,0.9635,0.9553,0.9742,1,410,9197,0.435516546,1.580284914,1.331005214,295
2026-09-19T00:54:07.379,36,0.0025,0.65,6,manhattan,0.9672,0.965,0.9704,1,1250,9195,0.606453039,2.020372226,1.246159499,295
2026-09-19T00:54:12.242,36,0.0025,0.65,7,manhattan,0.9914,0.9913,0.9918,2,1428,9109,0.533771591,2.961002642,1.365128091,295
2026-09-19T00:54:15.93,36,0.0025,0.65,8,manhattan,0.9875,0.9828,0.9927,13,767,8066,0.394329147,2.356210919,0.934862917,295
2026-09-19T00:54:16.804,36,0.0025,0.65,9,manhattan,0.5546,0.5707,0.5971,13,292,781,0.438394219,0.25025224,0.182364283,295
2026-09-19T00:54:18.558,36,0.0025,0.65,10,manhattan,0.3047,0.3557,0.3155,3,140,145,1.256314571,0.313436311,0.181717552,241
2026-09-19T00:54:21.926,36,0.0025,0.7,5,manhattan,0.9532,0.9518,0.9591,1,410,9058,0.571231837,1.681441518,1.113217958,295
2026-09-19T00:54:26.304,36,0.0025,0.7,6,manhattan,0.9782,0.9766,0.9805,1,1250,9104,0.731266654,2.392897743,1.242308447,295
2026-09-19T00:54:30.535,36,0.0025,0.7,7,manhattan,0.9917,0.9926,0.991,2,1428,9029,0.454922175,2.631042356,1.142613414,295
2026-09-19T00:54:34.384,36,0.0025,0.7,8,manhattan,0.996,0.9944,0.9977,22,767,7480,0.402210114,2.405773693,1.032736279,295
2026-09-19T00:54:35.236,36,0.0025,0.7,9,manhattan,0.5218,0.5656,0.5621,8,292,509,0.393054542,0.219897304,0.236649869,295
2026-09-19T00:54:36.831,36,0.0025,0.7,10,manhattan,0.2423,0.2902,0.2507,2,140,105,1.337660606,0.048499998,0.205467523,220
2026-09-19T00:54:39.806,36,0.0025,0.75,5,manhattan,0.9432,0.9454,0.945,1,410,8998,0.62312326,1.183354387,1.166624659,295
2026-09-19T00:54:43.528,36,0.0025,0.75,6,manhattan,0.9728,0.9667,0.9796,1,1250,9011,0.662734061,2.10601553,0.950511639,295
2026-09-19T00:54:46.717,36,0.0025,0.75,7,manhattan,0.9813,0.9794,0.9838,1,1428,8976,0.314618656,2.018886421,0.853217961,295
2026-09-19T00:54:49.021,36,0.0025,0.75,8,manhattan,0.9761,0.975,0.979,24,767,6824,0.188010259,1.471481241,0.64319301,295
2026-09-19T00:54:49.524,36,0.0025,0.75,9,manhattan,0.4352,0.5162,0.4717,6,292,291,0.258811856,0.100056812,0.141680789,295
2026-09-19T00:54:50.535,36,0.0025,0.75,10,manhattan,0.2246,0.295,0.2671,1,140,40,0.907470161,0.032617237,0.06934778,199
2026-09-19T00:54:52.778,36,0.0025,0.8,5,manhattan,0.9704,0.9659,0.9756,1,410,8977,0.326221678,1.073630484,0.841104188,295
2026-09-19T00:54:55.781,36,0.0025,0.8,6,manhattan,0.9771,0.9696,0.9858,1,1250,8976,0.407237993,1.684397064,0.909759491,295
2026-09-19T00:54:58.956,36,0.0025,0.8,7,manhattan,0.9912,0.9876,0.9952,1,1428,8907,0.296603359,2.009695789,0.866567995,295
2026-09-19T00:55:01.056,36,0.0025,0.8,8,manhattan,0.9876,0.9828,0.9929,31,767,5963,0.187262118,1.309309908,0.601152778,295
2026-09-19T00:55:01.637,36,0.0025,0.8,9,manhattan,0.3262,0.4417,0.3759,2,292,141,0.26257414,0.116951853,0.199110423,294
2026-09-19T00:55:02.676,36,0.0025,0.8,10,manhattan,0.1664,0.1674,0.2066,1,140,24,0.94360391,0.038758247,0.05374208,154
2026-09-19T00:55:05.096,36,0.003,0.5,5,manhattan,0.959,0.9598,0.9583,1,410,9658,0.386450833,1.142666841,0.889014585,295
2026-09-19T00:55:08.201,36,0.003,0.5,6,manhattan,0.9894,0.9863,0.9929,1,1250,9657,0.408623296,1.787439104,0.90716705,295
2026-09-19T00:55:11.406,36,0.003,0.5,7,manhattan,0.9874,0.9854,0.9896,1,1428,9655,0.332571305,1.979281977,0.891541026,295
2026-09-19T00:55:13.978,36,0.003,0.5,8,manhattan,0.9955,0.9936,0.9975,1,767,8986,0.224122846,1.514718205,0.831262913,295
2026-09-19T00:55:15.42,36,0.003,0.5,9,manhattan,0.8624,0.8619,0.8865,45,292,4684,0.257131055,0.74575608,0.437594047,295
2026-09-19T00:55:16.798,36,0.003,0.5,10,manhattan,0.3384,0.6383,0.3801,25,140,1436,0.839631095,0.258269189,0.278045116,295
2026-09-19T00:55:19.056,36,0.003,0.55,5,manhattan,0.9477,0.9455,0.9529,3,410,9645,0.271066359,1.139565257,0.845594638,295
2026-09-19T00:55:22.169,36,0.003,0.55,6,manhattan,0.9728,0.9676,0.9796,1,1250,9647,0.415514892,1.796897579,0.898946165,295
2026-09-19T00:55:25.37,36,0.003,0.55,7,manhattan,0.9888,0.9853,0.9929,1,1428,9636,0.330528376,2.001610815,0.866235968,295
2026-09-19T00:55:27.996,36,0.003,0.55,8,manhattan,0.9959,0.9944,0.9975,3,767,8939,0.228251726,1.553072559,0.843229949,295
2026-09-19T00:55:29.254,36,0.003,0.55,9,manhattan,0.7107,0.7456,0.7792,47,292,3895,0.251616451,0.610611882,0.386675443,295
2026-09-19T00:55:30.471,36,0.003,0.55,10,manhattan,0.4222,0.5116,0.4669,14,140,832,0.872630503,0.133600914,0.208667234,295
2026-09-19T00:55:32.725,36,0.003,0.6,5,manhattan,0.9514,0.9466,0.9582,2,410,9542,0.330163594,1.079471874,0.842855669,295
2026-09-19T00:55:35.799,36,0.003,0.6,6,manhattan,0.9786,0.9744,0.9834,1,1250,9638,0.417051191,1.748336679,0.90688105,295
2026-09-19T00:55:39.083,36,0.003,0.6,7,manhattan,0.9964,0.9951,0.9977,5,1428,9581,0.324560852,2.029753527,0.926951847,295
2026-09-19T00:55:41.723,36,0.003,0.6,8,manhattan,0.9956,0.9936,0.9977,7,767,8743,0.224984059,1.564887969,0.84774617,295
2026-09-19T00:55:43.14,36,0.003,0.6,9,manhattan,0.785,0.8051,0.786,44,292,2795,0.376359387,0.753885752,0.284817981,295
2026-09-19T00:55:44.288,36,0.003,0.6,10,manhattan,0.3771,0.4846,0.4319,11,140,593,0.77140734,0.176533578,0.198770994,294
2026-09-19T00:55:46.63,36,0.003,0.65,5,manhattan,0.9653,0.9582,0.9745,1,410,9202,0.348812841,1.122095771,0.868646613,295
2026-09-19T00:55:49.805,36,0.003,0.65,6,manhattan,0.9839,0.9807,0.9878,1,1250,9199,0.40807169,1.727041214,1.038558183,295
2026-09-19T00:55:54.424,36,0.003,0.65,7,manhattan,1.0,1.0,1.0,1,1428,9200,0.559305099,2.930162448,1.127622875,295
2026-09-19T00:55:57.281,36,0.003,0.65,8,manhattan,0.996,0.9944,0.9977,3,767,8484,0.219685475,1.59301769,1.041634974,295
2026-09-19T00:55:58.56,36,0.003,0.65,9,manhattan,0.6621,0.7025,0.6723,30,292,1880,0.441516895,0.442172496,0.392854377,295
2026-09-19T00:56:00.291,36,0.003,0.65,10,manhattan,0.3279,0.512,0.3649,7,140,367,1.267255358,0.193486239,0.257215352,292
2026-09-19T00:56:03.706,36,0.003,0.7,5,manhattan,0.9802,0.9742,0.9876,1,410,9110,0.538833691,1.549054516,1.325057316,295
2026-09-19T00:56:08.116,36,0.003,0.7,6,manhattan,0.9704,0.9643,0.978,1,1250,9108,0.644961952,2.527857489,1.234793098,295
2026-09-19T00:56:11.692,36,0.003,0.7,7,manhattan,0.9852,0.9863,0.9844,1,1428,9047,0.572736079,2.110044119,0.890392555,295
2026-09-19T00:56:15.826,36,0.003,0.7,8,manhattan,0.9877,0.9831,0.9927,9,767,8220,0.278062367,2.537658256,1.316769522,295
2026-09-19T00:56:16.902,36,0.003,0.7,9,manhattan,0.5989,0.62,0.6113,17,292,1051,0.40834875,0.393450054,0.271764353,295
2026-09-19T00:56:18.699,36,0.003,0.7,10,manhattan,0.1916,0.1992,0.2425,3,140,177,1.266888621,0.157930846,0.368929873,261
2026-09-19T00:56:22.372,36,0.003,0.75,5,manhattan,0.9626,0.9536,0.9748,1,410,9017,0.506235591,1.882085726,1.279472845,295
2026-09-19T00:56:26.519,36,0.003,0.75,6,manhattan,0.9736,0.9668,0.9819,1,1250,9017,0.734302447,2.261205592,1.149653701,295
2026-09-19T00:56:31.271,36,0.003,0.75,7,manhattan,0.9914,0.9912,0.9919,1,1428,8998,0.570435296,2.989550503,1.189652888,295
2026-09-19T00:56:34.293,36,0.003,0.75,8,manhattan,0.9899,0.9871,0.993,15,767,7831,0.209641102,1.77924895,1.031312772,295
2026-09-19T00:56:35.47,36,0.003,0.75,9,manhattan,0.5504,0.6025,0.5639,13,292,723,0.436364979,0.2973295,0.440341116,295
2026-09-19T00:56:36.897,36,0.003,0.75,10,manhattan,0.2536,0.2976,0.2504,1,140,64,1.23278523,0.116154405,0.075635877,221
2026-09-19T00:56:40.335,36,0.003,0.8,5,manhattan,0.9633,0.9573,0.9707,1,410,8983,0.693095213,1.521774485,1.22189396,295
2026-09-19T00:56:44.851,36,0.003,0.8,6,manhattan,0.9862,0.9856,0.9873,1,1250,8983,0.766255493,2.561618169,1.185457798,295
2026-09-19T00:56:49.524,36,0.003,0.8,7,manhattan,0.994,0.9927,0.9954,1,1428,8941,0.649371666,2.705572714,1.315512658,295
2026-09-19T00:56:52.743,36,0.003,0.8,8,manhattan,0.9918,0.992,0.9918,21,767,7247,0.371092441,2.155570622,0.69108944,295
2026-09-19T00:56:53.445,36,0.003,0.8,9,manhattan,0.5225,0.6013,0.5966,6,292,330,0.239060094,0.146667811,0.313596668,295
2026-09-19T00:56:54.759,36,0.003,0.8,10,manhattan,0.2554,0.2601,0.2683,1,140,47,1.144089091,0.074624504,0.093757681,205
2026-09-19T00:58:08.647,37,0.0015,0.5,5,manhattan,0.9458,0.9444,0.9524,2,415,9608,1.979262351,7.446246147,2.852915331,295
2026-09-19T00:58:14.822,37,0.0015,0.5,6,manhattan,0.9597,0.9513,0.9716,1,1237,9653,0.83282708,2.714226825,1.131499909,295
2026-09-19T00:58:19.577,37,0.0015,0.5,7,manhattan,0.9875,0.9853,0.9903,7,1465,9390,0.600886683,2.917640662,1.233972183,295
2026-09-19T00:58:24.247,37,0.0015,0.5,8,manhattan,0.9963,0.9951,0.9975,35,778,6821,0.373092488,3.020268964,1.273521105,295
2026-09-19T00:58:25.789,37,0.0015,0.5,9,manhattan,0.2786,0.4483,0.3212,14,302,429,0.627634103,0.538554326,0.369023391,295
2026-09-19T00:58:27.603,37,0.0015,0.5,10,manhattan,0.2779,0.3381,0.3546,5,155,98,1.367603059,0.314081576,0.129245258,224
2026-09-19T00:58:31.153,37,0.0015,0.55,5,manhattan,0.9376,0.9253,0.9545,2,415,9579,0.750951857,1.559886979,1.236706682,295
2026-09-19T00:58:35.544,37,0.0015,0.55,6,manhattan,0.9513,0.9415,0.9644,1,1237,9645,0.91694016,2.521226054,0.950766839,295
2026-09-19T00:58:40.712,37,0.0015,0.55,7,manhattan,0.9918,0.9913,0.9926,6,1465,9227,0.511036905,3.457166552,1.197810358,295
2026-09-19T00:58:44.561,37,0.0015,0.55,8,manhattan,0.9624,0.9528,0.978,45,778,6087,0.436459265,2.513731308,0.89641253,295
2026-09-19T00:58:45.687,37,0.0015,0.55,9,manhattan,0.1644,0.3809,0.2734,9,302,244,0.401246094,0.316275432,0.405945649,295
2026-09-19T00:58:47.228,37,0.0015,0.55,10,manhattan,0.2484,0.2855,0.3126,2,155,35,1.317881816,0.148136016,0.072012786,164
2026-09-19T00:58:51.101,37,0.0015,0.6,5,manhattan,0.9487,0.9414,0.9597,3,415,9498,0.765462724,1.767886111,1.336593081,295
2026-09-19T00:58:56.142,37,0.0015,0.6,6,manhattan,0.973,0.9683,0.9786,5,1237,9606,0.665221601,2.927419289,1.445686596,295
2026-09-19T00:59:01.104,37,0.0015,0.6,7,manhattan,0.9899,0.9897,0.9902,3,1465,8994,0.443392206,3.178305061,1.336041893,295
2026-09-19T00:59:03.931,37,0.0015,0.6,8,manhattan,0.9798,0.9734,0.9879,47,778,5307,0.411757776,1.69102389,0.707969745,295
2026-09-19T00:59:04.695,37,0.0015,0.6,9,manhattan,0.396,0.4506,0.4453,6,302,153,0.446586609,0.124374732,0.190946947,295
2026-09-19T00:59:10.961,37,0.0015,0.65,5,manhattan,0.9479,0.9372,0.9633,6,415,9168,0.579528779,1.863736169,1.202107068,295
2026-09-19T00:59:16.551,37,0.0015,0.65,6,manhattan,0.9595,0.9525,0.9704,5,1237,9197,0.893419968,3.127797822,1.566709501,295
2026-09-19T00:59:21.853,37,0.0015,0.65,7,manhattan,0.9833,0.9799,0.9869,3,1465,8952,0.6648872,3.314067983,1.32025244,295
2026-09-19T00:59:24.981,37,0.0015,0.65,8,manhattan,0.9519,0.9546,0.9531,62,778,4238,0.396355663,2.028247886,0.700992733,295
2026-09-19T00:59:25.588,37,0.0015,0.65,9,manhattan,0.2174,0.3082,0.2486,1,302,16,0.451680139,0.063651311,0.089309835,108
2026-09-19T00:59:31.027,37,0.0015,0.7,5,manhattan,0.9701,0.9619,0.9804,6,415,8973,0.681555885,1.620434261,1.705030224,295
2026-09-19T00:59:35.859,37,0.0015,0.7,6,manhattan,0.9733,0.9693,0.9786,2,1237,9092,0.917998606,2.670739061,1.240601524,295
2026-09-19T00:59:40.749,37,0.0015,0.7,7,manhattan,0.9851,0.9844,0.9864,3,1465,8867,0.623517515,2.944419442,1.318757277,295
2026-09-19T00:59:43.154,37,0.0015,0.7,8,manhattan,0.7184,0.7678,0.775,66,778,2899,0.388298904,1.493156643,0.510023786,295
2026-09-19T00:59:49.095,37,0.0015,0.75,5,manhattan,0.9313,0.9234,0.9466,9,415,8855,0.544863166,2.195832623,1.189729924,295
2026-09-19T00:59:54.029,37,0.0015,0.75,6,manhattan,0.96,0.9542,0.9702,3,1237,9022,0.763165922,2.337552593,1.830064746,295
2026-09-19T00:59:58.493,37,0.0015,0.75,7,manhattan,0.9915,0.988,0.9953,5,1465,8772,0.503267403,2.812082727,1.146775329,295
2026-09-19T01:00:00.087,37,0.0015,0.75,8,manhattan,0.611,0.6873,0.6563,42,778,1429,0.301151428,0.936649877,0.35295122,295
2026-09-19T01:00:06.309,37,0.0015,0.8,5,manhattan,0.9249,0.9096,0.9508,29,415,8587,0.544306949,2.320151063,1.250027732,295
2026-09-19T01:00:11.249,37,0.0015,0.8,6,manhattan,0.9822,0.9882,0.977,1,1237,8953,0.915439619,2.84455644,1.177367097,295
2026-09-19T01:00:16.061,37,0.0015,0.8,7,manhattan,0.9922,0.9921,0.9926,6,1465,8640,0.544363241,3.031985478,1.225196129,295
2026-09-19T01:00:17.421,37,0.0015,0.8,8,manhattan,0.4654,0.6319,0.4818,25,778,605,0.238215782,0.857467317,0.261394869,295
2026-09-19T01:00:22.837,37,0.002,0.5,5,manhattan,0.9218,0.9135,0.938,1,415,9656,0.718613077,1.867511374,0.895868187,295
2026-09-19T01:00:27.353,37,0.002,0.5,6,manhattan,0.9859,0.9844,0.9878,1,1237,9657,0.46651095,2.596119866,1.450596722,295
2026-09-19T01:00:34.689,37,0.002,0.5,7,manhattan,0.9955,0.9936,0.9975,1,1465,9633,0.459497621,4.702140983,2.171690843,295
2026-09-19T01:00:39.451,37,0.002,0.5,8,manhattan,0.9878,0.9857,0.9903,10,778,8443,0.474373968,2.986936062,1.298488549,295
2026-09-19T01:00:41.164,37,0.002,0.5,9,manhattan,0.5712,0.601,0.6101,53,302,2034,0.306593815,0.881816805,0.521956739,295
2026-09-19T01:00:43.099,37,0.002,0.5,10,manhattan,0.368,0.425,0.4225,11,155,405,1.248312918,0.280490611,0.403163588,295
2026-09-19T01:00:46.747,37,0.002,0.55,5,manhattan,0.9543,0.9476,0.9656,3,415,9636,0.616019767,1.849240038,1.175746428,295
2026-09-19T01:00:51.28,37,0.002,0.55,6,manhattan,0.9708,0.9652,0.9806,1,1237,9649,0.646944049,2.608274006,1.274625437,295
2026-09-19T01:00:55.475,37,0.002,0.55,7,manhattan,0.996,0.9944,0.9977,4,1465,9540,0.333244367,2.538991597,1.320923127,295
2026-09-19T01:00:59.506,37,0.002,0.55,8,manhattan,0.9837,0.9825,0.9852,18,778,8112,0.430657125,2.634266722,0.955470934,295
2026-09-19T01:01:00.656,37,0.002,0.55,9,manhattan,0.6517,0.6566,0.6855,30,302,1180,0.39970253,0.549735088,0.198173153,295
2026-09-19T01:01:02.553,37,0.002,0.55,10,manhattan,0.2204,0.4298,0.3113,8,155,306,1.274468503,0.378315573,0.241169093,295
2026-09-19T01:01:06.135,37,0.002,0.6,5,manhattan,0.9376,0.9271,0.9538,2,415,9573,0.646389998,1.687647201,1.245901295,295
2026-09-19T01:01:10.649,37,0.002,0.6,6,manhattan,0.9705,0.9645,0.978,1,1237,9644,0.607771224,2.620167079,1.284089707,295
2026-09-19T01:01:15.529,37,0.002,0.6,7,manhattan,0.9915,0.988,0.9952,5,1465,9375,0.547783721,2.927626649,1.401532475,295
2026-09-19T01:01:19.187,37,0.002,0.6,8,manhattan,0.9817,0.977,0.987,23,778,7554,0.271556017,2.366244816,1.017007728,295
2026-09-19T01:01:20.378,37,0.002,0.6,9,manhattan,0.4247,0.5125,0.4687,18,302,705,0.373166659,0.457854394,0.357773765,295
2026-09-19T01:01:21.909,37,0.002,0.6,10,manhattan,0.2628,0.3759,0.339,5,155,169,1.265081267,0.051209144,0.212757144,292
2026-09-19T01:01:24.942,37,0.002,0.65,5,manhattan,0.9476,0.9378,0.9607,2,415,9338,0.279008089,1.441183575,1.310342581,295
2026-09-19T01:01:29.589,37,0.002,0.65,6,manhattan,0.9388,0.9303,0.9559,3,1237,9420,0.704937512,2.421479267,1.519313136,295
2026-09-19T01:01:34.32,37,0.002,0.65,7,manhattan,1.0,1.0,1.0,4,1465,9122,0.504720453,2.909596685,1.313621214,295
2026-09-19T01:01:40.363,37,0.002,0.65,8,manhattan,1.0,1.0,1.0,34,778,6943,0.268844426,4.210422615,1.561250213,295
2026-09-19T01:01:41.608,37,0.002,0.65,9,manhattan,0.4108,0.4809,0.4401,9,302,373,0.592081854,0.303617457,0.345912749,295
2026-09-19T01:01:43.872,37,0.002,0.65,10,manhattan,0.2673,0.385,0.388,3,155,90,1.683809139,0.201974267,0.373966971,227
2026-09-19T01:01:47.835,37,0.002,0.7,5,manhattan,0.9654,0.9625,0.9696,4,415,9133,0.784277285,2.005856541,1.170159959,295
2026-09-19T01:01:52.354,37,0.002,0.7,6,manhattan,0.9758,0.9734,0.9789,2,1237,9156,0.787451993,2.372774075,1.356675821,295
2026-09-19T01:01:57.065,37,0.002,0.7,7,manhattan,0.9952,0.9952,0.9954,3,1465,9031,0.472887953,2.94711469,1.28888222,295
2026-09-19T01:02:00.46,37,0.002,0.7,8,manhattan,0.9745,0.9699,0.982,41,778,6169,0.422769522,2.29787244,0.670457397,295
2026-09-19T01:02:01.353,37,0.002,0.7,9,manhattan,0.4815,0.535,0.5092,5,302,229,0.44283557,0.168465227,0.280099709,295
2026-09-19T01:02:02.807,37,0.002,0.7,10,manhattan,0.1385,0.1482,0.1853,1,155,23,1.199342747,0.164261824,0.086843597,156
2026-09-19T01:02:06.4,37,0.002,0.75,5,manhattan,0.963,0.9609,0.9656,3,415,9020,0.524889866,1.673687103,1.393186714,295
2026-09-19T01:02:11.064,37,0.002,0.75,6,manhattan,0.9648,0.957,0.9752,1,1237,9095,0.662839941,2.710093125,1.288447947,295
2026-09-19T01:02:16.046,37,0.002,0.75,7,manhattan,0.9953,0.9953,0.9954,2,1465,8972,0.514282641,3.122299212,1.342331526,295
2026-09-19T01:02:19.244,37,0.002,0.75,8,manhattan,0.9833,0.9769,0.9907,37,778,5330,0.215391279,2.186302841,0.794011214,295
2026-09-19T01:02:20.191,37,0.002,0.75,9,manhattan,0.3516,0.4496,0.3962,4,302,177,0.439616442,0.208514351,0.295334062,295
2026-09-19T01:02:25.191,37,0.002,0.8,5,manhattan,0.9425,0.9344,0.9584,2,415,8957,0.612582245,1.656743102,1.29836898,295
2026-09-19T01:02:29.508,37,0.002,0.8,6,manhattan,0.9869,0.9853,0.9885,1,1237,8984,0.72684828,2.369067734,1.216971821,295
2026-09-19T01:02:33.854,37,0.002,0.8,7,manhattan,0.9956,0.9936,0.9977,1,1465,8872,0.609166305,2.678902537,1.055967816,295
2026-09-19T01:02:36.619,37,0.002,0.8,8,manhattan,0.96,0.9566,0.9644,53,778,4299,0.267518977,1.822810535,0.673345965,295
2026-09-19T01:02:37.118,37,0.002,0.8,9,manhattan,0.4334,0.4327,0.4464,1,302,20,0.280170458,0.072509498,0.143844265,162
2026-09-19T01:02:42.361,37,0.0025,0.5,5,manhattan,0.9391,0.9273,0.9562,1,415,9660,0.741574259,1.966599696,1.217662343,295
2026-09-19T01:02:47.084,37,0.0025,0.5,6,manhattan,0.9976,0.9976,0.9977,1,1237,9661,0.758336812,2.57440626,1.385046076,295
2026-09-19T01:02:51.941,37,0.0025,0.5,7,manhattan,0.9858,0.9819,0.9905,1,1465,9650,0.520182629,3.05935756,1.275364846,295
2026-09-19T01:02:56.551,37,0.0025,0.5,8,manhattan,0.9857,0.9854,0.9867,6,778,8882,0.433853832,2.431431659,1.743002127,295
2026-09-19T01:02:58.679,37,0.0025,0.5,9,manhattan,0.7784,0.7936,0.8043,55,302,3780,0.332722442,1.229250699,0.563189326,295
2026-09-19T01:03:00.807,37,0.0025,0.5,10,manhattan,0.4165,0.5221,0.4594,20,155,917,1.133580622,0.492618275,0.49927632,295
2026-09-19T01:03:04.037,37,0.0025,0.55,5,manhattan,0.9216,0.9126,0.9355,1,415,9654,0.420464339,1.474888172,1.332033977,295
2026-09-19T01:03:08.245,37,0.0025,0.55,6,manhattan,0.9777,0.9742,0.9819,1,1237,9653,0.690808049,2.240724826,1.274842014,295
2026-09-19T01:03:13.159,37,0.0025,0.55,7,manhattan,0.9899,0.9872,0.9929,1,1465,9640,0.558471123,2.893152051,1.448473196,295
2026-09-19T01:03:16.97,37,0.0025,0.55,8,manhattan,0.9902,0.9909,0.99,8,778,8645,0.443738618,2.358236668,1.004995434,295
2026-09-19T01:03:18.708,37,0.0025,0.55,9,manhattan,0.7613,0.8218,0.7611,52,302,3095,0.430694769,0.881979047,0.423374208,295
2026-09-19T01:03:21.419,37,0.0025,0.55,10,manhattan,0.2129,0.4472,0.3183,13,155,595,1.508702489,0.6802949,0.52042889,295
2026-09-19T01:03:25.021,37,0.0025,0.6,5,manhattan,0.9372,0.9311,0.9492,2,415,9599,0.601593338,1.642093879,1.355824805,295
2026-09-19T01:03:30.456,37,0.0025,0.6,6,manhattan,0.9671,0.9625,0.9729,1,1237,9648,0.715681626,2.581782274,2.134097759,295
2026-09-19T01:03:40.584,37,0.0025,0.6,7,manhattan,0.9784,0.9734,0.9852,1,1465,9611,0.856723227,6.72439718,2.543703724,295
2026-09-19T01:03:46.673,37,0.0025,0.6,8,manhattan,0.9915,0.988,0.9952,8,778,8484,0.434191166,3.70971783,1.917257202,295
2026-09-19T01:03:49.436,37,0.0025,0.6,9,manhattan,0.6322,0.6554,0.6631,48,302,2123,0.84202316,1.24108755,0.674819548,295
2026-09-19T01:03:51.296,37,0.0025,0.6,10,manhattan,0.3343,0.4543,0.4114,5,155,318,1.327189362,0.200134507,0.329379695,295
2026-09-19T01:03:55.881,37,0.0025,0.65,5,manhattan,0.9476,0.9423,0.9551,2,415,9350,0.742870095,2.264082288,1.575929188,295
2026-09-19T01:04:01.667,37,0.0025,0.65,6,manhattan,0.9841,0.9816,0.987,1,1237,9465,0.764584469,3.223432908,1.78616464,295
2026-09-19T01:04:08.328,37,0.0025,0.65,7,manhattan,0.9901,0.988,0.9925,2,1465,9280,0.646671878,4.506932456,1.50430018,295
2026-09-19T01:04:15.552,37,0.0025,0.65,8,manhattan,1.0,1.0,1.0,12,778,8204,0.531054623,4.24828333,2.442271245,295
2026-09-19T01:04:16.951,37,0.0025,0.65,9,manhattan,0.5635,0.6143,0.6004,23,302,1111,0.48019266,0.502357651,0.414376128,295
2026-09-19T01:04:18.828,37,0.0025,0.65,10,manhattan,0.2568,0.4607,0.3395,5,155,256,1.283310627,0.208110878,0.382998784,295
2026-09-19T01:04:22.184,37,0.0025,0.7,5,manhattan,0.9351,0.931,0.944,1,415,9169,0.517929199,1.759637149,1.075846899,295
2026-09-19T01:04:26.617,37,0.0025,0.7,6,manhattan,0.9793,0.9753,0.9838,1,1237,9171,0.62180766,2.546275072,1.262344742,295
2026-09-19T01:04:31.025,37,0.0025,0.7,7,manhattan,0.9838,0.9804,0.9877,3,1465,9106,0.402673791,2.893291663,1.109789376,295
2026-09-19T01:04:34.379,37,0.0025,0.7,8,manhattan,0.9884,0.9844,0.993,23,778,7683,0.194107128,2.046974447,1.103767585,295
2026-09-19T01:04:35.363,37,0.0025,0.7,9,manhattan,0.5131,0.6244,0.5536,14,302,736,0.445574538,0.318942465,0.216833503,295
2026-09-19T01:04:37.168,37,0.0025,0.7,10,manhattan,0.297,0.2921,0.362,5,155,197,1.213303335,0.219968333,0.369650007,292
2026-09-19T01:04:40.339,37,0.0025,0.75,5,manhattan,0.9737,0.9738,0.9738,2,415,9087,0.49260277,1.636842718,1.038656028,295
2026-09-19T01:04:44.784,37,0.0025,0.75,6,manhattan,0.9725,0.9668,0.9802,1,1237,9103,0.743902611,2.393923464,1.304698231,295
2026-09-19T01:04:49.144,37,0.0025,0.75,7,manhattan,0.9914,0.988,0.995,1,1465,9001,0.479725972,2.807006633,1.071080736,295
2026-09-19T01:04:52.847,37,0.0025,0.75,8,manhattan,0.9808,0.9774,0.9854,28,778,7049,0.361358681,2.335219524,0.998404129,295
2026-09-19T01:04:53.676,37,0.0025,0.75,9,manhattan,0.4307,0.5213,0.4794,8,302,461,0.250949668,0.297411193,0.26817268,295
2026-09-19T01:04:55.31,37,0.0025,0.75,10,manhattan,0.2802,0.3289,0.3233,3,155,102,1.254450609,0.133450644,0.243633301,241
2026-09-19T01:04:58.37,37,0.0025,0.8,5,manhattan,0.938,0.9332,0.9474,1,415,8964,0.41640091,1.562063873,1.079319428,295
2026-09-19T01:05:02.385,37,0.0025,0.8,6,manhattan,0.9774,0.9744,0.9812,1,1237,9011,0.612823429,2.457513156,0.942395435,295
2026-09-19T01:05:06.763,37,0.0025,0.8,7,manhattan,0.9976,0.9977,0.9976,1,1465,8957,0.551862845,2.867324327,0.956327313,295
2026-09-19T01:05:09.359,37,0.0025,0.8,8,manhattan,0.9811,0.9797,0.9837,33,778,6348,0.206347879,1.753867925,0.633775478,295
2026-09-19T01:05:09.989,37,0.0025,0.8,9,manhattan,0.3043,0.4222,0.3494,5,302,244,0.287855712,0.10359215,0.23625673,295
2026-09-19T01:05:10.914,37,0.0025,0.8,10,manhattan,0.2861,0.3033,0.3058,1,155,31,0.816345458,0.045269682,0.060921683,166
2026-09-19T01:05:13.309,37,0.003,0.5,5,manhattan,0.9502,0.9424,0.9624,1,415,9664,0.299433239,1.20280574,0.890675487,295
2026-09-19T01:05:16.341,37,0.003,0.5,6,manhattan,0.9505,0.9402,0.9645,1,1237,9665,0.414413156,1.71440066,0.90178431,295
2026-09-19T01:05:19.697,37,0.003,0.5,7,manhattan,0.9763,0.9685,0.9861,1,1465,9655,0.333220378,2.089967023,0.930882023,295
2026-09-19T01:05:22.306,37,0.003,0.5,8,manhattan,0.996,0.9944,0.9977,3,778,9001,0.239476414,1.530526742,0.836980637,295
2026-09-19T01:05:24.08,37,0.003,0.5,9,manhattan,0.921,0.9154,0.9336,45,302,5308,0.249141826,0.991070302,0.531451577,295
2026-09-19T01:05:25.418,37,0.003,0.5,10,manhattan,0.4872,0.5967,0.498,27,155,1455,0.883332231,0.242051814,0.210763527,295
2026-09-19T01:05:27.703,37,0.003,0.55,5,manhattan,0.9264,0.917,0.9388,1,415,9658,0.292575868,1.138725135,0.851625875,295
2026-09-19T01:05:30.813,37,0.003,0.55,6,manhattan,0.9871,0.9821,0.9927,1,1237,9657,0.425300791,1.785863634,0.896491734,295
2026-09-19T01:05:34.956,37,0.003,0.55,7,manhattan,0.9891,0.9856,0.9929,1,1465,9644,0.485399882,2.780628891,0.875513215,295
2026-09-19T01:05:37.721,37,0.003,0.55,8,manhattan,0.9964,0.9951,0.9977,4,778,8935,0.259313377,1.6461008,0.858038496,295
2026-09-19T01:05:39.29,37,0.003,0.55,9,manhattan,0.8973,0.8897,0.9108,47,302,4503,0.355923838,0.748928462,0.462287501,295
2026-09-19T01:05:40.779,37,0.003,0.55,10,manhattan,0.4229,0.4934,0.4762,22,155,1113,0.886070569,0.283180533,0.317935464,295
2026-09-19T01:05:43.469,37,0.003,0.6,5,manhattan,0.9513,0.9402,0.9671,2,415,9616,0.395947808,1.28766868,1.00367701,295
2026-09-19T01:05:47.819,37,0.003,0.6,6,manhattan,0.9751,0.972,0.9787,1,1237,9652,0.52738772,2.495209384,1.324783409,295
2026-09-19T01:05:51.544,37,0.003,0.6,7,manhattan,0.9855,0.9808,0.9905,1,1465,9634,0.430247582,2.269137126,1.023202341,295
2026-09-19T01:05:54.407,37,0.003,0.6,8,manhattan,1.0,1.0,1.0,4,778,8774,0.25280626,1.737363441,0.871660837,295
2026-09-19T01:05:55.909,37,0.003,0.6,9,manhattan,0.8799,0.8734,0.9084,49,302,3806,0.27541753,0.70160782,0.514591043,295
2026-09-19T01:05:57.082,37,0.003,0.6,10,manhattan,0.3246,0.5521,0.432,13,155,701,0.856515047,0.153515219,0.161539918,295
2026-09-19T01:05:59.559,37,0.003,0.65,5,manhattan,0.9647,0.9582,0.9726,3,415,9393,0.315820738,1.258051348,0.90132678,295
2026-09-19T01:06:03.662,37,0.003,0.65,6,manhattan,0.9673,0.9663,0.9694,1,1237,9469,0.422441696,2.193820518,1.484264964,295
2026-09-19T01:06:07.174,37,0.003,0.65,7,manhattan,0.9833,0.9805,0.9862,3,1465,9438,0.412078012,2.128964603,0.958407328,295
2026-09-19T01:06:10.057,37,0.003,0.65,8,manhattan,0.996,0.9944,0.9977,7,778,8567,0.232157602,1.780312016,0.867812091,295
2026-09-19T01:06:11.266,37,0.003,0.65,9,manhattan,0.6693,0.6998,0.705,38,302,2623,0.276054553,0.628997074,0.302288841,295
2026-09-19T01:06:12.507,37,0.003,0.65,10,manhattan,0.2924,0.4035,0.42,5,155,359,0.940429612,0.089305896,0.209337158,295
2026-09-19T01:06:15.25,37,0.003,0.7,5,manhattan,0.9185,0.9163,0.9274,1,415,9176,0.380182315,1.326123316,1.034079848,295
2026-09-19T01:06:18.327,37,0.003,0.7,6,manhattan,0.9746,0.9667,0.9854,1,1237,9175,0.438007023,1.758771554,0.878489712,295
2026-09-19T01:06:21.514,37,0.003,0.7,7,manhattan,0.9869,0.9822,0.9927,2,1465,9142,0.315382973,2.002899401,0.866462617,295
2026-09-19T01:06:24.319,37,0.003,0.7,8,manhattan,0.9916,0.988,0.9954,7,778,8365,0.211314296,1.768499613,0.824006982,295
2026-09-19T01:06:25.238,37,0.003,0.7,9,manhattan,0.5384,0.6404,0.5903,29,302,1565,0.263799984,0.453782224,0.198966209,295
2026-09-19T01:06:26.348,37,0.003,0.7,10,manhattan,0.4549,0.5404,0.4923,4,155,286,0.799716517,0.138440038,0.169760452,295
2026-09-19T01:06:28.61,37,0.003,0.75,5,manhattan,0.9309,0.9218,0.9488,1,415,9117,0.348710206,1.098093616,0.813190585,295
2026-09-19T01:06:31.442,37,0.003,0.75,6,manhattan,0.9854,0.9819,0.9894,1,1237,9113,0.388616494,1.619219921,0.822174974,295
2026-09-19T01:06:34.672,37,0.003,0.75,7,manhattan,0.9976,0.9976,0.9977,1,1465,9046,0.321961955,2.045877799,0.86019338,295
2026-09-19T01:06:37.297,37,0.003,0.75,8,manhattan,0.9881,0.9844,0.9927,10,778,8033,0.213004386,1.663213811,0.747579059,295
2026-09-19T01:06:37.891,37,0.003,0.75,9,manhattan,0.624,0.6731,0.668,14,302,834,0.246203392,0.197064919,0.148214821,295
2026-09-19T01:06:38.965,37,0.003,0.75,10,manhattan,0.3232,0.4944,0.4133,4,155,198,0.863520551,0.055223119,0.15426797,282
2026-09-19T01:06:41.247,37,0.003,0.8,5,manhattan,0.9441,0.9327,0.9601,1,415,9017,0.333533337,1.122473616,0.823398035,295
2026-09-19T01:06:44.278,37,0.003,0.8,6,manhattan,0.9719,0.9669,0.978,1,1237,9017,0.401016403,1.749963934,0.878651395,295
2026-09-19T01:06:47.488,37,0.003,0.8,7,manhattan,0.9857,0.9829,0.9887,1,1465,8972,0.313516324,2.017726924,0.877366384,295
2026-09-19T01:06:50.068,37,0.003,0.8,8,manhattan,0.9923,0.9896,0.9953,21,778,7491,0.206948026,1.665461654,0.704731543,295
2026-09-19T01:06:50.629,37,0.003,0.8,9,manhattan,0.5339,0.5954,0.5634,9,302,564,0.25807984,0.154621087,0.147325392,295
2026-09-19T01:06:51.754,37,0.003,0.8,10,manhattan,0.2786,0.3691,0.3564,3,155,102,0.919265594,0.04762948,0.156174148,239
2026-09-19T01:08:05.518,38,0.0015,0.5,5,manhattan,0.9273,0.9204,0.9361,3,407,9602,1.035968358,4.746029574,2.325831313,295
2026-09-19T01:08:10.869,38,0.0015,0.5,6,manhattan,0.9842,0.9824,0.9863,1,1260,9665,0.676597431,2.182633125,0.870509852,295
2026-09-19T01:08:15.452,38,0.0015,0.5,7,manhattan,0.9775,0.977,0.9789,5,1464,9251,0.316955171,2.800196405,1.463366064,295
2026-09-19T01:08:19.665,38,0.0015,0.5,8,manhattan,0.985,0.9816,0.9886,41,806,7044,0.473421326,2.646515033,1.090832492,295
2026-09-19T01:08:20.406,38,0.0015,0.5,9,manhattan,0.4089,0.4792,0.4628,15,301,382,0.425733598,0.118802404,0.194127044,295
2026-09-19T01:08:25.693,38,0.0015,0.55,5,manhattan,0.9391,0.9322,0.9484,3,407,9514,0.563048562,1.290255603,0.884462054,295
2026-09-19T01:08:30.182,38,0.0015,0.55,6,manhattan,0.935,0.9302,0.942,3,1260,9612,0.49516335,2.61553342,1.376407186,295
2026-09-19T01:08:35.013,38,0.0015,0.55,7,manhattan,1.0,1.0,1.0,5,1464,9114,0.564927992,3.043789476,1.219830891,295
2026-09-19T01:08:38.792,38,0.0015,0.55,8,manhattan,0.9832,0.9814,0.9851,48,806,6291,0.396083859,2.311348736,1.068144187,295
2026-09-19T01:08:39.853,38,0.0015,0.55,9,manhattan,0.3091,0.4383,0.3456,4,301,133,0.35836158,0.310586829,0.389297237,292
2026-09-19T01:08:44.748,38,0.0015,0.6,5,manhattan,0.9664,0.9609,0.973,5,407,9104,0.642671867,1.677020394,1.208957784,295
2026-09-19T01:08:48.352,38,0.0015,0.6,6,manhattan,0.9653,0.9584,0.9738,2,1260,9140,0.415937234,1.908462193,1.277702812,295
2026-09-19T01:08:52.713,38,0.0015,0.6,7,manhattan,0.9873,0.9895,0.9853,2,1464,9000,0.513159225,2.801713708,1.043756295,295
2026-09-19T01:08:56.311,38,0.0015,0.6,8,manhattan,0.9614,0.9546,0.9696,56,806,5336,0.418817839,2.235376177,0.941189416,295
2026-09-19T01:08:56.848,38,0.0015,0.6,9,manhattan,0.3361,0.3694,0.3649,4,301,78,0.329735855,0.077817906,0.12778749,270
2026-09-19T01:09:01.532,38,0.0015,0.65,5,manhattan,0.9614,0.9544,0.9702,2,407,9033,0.449755801,1.675655276,1.186216958,295
2026-09-19T01:09:05.659,38,0.0015,0.65,6,manhattan,0.9751,0.972,0.9792,1,1260,9082,0.786097178,2.437504593,0.900769236,295
2026-09-19T01:09:09.936,38,0.0015,0.65,7,manhattan,0.9895,0.9896,0.9896,2,1464,8908,0.298724769,2.545678683,1.431081631,295
2026-09-19T01:09:12.576,38,0.0015,0.65,8,manhattan,0.9455,0.9346,0.962,69,806,4194,0.242851567,1.964540448,0.430984129,295
2026-09-19T01:09:13.383,38,0.0015,0.65,9,manhattan,0.3183,0.3477,0.326,2,301,34,0.410224982,0.164957953,0.229331333,219
2026-09-19T01:09:18.263,38,0.0015,0.7,5,manhattan,0.9446,0.9354,0.9601,4,407,8968,0.615104447,1.734906772,1.214979363,295
2026-09-19T01:09:22.731,38,0.0015,0.7,6,manhattan,0.9626,0.9533,0.974,2,1260,9025,0.676186974,2.490982237,1.298205013,295
2026-09-19T01:09:26.38,38,0.0015,0.7,7,manhattan,0.9801,0.9781,0.9829,2,1464,8842,0.469664142,2.316555407,0.86112227,295
2026-09-19T01:09:28.712,38,0.0015,0.7,8,manhattan,0.7206,0.7667,0.7386,67,806,2848,0.289847098,1.527078815,0.512833066,295
2026-09-19T01:09:34.047,38,0.0015,0.75,5,manhattan,0.9339,0.9265,0.9464,8,407,8880,0.380833516,1.881446239,1.106795077,295
2026-09-19T01:09:38.563,38,0.0015,0.75,6,manhattan,0.9768,0.9729,0.9827,1,1260,8989,0.820966091,2.510372216,1.174563304,295
2026-09-19T01:09:43.373,38,0.0015,0.75,7,manhattan,0.9915,0.988,0.9952,4,1464,8795,0.545665544,3.074963992,1.187483112,295
2026-09-19T01:09:44.894,38,0.0015,0.75,8,manhattan,0.6274,0.6929,0.6708,53,806,1565,0.385965666,0.928938199,0.203605419,295
2026-09-19T01:09:51.694,38,0.0015,0.8,5,manhattan,0.9342,0.9318,0.9423,31,407,8500,0.686090055,2.985672343,1.306629693,295
2026-09-19T01:09:57.112,38,0.0015,0.8,6,manhattan,0.9594,0.9534,0.9671,2,1260,8967,0.76335377,3.325823635,1.32561927,295
2026-09-19T01:10:02.831,38,0.0015,0.8,7,manhattan,0.9923,0.9921,0.9926,5,1464,8644,0.726792323,3.707631507,1.279188616,295
2026-09-19T01:10:03.873,38,0.0015,0.8,8,manhattan,0.557,0.6378,0.5919,26,806,619,0.348629261,0.3984292,0.29166849,295
2026-09-19T01:10:08.569,38,0.002,0.5,5,manhattan,0.899,0.903,0.8967,2,407,9644,0.621591379,1.554391524,0.960586377,295
2026-09-19T01:10:12.936,38,0.002,0.5,6,manhattan,0.968,0.9703,0.9667,1,1260,9669,0.495496424,2.44612839,1.423572362,295
2026-09-19T01:10:17.756,38,0.002,0.5,7,manhattan,0.9814,0.9814,0.9814,3,1464,9601,0.53118178,3.009554375,1.276283078,295
2026-09-19T01:10:21.828,38,0.002,0.5,8,manhattan,0.996,0.9944,0.9977,9,806,8555,0.444022387,2.453627184,1.170125866,295
2026-09-19T01:10:23.49,38,0.002,0.5,9,manhattan,0.5606,0.5751,0.5886,45,301,1981,0.35580825,0.936699386,0.3611523,295
2026-09-19T01:10:25.216,38,0.002,0.5,10,manhattan,0.3713,0.3924,0.3996,6,129,145,1.304050383,0.150634125,0.269510141,267
2026-09-19T01:10:28.318,38,0.002,0.55,5,manhattan,0.9585,0.957,0.9604,2,407,9594,0.486611908,1.727082309,0.886546399,295
2026-09-19T01:10:32.457,38,0.002,0.55,6,manhattan,0.9755,0.974,0.977,1,1260,9649,0.40845625,2.305961874,1.422349161,295
2026-09-19T01:10:36.89,38,0.002,0.55,7,manhattan,0.976,0.9713,0.9818,3,1464,9323,0.423000427,2.7427179,1.265039113,295
2026-09-19T01:10:41.708,38,0.002,0.55,8,manhattan,0.9914,0.992,0.991,16,806,8320,0.432036847,3.168070094,1.214410925,295
2026-09-19T01:10:42.953,38,0.002,0.55,9,manhattan,0.4236,0.6175,0.48,32,301,1244,0.41692465,0.462865228,0.36119574,295
2026-09-19T01:10:44.3,38,0.002,0.55,10,manhattan,0.3594,0.4153,0.3799,1,129,20,1.270206673,0.036359674,0.037939276,133
2026-09-19T01:10:47.992,38,0.002,0.6,5,manhattan,0.9276,0.9158,0.949,2,407,9228,0.665574724,1.704473134,1.320039787,295
2026-09-19T01:10:52.367,38,0.002,0.6,6,manhattan,0.9556,0.9509,0.9637,1,1260,9219,0.49823134,2.469524257,1.395778656,295
2026-09-19T01:10:56.624,38,0.002,0.6,7,manhattan,0.9915,0.988,0.9952,2,1464,9150,0.593097375,2.33136966,1.329597642,295
2026-09-19T01:11:01.184,38,0.002,0.6,8,manhattan,0.9922,0.9953,0.9892,27,806,7814,0.390555848,2.984469465,1.182577667,295
2026-09-19T01:11:02.359,38,0.002,0.6,9,manhattan,0.3686,0.5,0.4198,16,301,609,0.422837487,0.473992139,0.276015582,295
2026-09-19T01:11:06.913,38,0.002,0.65,5,manhattan,0.9557,0.9569,0.9581,1,407,9097,0.590774591,1.526362314,1.107656221,295
2026-09-19T01:11:11.136,38,0.002,0.65,6,manhattan,0.9722,0.9738,0.9712,2,1260,9140,0.702277388,2.239755369,1.278227809,295
2026-09-19T01:11:15.655,38,0.002,0.65,7,manhattan,0.9976,0.9976,0.9977,2,1464,9014,0.603697542,2.756943112,1.155838495,295
2026-09-19T01:11:19.173,38,0.002,0.65,8,manhattan,0.9846,0.9797,0.9902,32,806,7086,0.355457577,2.465085562,0.695666349,295
2026-09-19T01:11:19.792,38,0.002,0.65,9,manhattan,0.3467,0.4439,0.4289,9,301,344,0.266598386,0.185434383,0.15849316,295
2026-09-19T01:11:25.154,38,0.002,0.7,5,manhattan,0.9468,0.9442,0.9524,2,407,9037,0.698632091,2.003945694,1.57637932,295
2026-09-19T01:11:29.377,38,0.002,0.7,6,manhattan,0.9822,0.9816,0.983,1,1260,9077,0.504883517,2.344482649,1.370443994,295
2026-09-19T01:11:33.848,38,0.002,0.7,7,manhattan,0.977,0.9738,0.9814,1,1464,8983,0.41420028,2.783458931,1.271889919,295
2026-09-19T01:11:37.172,38,0.002,0.7,8,manhattan,0.974,0.977,0.9723,39,806,6254,0.230676337,2.288726012,0.8017885,295
2026-09-19T01:11:38.137,38,0.002,0.7,9,manhattan,0.2767,0.4216,0.3318,4,301,151,0.385394922,0.244684133,0.333093825,294
2026-09-19T01:11:42.482,38,0.002,0.75,5,manhattan,0.9506,0.944,0.9582,1,407,9003,0.389323847,1.725543494,1.102428108,295
2026-09-19T01:11:46.172,38,0.002,0.75,6,manhattan,0.9715,0.9673,0.9789,1,1260,8993,0.415459519,2.048446772,1.223609586,295
2026-09-19T01:11:50.883,38,0.002,0.75,7,manhattan,0.9922,0.9921,0.9926,1,1464,8917,0.674318648,2.826375169,1.208627854,295
2026-09-19T01:11:54.007,38,0.002,0.75,8,manhattan,0.9826,0.9868,0.98,42,806,5424,0.222627264,2.189045816,0.707792828,295
2026-09-19T01:11:54.857,38,0.002,0.75,9,manhattan,0.3394,0.3915,0.348,2,301,47,0.367105225,0.275511187,0.204707377,250
2026-09-19T01:11:59.347,38,0.002,0.8,5,manhattan,0.965,0.9617,0.9697,1,407,8990,0.573533352,1.670274909,1.085131204,295
2026-09-19T01:12:03.434,38,0.002,0.8,6,manhattan,0.9722,0.966,0.9796,1,1260,8990,0.579102918,2.362290372,1.143759298,295
2026-09-19T01:12:07.392,38,0.002,0.8,7,manhattan,0.9878,0.9863,0.9895,1,1464,8864,0.602858119,2.517605472,0.835406343,295
2026-09-19T01:12:10.17,38,0.002,0.8,8,manhattan,0.9602,0.9544,0.9674,47,806,4211,0.235906614,1.796281236,0.743414699,295
2026-09-19T01:12:10.775,38,0.002,0.8,9,manhattan,0.3373,0.3488,0.3877,1,301,20,0.42647182,0.095225437,0.080718137,191
2026-09-19T01:12:15.21,38,0.0025,0.5,5,manhattan,0.9428,0.9375,0.9507,2,407,9674,0.451240767,1.533738745,1.218358426,295
2026-09-19T01:12:19.447,38,0.0025,0.5,6,manhattan,0.9526,0.9417,0.9666,1,1260,9673,0.717741097,2.366157486,1.149627157,295
2026-09-19T01:12:24.3,38,0.0025,0.5,7,manhattan,0.9922,0.992,0.9926,1,1464,9639,0.548413591,3.002255817,1.299310741,295
2026-09-19T01:12:27.875,38,0.0025,0.5,8,manhattan,1.0,1.0,1.0,3,806,8827,0.380063306,1.995893826,1.196587488,295
2026-09-19T01:12:29.75,38,0.0025,0.5,9,manhattan,0.8626,0.8626,0.8935,40,301,3994,0.417692276,1.055573656,0.399460966,295
2026-09-19T01:12:31.131,38,0.0025,0.5,10,manhattan,0.1408,0.2911,0.2339,18,129,650,0.859486306,0.190592584,0.329304166,293
2026-09-19T01:12:34.57,38,0.0025,0.55,5,manhattan,0.925,0.9197,0.9342,2,407,9625,0.441257159,1.7625851,1.23390343,295
2026-09-19T01:12:38.862,38,0.0025,0.55,6,manhattan,0.9423,0.941,0.9457,1,1260,9653,0.758173918,2.272215732,1.259042187,295
2026-09-19T01:12:43.758,38,0.0025,0.55,7,manhattan,0.9917,0.9912,0.9925,2,1464,9599,0.629834402,2.987713665,1.275325064,295
2026-09-19T01:12:47.684,38,0.0025,0.55,8,manhattan,0.9786,0.9734,0.9853,4,806,8730,0.435329516,2.26105418,1.227142859,295
2026-09-19T01:12:49.43,38,0.0025,0.55,9,manhattan,0.6629,0.7024,0.6995,45,301,2840,0.397590057,1.027431024,0.317011951,295
2026-09-19T01:12:51.243,38,0.0025,0.55,10,manhattan,0.1948,0.2522,0.2524,9,129,290,1.179441721,0.259771955,0.371679622,287
2026-09-19T01:12:54.668,38,0.0025,0.6,5,manhattan,0.943,0.9377,0.9502,2,407,9245,0.652172522,1.864519775,0.905901177,295
2026-09-19T01:12:58.962,38,0.0025,0.6,6,manhattan,0.9372,0.9332,0.9448,2,1260,9248,0.477014033,2.479622755,1.335263659,295
2026-09-19T01:13:03.454,38,0.0025,0.6,7,manhattan,1.0,1.0,1.0,1,1464,9249,0.532155229,2.77705057,1.180559462,295
2026-09-19T01:13:07.172,38,0.0025,0.6,8,manhattan,0.9976,0.9976,0.9975,6,806,8568,0.43260368,2.069746281,1.213116416,295
2026-09-19T01:13:08.647,38,0.0025,0.6,9,manhattan,0.5557,0.6437,0.6233,34,301,1855,0.330345848,0.773485371,0.369346293,295
2026-09-19T01:13:10.215,38,0.0025,0.6,10,manhattan,0.2674,0.2897,0.2755,3,129,96,1.141775245,0.11265001,0.311763166,272
2026-09-19T01:13:13.341,38,0.0025,0.65,5,manhattan,0.9565,0.9535,0.9608,1,407,9169,0.467842052,1.623860738,1.03087434,295
2026-09-19T01:13:17.596,38,0.0025,0.65,6,manhattan,0.9709,0.9691,0.9735,1,1260,9171,0.631748054,2.423938125,1.197335838,295
2026-09-19T01:13:21.748,38,0.0025,0.65,7,manhattan,0.9829,0.9766,0.9904,1,1464,9114,0.30083251,2.437852263,1.411553089,295
2026-09-19T01:13:25.424,38,0.0025,0.65,8,manhattan,0.9938,0.9944,0.9933,11,806,8318,0.291499823,2.303023859,1.079225282,295
2026-09-19T01:13:26.553,38,0.0025,0.65,9,manhattan,0.4826,0.6587,0.5103,24,301,1159,0.292729449,0.557708773,0.27636416,295
2026-09-19T01:13:31.003,38,0.0025,0.7,5,manhattan,0.9432,0.9358,0.9542,2,407,9081,0.621030134,1.550924671,1.146347407,295
2026-09-19T01:13:35.406,38,0.0025,0.7,6,manhattan,0.9891,0.9897,0.9887,1,1260,9097,0.631367349,2.584123401,1.175504067,295
2026-09-19T01:13:39.988,38,0.0025,0.7,7,manhattan,0.9901,0.988,0.9925,2,1464,9032,0.634660787,2.650354141,1.29485654,295
2026-09-19T01:13:43.442,38,0.0025,0.7,8,manhattan,0.9954,0.9976,0.9933,21,806,8038,0.209229323,2.24221085,1.000824341,295
2026-09-19T01:13:44.538,38,0.0025,0.7,9,manhattan,0.3449,0.3984,0.4182,13,301,625,0.455704257,0.450672399,0.186658631,295
2026-09-19T01:13:48.744,38,0.0025,0.75,5,manhattan,0.9336,0.9322,0.9367,1,407,9007,0.376411372,1.509345614,1.188622643,295
2026-09-19T01:13:52.994,38,0.0025,0.75,6,manhattan,0.984,0.9805,0.9882,1,1260,8997,0.541465706,2.46542066,1.240537099,295
2026-09-19T01:13:57.384,38,0.0025,0.75,7,manhattan,0.9773,0.9715,0.9844,1,1464,8959,0.46920759,2.781110097,1.136736823,295
2026-09-19T01:14:01.164,38,0.0025,0.75,8,manhattan,0.985,0.9804,0.9902,30,806,7203,0.33560064,2.36592666,1.077163776,295
2026-09-19T01:14:02.162,38,0.0025,0.75,9,manhattan,0.3395,0.4055,0.3762,8,301,374,0.324376929,0.395540982,0.275605962,295
2026-09-19T01:14:06.75,38,0.0025,0.8,5,manhattan,0.976,0.9726,0.9798,1,407,8994,0.708976499,1.537255046,1.221919426,295
2026-09-19T01:14:10.986,38,0.0025,0.8,6,manhattan,0.9747,0.9752,0.9745,1,1260,8994,0.548317769,2.436576821,1.249030153,295
2026-09-19T01:14:15.324,38,0.0025,0.8,7,manhattan,0.9872,0.9821,0.993,1,1464,8908,0.553122783,2.519900388,1.262091879,295
2026-09-19T01:14:18.024,38,0.0025,0.8,8,manhattan,0.9913,0.992,0.9908,27,806,6130,0.321970756,1.622797053,0.752650097,295
2026-09-19T01:14:18.915,38,0.0025,0.8,9,manhattan,0.4289,0.4949,0.4716,3,301,148,0.399452166,0.226788759,0.262606675,293
2026-09-19T01:14:23.902,38,0.003,0.5,5,manhattan,0.9486,0.9365,0.9647,1,407,9683,0.674558414,1.937500052,1.25811644,295
2026-09-19T01:14:28.353,38,0.003,0.5,6,manhattan,0.9761,0.9778,0.9745,1,1260,9677,0.680421243,2.318632348,1.449686383,295
2026-09-19T01:14:33.018,38,0.003,0.5,7,manhattan,0.981,0.9817,0.9805,1,1464,9658,0.67403579,2.762564501,1.225725988,295
2026-09-19T01:14:36.96,38,0.003,0.5,8,manhattan,0.992,0.9892,0.9951,4,806,8971,0.383656991,2.437089246,1.117509225,295
2026-09-19T01:14:39.399,38,0.003,0.5,9,manhattan,0.9618,0.9564,0.9704,37,301,5053,0.419826558,1.313864068,0.703225554,295
2026-09-19T01:14:41.41,38,0.003,0.5,10,manhattan,0.4043,0.4864,0.4442,28,129,1297,1.292802228,0.337230597,0.379382842,295
2026-09-19T01:14:44.395,38,0.003,0.55,5,manhattan,0.9239,0.9114,0.9451,2,407,9638,0.52577257,1.357318993,1.09970716,295
2026-09-19T01:14:48.4,38,0.003,0.55,6,manhattan,0.9767,0.9733,0.9807,1,1260,9657,0.735838172,2.113208889,1.153335591,295
2026-09-19T01:14:53.164,38,0.003,0.55,7,manhattan,0.9955,0.9936,0.9975,1,1464,9642,0.56509177,2.772680249,1.423975206,295
2026-09-19T01:14:56.878,38,0.003,0.55,8,manhattan,0.9964,0.9951,0.9977,2,806,8842,0.527806768,2.18246327,1.001814202,295
2026-09-19T01:14:59.026,38,0.003,0.55,9,manhattan,0.9197,0.9103,0.9362,36,301,4291,0.455061368,1.148316584,0.542115789,295
2026-09-19T01:15:00.778,38,0.003,0.55,10,manhattan,0.3466,0.3996,0.3748,19,129,754,1.19397221,0.222563569,0.33252839,295
2026-09-19T01:15:04.307,38,0.003,0.6,5,manhattan,0.9627,0.958,0.968,1,407,9256,0.536177181,1.723106241,1.266337603,295
2026-09-19T01:15:08.99,38,0.003,0.6,6,manhattan,0.9581,0.9487,0.9699,1,1260,9257,0.608907146,2.661311337,1.410830021,295
2026-09-19T01:15:13.578,38,0.003,0.6,7,manhattan,0.986,0.9845,0.988,1,1464,9253,0.42456159,2.826468757,1.33295261,295
2026-09-19T01:15:16.867,38,0.003,0.6,8,manhattan,0.9881,0.9844,0.9927,2,806,8776,0.309519933,1.955390886,1.022104156,295
2026-09-19T01:15:18.725,38,0.003,0.6,9,manhattan,0.6784,0.7492,0.7186,36,301,3183,0.421224921,0.852552878,0.582352216,295
2026-09-19T01:15:19.937,38,0.003,0.6,10,manhattan,0.1697,0.3691,0.2647,7,129,316,0.811725594,0.164984423,0.233527749,292
2026-09-19T01:15:23.111,38,0.003,0.65,5,manhattan,0.9238,0.9153,0.9376,1,407,9176,0.455868455,1.679880885,1.03582204,295
2026-09-19T01:15:27.451,38,0.003,0.65,6,manhattan,0.9481,0.9393,0.9616,1,1260,9175,0.702953662,2.354222931,1.27984743,295
2026-09-19T01:15:31.74,38,0.003,0.65,7,manhattan,0.986,0.9829,0.9893,1,1464,9161,0.423207157,2.556763758,1.306188995,295
2026-09-19T01:15:35.35,38,0.003,0.65,8,manhattan,0.9954,0.9976,0.9933,6,806,8643,0.399242154,2.090687295,1.117763727,295
2026-09-19T01:15:36.743,38,0.003,0.65,9,manhattan,0.7465,0.7936,0.7727,32,301,2136,0.371484276,0.62765619,0.391987804,295
2026-09-19T01:15:38.265,38,0.003,0.65,10,manhattan,0.1315,0.2057,0.1814,4,129,152,1.230343897,0.092914668,0.196359033,279
2026-09-19T01:15:41.433,38,0.003,0.7,5,manhattan,0.9604,0.954,0.9706,1,407,9110,0.544108711,1.518054268,1.104219748,295
2026-09-19T01:15:45.68,38,0.003,0.7,6,manhattan,0.9785,0.9774,0.9812,1,1260,9111,0.675940853,2.443932649,1.122823313,295
2026-09-19T01:15:49.579,38,0.003,0.7,7,manhattan,0.9931,0.9912,0.9952,1,1464,9098,0.483727252,2.58751245,0.824706163,295
2026-09-19T01:15:53.133,38,0.003,0.7,8,manhattan,1.0,1.0,1.0,4,806,8427,0.343247427,2.221532439,0.988133962,295
2026-09-19T01:15:54.361,38,0.003,0.7,9,manhattan,0.4886,0.5914,0.511,20,301,1359,0.380110239,0.5624202,0.273640208,295
2026-09-19T01:15:58.736,38,0.003,0.75,5,manhattan,0.9308,0.9276,0.9344,1,407,9011,0.610101154,1.473035456,1.145923471,295
2026-09-19T01:16:02.92,38,0.003,0.75,6,manhattan,0.9494,0.9451,0.9567,1,1260,9005,0.642505015,2.380266691,1.158841742,295
2026-09-19T01:16:07.412,38,0.003,0.75,7,manhattan,0.9912,0.9876,0.9952,1,1464,8989,0.504680069,2.727943736,1.244121635,295
2026-09-19T01:16:11.047,38,0.003,0.75,8,manhattan,0.9871,0.9853,0.9895,12,806,8233,0.401547825,2.33634369,0.894245078,295
2026-09-19T01:16:12.034,38,0.003,0.75,9,manhattan,0.3706,0.4916,0.4297,14,301,754,0.36963844,0.358240964,0.256205089,295
2026-09-19T01:16:16.094,38,0.003,0.8,5,manhattan,0.9308,0.9244,0.9387,1,407,8998,0.382066495,1.457531171,1.087840699,295
2026-09-19T01:16:19.787,38,0.003,0.8,6,manhattan,0.9692,0.9728,0.9683,1,1260,8998,0.703140279,1.985769767,0.989280897,295
2026-09-19T01:16:24.279,38,0.003,0.8,7,manhattan,0.992,0.9892,0.9952,1,1464,8949,0.565493986,2.709641186,1.206637865,295
2026-09-19T01:16:28.113,38,0.003,0.8,8,manhattan,0.981,0.9795,0.9837,20,806,7761,0.413358343,2.540097942,0.877347737,295
2026-09-19T01:16:28.773,38,0.003,0.8,9,manhattan,0.3864,0.5309,0.4327,8,301,379,0.397352735,0.135154982,0.12484731,295
2026-09-19T01:17:20.511,39,0.0015,0.5,5,manhattan,0.9667,0.9706,0.9634,3,410,9399,0.985869287,4.323791535,1.996890882,295
2026-09-19T01:17:24.283,39,0.0015,0.5,6,manhattan,0.9788,0.9742,0.9836,7,1237,9494,0.411663922,1.620429922,0.877252404,295
2026-09-19T01:17:27.727,39,0.0015,0.5,7,manhattan,0.9751,0.9689,0.983,2,1417,9049,0.335439447,2.250834927,0.855604595,295
2026-09-19T01:17:30.014,39,0.0015,0.5,8,manhattan,0.9874,0.9854,0.9896,52,737,7055,0.200922954,1.452953211,0.631174727,295
2026-09-19T01:17:30.503,39,0.0015,0.5,9,manhattan,0.4133,0.4723,0.431,12,277,392,0.258132849,0.098641377,0.130318401,295
2026-09-19T01:17:31.453,39,0.0015,0.5,10,manhattan,0.3088,0.4667,0.412,2,114,32,0.878186881,0.028119935,0.041222587,129
2026-09-19T01:17:33.868,39,0.0015,0.55,5,manhattan,0.9438,0.935,0.9552,4,410,9093,0.363052613,1.103258522,0.947596589,295
2026-09-19T01:17:37.913,39,0.0015,0.55,6,manhattan,0.9914,0.988,0.9951,3,1237,9151,0.628563499,2.232926633,1.181832599,295
2026-09-19T01:17:41.211,39,0.0015,0.55,7,manhattan,1.0,1.0,1.0,1,1417,8986,0.302555356,1.812504468,1.180518464,295
2026-09-19T01:17:44.176,39,0.0015,0.55,8,manhattan,0.9788,0.9714,0.9878,58,737,6168,0.252827702,1.872524709,0.837691063,295
2026-09-19T01:17:45.01,39,0.0015,0.55,9,manhattan,0.1301,0.3668,0.219,8,277,202,0.416048072,0.241976804,0.173154112,294
2026-09-19T01:17:51.519,39,0.0015,0.6,5,manhattan,0.9569,0.9503,0.9655,1,410,9018,0.610135306,1.77946966,1.320441305,295
2026-09-19T01:17:54.644,39,0.0015,0.6,6,manhattan,0.9736,0.9721,0.9756,2,1237,9081,0.560477424,1.693568318,0.868036003,295
2026-09-19T01:17:58.968,39,0.0015,0.6,7,manhattan,0.9956,0.9936,0.9977,2,1417,8952,0.391617226,2.710678959,1.219586516,295
2026-09-19T01:18:01.684,39,0.0015,0.6,8,manhattan,0.9858,0.9816,0.9906,63,737,5147,0.376134172,1.565811349,0.772059631,295
2026-09-19T01:18:02.451,39,0.0015,0.6,9,manhattan,0.3404,0.4411,0.3842,4,277,115,0.447232225,0.178323836,0.138774788,293
2026-09-19T01:18:07.085,39,0.0015,0.65,5,manhattan,0.9813,0.9779,0.9853,1,410,9008,0.597850426,1.733136015,0.996597544,295
2026-09-19T01:18:11.39,39,0.0015,0.65,6,manhattan,0.9741,0.9683,0.9811,1,1237,9020,0.704422286,2.262786106,1.335592891,295
2026-09-19T01:18:15.106,39,0.0015,0.65,7,manhattan,0.9963,0.9977,0.9949,2,1417,8891,0.535341809,2.335799487,0.843512058,295
2026-09-19T01:18:17.212,39,0.0015,0.65,8,manhattan,0.9253,0.9217,0.931,73,737,3769,0.198671968,1.362488438,0.542020595,295
2026-09-19T01:18:18.133,39,0.0015,0.65,9,manhattan,0.2882,0.3113,0.3033,1,277,45,0.493440086,0.154447951,0.27036437,267
2026-09-19T01:18:22.756,39,0.0015,0.7,5,manhattan,0.943,0.9372,0.9539,4,410,8968,0.576229995,1.749404505,1.019544471,295
2026-09-19T01:18:27.246,39,0.0015,0.7,6,manhattan,0.9832,0.9821,0.9844,1,1237,8985,0.870116087,2.441603371,1.166678637,295
2026-09-19T01:18:31.621,39,0.0015,0.7,7,manhattan,0.9833,0.9797,0.9876,4,1417,8843,0.480296856,2.678616133,1.211907392,295
2026-09-19T01:18:33.36,39,0.0015,0.7,8,manhattan,0.6938,0.7816,0.7045,74,737,2603,0.36072969,1.074559323,0.301385514,295
2026-09-19T01:18:38.645,39,0.0015,0.75,5,manhattan,0.9758,0.9726,0.9796,5,410,8916,0.654799533,1.870575577,1.220296104,295
2026-09-19T01:18:42.83,39,0.0015,0.75,6,manhattan,0.9787,0.9715,0.9879,1,1237,8980,0.553486726,2.34661714,1.276564748,295
2026-09-19T01:18:47.354,39,0.0015,0.75,7,manhattan,0.9856,0.9878,0.9836,4,1417,8783,0.491920408,2.782551552,1.234657716,295
2026-09-19T01:18:48.567,39,0.0015,0.75,8,manhattan,0.5708,0.6495,0.5869,45,737,1356,0.183849683,0.678383553,0.349221096,295
2026-09-19T01:18:53.573,39,0.0015,0.8,5,manhattan,0.9062,0.9007,0.92,26,410,8637,0.654435241,1.739981374,0.956133783,295
2026-09-19T01:18:57.305,39,0.0015,0.8,6,manhattan,0.9963,0.9977,0.9949,2,1237,8946,0.414469588,2.048230613,1.266300168,295
2026-09-19T01:19:01.842,39,0.0015,0.8,7,manhattan,0.98,0.9755,0.9856,8,1417,8614,0.616443654,2.794734184,1.123891605,295
2026-09-19T01:19:02.762,39,0.0015,0.8,8,manhattan,0.4948,0.5199,0.5245,19,737,465,0.324976936,0.438559259,0.154529036,295
2026-09-19T01:19:07.906,39,0.002,0.5,5,manhattan,0.9591,0.9598,0.9596,3,410,9498,0.628191874,1.557856492,1.143554383,295
2026-09-19T01:19:12.023,39,0.002,0.5,6,manhattan,0.9776,0.9774,0.9797,1,1237,9599,0.655736175,2.256067509,1.203410147,295
2026-09-19T01:19:15.67,39,0.002,0.5,7,manhattan,0.9963,0.9977,0.9949,4,1417,9240,0.51381322,1.976539817,1.154364074,295
2026-09-19T01:19:19.441,39,0.002,0.5,8,manhattan,0.9852,0.9804,0.9906,8,737,8520,0.363168758,2.225692608,1.180006039,295
2026-09-19T01:19:20.422,39,0.002,0.5,9,manhattan,0.5752,0.6535,0.625,43,277,1894,0.352870375,0.30663388,0.319058932,295
2026-09-19T01:19:21.871,39,0.002,0.5,10,manhattan,0.3604,0.38,0.371,8,114,247,1.015680639,0.165364638,0.265962411,266
2026-09-19T01:19:25.41,39,0.002,0.55,5,manhattan,0.9663,0.9606,0.973,2,410,9194,0.60971968,1.699579702,1.227598644,295
2026-09-19T01:19:29.609,39,0.002,0.55,6,manhattan,0.9729,0.9684,0.978,1,1237,9191,0.494793331,2.433534114,1.268162347,295
2026-09-19T01:19:33.478,39,0.002,0.55,7,manhattan,0.9891,0.9856,0.9929,2,1417,9083,0.511892863,2.455927828,0.889858065,295
2026-09-19T01:19:36.911,39,0.002,0.55,8,manhattan,0.9935,0.992,0.9952,12,737,8274,0.210267654,1.97764359,1.237669413,295
2026-09-19T01:19:37.893,39,0.002,0.55,9,manhattan,0.5822,0.5959,0.6038,28,277,1069,0.471709096,0.293897685,0.214213479,295
2026-09-19T01:19:39.254,39,0.002,0.55,10,manhattan,0.2361,0.2491,0.2711,3,114,85,1.145863128,0.037593212,0.1753252,202
2026-09-19T01:19:42.789,39,0.002,0.6,5,manhattan,0.962,0.9587,0.9672,2,410,9073,0.620115003,1.643497953,1.268501636,295
2026-09-19T01:19:46.903,39,0.002,0.6,6,manhattan,0.9599,0.9536,0.9693,1,1237,9095,0.610017344,2.269081882,1.232903162,295
2026-09-19T01:19:51.274,39,0.002,0.6,7,manhattan,0.9806,0.98,0.9817,2,1417,9036,0.577922739,2.612762605,1.170847117,295
2026-09-19T01:19:54.158,39,0.002,0.6,8,manhattan,0.9931,0.9912,0.9952,22,737,7927,0.266545377,1.867670038,0.747043305,295
2026-09-19T01:19:55.034,39,0.002,0.6,9,manhattan,0.4961,0.5627,0.5642,11,277,530,0.386700467,0.303742798,0.18383334,295
2026-09-19T01:19:56.597,39,0.002,0.6,10,manhattan,0.4053,0.4257,0.4377,1,114,20,1.349397798,0.096787858,0.107451301,108
2026-09-19T01:19:59.936,39,0.002,0.65,5,manhattan,0.9519,0.9462,0.9596,1,410,9019,0.63719903,1.589824404,1.108829065,295
2026-09-19T01:20:04.109,39,0.002,0.65,6,manhattan,0.9539,0.9468,0.965,1,1237,9031,0.628492261,2.38625817,1.146691097,295
2026-09-19T01:20:08.775,39,0.002,0.65,7,manhattan,0.9873,0.9846,0.9907,1,1417,8991,0.736132344,2.774536561,1.152743477,295
2026-09-19T01:20:12.305,39,0.002,0.65,8,manhattan,0.9713,0.9645,0.9794,34,737,7134,0.400052104,2.144368319,0.976231393,295
2026-09-19T01:20:12.954,39,0.002,0.65,9,manhattan,0.4577,0.5384,0.481,7,277,348,0.259689822,0.166960373,0.220693637,295
2026-09-19T01:20:17.061,39,0.002,0.7,5,manhattan,0.9837,0.9804,0.9871,1,410,9004,0.570114061,1.483752678,0.812719575,295
2026-09-19T01:20:21.169,39,0.002,0.7,6,manhattan,0.9854,0.9833,0.9877,1,1237,9004,0.454346123,2.220716622,1.42473473,295
2026-09-19T01:20:25.357,39,0.002,0.7,7,manhattan,0.9915,0.988,0.9952,2,1417,8980,0.540224347,2.448002862,1.197846377,295
2026-09-19T01:20:28.453,39,0.002,0.7,8,manhattan,0.9897,0.992,0.9876,33,737,6209,0.235579059,1.990067733,0.868802022,295
2026-09-19T01:20:29.373,39,0.002,0.7,9,manhattan,0.331,0.3972,0.3737,6,277,205,0.467441232,0.210246352,0.241000562,294
2026-09-19T01:20:33.738,39,0.002,0.75,5,manhattan,0.9563,0.9514,0.9624,1,410,8991,0.558789917,1.526764529,1.125267689,295
2026-09-19T01:20:37.677,39,0.002,0.75,6,manhattan,0.9916,0.9953,0.9883,1,1237,8985,0.582697442,2.207938174,1.14636396,295
2026-09-19T01:20:41.481,39,0.002,0.75,7,manhattan,0.994,0.9927,0.9954,1,1417,8879,0.569313748,2.377851998,0.855694272,295
2026-09-19T01:20:44.187,39,0.002,0.75,8,manhattan,0.9651,0.9623,0.9682,47,737,5188,0.254357367,1.67909999,0.769844403,295
2026-09-19T01:20:44.907,39,0.002,0.75,9,manhattan,0.3896,0.4194,0.4038,2,277,80,0.428219041,0.124874478,0.162415658,290
2026-09-19T01:20:49.188,39,0.002,0.8,5,manhattan,0.9786,0.976,0.9814,2,410,8976,0.36818169,1.50094035,1.154227535,295
2026-09-19T01:20:53.371,39,0.002,0.8,6,manhattan,0.9761,0.9691,0.9856,1,1237,8979,0.803241269,2.305573905,1.072291016,295
2026-09-19T01:20:57.768,39,0.002,0.8,7,manhattan,0.9914,0.9921,0.991,1,1417,8874,0.540906487,2.58787388,1.265279995,295
2026-09-19T01:20:59.893,39,0.002,0.8,8,manhattan,0.9731,0.9712,0.9752,53,737,4055,0.208620027,1.336481693,0.578357991,295
2026-09-19T01:21:00.517,39,0.002,0.8,9,manhattan,0.2576,0.3045,0.2755,1,277,20,0.350449326,0.079605285,0.191195245,197
2026-09-19T01:21:04.531,39,0.0025,0.5,5,manhattan,0.9769,0.9747,0.9798,2,410,9522,0.640590804,1.318855976,0.958499798,295
2026-09-19T01:21:08.718,39,0.0025,0.5,6,manhattan,0.9954,0.9976,0.9933,1,1237,9603,0.65624036,2.313899481,1.213266435,295
2026-09-19T01:21:13.074,39,0.0025,0.5,7,manhattan,0.996,0.9944,0.9977,5,1417,9520,0.483349899,2.530257368,1.339589842,295
2026-09-19T01:21:16.456,39,0.0025,0.5,8,manhattan,0.971,0.9639,0.9805,3,737,8851,0.395037914,1.954572275,1.029309755,295
2026-09-19T01:21:18.272,39,0.0025,0.5,9,manhattan,0.7976,0.7972,0.8123,57,277,3655,0.418283553,0.933884362,0.461277735,295
2026-09-19T01:21:20.073,39,0.0025,0.5,10,manhattan,0.3708,0.4102,0.3869,17,114,789,1.374423413,0.148663342,0.275489327,295
2026-09-19T01:21:23.298,39,0.0025,0.55,5,manhattan,0.9743,0.9748,0.9751,1,410,9209,0.503369846,1.556710885,1.163049892,295
2026-09-19T01:21:27.164,39,0.0025,0.55,6,manhattan,0.981,0.9775,0.9853,1,1237,9197,0.645147043,2.31224082,0.906616352,295
2026-09-19T01:21:31.406,39,0.0025,0.55,7,manhattan,0.9857,0.9866,0.9851,2,1417,9153,0.313192051,2.480902877,1.445617427,295
2026-09-19T01:21:35.027,39,0.0025,0.55,8,manhattan,0.9873,0.9846,0.9906,5,737,8702,0.294371489,2.211761917,1.112905634,295
2026-09-19T01:21:36.579,39,0.0025,0.55,9,manhattan,0.818,0.8198,0.8213,40,277,2582,0.47552383,0.570575991,0.503989199,295
2026-09-19T01:21:38.35,39,0.0025,0.55,10,manhattan,0.4181,0.4623,0.4789,11,114,495,1.453074037,0.123531499,0.191709276,294
2026-09-19T01:21:41.647,39,0.0025,0.6,5,manhattan,0.9453,0.9367,0.9602,1,410,9109,0.614595373,1.506972405,1.173744135,295
2026-09-19T01:21:45.821,39,0.0025,0.6,6,manhattan,0.9723,0.9672,0.9794,1,1237,9110,0.62647217,2.369488079,1.175306067,295
2026-09-19T01:21:50.085,39,0.0025,0.6,7,manhattan,0.9946,0.9944,0.9949,1,1417,9063,0.540224766,2.393869058,1.327810542,295
2026-09-19T01:21:53.211,39,0.0025,0.6,8,manhattan,0.9921,0.9892,0.9954,6,737,8557,0.320240158,1.789553002,1.012927424,295
2026-09-19T01:21:54.559,39,0.0025,0.6,9,manhattan,0.6085,0.6355,0.618,29,277,1663,0.471060619,0.369748789,0.50522148,295
2026-09-19T01:21:55.945,39,0.0025,0.6,10,manhattan,0.249,0.3614,0.3195,8,114,276,1.087066787,0.076289707,0.219550893,288
2026-09-19T01:21:59.039,39,0.0025,0.65,5,manhattan,0.9787,0.9724,0.9858,1,410,9032,0.488969472,1.543038886,1.059994054,295
2026-09-19T01:22:03.443,39,0.0025,0.65,6,manhattan,0.9828,0.9814,0.9846,1,1237,9044,0.644334299,2.483116777,1.275109044,295
2026-09-19T01:22:07.689,39,0.0025,0.65,7,manhattan,0.9874,0.9852,0.9903,1,1417,9009,0.355267399,2.589982948,1.29834721,295
2026-09-19T01:22:11.639,39,0.0025,0.65,8,manhattan,0.9938,0.9936,0.9942,5,737,8236,0.480448411,2.488845023,0.977644423,295
2026-09-19T01:22:12.678,39,0.0025,0.65,9,manhattan,0.457,0.5243,0.5306,20,277,1055,0.479869147,0.242860645,0.314129949,295
2026-09-19T01:22:14.167,39,0.0025,0.65,10,manhattan,0.2528,0.2606,0.3334,4,114,135,1.155986559,0.131169835,0.198832603,243
2026-09-19T01:22:16.945,39,0.0025,0.7,5,manhattan,0.9842,0.9824,0.9862,1,410,9008,0.569665818,1.12713357,1.079658438,295
2026-09-19T01:22:21.244,39,0.0025,0.7,6,manhattan,0.9938,0.9936,0.9942,1,1237,9012,0.683532605,2.317230633,1.296217818,295
2026-09-19T01:22:25.666,39,0.0025,0.7,7,manhattan,0.9818,0.9761,0.9884,1,1417,8987,0.479280525,2.56559254,1.374601718,295
2026-09-19T01:22:29.228,39,0.0025,0.7,8,manhattan,0.9869,0.9822,0.9927,19,737,7964,0.40245248,2.221596135,0.935288871,295
2026-09-19T01:22:30.231,39,0.0025,0.7,9,manhattan,0.4742,0.5296,0.533,12,277,618,0.395254143,0.332878225,0.27211173,295
2026-09-19T01:22:31.701,39,0.0025,0.7,10,manhattan,0.142,0.1907,0.1877,1,114,24,1.269557847,0.091888768,0.107299676,127
2026-09-19T01:22:35.054,39,0.0025,0.75,5,manhattan,0.985,0.9822,0.988,1,410,8995,0.626384589,1.608539156,1.114910289,295
2026-09-19T01:22:39.156,39,0.0025,0.75,6,manhattan,0.9534,0.9496,0.9586,1,1237,8989,0.596240584,2.317115674,1.176165325,295
2026-09-19T01:22:42.922,39,0.0025,0.75,7,manhattan,0.9899,0.9892,0.991,2,1417,8981,0.299263734,2.245244199,1.213006346,295
2026-09-19T01:22:46.263,39,0.0025,0.75,8,manhattan,0.9915,0.988,0.9952,28,737,7197,0.421598363,1.916867247,0.999326733,295
2026-09-19T01:22:47.185,39,0.0025,0.75,9,manhattan,0.44,0.5475,0.4661,8,277,399,0.408646148,0.248851076,0.262768218,295
2026-09-19T01:22:52.245,39,0.0025,0.8,5,manhattan,0.9552,0.9524,0.9588,1,410,8989,0.735453975,1.606866596,1.351950499,295
2026-09-19T01:22:56.756,39,0.0025,0.8,6,manhattan,0.9691,0.9638,0.9764,1,1237,8988,0.789804077,2.319077447,1.399777002,295
2026-09-19T01:23:01.006,39,0.0025,0.8,7,manhattan,0.9914,0.988,0.9951,1,1417,8885,0.403929274,2.600103166,1.242197716,295
2026-09-19T01:23:04.194,39,0.0025,0.8,8,manhattan,0.9862,0.9827,0.9904,29,737,6301,0.311522144,1.985440815,0.887815626,295
2026-09-19T01:23:05.127,39,0.0025,0.8,9,manhattan,0.35,0.4212,0.4133,4,277,192,0.436658946,0.228890844,0.264690252,295
2026-09-19T01:23:09.647,39,0.003,0.5,5,manhattan,0.9547,0.9489,0.9623,2,410,9603,0.654152524,1.69486604,0.937608371,295
2026-09-19T01:23:13.96,39,0.003,0.5,6,manhattan,0.9699,0.9615,0.9804,1,1237,9608,0.64719982,2.516648856,1.147260583,295
2026-09-19T01:23:18.714,39,0.003,0.5,7,manhattan,0.9879,0.9831,0.993,1,1417,9599,0.49141357,2.916340508,1.343700911,295
2026-09-19T01:23:22.597,39,0.003,0.5,8,manhattan,0.9912,0.9876,0.9954,2,737,8963,0.42449112,2.181434368,1.275391483,295
2026-09-19T01:23:25.089,39,0.003,0.5,9,manhattan,0.9198,0.9083,0.9364,36,277,5159,0.536830407,1.227976904,0.723692835,295
2026-09-19T01:23:27.329,39,0.003,0.5,10,manhattan,0.4225,0.5004,0.4837,21,114,1410,1.208406037,0.502343318,0.52609803,295
2026-09-19T01:23:30.504,39,0.003,0.55,5,manhattan,0.966,0.9643,0.9687,1,410,9214,0.401082822,1.671858212,1.100453414,295
2026-09-19T01:23:34.726,39,0.003,0.55,6,manhattan,0.988,0.9889,0.9876,1,1237,9214,0.71695636,2.22621551,1.27561274,295
2026-09-19T01:23:38.86,39,0.003,0.55,7,manhattan,0.9959,0.9944,0.9975,1,1417,9212,0.63056613,2.381300972,1.119956395,295
2026-09-19T01:23:42.053,39,0.003,0.55,8,manhattan,0.9867,0.9832,0.9906,3,737,8898,0.422230426,1.925533158,0.843207201,295
2026-09-19T01:23:44.187,39,0.003,0.55,9,manhattan,0.8455,0.8373,0.8688,44,277,4221,0.448076676,1.076803744,0.606548884,295
2026-09-19T01:23:46.194,39,0.003,0.55,10,manhattan,0.2763,0.316,0.2958,16,114,896,1.159944048,0.412912336,0.432201184,295
2026-09-19T01:23:49.912,39,0.003,0.6,5,manhattan,0.9573,0.9534,0.9637,1,410,9117,0.425789959,1.914824318,1.374182042,295
2026-09-19T01:23:53.919,39,0.003,0.6,6,manhattan,0.9692,0.9609,0.9798,1,1237,9115,0.497380324,2.211522012,1.296044263,295
2026-09-19T01:23:58.144,39,0.003,0.6,7,manhattan,0.9915,0.988,0.9953,1,1417,9120,0.496128348,2.456320056,1.269394208,295
2026-09-19T01:24:01.488,39,0.003,0.6,8,manhattan,0.9932,0.9912,0.9954,4,737,8780,0.297441783,2.033044455,1.011703734,295
2026-09-19T01:24:03.055,39,0.003,0.6,9,manhattan,0.7744,0.8,0.7992,34,277,2885,0.408167596,0.700710429,0.449691966,295
2026-09-19T01:24:04.561,39,0.003,0.6,10,manhattan,0.3432,0.5104,0.372,12,114,611,1.06519856,0.099306057,0.339797126,295
2026-09-19T01:24:07.946,39,0.003,0.65,5,manhattan,0.9601,0.9558,0.9667,1,410,9043,0.627316342,1.647101766,1.107983427,295
2026-09-19T01:24:11.873,39,0.003,0.65,6,manhattan,0.9862,0.9848,0.9876,1,1237,9053,0.609498633,2.312669645,1.001503059,295
2026-09-19T01:24:15.805,39,0.003,0.65,7,manhattan,0.9838,0.9781,0.9904,1,1417,9056,0.335029548,2.466726484,1.128574257,295
2026-09-19T01:24:19.365,39,0.003,0.65,8,manhattan,0.9956,0.9936,0.9977,3,737,8601,0.314932775,2.022682376,1.219638897,295
2026-09-19T01:24:20.666,39,0.003,0.65,9,manhattan,0.7266,0.7313,0.7525,28,277,2037,0.33872995,0.466376501,0.49441095,295
2026-09-19T01:24:22.15,39,0.003,0.65,10,manhattan,0.1462,0.2313,0.2044,7,114,343,1.064235239,0.157922976,0.259827688,291
2026-09-19T01:24:25.419,39,0.003,0.7,5,manhattan,0.9716,0.9672,0.9764,1,410,9018,0.579535516,1.567020373,1.120190783,295
2026-09-19T01:24:29.633,39,0.003,0.7,6,manhattan,0.9812,0.98,0.9828,1,1237,9018,0.684323837,2.362587826,1.153737039,295
2026-09-19T01:24:33.955,39,0.003,0.7,7,manhattan,0.9832,0.9798,0.9875,1,1417,9001,0.532668772,2.636239488,1.151293989,295
2026-09-19T01:24:37.533,39,0.003,0.7,8,manhattan,0.9955,0.9936,0.9975,5,737,8463,0.334612036,2.088341256,1.152366543,295
2026-09-19T01:24:38.45,39,0.003,0.7,9,manhattan,0.64,0.6454,0.66,23,277,1275,0.414308185,0.31692437,0.184080299,295
2026-09-19T01:24:40.058,39,0.003,0.7,10,manhattan,0.1811,0.2118,0.2579,4,114,161,1.170633473,0.144840159,0.290886825,249
2026-09-19T01:24:42.85,39,0.003,0.75,5,manhattan,0.9558,0.9472,0.9678,1,410,8999,0.497878572,1.275028937,1.01661791,295
2026-09-19T01:24:46.81,39,0.003,0.75,6,manhattan,0.9804,0.9755,0.9858,1,1237,8993,0.650809499,2.119816228,1.186839664,295
2026-09-19T01:24:51.135,39,0.003,0.75,7,manhattan,0.9839,0.9779,0.9905,1,1417,8989,0.605874566,2.571655466,1.146304595,295
2026-09-19T01:24:54.753,39,0.003,0.75,8,manhattan,1.0,1.0,1.0,7,737,8226,0.339883729,2.04307765,1.232304272,295
2026-09-19T01:24:55.737,39,0.003,0.75,9,manhattan,0.4622,0.5206,0.5199,13,277,750,0.337364413,0.371972327,0.273025604,295
2026-09-19T01:24:57.126,39,0.003,0.75,10,manhattan,0.1591,0.2406,0.2035,1,114,30,1.061198328,0.120223814,0.205142628,153
2026-09-19T01:25:00.46,39,0.003,0.8,5,manhattan,0.9451,0.9374,0.9549,1,410,8993,0.599243481,1.452481852,1.280267945,295
2026-09-19T01:25:04.564,39,0.003,0.8,6,manhattan,0.9695,0.9634,0.9769,1,1237,8992,0.632259222,2.290925037,1.179032311,295
2026-09-19T01:25:08.706,39,0.003,0.8,7,manhattan,0.9876,0.9828,0.993,1,1417,8914,0.500585621,2.607217064,1.032454571,295
2026-09-19T01:25:12.008,39,0.003,0.8,8,manhattan,0.9776,0.9714,0.9855,17,737,7904,0.302470638,2.123953,0.872392006,295
2026-09-19T01:25:12.532,39,0.003,0.8,9,manhattan,0.4357,0.545,0.4614,9,277,485,0.244880387,0.129779924,0.147620681,295
2026-09-19T01:26:16.201,40,0.0015,0.5,5,manhattan,0.936,0.9401,0.9382,2,416,9596,1.14781191,4.757493539,2.09543476,295
2026-09-19T01:26:19.933,40,0.0015,0.5,6,manhattan,0.9852,0.9852,0.9853,1,1247,9645,0.417644924,1.608835144,0.841056018,295
2026-09-19T01:26:22.846,40,0.0015,0.5,7,manhattan,0.9829,0.9766,0.9906,7,1450,9248,0.298539899,1.826854347,0.785472308,295
2026-09-19T01:26:25.315,40,0.0015,0.5,8,manhattan,0.9875,0.9828,0.9927,44,779,7001,0.330805614,1.490187579,0.646068809,295
2026-09-19T01:26:25.814,40,0.0015,0.5,9,manhattan,0.3282,0.3236,0.3779,16,297,506,0.231474134,0.113263497,0.147962205,295
2026-09-19T01:26:26.812,40,0.0015,0.5,10,manhattan,0.2593,0.3666,0.2858,4,151,77,0.831231578,0.03561775,0.129583111,223
2026-09-19T01:26:28.993,40,0.0015,0.55,5,manhattan,0.9414,0.941,0.9439,6,416,9469,0.300394884,1.055222005,0.823170353,295
2026-09-19T01:26:31.881,40,0.0015,0.55,6,manhattan,0.9865,0.983,0.9902,5,1247,9600,0.390765093,1.655098039,0.839745167,295
2026-09-19T01:26:34.764,40,0.0015,0.55,7,manhattan,1.0,1.0,1.0,3,1450,9055,0.289804564,1.802556339,0.789109086,295
2026-09-19T01:26:36.808,40,0.0015,0.55,8,manhattan,0.9666,0.9568,0.9803,52,779,6209,0.178322649,1.293262133,0.571314982,295
2026-09-19T01:26:37.296,40,0.0015,0.55,9,manhattan,0.2834,0.5077,0.3594,7,297,258,0.253586109,0.085663811,0.146992109,295
2026-09-19T01:26:38.22,40,0.0015,0.55,10,manhattan,0.1404,0.1496,0.1987,1,151,17,0.849601873,0.033822548,0.038962521,105
2026-09-19T01:26:40.47,40,0.0015,0.6,5,manhattan,0.9742,0.9765,0.972,5,416,9152,0.382666292,1.075087463,0.790290522,295
2026-09-19T01:26:43.262,40,0.0015,0.6,6,manhattan,0.996,0.9944,0.9976,5,1247,9296,0.374965168,1.578264966,0.832073446,295
2026-09-19T01:26:46.388,40,0.0015,0.6,7,manhattan,1.0,1.0,1.0,2,1450,8950,0.29831494,1.827650818,0.997749576,295
2026-09-19T01:26:48.666,40,0.0015,0.6,8,manhattan,0.9422,0.9335,0.9598,66,779,5317,0.187641997,1.457654161,0.630642327,295
2026-09-19T01:26:49.09,40,0.0015,0.6,9,manhattan,0.3157,0.3869,0.3479,5,297,120,0.233344346,0.064247666,0.125218516,284
2026-09-19T01:26:52.934,40,0.0015,0.65,5,manhattan,0.9528,0.95,0.9589,1,416,9014,0.358115668,1.077175369,0.79626426,295
2026-09-19T01:26:56.36,40,0.0015,0.65,6,manhattan,0.9677,0.9658,0.9703,2,1247,9049,0.371748975,1.804682938,1.247924425,295
2026-09-19T01:26:59.944,40,0.0015,0.65,7,manhattan,0.9827,0.9827,0.9828,2,1450,8911,0.395266715,2.349836755,0.836317912,295
2026-09-19T01:27:01.808,40,0.0015,0.65,8,manhattan,0.8748,0.8788,0.8865,79,779,4053,0.172021285,1.103209563,0.587258989,295
2026-09-19T01:27:02.43,40,0.0015,0.65,9,manhattan,0.3669,0.4016,0.3604,3,297,55,0.338036636,0.055945628,0.22466698,256
2026-09-19T01:27:06.932,40,0.0015,0.7,5,manhattan,0.9362,0.9318,0.9448,4,416,8998,0.40739983,1.719754836,1.042755258,295
2026-09-19T01:27:11.093,40,0.0015,0.7,6,manhattan,0.9807,0.9749,0.9878,1,1247,9009,0.707233888,2.324479325,1.12684268,295
2026-09-19T01:27:14.785,40,0.0015,0.7,7,manhattan,0.9956,0.9936,0.9977,4,1450,8835,0.462365514,2.345606675,0.880971943,295
2026-09-19T01:27:15.881,40,0.0015,0.7,8,manhattan,0.7744,0.7749,0.7835,58,779,2325,0.204605059,0.600386993,0.288540995,295
2026-09-19T01:27:20.944,40,0.0015,0.75,5,manhattan,0.9437,0.9387,0.9512,10,416,8895,0.66956839,1.621226601,1.144014218,295
2026-09-19T01:27:25.185,40,0.0015,0.75,6,manhattan,0.9763,0.9727,0.9804,1,1247,8981,0.718969746,2.289969119,1.229986029,295
2026-09-19T01:27:29.282,40,0.0015,0.75,7,manhattan,0.9811,0.982,0.9817,2,1450,8739,0.483495099,2.421501919,1.190166207,295
2026-09-19T01:27:30.297,40,0.0015,0.75,8,manhattan,0.6081,0.6473,0.6419,43,779,1087,0.266640221,0.447142478,0.29915129,295
2026-09-19T01:27:34.817,40,0.0015,0.8,5,manhattan,0.9328,0.932,0.938,27,416,8422,0.361858046,1.346757517,0.96968342,295
2026-09-19T01:27:39.037,40,0.0015,0.8,6,manhattan,0.969,0.9656,0.9732,2,1247,8929,0.601675496,2.329255982,1.286086425,295
2026-09-19T01:27:43.173,40,0.0015,0.8,7,manhattan,0.9719,0.9631,0.9836,8,1450,8638,0.301287107,2.520775989,1.311021525,295
2026-09-19T01:27:44.11,40,0.0015,0.8,8,manhattan,0.3465,0.5308,0.3951,13,779,343,0.409552759,0.245147809,0.278175006,295
2026-09-19T01:27:49.641,40,0.002,0.5,5,manhattan,0.9856,0.9879,0.9839,2,416,9648,0.680195726,1.563998617,1.385785549,295
2026-09-19T01:27:53.262,40,0.002,0.5,6,manhattan,0.9718,0.9672,0.9774,1,1247,9649,0.631159361,1.952578096,1.034846566,295
2026-09-19T01:27:57.663,40,0.002,0.5,7,manhattan,0.9829,0.9766,0.9906,2,1450,9629,0.446873659,2.570061058,1.380830027,295
2026-09-19T01:28:01.537,40,0.002,0.5,8,manhattan,0.9956,0.9936,0.9977,8,779,8410,0.304260392,2.450125619,1.116352094,295
2026-09-19T01:28:02.859,40,0.002,0.5,9,manhattan,0.6441,0.6574,0.6696,44,297,1877,0.520552629,0.556875008,0.241911014,295
2026-09-19T01:28:04.51,40,0.002,0.5,10,manhattan,0.2605,0.336,0.2945,8,151,330,1.211725316,0.149445496,0.288166436,290
2026-09-19T01:28:07.789,40,0.002,0.55,5,manhattan,0.9386,0.9389,0.9441,3,416,9591,0.45857739,1.599456361,1.218947817,295
2026-09-19T01:28:11.792,40,0.002,0.55,6,manhattan,0.9664,0.9611,0.9769,1,1247,9639,0.644243436,2.420448433,0.927571265,295
2026-09-19T01:28:15.916,40,0.002,0.55,7,manhattan,0.9787,0.974,0.9845,5,1450,9469,0.316557774,2.513976447,1.29216311,295
2026-09-19T01:28:19.528,40,0.002,0.55,8,manhattan,1.0,1.0,1.0,24,779,8010,0.356438848,2.348115376,0.905016217,295
2026-09-19T01:28:20.486,40,0.002,0.55,9,manhattan,0.5838,0.6022,0.6174,20,297,944,0.42736984,0.345786998,0.182404316,295
2026-09-19T01:28:22.203,40,0.002,0.55,10,manhattan,0.2739,0.4184,0.3024,7,151,190,1.278472882,0.160564025,0.26881075,284
2026-09-19T01:28:25.71,40,0.002,0.6,5,manhattan,0.9616,0.9579,0.9667,5,416,9371,0.587814506,1.667921186,1.249234719,295
2026-09-19T01:28:30.08,40,0.002,0.6,6,manhattan,0.9868,0.9886,0.9851,6,1247,9533,0.568463849,2.611070839,1.188591843,295
2026-09-19T01:28:33.759,40,0.002,0.6,7,manhattan,0.9963,0.9977,0.9949,6,1450,9157,0.529361576,1.89450161,1.252411731,295
2026-09-19T01:28:37.3,40,0.002,0.6,8,manhattan,0.983,0.9769,0.9902,23,779,7451,0.302656905,2.195188989,1.040342311,295
2026-09-19T01:28:37.877,40,0.002,0.6,9,manhattan,0.4453,0.6088,0.4664,11,297,552,0.292758154,0.131389626,0.142851077,295
2026-09-19T01:28:39.31,40,0.002,0.6,10,manhattan,0.3327,0.3969,0.3734,2,151,66,1.141234603,0.055527418,0.234201019,244
2026-09-19T01:28:42.496,40,0.002,0.65,5,manhattan,0.9592,0.9617,0.9572,3,416,9066,0.495332646,1.604491152,1.083294238,295
2026-09-19T01:28:46.584,40,0.002,0.65,6,manhattan,0.9734,0.9663,0.983,2,1247,9083,0.672432303,2.17829514,1.229125864,295
2026-09-19T01:28:50.826,40,0.002,0.65,7,manhattan,0.9873,0.9854,0.9894,1,1450,9004,0.56845023,2.602180107,1.069009731,295
2026-09-19T01:28:53.513,40,0.002,0.65,8,manhattan,0.9883,0.9841,0.993,32,779,6973,0.201955908,1.515921664,0.967810555,295
2026-09-19T01:28:54.395,40,0.002,0.65,9,manhattan,0.4696,0.4868,0.4895,9,297,339,0.396299598,0.170118948,0.312775517,295
2026-09-19T01:28:58.968,40,0.002,0.7,5,manhattan,0.9592,0.954,0.9661,1,416,9018,0.417011114,1.637678844,1.26653239,295
2026-09-19T01:29:03.37,40,0.002,0.7,6,manhattan,0.9875,0.9828,0.9929,1,1247,9022,0.589137651,2.554629407,1.248533652,295
2026-09-19T01:29:07.645,40,0.002,0.7,7,manhattan,0.9808,0.9755,0.9883,2,1450,8977,0.356833033,2.66535969,1.25011898,295
2026-09-19T01:29:10.683,40,0.002,0.7,8,manhattan,0.962,0.9541,0.9738,37,779,6148,0.371342289,1.802907711,0.860424205,295
2026-09-19T01:29:11.157,40,0.002,0.7,9,manhattan,0.4544,0.4947,0.4606,6,297,184,0.267741688,0.071803729,0.132657316,295
2026-09-19T01:29:15.763,40,0.002,0.75,5,manhattan,0.9638,0.9624,0.967,1,416,8991,0.581418647,1.740329602,1.109089504,295
2026-09-19T01:29:20.244,40,0.002,0.75,6,manhattan,0.967,0.9589,0.9778,1,1247,8990,0.680796082,2.499717712,1.298040816,295
2026-09-19T01:29:24.847,40,0.002,0.75,7,manhattan,0.9976,0.9976,0.9977,1,1450,8907,0.645930662,2.879308959,1.075924721,295
2026-09-19T01:29:27.646,40,0.002,0.75,8,manhattan,0.9898,0.9897,0.9901,42,779,5113,0.329318971,1.705132297,0.761077012,295
2026-09-19T01:29:28.763,40,0.002,0.75,9,manhattan,0.3903,0.4011,0.3956,4,297,86,0.5451219,0.299291741,0.27113039,280
2026-09-19T01:29:33.688,40,0.002,0.8,5,manhattan,0.9673,0.957,0.9805,4,416,8922,0.501105451,1.617955863,1.262147193,295
2026-09-19T01:29:37.186,40,0.002,0.8,6,manhattan,0.9552,0.9463,0.9686,1,1247,8966,0.577861279,1.983990141,0.933539974,295
2026-09-19T01:29:41.507,40,0.002,0.8,7,manhattan,0.987,0.9838,0.9905,1,1450,8868,0.549638539,2.669095014,1.099226861,295
2026-09-19T01:29:43.642,40,0.002,0.8,8,manhattan,0.9467,0.9462,0.9486,54,779,3789,0.2967697,1.234190129,0.596675765,295
2026-09-19T01:29:48.814,40,0.0025,0.5,5,manhattan,0.9421,0.9429,0.9433,1,416,9657,0.569606034,1.696835916,1.115194404,295
2026-09-19T01:29:53.129,40,0.0025,0.5,6,manhattan,0.9731,0.9672,0.9804,1,1247,9653,0.715309711,2.424734595,1.173151602,295
2026-09-19T01:29:57.351,40,0.0025,0.5,7,manhattan,0.9771,0.9721,0.9828,1,1450,9638,0.52689017,2.522454626,1.170606304,295
2026-09-19T01:30:00.8,40,0.0025,0.5,8,manhattan,0.9914,0.9912,0.9919,6,779,8760,0.44305306,2.195528836,0.804883449,295
2026-09-19T01:30:02.421,40,0.0025,0.5,9,manhattan,0.7689,0.7951,0.769,52,297,3455,0.2659937,0.838692867,0.514015271,295
2026-09-19T01:30:04.385,40,0.0025,0.5,10,manhattan,0.3326,0.4114,0.387,21,151,914,1.260266924,0.330188496,0.369597443,295
2026-09-19T01:30:07.748,40,0.0025,0.55,5,manhattan,0.9525,0.9455,0.9627,3,416,9638,0.454303729,1.583561802,1.32343191,295
2026-09-19T01:30:11.989,40,0.0025,0.55,6,manhattan,0.9648,0.9638,0.9684,1,1247,9643,0.556718144,2.358333302,1.323693955,295
2026-09-19T01:30:16.207,40,0.0025,0.55,7,manhattan,0.9821,0.9776,0.9869,1,1450,9633,0.397558768,2.511443721,1.306154283,295
2026-09-19T01:30:19.622,40,0.0025,0.55,8,manhattan,0.9924,0.9896,0.9954,5,779,8617,0.406737944,1.952964179,1.052113507,295
2026-09-19T01:30:20.979,40,0.0025,0.55,9,manhattan,0.7435,0.76,0.7363,39,297,2278,0.461598097,0.504868012,0.388055598,295
2026-09-19T01:30:22.739,40,0.0025,0.55,10,manhattan,0.4342,0.4974,0.4582,7,151,380,1.18460097,0.305998673,0.268183575,295
2026-09-19T01:30:25.541,40,0.0025,0.6,5,manhattan,0.9409,0.9407,0.9439,4,416,9497,0.519578272,1.162864742,1.116302507,295
2026-09-19T01:30:29.898,40,0.0025,0.6,6,manhattan,0.9878,0.9856,0.9903,1,1247,9598,0.619297929,2.407580308,1.327089361,295
2026-09-19T01:30:34.386,40,0.0025,0.6,7,manhattan,0.9879,0.9831,0.993,4,1450,9328,0.338407353,2.706682289,1.441530522,295
2026-09-19T01:30:37.969,40,0.0025,0.6,8,manhattan,0.9892,0.9909,0.9876,8,779,8446,0.312912895,2.30482353,0.962111294,295
2026-09-19T01:30:39.357,40,0.0025,0.6,9,manhattan,0.5473,0.626,0.594,30,297,1569,0.443954292,0.499154503,0.442570666,295
2026-09-19T01:30:41.035,40,0.0025,0.6,10,manhattan,0.2836,0.3587,0.3242,6,151,297,1.238389967,0.234389591,0.202356098,292
2026-09-19T01:30:44.245,40,0.0025,0.65,5,manhattan,0.9422,0.9476,0.9398,2,416,9100,0.560336135,1.529252418,1.118519689,295
2026-09-19T01:30:48.208,40,0.0025,0.65,6,manhattan,0.9669,0.966,0.9686,1,1247,9104,0.593140676,2.37133622,0.997073373,295
2026-09-19T01:30:52.123,40,0.0025,0.65,7,manhattan,0.9853,0.9819,0.9893,2,1450,9052,0.302620727,2.318568653,1.292195376,295
2026-09-19T01:30:55.775,40,0.0025,0.65,8,manhattan,1.0,1.0,1.0,12,779,8123,0.396365738,2.242321408,1.010520762,295
2026-09-19T01:30:56.865,40,0.0025,0.65,9,manhattan,0.6352,0.6688,0.6706,15,297,907,0.440884626,0.318618442,0.328269675,295
2026-09-19T01:30:58.619,40,0.0025,0.65,10,manhattan,0.3212,0.3716,0.3466,4,151,133,1.232140355,0.310321572,0.209218427,283
2026-09-19T01:31:01.996,40,0.0025,0.7,5,manhattan,0.9787,0.9781,0.9795,1,416,9026,0.588876165,1.485797982,1.299793275,295
2026-09-19T01:31:06.307,40,0.0025,0.7,6,manhattan,0.986,0.9854,0.9869,1,1247,9026,0.667650128,2.402593008,1.238687072,295
2026-09-19T01:31:10.629,40,0.0025,0.7,7,manhattan,0.9924,0.9896,0.9954,1,1450,9009,0.519592799,2.497251893,1.301618438,295
2026-09-19T01:31:13.451,40,0.0025,0.7,8,manhattan,0.996,0.9944,0.9977,19,779,7540,0.29720572,1.66273491,0.859069913,295
2026-09-19T01:31:14.293,40,0.0025,0.7,9,manhattan,0.5998,0.6144,0.6086,12,297,581,0.391642718,0.232223392,0.215757531,295
2026-09-19T01:31:16.017,40,0.0025,0.7,10,manhattan,0.47,0.4594,0.4981,3,151,84,1.460633942,0.113602157,0.147983996,258
2026-09-19T01:31:19.489,40,0.0025,0.75,5,manhattan,0.9584,0.9537,0.9641,1,416,8995,0.609894563,1.545482424,1.31478255,295
2026-09-19T01:31:24.068,40,0.0025,0.75,6,manhattan,0.98,0.9783,0.9826,1,1247,8995,0.702554869,2.553300956,1.31969945,295
2026-09-19T01:31:28.415,40,0.0025,0.75,7,manhattan,0.9901,0.9902,0.9901,2,1450,8972,0.498424382,2.543939494,1.302423011,295
2026-09-19T01:31:31.702,40,0.0025,0.75,8,manhattan,0.9959,0.9944,0.9975,25,779,7061,0.342293954,1.99233171,0.939396659,295
2026-09-19T01:31:32.63,40,0.0025,0.75,9,manhattan,0.435,0.4563,0.4648,7,297,297,0.422685163,0.284105861,0.219237864,295
2026-09-19T01:31:36.834,40,0.0025,0.8,5,manhattan,0.9661,0.9642,0.9689,1,416,8964,0.636530997,1.427556879,0.845443102,295
2026-09-19T01:31:41.204,40,0.0025,0.8,6,manhattan,0.9919,0.9892,0.995,1,1247,8970,0.663781128,2.535871912,1.168424182,295
2026-09-19T01:31:45.532,40,0.0025,0.8,7,manhattan,0.9869,0.9822,0.9927,1,1450,8912,0.574583696,2.504593824,1.245354684,295
2026-09-19T01:31:48.593,40,0.0025,0.8,8,manhattan,0.9955,0.9936,0.9975,33,779,6053,0.409365793,1.809052002,0.839942468,295
2026-09-19T01:31:49.147,40,0.0025,0.8,9,manhattan,0.3985,0.458,0.3838,3,297,107,0.329825042,0.071563195,0.141089329,295
2026-09-19T01:31:53.83,40,0.003,0.5,5,manhattan,0.9472,0.9497,0.9498,1,416,9661,0.567239182,1.836415135,1.098674207,295
2026-09-19T01:31:57.977,40,0.003,0.5,6,manhattan,0.9782,0.9751,0.9821,1,1247,9657,0.688660495,2.1310831,1.325716071,295
2026-09-19T01:32:01.72,40,0.003,0.5,7,manhattan,1.0,1.0,1.0,1,1450,9655,0.420078685,2.385457089,0.934245721,295
2026-09-19T01:32:05.482,40,0.003,0.5,8,manhattan,0.996,0.9944,0.9976,3,779,8966,0.393624466,2.150891358,1.215392754,295
2026-09-19T01:32:07.439,40,0.003,0.5,9,manhattan,0.9118,0.9118,0.9163,40,297,4553,0.334443928,1.113754695,0.506356611,295
2026-09-19T01:32:09.534,40,0.003,0.5,10,manhattan,0.5142,0.5407,0.5609,28,151,1624,1.120190714,0.397673797,0.574511828,295
2026-09-19T01:32:12.794,40,0.003,0.55,5,manhattan,0.944,0.945,0.948,1,416,9657,0.580764164,1.541660148,1.134427658,295
2026-09-19T01:32:17.049,40,0.003,0.55,6,manhattan,0.9725,0.9704,0.9752,1,1247,9647,0.666023593,2.33331977,1.254133529,295
2026-09-19T01:32:21.291,40,0.003,0.55,7,manhattan,0.9955,0.9936,0.9975,1,1450,9641,0.524081781,2.514861616,1.200934831,295
2026-09-19T01:32:24.938,40,0.003,0.55,8,manhattan,0.9887,0.9849,0.993,3,779,8846,0.410635858,2.252179512,0.981316401,295
2026-09-19T01:32:27.015,40,0.003,0.55,9,manhattan,0.8002,0.8065,0.8278,40,297,3739,0.364408162,1.201101612,0.509733579,295
2026-09-19T01:32:28.444,40,0.003,0.55,10,manhattan,0.2737,0.4467,0.3595,16,151,877,1.011916401,0.18949349,0.22555152,295
2026-09-19T01:32:31.669,40,0.003,0.6,5,manhattan,0.9571,0.9512,0.9652,2,416,9517,0.357002258,1.654194641,1.200482119,295
2026-09-19T01:32:36.341,40,0.003,0.6,6,manhattan,0.9719,0.9672,0.9774,1,1247,9602,0.722668054,2.796586237,1.151123088,295
2026-09-19T01:32:40.779,40,0.003,0.6,7,manhattan,0.9822,0.9781,0.9873,6,1450,9554,0.568087544,2.571798222,1.296017722,295
2026-09-19T01:32:44.311,40,0.003,0.6,8,manhattan,0.9876,0.9828,0.9928,3,779,8670,0.471852829,2.04363233,1.013716422,295
2026-09-19T01:32:45.773,40,0.003,0.6,9,manhattan,0.7186,0.7809,0.742,39,297,2796,0.437253366,0.70119834,0.320533352,295
2026-09-19T01:32:47.617,40,0.003,0.6,10,manhattan,0.4564,0.512,0.482,7,151,445,1.223008951,0.27641654,0.334725459,295
2026-09-19T01:32:50.679,40,0.003,0.65,5,manhattan,0.9552,0.9513,0.9608,1,416,9116,0.46392542,1.497155438,1.098960905,295
2026-09-19T01:32:54.636,40,0.003,0.65,6,manhattan,0.9746,0.9747,0.9745,1,1247,9108,0.549607808,2.280783727,1.116022513,295
2026-09-19T01:32:58.762,40,0.003,0.65,7,manhattan,0.9976,0.9976,0.9977,1,1450,9098,0.525694487,2.585845758,1.006239,295
2026-09-19T01:33:02.049,40,0.003,0.65,8,manhattan,1.0,1.0,1.0,4,779,8582,0.215548845,1.86671845,1.202355124,295
2026-09-19T01:33:03.305,40,0.003,0.65,9,manhattan,0.7182,0.7262,0.7405,29,297,1766,0.324016199,0.601733115,0.325509686,295
2026-09-19T01:33:05.022,40,0.003,0.65,10,manhattan,0.4149,0.4899,0.4439,4,151,282,1.147907244,0.291857061,0.274472926,295
2026-09-19T01:33:08.056,40,0.003,0.7,5,manhattan,0.9601,0.9524,0.9697,1,416,9030,0.405058958,1.607030374,1.019784446,295
2026-09-19T01:33:12.114,40,0.003,0.7,6,manhattan,0.9735,0.9687,0.9796,1,1247,9030,0.585632943,2.363641523,1.107040499,295
2026-09-19T01:33:16.302,40,0.003,0.7,7,manhattan,0.9906,0.9889,0.9927,1,1450,9019,0.564340696,2.481772401,1.140095422,295
2026-09-19T01:33:20.02,40,0.003,0.7,8,manhattan,0.9932,0.9912,0.9954,9,779,8302,0.43068444,2.134021186,1.150283177,295
2026-09-19T01:33:21.099,40,0.003,0.7,9,manhattan,0.6114,0.6666,0.6283,15,297,1027,0.349580499,0.358325053,0.368871862,295
2026-09-19T01:33:22.622,40,0.003,0.7,10,manhattan,0.3307,0.3995,0.3719,4,151,201,1.258146333,0.108082179,0.155647405,291
2026-09-19T01:33:25.688,40,0.003,0.75,5,manhattan,0.9562,0.9522,0.9631,1,416,8999,0.494971007,1.472825863,1.095619836,295
2026-09-19T01:33:29.421,40,0.003,0.75,6,manhattan,0.98,0.973,0.988,1,1247,8999,0.731416797,2.006244311,0.99196448,295
2026-09-19T01:33:33.474,40,0.003,0.75,7,manhattan,0.991,0.9876,0.995,1,1450,8989,0.444115905,2.483183475,1.118885728,295
2026-09-19T01:33:37.108,40,0.003,0.75,8,manhattan,1.0,1.0,1.0,11,779,7864,0.370705895,2.17579489,1.085060596,295
2026-09-19T01:33:37.839,40,0.003,0.75,9,manhattan,0.4711,0.518,0.5274,9,297,627,0.401675356,0.148260078,0.16974383,295
2026-09-19T01:33:39.282,40,0.003,0.75,10,manhattan,0.236,0.3618,0.256,3,151,118,1.076430023,0.047894459,0.316579704,278
2026-09-19T01:33:42.551,40,0.003,0.8,5,manhattan,0.9618,0.9515,0.9757,1,416,8968,0.529185716,1.681072868,1.056311041,295
2026-09-19T01:33:46.461,40,0.003,0.8,6,manhattan,0.9785,0.9715,0.9877,1,1247,8974,0.711492743,2.17360278,1.02218161,295
2026-09-19T01:33:50.8,40,0.003,0.8,7,manhattan,0.991,0.9876,0.995,1,1450,8944,0.599213659,2.676346499,1.060817692,295
2026-09-19T01:33:54.244,40,0.003,0.8,8,manhattan,0.9896,0.9869,0.9929,17,779,7451,0.344040894,2.132667102,0.965622147,295
2026-09-19T01:33:55.041,40,0.003,0.8,9,manhattan,0.4816,0.55,0.4912,6,297,344,0.465830342,0.194043373,0.135248011,295
2026-09-19T01:33:56.555,40,0.003,0.8,10,manhattan,0.1302,0.1477,0.2066,1,151,35,1.134332953,0.106568158,0.27133747,190
2026-09-19T01:35:05.588,41,0.0015,0.5,5,manhattan,0.9266,0.9323,0.9241,2,406,9613,1.590988449,6.540105849,2.466719849,295
2026-09-19T01:35:09.391,41,0.0015,0.5,6,manhattan,0.9756,0.9671,0.986,1,1234,9644,0.397719263,1.606917301,0.881217086,295
2026-09-19T01:35:12.401,41,0.0015,0.5,7,manhattan,0.9869,0.9844,0.9902,7,1460,9297,0.296940532,1.874472094,0.83601124,295
2026-09-19T01:35:14.799,41,0.0015,0.5,8,manhattan,0.9955,0.9936,0.9976,40,749,6573,0.24689035,1.529804793,0.619522609,295
2026-09-19T01:35:15.355,41,0.0015,0.5,9,manhattan,0.3605,0.5423,0.3958,25,299,746,0.246799417,0.1529384,0.15453602,295
2026-09-19T01:35:16.444,41,0.0015,0.5,10,manhattan,0.2619,0.4433,0.3102,4,136,108,0.891063317,0.040210446,0.156636777,261
2026-09-19T01:35:18.723,41,0.0015,0.55,5,manhattan,0.964,0.9639,0.9644,5,406,9442,0.330389151,1.101410311,0.845268079,295
2026-09-19T01:35:21.631,41,0.0015,0.55,6,manhattan,0.9821,0.9806,0.9839,7,1234,9583,0.382745422,1.644752723,0.87838076,295
2026-09-19T01:35:24.609,41,0.0015,0.55,7,manhattan,0.9872,0.9821,0.993,1,1460,9075,0.287660994,1.832407222,0.856601301,295
2026-09-19T01:35:26.547,41,0.0015,0.55,8,manhattan,0.9875,0.9868,0.9887,50,749,5730,0.182467732,1.23248614,0.520755098,295
2026-09-19T01:35:27.031,41,0.0015,0.55,9,manhattan,0.3919,0.5594,0.4096,12,299,393,0.238506807,0.102774657,0.134005882,295
2026-09-19T01:35:27.99,41,0.0015,0.55,10,manhattan,0.3112,0.3327,0.3324,2,136,40,0.758158553,0.034032561,0.15975205,184
2026-09-19T01:35:30.237,41,0.0015,0.6,5,manhattan,0.9448,0.9442,0.9487,2,406,9039,0.350059541,1.06976737,0.82494111,295
2026-09-19T01:35:33.075,41,0.0015,0.6,6,manhattan,0.974,0.9753,0.9728,3,1234,9144,0.375643048,1.609767246,0.851061277,295
2026-09-19T01:35:36.081,41,0.0015,0.6,7,manhattan,0.996,0.9944,0.9976,2,1460,9066,0.292243213,1.871159171,0.84064563,295
2026-09-19T01:35:37.869,41,0.0015,0.6,8,manhattan,0.939,0.934,0.9502,60,749,4906,0.20286126,1.128976892,0.45460691,295
2026-09-19T01:35:38.428,41,0.0015,0.6,9,manhattan,0.2646,0.3998,0.3398,4,299,196,0.238230236,0.077784382,0.241933991,295
2026-09-19T01:35:39.33,41,0.0015,0.6,10,manhattan,0.1901,0.238,0.2362,2,136,32,0.789466255,0.056536066,0.053890756,150
2026-09-19T01:35:41.708,41,0.0015,0.65,5,manhattan,0.967,0.9672,0.9678,2,406,8979,0.36266618,1.15399643,0.859242211,295
2026-09-19T01:35:44.526,41,0.0015,0.65,6,manhattan,0.9811,0.9776,0.9852,1,1234,9057,0.409949318,1.583790951,0.817922615,295
2026-09-19T01:35:47.479,41,0.0015,0.65,7,manhattan,0.9931,0.9912,0.9952,3,1460,8969,0.291493817,1.824296548,0.834931073,295
2026-09-19T01:35:48.878,41,0.0015,0.65,8,manhattan,0.8971,0.9011,0.8993,71,749,3810,0.173324455,0.875057291,0.348982797,295
2026-09-19T01:35:49.324,41,0.0015,0.65,9,manhattan,0.3733,0.5418,0.4063,3,299,107,0.252518026,0.064877565,0.127027687,291
2026-09-19T01:35:53.234,41,0.0015,0.7,5,manhattan,0.9584,0.9597,0.9609,3,406,8964,0.354854917,1.157187132,0.802847853,295
2026-09-19T01:35:56.049,41,0.0015,0.7,6,manhattan,0.9713,0.9641,0.9806,1,1234,8984,0.382396215,1.60138496,0.82862077,295
2026-09-19T01:35:59.296,41,0.0015,0.7,7,manhattan,0.9909,0.9927,0.9892,4,1460,8870,0.3027998,1.998641943,0.943950453,295
2026-09-19T01:36:00.754,41,0.0015,0.7,8,manhattan,0.7445,0.7495,0.7762,67,749,2634,0.299259473,0.845844409,0.310735801,295
2026-09-19T01:36:01.206,41,0.0015,0.7,9,manhattan,0.2581,0.4188,0.3219,3,299,61,0.24157326,0.066628767,0.141614885,278
2026-09-19T01:36:04.646,41,0.0015,0.75,5,manhattan,0.9412,0.9386,0.9484,7,406,8855,0.291978725,1.324323365,0.861428174,295
2026-09-19T01:36:07.982,41,0.0015,0.75,6,manhattan,0.969,0.9648,0.9736,1,1234,8966,0.407768941,1.763022586,1.162206767,295
2026-09-19T01:36:12.016,41,0.0015,0.75,7,manhattan,0.9907,0.9888,0.9929,2,1460,8781,0.544487601,2.617726926,0.869249146,295
2026-09-19T01:36:12.793,41,0.0015,0.75,8,manhattan,0.6735,0.6774,0.6865,51,749,1502,0.172885362,0.404641097,0.1976277,295
2026-09-19T01:36:13.201,41,0.0015,0.75,9,manhattan,0.3847,0.4032,0.4151,2,299,34,0.238032654,0.056697539,0.111187674,236
2026-09-19T01:36:17.981,41,0.0015,0.8,5,manhattan,0.9082,0.9178,0.9011,31,406,8477,0.353691151,2.016148371,1.118002026,295
2026-09-19T01:36:22.379,41,0.0015,0.8,6,manhattan,0.9784,0.9745,0.9832,2,1234,8907,0.651213321,2.505907259,1.238050678,295
2026-09-19T01:36:26.776,41,0.0015,0.8,7,manhattan,1.0,1.0,1.0,7,1460,8639,0.555564156,2.768055426,1.070801022,295
2026-09-19T01:36:27.348,41,0.0015,0.8,8,manhattan,0.5678,0.6103,0.5986,25,749,637,0.181562589,0.238285969,0.149768302,295
2026-09-19T01:36:31.751,41,0.002,0.5,5,manhattan,0.907,0.9153,0.9078,2,406,9643,0.40776552,1.578732834,1.231842342,295
2026-09-19T01:36:35.934,41,0.002,0.5,6,manhattan,0.9567,0.9538,0.9635,1,1234,9649,0.599306408,2.269196002,1.312064256,295
2026-09-19T01:36:40.575,41,0.002,0.5,7,manhattan,0.9901,0.9887,0.9918,2,1460,9628,0.52098767,2.798552619,1.318125925,295
2026-09-19T01:36:43.997,41,0.002,0.5,8,manhattan,0.9976,0.9976,0.9977,14,749,8431,0.207138413,2.20433066,1.002341783,295
2026-09-19T01:36:45.43,41,0.002,0.5,9,manhattan,0.7215,0.723,0.7504,43,299,2237,0.453864846,0.699898872,0.275775257,295
2026-09-19T01:36:46.944,41,0.002,0.5,10,manhattan,0.2352,0.2148,0.295,11,136,452,1.094502723,0.192747119,0.224601468,288
2026-09-19T01:36:49.476,41,0.002,0.55,5,manhattan,0.9466,0.9508,0.9455,2,406,9584,0.261190991,1.106030523,1.075844194,295
2026-09-19T01:36:53.789,41,0.002,0.55,6,manhattan,0.9877,0.9862,0.9894,1,1234,9643,0.607996136,2.410687409,1.292112684,295
2026-09-19T01:36:58.105,41,0.002,0.55,7,manhattan,0.9911,0.9876,0.9951,5,1460,9480,0.318666353,2.638352677,1.356789386,295
2026-09-19T01:37:01.742,41,0.002,0.55,8,manhattan,1.0,1.0,1.0,29,749,7994,0.284652998,2.345129729,1.005164351,295
2026-09-19T01:37:02.829,41,0.002,0.55,9,manhattan,0.7231,0.7316,0.7496,34,299,1581,0.382748425,0.481516285,0.221657517,295
2026-09-19T01:37:04.686,41,0.002,0.55,10,manhattan,0.2902,0.394,0.3785,4,136,220,1.272708599,0.225804626,0.355816212,281
2026-09-19T01:37:07.8,41,0.002,0.6,5,manhattan,0.956,0.9583,0.9553,3,406,9188,0.519026735,1.700061816,0.892940721,295
2026-09-19T01:37:11.753,41,0.002,0.6,6,manhattan,0.9787,0.9753,0.9827,1,1234,9205,0.410052682,2.223478777,1.311443017,295
2026-09-19T01:37:16.166,41,0.002,0.6,7,manhattan,1.0,1.0,1.0,2,1460,9147,0.556425649,2.589648618,1.258941406,295
2026-09-19T01:37:19.425,41,0.002,0.6,8,manhattan,0.9918,0.9913,0.9925,27,749,7280,0.26771487,2.117145286,0.87122405,295
2026-09-19T01:37:20.469,41,0.002,0.6,9,manhattan,0.6011,0.7145,0.612,24,299,982,0.409674073,0.240012307,0.392678325,295
2026-09-19T01:37:21.844,41,0.002,0.6,10,manhattan,0.27,0.383,0.2915,4,136,145,1.028747184,0.124588129,0.217227901,273
2026-09-19T01:37:25.208,41,0.002,0.65,5,manhattan,0.9536,0.9491,0.959,2,406,9052,0.530889774,1.457674346,1.36317875,295
2026-09-19T01:37:28.664,41,0.002,0.65,6,manhattan,0.9845,0.9795,0.9901,1,1234,9095,0.598671341,2.024387063,0.831193794,295
2026-09-19T01:37:33.241,41,0.002,0.65,7,manhattan,0.9914,0.9912,0.9919,1,1460,9074,0.408820123,2.875214302,1.290633724,295
2026-09-19T01:37:36.415,41,0.002,0.65,8,manhattan,0.9736,0.969,0.9804,28,749,6584,0.320121777,1.881228893,0.969667846,295
2026-09-19T01:37:37.204,41,0.002,0.65,9,manhattan,0.4504,0.518,0.4676,10,299,416,0.309559463,0.222376115,0.255215507,295
2026-09-19T01:37:38.792,41,0.002,0.65,10,manhattan,0.2843,0.3798,0.3197,2,136,86,1.233994991,0.120738056,0.231735621,262
2026-09-19T01:37:42.208,41,0.002,0.7,5,manhattan,0.9604,0.963,0.9586,1,406,8990,0.592742301,1.566178156,1.255211041,295
2026-09-19T01:37:46.297,41,0.002,0.7,6,manhattan,0.9632,0.9588,0.9686,1,1234,9031,0.570419616,2.385735966,1.129712391,295
2026-09-19T01:37:50.053,41,0.002,0.7,7,manhattan,0.9946,0.9951,0.9942,2,1460,9031,0.613243734,1.969180567,1.165696878,295
2026-09-19T01:37:53.125,41,0.002,0.7,8,manhattan,0.9698,0.9697,0.9719,37,749,5816,0.300243887,1.92004384,0.850362096,295
2026-09-19T01:37:53.954,41,0.002,0.7,9,manhattan,0.4128,0.4852,0.4104,3,299,221,0.430136744,0.207511715,0.179362377,295
2026-09-19T01:37:55.328,41,0.002,0.7,10,manhattan,0.2836,0.3317,0.3219,2,136,42,1.026483556,0.101356808,0.243805948,197
2026-09-19T01:37:58.502,41,0.002,0.75,5,manhattan,0.9567,0.9589,0.9552,1,406,8971,0.478986213,1.636362335,1.057138242,295
2026-09-19T01:38:02.536,41,0.002,0.75,6,manhattan,0.978,0.9801,0.9761,1,1234,8975,0.700465565,2.180743707,1.150249373,295
2026-09-19T01:38:07.025,41,0.002,0.75,7,manhattan,0.9778,0.9763,0.9795,2,1460,8933,0.537852675,2.835171056,1.113703641,295
2026-09-19T01:38:08.93,41,0.002,0.75,8,manhattan,0.9822,0.9794,0.9854,43,749,4847,0.176131238,1.093545408,0.63318944,295
2026-09-19T01:38:09.683,41,0.002,0.75,9,manhattan,0.3297,0.4121,0.4029,3,299,177,0.381815066,0.089755395,0.280151235,295
2026-09-19T01:38:14.21,41,0.002,0.8,5,manhattan,0.9194,0.9186,0.9227,2,406,8916,0.527519091,1.541012649,1.156309086,295
2026-09-19T01:38:18.188,41,0.002,0.8,6,manhattan,0.9826,0.9848,0.9808,1,1234,8948,0.604153885,2.313277265,1.057769887,295
2026-09-19T01:38:22.364,41,0.002,0.8,7,manhattan,1.0,1.0,1.0,2,1460,8858,0.495235985,2.59297041,1.086256977,295
2026-09-19T01:38:24.553,41,0.002,0.8,8,manhattan,0.9229,0.9162,0.936,54,749,3721,0.273177229,1.355083022,0.549192881,295
2026-09-19T01:38:25.412,41,0.002,0.8,9,manhattan,0.274,0.5225,0.3429,2,299,92,0.350172894,0.186784765,0.319866786,289
2026-09-19T01:38:29.242,41,0.0025,0.5,5,manhattan,0.9395,0.933,0.9484,1,406,9660,0.346634453,1.404314733,1.155980902,295
2026-09-19T01:38:33.29,41,0.0025,0.5,6,manhattan,0.9671,0.9619,0.9739,1,1234,9653,0.761080434,2.231408422,1.05371022,295
2026-09-19T01:38:37.679,41,0.0025,0.5,7,manhattan,1.0,1.0,1.0,1,1460,9650,0.57483715,2.661911135,1.135507754,295
2026-09-19T01:38:41.238,41,0.0025,0.5,8,manhattan,0.996,0.9944,0.9976,4,749,8854,0.357755008,2.071695623,1.128185101,295
2026-09-19T01:38:43.162,41,0.0025,0.5,9,manhattan,0.8915,0.8834,0.9118,50,299,3918,0.338575881,0.929376244,0.653464586,295
2026-09-19T01:38:44.923,41,0.0025,0.5,10,manhattan,0.3315,0.4388,0.3838,23,136,1044,1.172885855,0.350543332,0.236151269,295
2026-09-19T01:38:48.279,41,0.0025,0.55,5,manhattan,0.9637,0.9617,0.9672,3,406,9623,0.513800718,1.498714366,1.341365347,295
2026-09-19T01:38:52.013,41,0.0025,0.55,6,manhattan,0.9878,0.9857,0.9902,1,1234,9647,0.728326668,1.819483432,1.183512563,295
2026-09-19T01:38:56.659,41,0.0025,0.55,7,manhattan,0.9732,0.9704,0.9771,3,1460,9621,0.517947058,2.865245919,1.260601604,295
2026-09-19T01:39:00.854,41,0.0025,0.55,8,manhattan,1.0,1.0,1.0,4,749,8653,0.237507937,2.530264143,1.424131092,295
2026-09-19T01:39:02.449,41,0.0025,0.55,9,manhattan,0.7249,0.7482,0.7449,39,299,2917,0.453286281,0.620278292,0.519245477,295
2026-09-19T01:39:03.937,41,0.0025,0.55,10,manhattan,0.3544,0.4211,0.4168,12,136,608,1.080677531,0.100624961,0.304865211,295
2026-09-19T01:39:07.374,41,0.0025,0.6,5,manhattan,0.9606,0.9558,0.9696,1,406,9209,0.625478027,1.524569729,1.283925195,295
2026-09-19T01:39:11.419,41,0.0025,0.6,6,manhattan,0.9869,0.9838,0.9903,1,1234,9209,0.547315073,2.287186654,1.207471816,295
2026-09-19T01:39:15.351,41,0.0025,0.6,7,manhattan,0.9939,0.9926,0.9954,1,1460,9202,0.504785496,2.528334814,0.896651168,295
2026-09-19T01:39:19.19,41,0.0025,0.6,8,manhattan,0.9956,0.9936,0.9977,9,749,8484,0.223567919,2.272750598,1.341018707,295
2026-09-19T01:39:20.644,41,0.0025,0.6,9,manhattan,0.7096,0.7382,0.7296,34,299,2146,0.41881631,0.697420566,0.331972712,295
2026-09-19T01:39:22.488,41,0.0025,0.6,10,manhattan,0.3153,0.3242,0.3267,4,136,279,1.117662825,0.385955004,0.337272479,289
2026-09-19T01:39:26.215,41,0.0025,0.65,5,manhattan,0.952,0.9531,0.9522,1,406,9110,0.605218813,1.623353954,1.495275496,295
2026-09-19T01:39:30.287,41,0.0025,0.65,6,manhattan,0.9748,0.9691,0.9829,1,1234,9104,0.615735865,2.207657604,1.246772699,295
2026-09-19T01:39:34.517,41,0.0025,0.65,7,manhattan,0.9956,0.9936,0.9977,1,1460,9104,0.442398852,2.596265809,1.189208946,295
2026-09-19T01:39:37.819,41,0.0025,0.65,8,manhattan,0.9828,0.9766,0.9902,17,749,8101,0.296104877,1.943041582,1.059909594,295
2026-09-19T01:39:38.81,41,0.0025,0.65,9,manhattan,0.649,0.6685,0.6829,27,299,1435,0.361182227,0.266940619,0.359629375,295
2026-09-19T01:39:39.976,41,0.0025,0.65,10,manhattan,0.3382,0.3538,0.3875,3,136,220,0.939433989,0.054679168,0.170620745,282
2026-09-19T01:39:42.741,41,0.0025,0.7,5,manhattan,0.9642,0.9651,0.9639,1,406,9001,0.309791117,1.354360699,1.098620317,295
2026-09-19T01:39:46.686,41,0.0025,0.7,6,manhattan,0.9931,0.9912,0.9952,1,1234,9039,0.686680511,2.207583642,1.048820612,295
2026-09-19T01:39:51.079,41,0.0025,0.7,7,manhattan,0.9857,0.9821,0.9903,1,1460,9049,0.613490536,2.695772053,1.080802267,295
2026-09-19T01:39:54.488,41,0.0025,0.7,8,manhattan,0.9857,0.9821,0.99,25,749,7368,0.381483694,1.982146561,1.043509112,295
2026-09-19T01:39:55.427,41,0.0025,0.7,9,manhattan,0.5874,0.6103,0.6078,13,299,802,0.322713851,0.262327393,0.352179964,295
2026-09-19T01:39:56.87,41,0.0025,0.7,10,manhattan,0.2131,0.2332,0.2989,2,136,135,1.137207144,0.139064074,0.164791511,272
2026-09-19T01:39:59.928,41,0.0025,0.75,5,manhattan,0.9798,0.9821,0.9784,1,406,8979,0.53744552,1.416873545,1.101000649,295
2026-09-19T01:40:03.801,41,0.0025,0.75,6,manhattan,0.9825,0.9827,0.9826,1,1234,8979,0.540213749,2.369556149,0.96156027,295
2026-09-19T01:40:07.827,41,0.0025,0.75,7,manhattan,0.9881,0.9894,0.9869,1,1460,8962,0.312493137,2.433996755,1.278269726,295
2026-09-19T01:40:10.707,41,0.0025,0.75,8,manhattan,1.0,1.0,1.0,23,749,6622,0.25886068,1.873325165,0.745619859,295
2026-09-19T01:40:11.633,41,0.0025,0.75,9,manhattan,0.3931,0.5539,0.4488,5,299,336,0.411332746,0.283258898,0.229023642,295
2026-09-19T01:40:13.237,41,0.0025,0.75,10,manhattan,0.2193,0.2683,0.2328,1,136,55,1.200282353,0.12406391,0.270682297,242
2026-09-19T01:40:16.406,41,0.0025,0.8,5,manhattan,0.96,0.9615,0.9592,1,406,8953,0.404482293,1.747017114,1.015820391,295
2026-09-19T01:40:20.738,41,0.0025,0.8,6,manhattan,0.9753,0.9748,0.9779,1,1234,8952,0.715302102,2.325428115,1.288430308,295
2026-09-19T01:40:24.792,41,0.0025,0.8,7,manhattan,1.0,1.0,1.0,2,1460,8941,0.456714083,2.46123067,1.133775072,295
2026-09-19T01:40:27.493,41,0.0025,0.8,8,manhattan,0.9898,0.9876,0.9925,32,749,5811,0.396772303,1.703178851,0.590147761,295
2026-09-19T01:40:27.953,41,0.0025,0.8,9,manhattan,0.3198,0.4794,0.3956,3,299,203,0.244926783,0.080381463,0.132889963,295
2026-09-19T01:40:29.162,41,0.0025,0.8,10,manhattan,0.291,0.4859,0.2918,1,136,27,1.024644629,0.047611579,0.133993317,191
2026-09-19T01:40:32.556,41,0.003,0.5,5,manhattan,0.9538,0.9496,0.9591,1,406,9664,0.574213469,1.706610643,1.111443388,295
2026-09-19T01:40:36.617,41,0.003,0.5,6,manhattan,0.9738,0.9681,0.9806,1,1234,9657,0.677133416,2.136814087,1.244179701,295
2026-09-19T01:40:41.158,41,0.003,0.5,7,manhattan,0.9855,0.9808,0.9907,1,1460,9655,0.627018655,2.63189737,1.277823859,295
2026-09-19T01:40:44.627,41,0.003,0.5,8,manhattan,0.996,0.9944,0.9977,2,749,8973,0.377225261,1.983337354,1.105893381,295
2026-09-19T01:40:46.856,41,0.003,0.5,9,manhattan,0.8944,0.8964,0.8992,39,299,5258,0.380199173,1.266794592,0.580328982,295
2026-09-19T01:40:48.939,41,0.003,0.5,10,manhattan,0.547,0.5767,0.5606,29,136,1842,1.08729199,0.62047313,0.373105951,295
2026-09-19T01:40:51.699,41,0.003,0.55,5,manhattan,0.9377,0.9529,0.9261,2,406,9638,0.423290484,1.446338051,0.887575432,295
2026-09-19T01:40:56.014,41,0.003,0.55,6,manhattan,0.9766,0.9691,0.9854,1,1234,9651,0.633184734,2.449241224,1.230297557,295
2026-09-19T01:41:00.301,41,0.003,0.55,7,manhattan,0.992,0.9892,0.9951,1,1460,9648,0.530994629,2.618076337,1.128450093,295
2026-09-19T01:41:03.918,41,0.003,0.55,8,manhattan,0.9976,0.9976,0.9977,3,749,8964,0.449137419,1.995780489,1.169452799,295
2026-09-19T01:41:06.123,41,0.003,0.55,9,manhattan,0.8854,0.8712,0.9164,46,299,4400,0.248746963,1.29239408,0.662004534,295
2026-09-19T01:41:08.119,41,0.003,0.55,10,manhattan,0.5148,0.5695,0.5479,20,136,1254,1.25009023,0.441908147,0.302064854,295
2026-09-19T01:41:11.287,41,0.003,0.6,5,manhattan,0.9608,0.9624,0.9625,1,406,9213,0.552537316,1.466438516,1.147254302,295
2026-09-19T01:41:15.135,41,0.003,0.6,6,manhattan,0.9904,0.9907,0.9904,1,1234,9213,0.583786965,2.372375293,0.889971547,295
2026-09-19T01:41:19.3,41,0.003,0.6,7,manhattan,0.9915,0.988,0.9953,1,1460,9211,0.311873436,2.478891717,1.372240908,295
2026-09-19T01:41:22.83,41,0.003,0.6,8,manhattan,0.9821,0.9798,0.9853,4,749,8800,0.218445758,2.232473054,1.076735827,295
2026-09-19T01:41:24.509,41,0.003,0.6,9,manhattan,0.8454,0.8485,0.8484,35,299,3342,0.334480154,0.726873617,0.615574391,295
2026-09-19T01:41:26.339,41,0.003,0.6,10,manhattan,0.3535,0.4242,0.3756,12,136,700,1.280533702,0.224750122,0.32278502,295
2026-09-19T01:41:29.649,41,0.003,0.65,5,manhattan,0.9617,0.9618,0.9628,1,406,9116,0.561898494,1.551481325,1.194439081,295
2026-09-19T01:41:33.793,41,0.003,0.65,6,manhattan,0.9795,0.9804,0.9799,1,1234,9112,0.749195733,2.214565746,1.178155025,295
2026-09-19T01:41:38.186,41,0.003,0.65,7,manhattan,0.9848,0.9797,0.9906,1,1460,9108,0.561252322,2.69377075,1.135721619,295
2026-09-19T01:41:41.731,41,0.003,0.65,8,manhattan,0.9959,0.9944,0.9975,3,749,8634,0.384582273,2.041852346,1.11682515,295
2026-09-19T01:41:42.963,41,0.003,0.65,9,manhattan,0.7984,0.8212,0.8024,30,299,2485,0.374354854,0.590526998,0.265333641,295
2026-09-19T01:41:44.227,41,0.003,0.65,10,manhattan,0.2626,0.3878,0.3392,7,136,386,0.879554438,0.082743914,0.299563907,289
2026-09-19T01:41:47.568,41,0.003,0.7,5,manhattan,0.9541,0.948,0.9614,1,406,9039,0.645075145,1.510938944,1.183929503,295
2026-09-19T01:41:51.925,41,0.003,0.7,6,manhattan,0.9778,0.9779,0.9786,1,1234,9043,0.705054219,2.467828437,1.180891057,295
2026-09-19T01:41:56.459,41,0.003,0.7,7,manhattan,0.9908,0.9908,0.9908,1,1460,9055,0.572605513,2.684720087,1.274740716,295
2026-09-19T01:41:59.993,41,0.003,0.7,8,manhattan,0.9956,0.9936,0.9977,6,749,8385,0.36339438,2.11998045,1.048002909,295
2026-09-19T01:42:01.313,41,0.003,0.7,9,manhattan,0.7446,0.7821,0.7556,27,299,1760,0.387790502,0.466170943,0.462959919,295
2026-09-19T01:42:02.935,41,0.003,0.7,10,manhattan,0.2305,0.209,0.3287,3,136,218,1.239080659,0.067357878,0.312863785,284
2026-09-19T01:42:06.065,41,0.003,0.75,5,manhattan,0.966,0.9612,0.9715,1,406,8983,0.634087223,1.392107054,1.101066788,295
2026-09-19T01:42:10.138,41,0.003,0.75,6,manhattan,0.9856,0.9829,0.9885,1,1234,8983,0.780067331,2.217908211,1.073334277,295
2026-09-19T01:42:14.085,41,0.003,0.75,7,manhattan,0.9878,0.9857,0.9901,1,1460,8970,0.494329766,2.527767843,0.92243385,295
2026-09-19T01:42:17.336,41,0.003,0.75,8,manhattan,0.9916,0.988,0.9954,12,749,8007,0.274411823,2.039018187,0.934959886,295
2026-09-19T01:42:18.336,41,0.003,0.75,9,manhattan,0.5429,0.6279,0.5546,17,299,1075,0.362482811,0.409906796,0.225535488,295
2026-09-19T01:42:19.827,41,0.003,0.75,10,manhattan,0.3467,0.4163,0.4099,2,136,143,1.2640404,0.057536655,0.167418941,276
2026-09-19T01:42:22.976,41,0.003,0.8,5,manhattan,0.9869,0.9847,0.9894,1,406,8957,0.519977444,1.452429399,1.173945061,295
2026-09-19T01:42:27.403,41,0.003,0.8,6,manhattan,0.9871,0.9821,0.9927,1,1234,8956,0.595700632,2.362941201,1.465994674,295
