organism,k,repeat,label,kind,precision,recall,f1_score,support,k_length,n_k_mers,seconds,run_log
denv,,1,accuracy,overall,,,1.0,4512.0,6,3,,/home/a61491/CASTOR_KRFE/outputs/denv/rep1/run.log
denv,,1,macro avg,average,0.99,1.0,1.0,4512.0,6,3,,/home/a61491/CASTOR_KRFE/outputs/denv/rep1/run.log
denv,,1,type1,class,1.0,1.0,1.0,2095.0,6,3,,/home/a61491/CASTOR_KRFE/outputs/denv/rep1/run.log
denv,,1,type2,class,1.0,1.0,1.0,1373.0,6,3,,/home/a61491/CASTOR_KRFE/outputs/denv/rep1/run.log
denv,,1,type3,class,1.0,1.0,1.0,910.0,6,3,,/home/a61491/CASTOR_KRFE/outputs/denv/rep1/run.log
denv,,1,type4,class,0.98,1.0,0.99,134.0,6,3,,/home/a61491/CASTOR_KRFE/outputs/denv/rep1/run.log
denv,,1,weighted avg,average,1.0,1.0,1.0,4512.0,6,3,,/home/a61491/CASTOR_KRFE/outputs/denv/rep1/run.log
denv,,11,accuracy,overall,,,1.0,4512.0,4,2,,/home/a61491/CASTOR_KRFE/outputs/denv/rep11/run.log
denv,,11,macro avg,average,0.99,0.99,0.99,4512.0,4,2,,/home/a61491/CASTOR_KRFE/outputs/denv/rep11/run.log
denv,,11,type1,class,1.0,1.0,1.0,2095.0,4,2,,/home/a61491/CASTOR_KRFE/outputs/denv/rep11/run.log
denv,,11,type2,class,1.0,1.0,1.0,1373.0,4,2,,/home/a61491/CASTOR_KRFE/outputs/denv/rep11/run.log
denv,,11,type3,class,0.99,1.0,0.99,910.0,4,2,,/home/a61491/CASTOR_KRFE/outputs/denv/rep11/run.log
denv,,11,type4,class,0.97,0.98,0.97,134.0,4,2,,/home/a61491/CASTOR_KRFE/outputs/denv/rep11/run.log
denv,,11,weighted avg,average,1.0,1.0,1.0,4512.0,4,2,,/home/a61491/CASTOR_KRFE/outputs/denv/rep11/run.log
denv,,12,accuracy,overall,,,1.0,4508.0,4,2,,/home/a61491/CASTOR_KRFE/outputs/denv/rep12/run.log
denv,,12,macro avg,average,0.98,1.0,0.99,4508.0,4,2,,/home/a61491/CASTOR_KRFE/outputs/denv/rep12/run.log
denv,,12,type1,class,1.0,1.0,1.0,2093.0,4,2,,/home/a61491/CASTOR_KRFE/outputs/denv/rep12/run.log
denv,,12,type2,class,1.0,0.99,1.0,1373.0,4,2,,/home/a61491/CASTOR_KRFE/outputs/denv/rep12/run.log
denv,,12,type3,class,1.0,1.0,1.0,908.0,4,2,,/home/a61491/CASTOR_KRFE/outputs/denv/rep12/run.log
denv,,12,type4,class,0.94,0.99,0.97,134.0,4,2,,/home/a61491/CASTOR_KRFE/outputs/denv/rep12/run.log
denv,,12,weighted avg,average,1.0,1.0,1.0,4508.0,4,2,,/home/a61491/CASTOR_KRFE/outputs/denv/rep12/run.log
denv,,15,accuracy,overall,,,1.0,4508.0,6,2,,/home/a61491/CASTOR_KRFE/outputs/denv/rep15/run.log
denv,,15,macro avg,average,0.98,1.0,0.99,4508.0,6,2,,/home/a61491/CASTOR_KRFE/outputs/denv/rep15/run.log
denv,,15,type1,class,1.0,1.0,1.0,2093.0,6,2,,/home/a61491/CASTOR_KRFE/outputs/denv/rep15/run.log
denv,,15,type2,class,1.0,0.99,1.0,1373.0,6,2,,/home/a61491/CASTOR_KRFE/outputs/denv/rep15/run.log
denv,,15,type3,class,1.0,0.99,1.0,908.0,6,2,,/home/a61491/CASTOR_KRFE/outputs/denv/rep15/run.log
denv,,15,type4,class,0.94,0.99,0.96,134.0,6,2,,/home/a61491/CASTOR_KRFE/outputs/denv/rep15/run.log
denv,,15,weighted avg,average,1.0,1.0,1.0,4508.0,6,2,,/home/a61491/CASTOR_KRFE/outputs/denv/rep15/run.log
denv,,17,accuracy,overall,,,1.0,4508.0,4,2,,/home/a61491/CASTOR_KRFE/outputs/denv/rep17/run.log
denv,,17,macro avg,average,0.98,0.99,0.99,4508.0,4,2,,/home/a61491/CASTOR_KRFE/outputs/denv/rep17/run.log
denv,,17,type1,class,1.0,1.0,1.0,2093.0,4,2,,/home/a61491/CASTOR_KRFE/outputs/denv/rep17/run.log
denv,,17,type2,class,1.0,0.99,1.0,1373.0,4,2,,/home/a61491/CASTOR_KRFE/outputs/denv/rep17/run.log
denv,,17,type3,class,1.0,1.0,1.0,908.0,4,2,,/home/a61491/CASTOR_KRFE/outputs/denv/rep17/run.log
denv,,17,type4,class,0.93,0.98,0.95,134.0,4,2,,/home/a61491/CASTOR_KRFE/outputs/denv/rep17/run.log
denv,,17,weighted avg,average,1.0,1.0,1.0,4508.0,4,2,,/home/a61491/CASTOR_KRFE/outputs/denv/rep17/run.log
denv,,18,accuracy,overall,,,0.99,4512.0,10,2,,/home/a61491/CASTOR_KRFE/outputs/denv/rep18/run.log
denv,,18,macro avg,average,0.96,0.99,0.97,4512.0,10,2,,/home/a61491/CASTOR_KRFE/outputs/denv/rep18/run.log
denv,,18,type1,class,1.0,0.98,0.99,2095.0,10,2,,/home/a61491/CASTOR_KRFE/outputs/denv/rep18/run.log
denv,,18,type2,class,0.99,0.99,0.99,1373.0,10,2,,/home/a61491/CASTOR_KRFE/outputs/denv/rep18/run.log
denv,,18,type3,class,0.96,0.99,0.98,910.0,10,2,,/home/a61491/CASTOR_KRFE/outputs/denv/rep18/run.log
denv,,18,type4,class,0.89,0.99,0.94,134.0,10,2,,/home/a61491/CASTOR_KRFE/outputs/denv/rep18/run.log
denv,,18,weighted avg,average,0.99,0.99,0.99,4512.0,10,2,,/home/a61491/CASTOR_KRFE/outputs/denv/rep18/run.log
denv,,19,accuracy,overall,,,0.99,4508.0,9,2,,/home/a61491/CASTOR_KRFE/outputs/denv/rep19/run.log
denv,,19,macro avg,average,0.96,0.99,0.98,4508.0,9,2,,/home/a61491/CASTOR_KRFE/outputs/denv/rep19/run.log
denv,,19,type1,class,0.99,1.0,1.0,2093.0,9,2,,/home/a61491/CASTOR_KRFE/outputs/denv/rep19/run.log
denv,,19,type2,class,1.0,0.98,0.99,1373.0,9,2,,/home/a61491/CASTOR_KRFE/outputs/denv/rep19/run.log
denv,,19,type3,class,1.0,0.99,0.99,908.0,9,2,,/home/a61491/CASTOR_KRFE/outputs/denv/rep19/run.log
denv,,19,type4,class,0.87,1.0,0.93,134.0,9,2,,/home/a61491/CASTOR_KRFE/outputs/denv/rep19/run.log
denv,,19,weighted avg,average,0.99,0.99,0.99,4508.0,9,2,,/home/a61491/CASTOR_KRFE/outputs/denv/rep19/run.log
denv,,20,accuracy,overall,,,0.99,4512.0,10,2,,/home/a61491/CASTOR_KRFE/outputs/denv/rep20/run.log
denv,,20,macro avg,average,0.95,0.99,0.97,4512.0,10,2,,/home/a61491/CASTOR_KRFE/outputs/denv/rep20/run.log
denv,,20,type1,class,0.99,0.99,0.99,2095.0,10,2,,/home/a61491/CASTOR_KRFE/outputs/denv/rep20/run.log
denv,,20,type2,class,0.99,0.99,0.99,1373.0,10,2,,/home/a61491/CASTOR_KRFE/outputs/denv/rep20/run.log
denv,,20,type3,class,1.0,0.97,0.99,910.0,10,2,,/home/a61491/CASTOR_KRFE/outputs/denv/rep20/run.log
denv,,20,type4,class,0.82,0.99,0.9,134.0,10,2,,/home/a61491/CASTOR_KRFE/outputs/denv/rep20/run.log
denv,,20,weighted avg,average,0.99,0.99,0.99,4512.0,10,2,,/home/a61491/CASTOR_KRFE/outputs/denv/rep20/run.log
denv,,22,accuracy,overall,,,0.99,4512.0,9,3,,/home/a61491/CASTOR_KRFE/outputs/denv/rep22/run.log
denv,,22,macro avg,average,0.98,0.99,0.98,4512.0,9,3,,/home/a61491/CASTOR_KRFE/outputs/denv/rep22/run.log
denv,,22,type1,class,1.0,0.99,0.99,2095.0,9,3,,/home/a61491/CASTOR_KRFE/outputs/denv/rep22/run.log
denv,,22,type2,class,0.99,1.0,0.99,1373.0,9,3,,/home/a61491/CASTOR_KRFE/outputs/denv/rep22/run.log
denv,,22,type3,class,0.97,0.99,0.98,910.0,9,3,,/home/a61491/CASTOR_KRFE/outputs/denv/rep22/run.log
denv,,22,type4,class,0.95,0.97,0.96,134.0,9,3,,/home/a61491/CASTOR_KRFE/outputs/denv/rep22/run.log
denv,,22,weighted avg,average,0.99,0.99,0.99,4512.0,9,3,,/home/a61491/CASTOR_KRFE/outputs/denv/rep22/run.log
denv,,23,accuracy,overall,,,1.0,4508.0,5,2,,/home/a61491/CASTOR_KRFE/outputs/denv/rep23/run.log
denv,,23,macro avg,average,0.98,0.99,0.99,4508.0,5,2,,/home/a61491/CASTOR_KRFE/outputs/denv/rep23/run.log
denv,,23,type1,class,1.0,0.99,1.0,2093.0,5,2,,/home/a61491/CASTOR_KRFE/outputs/denv/rep23/run.log
denv,,23,type2,class,1.0,0.99,1.0,1373.0,5,2,,/home/a61491/CASTOR_KRFE/outputs/denv/rep23/run.log
denv,,23,type3,class,1.0,1.0,1.0,908.0,5,2,,/home/a61491/CASTOR_KRFE/outputs/denv/rep23/run.log
denv,,23,type4,class,0.92,0.99,0.95,134.0,5,2,,/home/a61491/CASTOR_KRFE/outputs/denv/rep23/run.log
denv,,23,weighted avg,average,1.0,1.0,1.0,4508.0,5,2,,/home/a61491/CASTOR_KRFE/outputs/denv/rep23/run.log
denv,,27,accuracy,overall,,,1.0,4508.0,3,3,,/home/a61491/CASTOR_KRFE/outputs/denv/rep27/run.log
denv,,27,macro avg,average,0.98,1.0,0.99,4508.0,3,3,,/home/a61491/CASTOR_KRFE/outputs/denv/rep27/run.log
denv,,27,type1,class,1.0,1.0,1.0,2093.0,3,3,,/home/a61491/CASTOR_KRFE/outputs/denv/rep27/run.log
denv,,27,type2,class,1.0,0.99,1.0,1373.0,3,3,,/home/a61491/CASTOR_KRFE/outputs/denv/rep27/run.log
denv,,27,type3,class,0.99,0.99,0.99,908.0,3,3,,/home/a61491/CASTOR_KRFE/outputs/denv/rep27/run.log
denv,,27,type4,class,0.95,1.0,0.97,134.0,3,3,,/home/a61491/CASTOR_KRFE/outputs/denv/rep27/run.log
denv,,27,weighted avg,average,1.0,1.0,1.0,4508.0,3,3,,/home/a61491/CASTOR_KRFE/outputs/denv/rep27/run.log
denv,,28,accuracy,overall,,,0.99,4508.0,4,2,,/home/a61491/CASTOR_KRFE/outputs/denv/rep28/run.log
denv,,28,macro avg,average,0.98,0.99,0.99,4508.0,4,2,,/home/a61491/CASTOR_KRFE/outputs/denv/rep28/run.log
denv,,28,type1,class,1.0,1.0,1.0,2093.0,4,2,,/home/a61491/CASTOR_KRFE/outputs/denv/rep28/run.log
denv,,28,type2,class,1.0,0.99,1.0,1373.0,4,2,,/home/a61491/CASTOR_KRFE/outputs/denv/rep28/run.log
denv,,28,type3,class,1.0,0.99,0.99,908.0,4,2,,/home/a61491/CASTOR_KRFE/outputs/denv/rep28/run.log
denv,,28,type4,class,0.94,0.99,0.96,134.0,4,2,,/home/a61491/CASTOR_KRFE/outputs/denv/rep28/run.log
denv,,28,weighted avg,average,0.99,0.99,0.99,4508.0,4,2,,/home/a61491/CASTOR_KRFE/outputs/denv/rep28/run.log
denv,,3,accuracy,overall,,,0.99,4508.0,8,3,,/home/a61491/CASTOR_KRFE/outputs/denv/rep3/run.log
denv,,3,macro avg,average,0.99,0.99,0.99,4508.0,8,3,,/home/a61491/CASTOR_KRFE/outputs/denv/rep3/run.log
denv,,3,type1,class,1.0,0.99,1.0,2093.0,8,3,,/home/a61491/CASTOR_KRFE/outputs/denv/rep3/run.log
denv,,3,type2,class,0.99,1.0,1.0,1373.0,8,3,,/home/a61491/CASTOR_KRFE/outputs/denv/rep3/run.log
denv,,3,type3,class,0.99,0.99,0.99,908.0,8,3,,/home/a61491/CASTOR_KRFE/outputs/denv/rep3/run.log
denv,,3,type4,class,0.99,0.99,0.99,134.0,8,3,,/home/a61491/CASTOR_KRFE/outputs/denv/rep3/run.log
denv,,3,weighted avg,average,0.99,0.99,0.99,4508.0,8,3,,/home/a61491/CASTOR_KRFE/outputs/denv/rep3/run.log
denv,,32,accuracy,overall,,,1.0,4508.0,4,2,,/home/a61491/CASTOR_KRFE/outputs/denv/rep32/run.log
denv,,32,macro avg,average,0.99,0.99,0.99,4508.0,4,2,,/home/a61491/CASTOR_KRFE/outputs/denv/rep32/run.log
denv,,32,type1,class,1.0,1.0,1.0,2093.0,4,2,,/home/a61491/CASTOR_KRFE/outputs/denv/rep32/run.log
denv,,32,type2,class,1.0,0.99,1.0,1373.0,4,2,,/home/a61491/CASTOR_KRFE/outputs/denv/rep32/run.log
denv,,32,type3,class,1.0,1.0,1.0,908.0,4,2,,/home/a61491/CASTOR_KRFE/outputs/denv/rep32/run.log
denv,,32,type4,class,0.96,0.97,0.97,134.0,4,2,,/home/a61491/CASTOR_KRFE/outputs/denv/rep32/run.log
denv,,32,weighted avg,average,1.0,1.0,1.0,4508.0,4,2,,/home/a61491/CASTOR_KRFE/outputs/denv/rep32/run.log
denv,,33,accuracy,overall,,,0.99,4512.0,5,2,,/home/a61491/CASTOR_KRFE/outputs/denv/rep33/run.log
denv,,33,macro avg,average,0.96,0.99,0.97,4512.0,5,2,,/home/a61491/CASTOR_KRFE/outputs/denv/rep33/run.log
denv,,33,type1,class,1.0,0.98,0.99,2095.0,5,2,,/home/a61491/CASTOR_KRFE/outputs/denv/rep33/run.log
denv,,33,type2,class,0.99,1.0,0.99,1373.0,5,2,,/home/a61491/CASTOR_KRFE/outputs/denv/rep33/run.log
denv,,33,type3,class,1.0,0.99,1.0,910.0,5,2,,/home/a61491/CASTOR_KRFE/outputs/denv/rep33/run.log
denv,,33,type4,class,0.87,0.97,0.92,134.0,5,2,,/home/a61491/CASTOR_KRFE/outputs/denv/rep33/run.log
denv,,33,weighted avg,average,0.99,0.99,0.99,4512.0,5,2,,/home/a61491/CASTOR_KRFE/outputs/denv/rep33/run.log
denv,,34,accuracy,overall,,,0.99,4512.0,9,3,,/home/a61491/CASTOR_KRFE/outputs/denv/rep34/run.log
denv,,34,macro avg,average,0.98,0.98,0.98,4512.0,9,3,,/home/a61491/CASTOR_KRFE/outputs/denv/rep34/run.log
denv,,34,type1,class,1.0,0.98,0.99,2095.0,9,3,,/home/a61491/CASTOR_KRFE/outputs/denv/rep34/run.log
denv,,34,type2,class,0.99,0.99,0.99,1373.0,9,3,,/home/a61491/CASTOR_KRFE/outputs/denv/rep34/run.log
denv,,34,type3,class,0.96,0.99,0.98,910.0,9,3,,/home/a61491/CASTOR_KRFE/outputs/denv/rep34/run.log
denv,,34,type4,class,0.96,0.96,0.96,134.0,9,3,,/home/a61491/CASTOR_KRFE/outputs/denv/rep34/run.log
denv,,34,weighted avg,average,0.99,0.99,0.99,4512.0,9,3,,/home/a61491/CASTOR_KRFE/outputs/denv/rep34/run.log
denv,,36,accuracy,overall,,,1.0,4508.0,6,2,,/home/a61491/CASTOR_KRFE/outputs/denv/rep36/run.log
denv,,36,macro avg,average,1.0,1.0,1.0,4508.0,6,2,,/home/a61491/CASTOR_KRFE/outputs/denv/rep36/run.log
denv,,36,type1,class,1.0,1.0,1.0,2093.0,6,2,,/home/a61491/CASTOR_KRFE/outputs/denv/rep36/run.log
denv,,36,type2,class,1.0,1.0,1.0,1373.0,6,2,,/home/a61491/CASTOR_KRFE/outputs/denv/rep36/run.log
denv,,36,type3,class,1.0,1.0,1.0,908.0,6,2,,/home/a61491/CASTOR_KRFE/outputs/denv/rep36/run.log
denv,,36,type4,class,1.0,0.99,1.0,134.0,6,2,,/home/a61491/CASTOR_KRFE/outputs/denv/rep36/run.log
denv,,36,weighted avg,average,1.0,1.0,1.0,4508.0,6,2,,/home/a61491/CASTOR_KRFE/outputs/denv/rep36/run.log
denv,,38,accuracy,overall,,,0.99,4512.0,6,2,,/home/a61491/CASTOR_KRFE/outputs/denv/rep38/run.log
denv,,38,macro avg,average,0.95,0.99,0.97,4512.0,6,2,,/home/a61491/CASTOR_KRFE/outputs/denv/rep38/run.log
denv,,38,type1,class,1.0,0.98,0.99,2095.0,6,2,,/home/a61491/CASTOR_KRFE/outputs/denv/rep38/run.log
denv,,38,type2,class,1.0,0.99,1.0,1373.0,6,2,,/home/a61491/CASTOR_KRFE/outputs/denv/rep38/run.log
denv,,38,type3,class,0.99,1.0,1.0,910.0,6,2,,/home/a61491/CASTOR_KRFE/outputs/denv/rep38/run.log
denv,,38,type4,class,0.8,0.99,0.88,134.0,6,2,,/home/a61491/CASTOR_KRFE/outputs/denv/rep38/run.log
denv,,38,weighted avg,average,0.99,0.99,0.99,4512.0,6,2,,/home/a61491/CASTOR_KRFE/outputs/denv/rep38/run.log
denv,,41,accuracy,overall,,,1.0,4508.0,4,2,,/home/a61491/CASTOR_KRFE/outputs/denv/rep41/run.log
denv,,41,macro avg,average,0.98,1.0,0.99,4508.0,4,2,,/home/a61491/CASTOR_KRFE/outputs/denv/rep41/run.log
denv,,41,type1,class,1.0,1.0,1.0,2093.0,4,2,,/home/a61491/CASTOR_KRFE/outputs/denv/rep41/run.log
denv,,41,type2,class,1.0,0.99,1.0,1373.0,4,2,,/home/a61491/CASTOR_KRFE/outputs/denv/rep41/run.log
denv,,41,type3,class,1.0,1.0,1.0,908.0,4,2,,/home/a61491/CASTOR_KRFE/outputs/denv/rep41/run.log
denv,,41,type4,class,0.94,0.99,0.96,134.0,4,2,,/home/a61491/CASTOR_KRFE/outputs/denv/rep41/run.log
denv,,41,weighted avg,average,1.0,1.0,1.0,4508.0,4,2,,/home/a61491/CASTOR_KRFE/outputs/denv/rep41/run.log
denv,,42,accuracy,overall,,,1.0,4508.0,4,2,,/home/a61491/CASTOR_KRFE/outputs/denv/rep42/run.log
denv,,42,macro avg,average,0.97,0.99,0.98,4508.0,4,2,,/home/a61491/CASTOR_KRFE/outputs/denv/rep42/run.log
denv,,42,type1,class,1.0,1.0,1.0,2093.0,4,2,,/home/a61491/CASTOR_KRFE/outputs/denv/rep42/run.log
denv,,42,type2,class,1.0,0.99,0.99,1373.0,4,2,,/home/a61491/CASTOR_KRFE/outputs/denv/rep42/run.log
denv,,42,type3,class,1.0,1.0,1.0,908.0,4,2,,/home/a61491/CASTOR_KRFE/outputs/denv/rep42/run.log
denv,,42,type4,class,0.9,0.99,0.95,134.0,4,2,,/home/a61491/CASTOR_KRFE/outputs/denv/rep42/run.log
denv,,42,weighted avg,average,1.0,1.0,1.0,4508.0,4,2,,/home/a61491/CASTOR_KRFE/outputs/denv/rep42/run.log
denv,,43,accuracy,overall,,,1.0,4512.0,4,2,,/home/a61491/CASTOR_KRFE/outputs/denv/rep43/run.log
denv,,43,macro avg,average,0.98,1.0,0.99,4512.0,4,2,,/home/a61491/CASTOR_KRFE/outputs/denv/rep43/run.log
denv,,43,type1,class,1.0,1.0,1.0,2095.0,4,2,,/home/a61491/CASTOR_KRFE/outputs/denv/rep43/run.log
denv,,43,type2,class,1.0,0.99,1.0,1373.0,4,2,,/home/a61491/CASTOR_KRFE/outputs/denv/rep43/run.log
denv,,43,type3,class,0.99,1.0,1.0,910.0,4,2,,/home/a61491/CASTOR_KRFE/outputs/denv/rep43/run.log
denv,,43,type4,class,0.92,1.0,0.96,134.0,4,2,,/home/a61491/CASTOR_KRFE/outputs/denv/rep43/run.log
denv,,43,weighted avg,average,1.0,1.0,1.0,4512.0,4,2,,/home/a61491/CASTOR_KRFE/outputs/denv/rep43/run.log
denv,,44,accuracy,overall,,,1.0,4508.0,5,2,,/home/a61491/CASTOR_KRFE/outputs/denv/rep44/run.log
denv,,44,macro avg,average,0.98,1.0,0.99,4508.0,5,2,,/home/a61491/CASTOR_KRFE/outputs/denv/rep44/run.log
denv,,44,type1,class,1.0,1.0,1.0,2093.0,5,2,,/home/a61491/CASTOR_KRFE/outputs/denv/rep44/run.log
denv,,44,type2,class,1.0,1.0,1.0,1373.0,5,2,,/home/a61491/CASTOR_KRFE/outputs/denv/rep44/run.log
denv,,44,type3,class,1.0,1.0,1.0,908.0,5,2,,/home/a61491/CASTOR_KRFE/outputs/denv/rep44/run.log
denv,,44,type4,class,0.94,0.99,0.96,134.0,5,2,,/home/a61491/CASTOR_KRFE/outputs/denv/rep44/run.log
denv,,44,weighted avg,average,1.0,1.0,1.0,4508.0,5,2,,/home/a61491/CASTOR_KRFE/outputs/denv/rep44/run.log
denv,,46,accuracy,overall,,,1.0,4508.0,6,2,,/home/a61491/CASTOR_KRFE/outputs/denv/rep46/run.log
denv,,46,macro avg,average,0.99,1.0,0.99,4508.0,6,2,,/home/a61491/CASTOR_KRFE/outputs/denv/rep46/run.log
denv,,46,type1,class,1.0,1.0,1.0,2093.0,6,2,,/home/a61491/CASTOR_KRFE/outputs/denv/rep46/run.log
denv,,46,type2,class,0.99,1.0,0.99,1373.0,6,2,,/home/a61491/CASTOR_KRFE/outputs/denv/rep46/run.log
denv,,46,type3,class,1.0,0.99,0.99,908.0,6,2,,/home/a61491/CASTOR_KRFE/outputs/denv/rep46/run.log
denv,,46,type4,class,0.98,1.0,0.99,134.0,6,2,,/home/a61491/CASTOR_KRFE/outputs/denv/rep46/run.log
denv,,46,weighted avg,average,1.0,1.0,1.0,4508.0,6,2,,/home/a61491/CASTOR_KRFE/outputs/denv/rep46/run.log
denv,,47,accuracy,overall,,,1.0,4508.0,4,2,,/home/a61491/CASTOR_KRFE/outputs/denv/rep47/run.log
denv,,47,macro avg,average,0.98,0.99,0.99,4508.0,4,2,,/home/a61491/CASTOR_KRFE/outputs/denv/rep47/run.log
denv,,47,type1,class,1.0,1.0,1.0,2093.0,4,2,,/home/a61491/CASTOR_KRFE/outputs/denv/rep47/run.log
denv,,47,type2,class,1.0,0.99,1.0,1373.0,4,2,,/home/a61491/CASTOR_KRFE/outputs/denv/rep47/run.log
denv,,47,type3,class,1.0,1.0,1.0,908.0,4,2,,/home/a61491/CASTOR_KRFE/outputs/denv/rep47/run.log
denv,,47,type4,class,0.92,0.99,0.96,134.0,4,2,,/home/a61491/CASTOR_KRFE/outputs/denv/rep47/run.log
denv,,47,weighted avg,average,1.0,1.0,1.0,4508.0,4,2,,/home/a61491/CASTOR_KRFE/outputs/denv/rep47/run.log
denv,,51,accuracy,overall,,,1.0,4512.0,5,2,,/home/a61491/CASTOR_KRFE/outputs/denv/rep51/run.log
denv,,51,macro avg,average,0.99,0.99,0.99,4512.0,5,2,,/home/a61491/CASTOR_KRFE/outputs/denv/rep51/run.log
denv,,51,type1,class,1.0,1.0,1.0,2095.0,5,2,,/home/a61491/CASTOR_KRFE/outputs/denv/rep51/run.log
denv,,51,type2,class,1.0,0.99,1.0,1373.0,5,2,,/home/a61491/CASTOR_KRFE/outputs/denv/rep51/run.log
denv,,51,type3,class,0.99,1.0,0.99,910.0,5,2,,/home/a61491/CASTOR_KRFE/outputs/denv/rep51/run.log
denv,,51,type4,class,0.96,0.99,0.98,134.0,5,2,,/home/a61491/CASTOR_KRFE/outputs/denv/rep51/run.log
denv,,51,weighted avg,average,1.0,1.0,1.0,4512.0,5,2,,/home/a61491/CASTOR_KRFE/outputs/denv/rep51/run.log
denv,,53,accuracy,overall,,,0.99,4512.0,10,3,,/home/a61491/CASTOR_KRFE/outputs/denv/rep53/run.log
denv,,53,macro avg,average,0.97,0.99,0.98,4512.0,10,3,,/home/a61491/CASTOR_KRFE/outputs/denv/rep53/run.log
denv,,53,type1,class,1.0,0.98,0.99,2095.0,10,3,,/home/a61491/CASTOR_KRFE/outputs/denv/rep53/run.log
denv,,53,type2,class,1.0,1.0,1.0,1373.0,10,3,,/home/a61491/CASTOR_KRFE/outputs/denv/rep53/run.log
denv,,53,type3,class,0.96,0.99,0.98,910.0,10,3,,/home/a61491/CASTOR_KRFE/outputs/denv/rep53/run.log
denv,,53,type4,class,0.91,0.99,0.95,134.0,10,3,,/home/a61491/CASTOR_KRFE/outputs/denv/rep53/run.log
denv,,53,weighted avg,average,0.99,0.99,0.99,4512.0,10,3,,/home/a61491/CASTOR_KRFE/outputs/denv/rep53/run.log
denv,,54,accuracy,overall,,,1.0,4508.0,4,2,,/home/a61491/CASTOR_KRFE/outputs/denv/rep54/run.log
denv,,54,macro avg,average,0.98,0.99,0.99,4508.0,4,2,,/home/a61491/CASTOR_KRFE/outputs/denv/rep54/run.log
denv,,54,type1,class,1.0,1.0,1.0,2093.0,4,2,,/home/a61491/CASTOR_KRFE/outputs/denv/rep54/run.log
denv,,54,type2,class,1.0,0.99,0.99,1373.0,4,2,,/home/a61491/CASTOR_KRFE/outputs/denv/rep54/run.log
denv,,54,type3,class,1.0,1.0,1.0,908.0,4,2,,/home/a61491/CASTOR_KRFE/outputs/denv/rep54/run.log
denv,,54,type4,class,0.92,0.99,0.95,134.0,4,2,,/home/a61491/CASTOR_KRFE/outputs/denv/rep54/run.log
denv,,54,weighted avg,average,1.0,1.0,1.0,4508.0,4,2,,/home/a61491/CASTOR_KRFE/outputs/denv/rep54/run.log
denv,,56,accuracy,overall,,,0.99,4508.0,6,2,,/home/a61491/CASTOR_KRFE/outputs/denv/rep56/run.log
denv,,56,macro avg,average,0.97,0.99,0.98,4508.0,6,2,,/home/a61491/CASTOR_KRFE/outputs/denv/rep56/run.log
denv,,56,type1,class,1.0,0.99,1.0,2093.0,6,2,,/home/a61491/CASTOR_KRFE/outputs/denv/rep56/run.log
denv,,56,type2,class,1.0,1.0,1.0,1373.0,6,2,,/home/a61491/CASTOR_KRFE/outputs/denv/rep56/run.log
denv,,56,type3,class,0.98,0.99,0.98,908.0,6,2,,/home/a61491/CASTOR_KRFE/outputs/denv/rep56/run.log
denv,,56,type4,class,0.91,1.0,0.95,134.0,6,2,,/home/a61491/CASTOR_KRFE/outputs/denv/rep56/run.log
denv,,56,weighted avg,average,0.99,0.99,0.99,4508.0,6,2,,/home/a61491/CASTOR_KRFE/outputs/denv/rep56/run.log
denv,,59,accuracy,overall,,,0.99,4512.0,4,2,,/home/a61491/CASTOR_KRFE/outputs/denv/rep59/run.log
denv,,59,macro avg,average,0.98,0.98,0.98,4512.0,4,2,,/home/a61491/CASTOR_KRFE/outputs/denv/rep59/run.log
denv,,59,type1,class,1.0,1.0,1.0,2095.0,4,2,,/home/a61491/CASTOR_KRFE/outputs/denv/rep59/run.log
denv,,59,type2,class,0.98,0.98,0.98,1373.0,4,2,,/home/a61491/CASTOR_KRFE/outputs/denv/rep59/run.log
denv,,59,type3,class,0.97,0.97,0.97,910.0,4,2,,/home/a61491/CASTOR_KRFE/outputs/denv/rep59/run.log
denv,,59,type4,class,0.96,0.98,0.97,134.0,4,2,,/home/a61491/CASTOR_KRFE/outputs/denv/rep59/run.log
denv,,59,weighted avg,average,0.99,0.99,0.99,4512.0,4,2,,/home/a61491/CASTOR_KRFE/outputs/denv/rep59/run.log
denv,,60,accuracy,overall,,,1.0,4508.0,5,2,,/home/a61491/CASTOR_KRFE/outputs/denv/rep60/run.log
denv,,60,macro avg,average,0.98,0.99,0.99,4508.0,5,2,,/home/a61491/CASTOR_KRFE/outputs/denv/rep60/run.log
denv,,60,type1,class,1.0,1.0,1.0,2093.0,5,2,,/home/a61491/CASTOR_KRFE/outputs/denv/rep60/run.log
denv,,60,type2,class,0.99,0.99,0.99,1373.0,5,2,,/home/a61491/CASTOR_KRFE/outputs/denv/rep60/run.log
denv,,60,type3,class,1.0,1.0,1.0,908.0,5,2,,/home/a61491/CASTOR_KRFE/outputs/denv/rep60/run.log
denv,,60,type4,class,0.93,0.98,0.95,134.0,5,2,,/home/a61491/CASTOR_KRFE/outputs/denv/rep60/run.log
denv,,60,weighted avg,average,1.0,1.0,1.0,4508.0,5,2,,/home/a61491/CASTOR_KRFE/outputs/denv/rep60/run.log
denv,,62,accuracy,overall,,,0.99,4508.0,8,3,,/home/a61491/CASTOR_KRFE/outputs/denv/rep62/run.log
denv,,62,macro avg,average,0.93,0.99,0.95,4508.0,8,3,,/home/a61491/CASTOR_KRFE/outputs/denv/rep62/run.log
denv,,62,type1,class,1.0,1.0,1.0,2093.0,8,3,,/home/a61491/CASTOR_KRFE/outputs/denv/rep62/run.log
denv,,62,type2,class,1.0,0.97,0.99,1373.0,8,3,,/home/a61491/CASTOR_KRFE/outputs/denv/rep62/run.log
denv,,62,type3,class,1.0,0.99,0.99,908.0,8,3,,/home/a61491/CASTOR_KRFE/outputs/denv/rep62/run.log
denv,,62,type4,class,0.72,1.0,0.84,134.0,8,3,,/home/a61491/CASTOR_KRFE/outputs/denv/rep62/run.log
denv,,62,weighted avg,average,0.99,0.99,0.99,4508.0,8,3,,/home/a61491/CASTOR_KRFE/outputs/denv/rep62/run.log
denv,,63,accuracy,overall,,,0.99,4512.0,5,3,,/home/a61491/CASTOR_KRFE/outputs/denv/rep63/run.log
denv,,63,macro avg,average,0.96,0.99,0.98,4512.0,5,3,,/home/a61491/CASTOR_KRFE/outputs/denv/rep63/run.log
denv,,63,type1,class,1.0,1.0,1.0,2095.0,5,3,,/home/a61491/CASTOR_KRFE/outputs/denv/rep63/run.log
denv,,63,type2,class,1.0,0.99,0.99,1373.0,5,3,,/home/a61491/CASTOR_KRFE/outputs/denv/rep63/run.log
denv,,63,type3,class,1.0,1.0,1.0,910.0,5,3,,/home/a61491/CASTOR_KRFE/outputs/denv/rep63/run.log
denv,,63,type4,class,0.86,0.99,0.92,134.0,5,3,,/home/a61491/CASTOR_KRFE/outputs/denv/rep63/run.log
denv,,63,weighted avg,average,0.99,0.99,0.99,4512.0,5,3,,/home/a61491/CASTOR_KRFE/outputs/denv/rep63/run.log
denv,,66,accuracy,overall,,,1.0,4508.0,5,3,,/home/a61491/CASTOR_KRFE/outputs/denv/rep66/run.log
denv,,66,macro avg,average,0.98,0.99,0.99,4508.0,5,3,,/home/a61491/CASTOR_KRFE/outputs/denv/rep66/run.log
denv,,66,type1,class,1.0,1.0,1.0,2093.0,5,3,,/home/a61491/CASTOR_KRFE/outputs/denv/rep66/run.log
denv,,66,type2,class,1.0,0.99,0.99,1373.0,5,3,,/home/a61491/CASTOR_KRFE/outputs/denv/rep66/run.log
denv,,66,type3,class,1.0,1.0,1.0,908.0,5,3,,/home/a61491/CASTOR_KRFE/outputs/denv/rep66/run.log
denv,,66,type4,class,0.93,0.98,0.95,134.0,5,3,,/home/a61491/CASTOR_KRFE/outputs/denv/rep66/run.log
denv,,66,weighted avg,average,1.0,1.0,1.0,4508.0,5,3,,/home/a61491/CASTOR_KRFE/outputs/denv/rep66/run.log
denv,,68,accuracy,overall,,,1.0,4508.0,5,3,,/home/a61491/CASTOR_KRFE/outputs/denv/rep68/run.log
denv,,68,macro avg,average,0.99,1.0,0.99,4508.0,5,3,,/home/a61491/CASTOR_KRFE/outputs/denv/rep68/run.log
denv,,68,type1,class,1.0,1.0,1.0,2093.0,5,3,,/home/a61491/CASTOR_KRFE/outputs/denv/rep68/run.log
denv,,68,type2,class,1.0,1.0,1.0,1373.0,5,3,,/home/a61491/CASTOR_KRFE/outputs/denv/rep68/run.log
denv,,68,type3,class,1.0,1.0,1.0,908.0,5,3,,/home/a61491/CASTOR_KRFE/outputs/denv/rep68/run.log
denv,,68,type4,class,0.97,1.0,0.99,134.0,5,3,,/home/a61491/CASTOR_KRFE/outputs/denv/rep68/run.log
denv,,68,weighted avg,average,1.0,1.0,1.0,4508.0,5,3,,/home/a61491/CASTOR_KRFE/outputs/denv/rep68/run.log
denv,,7,accuracy,overall,,,1.0,4508.0,7,3,,/home/a61491/CASTOR_KRFE/outputs/denv/rep7/run.log
denv,,7,macro avg,average,0.99,0.99,0.99,4508.0,7,3,,/home/a61491/CASTOR_KRFE/outputs/denv/rep7/run.log
denv,,7,type1,class,0.99,1.0,1.0,2093.0,7,3,,/home/a61491/CASTOR_KRFE/outputs/denv/rep7/run.log
denv,,7,type2,class,1.0,0.99,0.99,1373.0,7,3,,/home/a61491/CASTOR_KRFE/outputs/denv/rep7/run.log
denv,,7,type3,class,1.0,1.0,1.0,908.0,7,3,,/home/a61491/CASTOR_KRFE/outputs/denv/rep7/run.log
denv,,7,type4,class,0.98,0.99,0.98,134.0,7,3,,/home/a61491/CASTOR_KRFE/outputs/denv/rep7/run.log
denv,,7,weighted avg,average,1.0,1.0,1.0,4508.0,7,3,,/home/a61491/CASTOR_KRFE/outputs/denv/rep7/run.log
denv,,70,accuracy,overall,,,0.99,4512.0,10,2,,/home/a61491/CASTOR_KRFE/outputs/denv/rep70/run.log
denv,,70,macro avg,average,0.98,0.99,0.98,4512.0,10,2,,/home/a61491/CASTOR_KRFE/outputs/denv/rep70/run.log
denv,,70,type1,class,1.0,0.98,0.99,2095.0,10,2,,/home/a61491/CASTOR_KRFE/outputs/denv/rep70/run.log
denv,,70,type2,class,1.0,0.99,0.99,1373.0,10,2,,/home/a61491/CASTOR_KRFE/outputs/denv/rep70/run.log
denv,,70,type3,class,0.96,1.0,0.98,910.0,10,2,,/home/a61491/CASTOR_KRFE/outputs/denv/rep70/run.log
denv,,70,type4,class,0.96,0.99,0.97,134.0,10,2,,/home/a61491/CASTOR_KRFE/outputs/denv/rep70/run.log
denv,,70,weighted avg,average,0.99,0.99,0.99,4512.0,10,2,,/home/a61491/CASTOR_KRFE/outputs/denv/rep70/run.log
denv,,72,accuracy,overall,,,0.99,4512.0,7,3,,/home/a61491/CASTOR_KRFE/outputs/denv/rep72/run.log
denv,,72,macro avg,average,0.96,0.99,0.97,4512.0,7,3,,/home/a61491/CASTOR_KRFE/outputs/denv/rep72/run.log
denv,,72,type1,class,1.0,0.99,0.99,2095.0,7,3,,/home/a61491/CASTOR_KRFE/outputs/denv/rep72/run.log
denv,,72,type2,class,1.0,1.0,1.0,1373.0,7,3,,/home/a61491/CASTOR_KRFE/outputs/denv/rep72/run.log
denv,,72,type3,class,1.0,1.0,1.0,910.0,7,3,,/home/a61491/CASTOR_KRFE/outputs/denv/rep72/run.log
denv,,72,type4,class,0.83,0.99,0.9,134.0,7,3,,/home/a61491/CASTOR_KRFE/outputs/denv/rep72/run.log
denv,,72,weighted avg,average,0.99,0.99,0.99,4512.0,7,3,,/home/a61491/CASTOR_KRFE/outputs/denv/rep72/run.log
denv,,73,accuracy,overall,,,1.0,4508.0,5,3,,/home/a61491/CASTOR_KRFE/outputs/denv/rep73/run.log
denv,,73,macro avg,average,0.99,1.0,0.99,4508.0,5,3,,/home/a61491/CASTOR_KRFE/outputs/denv/rep73/run.log
denv,,73,type1,class,1.0,1.0,1.0,2093.0,5,3,,/home/a61491/CASTOR_KRFE/outputs/denv/rep73/run.log
denv,,73,type2,class,1.0,1.0,1.0,1373.0,5,3,,/home/a61491/CASTOR_KRFE/outputs/denv/rep73/run.log
denv,,73,type3,class,1.0,1.0,1.0,908.0,5,3,,/home/a61491/CASTOR_KRFE/outputs/denv/rep73/run.log
denv,,73,type4,class,0.95,1.0,0.97,134.0,5,3,,/home/a61491/CASTOR_KRFE/outputs/denv/rep73/run.log
denv,,73,weighted avg,average,1.0,1.0,1.0,4508.0,5,3,,/home/a61491/CASTOR_KRFE/outputs/denv/rep73/run.log
denv,,75,accuracy,overall,,,0.98,4508.0,9,3,,/home/a61491/CASTOR_KRFE/outputs/denv/rep75/run.log
denv,,75,macro avg,average,0.94,0.98,0.96,4508.0,9,3,,/home/a61491/CASTOR_KRFE/outputs/denv/rep75/run.log
denv,,75,type1,class,0.98,0.99,0.99,2093.0,9,3,,/home/a61491/CASTOR_KRFE/outputs/denv/rep75/run.log
denv,,75,type2,class,0.99,0.97,0.98,1373.0,9,3,,/home/a61491/CASTOR_KRFE/outputs/denv/rep75/run.log
denv,,75,type3,class,1.0,0.96,0.98,908.0,9,3,,/home/a61491/CASTOR_KRFE/outputs/denv/rep75/run.log
denv,,75,type4,class,0.81,0.99,0.89,134.0,9,3,,/home/a61491/CASTOR_KRFE/outputs/denv/rep75/run.log
denv,,75,weighted avg,average,0.98,0.98,0.98,4508.0,9,3,,/home/a61491/CASTOR_KRFE/outputs/denv/rep75/run.log
denv,,76,accuracy,overall,,,0.99,4508.0,9,2,,/home/a61491/CASTOR_KRFE/outputs/denv/rep76/run.log
denv,,76,macro avg,average,0.96,0.99,0.98,4508.0,9,2,,/home/a61491/CASTOR_KRFE/outputs/denv/rep76/run.log
denv,,76,type1,class,1.0,0.98,0.99,2093.0,9,2,,/home/a61491/CASTOR_KRFE/outputs/denv/rep76/run.log
denv,,76,type2,class,0.99,0.99,0.99,1373.0,9,2,,/home/a61491/CASTOR_KRFE/outputs/denv/rep76/run.log
denv,,76,type3,class,0.97,0.99,0.98,908.0,9,2,,/home/a61491/CASTOR_KRFE/outputs/denv/rep76/run.log
denv,,76,type4,class,0.89,0.99,0.94,134.0,9,2,,/home/a61491/CASTOR_KRFE/outputs/denv/rep76/run.log
denv,,76,weighted avg,average,0.99,0.99,0.99,4508.0,9,2,,/home/a61491/CASTOR_KRFE/outputs/denv/rep76/run.log
denv,,77,accuracy,overall,,,1.0,4508.0,5,3,,/home/a61491/CASTOR_KRFE/outputs/denv/rep77/run.log
denv,,77,macro avg,average,0.99,1.0,1.0,4508.0,5,3,,/home/a61491/CASTOR_KRFE/outputs/denv/rep77/run.log
denv,,77,type1,class,1.0,1.0,1.0,2093.0,5,3,,/home/a61491/CASTOR_KRFE/outputs/denv/rep77/run.log
denv,,77,type2,class,1.0,1.0,1.0,1373.0,5,3,,/home/a61491/CASTOR_KRFE/outputs/denv/rep77/run.log
denv,,77,type3,class,1.0,1.0,1.0,908.0,5,3,,/home/a61491/CASTOR_KRFE/outputs/denv/rep77/run.log
denv,,77,type4,class,0.98,0.99,0.99,134.0,5,3,,/home/a61491/CASTOR_KRFE/outputs/denv/rep77/run.log
denv,,77,weighted avg,average,1.0,1.0,1.0,4508.0,5,3,,/home/a61491/CASTOR_KRFE/outputs/denv/rep77/run.log
denv,,78,accuracy,overall,,,1.0,4512.0,5,2,,/home/a61491/CASTOR_KRFE/outputs/denv/rep78/run.log
denv,,78,macro avg,average,0.98,0.99,0.99,4512.0,5,2,,/home/a61491/CASTOR_KRFE/outputs/denv/rep78/run.log
denv,,78,type1,class,1.0,0.99,1.0,2095.0,5,2,,/home/a61491/CASTOR_KRFE/outputs/denv/rep78/run.log
denv,,78,type2,class,1.0,1.0,1.0,1373.0,5,2,,/home/a61491/CASTOR_KRFE/outputs/denv/rep78/run.log
denv,,78,type3,class,1.0,1.0,1.0,910.0,5,2,,/home/a61491/CASTOR_KRFE/outputs/denv/rep78/run.log
denv,,78,type4,class,0.92,0.99,0.95,134.0,5,2,,/home/a61491/CASTOR_KRFE/outputs/denv/rep78/run.log
denv,,78,weighted avg,average,1.0,1.0,1.0,4512.0,5,2,,/home/a61491/CASTOR_KRFE/outputs/denv/rep78/run.log
denv,,8,accuracy,overall,,,1.0,4508.0,6,2,,/home/a61491/CASTOR_KRFE/outputs/denv/rep8/run.log
denv,,8,macro avg,average,1.0,1.0,1.0,4508.0,6,2,,/home/a61491/CASTOR_KRFE/outputs/denv/rep8/run.log
denv,,8,type1,class,1.0,1.0,1.0,2093.0,6,2,,/home/a61491/CASTOR_KRFE/outputs/denv/rep8/run.log
denv,,8,type2,class,1.0,1.0,1.0,1373.0,6,2,,/home/a61491/CASTOR_KRFE/outputs/denv/rep8/run.log
denv,,8,type3,class,1.0,1.0,1.0,908.0,6,2,,/home/a61491/CASTOR_KRFE/outputs/denv/rep8/run.log
denv,,8,type4,class,0.99,0.99,0.99,134.0,6,2,,/home/a61491/CASTOR_KRFE/outputs/denv/rep8/run.log
denv,,8,weighted avg,average,1.0,1.0,1.0,4508.0,6,2,,/home/a61491/CASTOR_KRFE/outputs/denv/rep8/run.log
denv,,80,accuracy,overall,,,1.0,4512.0,5,2,,/home/a61491/CASTOR_KRFE/outputs/denv/rep80/run.log
denv,,80,macro avg,average,0.98,0.99,0.98,4512.0,5,2,,/home/a61491/CASTOR_KRFE/outputs/denv/rep80/run.log
denv,,80,type1,class,1.0,1.0,1.0,2095.0,5,2,,/home/a61491/CASTOR_KRFE/outputs/denv/rep80/run.log
denv,,80,type2,class,1.0,0.99,1.0,1373.0,5,2,,/home/a61491/CASTOR_KRFE/outputs/denv/rep80/run.log
denv,,80,type3,class,1.0,1.0,1.0,910.0,5,2,,/home/a61491/CASTOR_KRFE/outputs/denv/rep80/run.log
denv,,80,type4,class,0.91,0.99,0.95,134.0,5,2,,/home/a61491/CASTOR_KRFE/outputs/denv/rep80/run.log
denv,,80,weighted avg,average,1.0,1.0,1.0,4512.0,5,2,,/home/a61491/CASTOR_KRFE/outputs/denv/rep80/run.log
denv,,81,accuracy,overall,,,1.0,4508.0,5,3,,/home/a61491/CASTOR_KRFE/outputs/denv/rep81/run.log
denv,,81,macro avg,average,0.99,1.0,0.99,4508.0,5,3,,/home/a61491/CASTOR_KRFE/outputs/denv/rep81/run.log
denv,,81,type1,class,1.0,1.0,1.0,2093.0,5,3,,/home/a61491/CASTOR_KRFE/outputs/denv/rep81/run.log
denv,,81,type2,class,1.0,1.0,1.0,1373.0,5,3,,/home/a61491/CASTOR_KRFE/outputs/denv/rep81/run.log
denv,,81,type3,class,1.0,1.0,1.0,908.0,5,3,,/home/a61491/CASTOR_KRFE/outputs/denv/rep81/run.log
denv,,81,type4,class,0.97,0.99,0.98,134.0,5,3,,/home/a61491/CASTOR_KRFE/outputs/denv/rep81/run.log
denv,,81,weighted avg,average,1.0,1.0,1.0,4508.0,5,3,,/home/a61491/CASTOR_KRFE/outputs/denv/rep81/run.log
denv,,85,accuracy,overall,,,1.0,4508.0,6,2,,/home/a61491/CASTOR_KRFE/outputs/denv/rep85/run.log
denv,,85,macro avg,average,1.0,1.0,1.0,4508.0,6,2,,/home/a61491/CASTOR_KRFE/outputs/denv/rep85/run.log
denv,,85,type1,class,1.0,1.0,1.0,2093.0,6,2,,/home/a61491/CASTOR_KRFE/outputs/denv/rep85/run.log
denv,,85,type2,class,1.0,1.0,1.0,1373.0,6,2,,/home/a61491/CASTOR_KRFE/outputs/denv/rep85/run.log
denv,,85,type3,class,1.0,1.0,1.0,908.0,6,2,,/home/a61491/CASTOR_KRFE/outputs/denv/rep85/run.log
denv,,85,type4,class,0.99,0.99,0.99,134.0,6,2,,/home/a61491/CASTOR_KRFE/outputs/denv/rep85/run.log
denv,,85,weighted avg,average,1.0,1.0,1.0,4508.0,6,2,,/home/a61491/CASTOR_KRFE/outputs/denv/rep85/run.log
denv,,86,accuracy,overall,,,0.99,4512.0,9,4,,/home/a61491/CASTOR_KRFE/outputs/denv/rep86/run.log
denv,,86,macro avg,average,0.96,0.99,0.98,4512.0,9,4,,/home/a61491/CASTOR_KRFE/outputs/denv/rep86/run.log
denv,,86,type1,class,1.0,0.99,1.0,2095.0,9,4,,/home/a61491/CASTOR_KRFE/outputs/denv/rep86/run.log
denv,,86,type2,class,1.0,0.99,0.99,1373.0,9,4,,/home/a61491/CASTOR_KRFE/outputs/denv/rep86/run.log
denv,,86,type3,class,0.99,1.0,1.0,910.0,9,4,,/home/a61491/CASTOR_KRFE/outputs/denv/rep86/run.log
denv,,86,type4,class,0.86,0.99,0.92,134.0,9,4,,/home/a61491/CASTOR_KRFE/outputs/denv/rep86/run.log
denv,,86,weighted avg,average,0.99,0.99,0.99,4512.0,9,4,,/home/a61491/CASTOR_KRFE/outputs/denv/rep86/run.log
denv,,87,accuracy,overall,,,1.0,4508.0,8,3,,/home/a61491/CASTOR_KRFE/outputs/denv/rep87/run.log
denv,,87,macro avg,average,1.0,0.99,0.99,4508.0,8,3,,/home/a61491/CASTOR_KRFE/outputs/denv/rep87/run.log
denv,,87,type1,class,0.99,1.0,1.0,2093.0,8,3,,/home/a61491/CASTOR_KRFE/outputs/denv/rep87/run.log
denv,,87,type2,class,1.0,0.99,1.0,1373.0,8,3,,/home/a61491/CASTOR_KRFE/outputs/denv/rep87/run.log
denv,,87,type3,class,1.0,0.99,1.0,908.0,8,3,,/home/a61491/CASTOR_KRFE/outputs/denv/rep87/run.log
denv,,87,type4,class,0.99,0.99,0.99,134.0,8,3,,/home/a61491/CASTOR_KRFE/outputs/denv/rep87/run.log
denv,,87,weighted avg,average,1.0,1.0,1.0,4508.0,8,3,,/home/a61491/CASTOR_KRFE/outputs/denv/rep87/run.log
denv,,89,accuracy,overall,,,1.0,4508.0,7,2,,/home/a61491/CASTOR_KRFE/outputs/denv/rep89/run.log
denv,,89,macro avg,average,0.99,0.99,0.99,4508.0,7,2,,/home/a61491/CASTOR_KRFE/outputs/denv/rep89/run.log
denv,,89,type1,class,1.0,0.99,1.0,2093.0,7,2,,/home/a61491/CASTOR_KRFE/outputs/denv/rep89/run.log
denv,,89,type2,class,0.99,1.0,0.99,1373.0,7,2,,/home/a61491/CASTOR_KRFE/outputs/denv/rep89/run.log
denv,,89,type3,class,1.0,1.0,1.0,908.0,7,2,,/home/a61491/CASTOR_KRFE/outputs/denv/rep89/run.log
denv,,89,type4,class,0.98,0.98,0.98,134.0,7,2,,/home/a61491/CASTOR_KRFE/outputs/denv/rep89/run.log
denv,,89,weighted avg,average,1.0,1.0,1.0,4508.0,7,2,,/home/a61491/CASTOR_KRFE/outputs/denv/rep89/run.log
denv,,90,accuracy,overall,,,1.0,4508.0,4,2,,/home/a61491/CASTOR_KRFE/outputs/denv/rep90/run.log
denv,,90,macro avg,average,0.98,0.99,0.98,4508.0,4,2,,/home/a61491/CASTOR_KRFE/outputs/denv/rep90/run.log
denv,,90,type1,class,1.0,1.0,1.0,2093.0,4,2,,/home/a61491/CASTOR_KRFE/outputs/denv/rep90/run.log
denv,,90,type2,class,1.0,0.99,0.99,1373.0,4,2,,/home/a61491/CASTOR_KRFE/outputs/denv/rep90/run.log
denv,,90,type3,class,1.0,1.0,1.0,908.0,4,2,,/home/a61491/CASTOR_KRFE/outputs/denv/rep90/run.log
denv,,90,type4,class,0.91,0.99,0.95,134.0,4,2,,/home/a61491/CASTOR_KRFE/outputs/denv/rep90/run.log
denv,,90,weighted avg,average,1.0,1.0,1.0,4508.0,4,2,,/home/a61491/CASTOR_KRFE/outputs/denv/rep90/run.log
denv,,91,accuracy,overall,,,1.0,4512.0,6,3,,/home/a61491/CASTOR_KRFE/outputs/denv/rep91/run.log
denv,,91,macro avg,average,1.0,1.0,1.0,4512.0,6,3,,/home/a61491/CASTOR_KRFE/outputs/denv/rep91/run.log
denv,,91,type1,class,1.0,1.0,1.0,2095.0,6,3,,/home/a61491/CASTOR_KRFE/outputs/denv/rep91/run.log
denv,,91,type2,class,1.0,1.0,1.0,1373.0,6,3,,/home/a61491/CASTOR_KRFE/outputs/denv/rep91/run.log
denv,,91,type3,class,1.0,1.0,1.0,910.0,6,3,,/home/a61491/CASTOR_KRFE/outputs/denv/rep91/run.log
denv,,91,type4,class,1.0,0.99,1.0,134.0,6,3,,/home/a61491/CASTOR_KRFE/outputs/denv/rep91/run.log
denv,,91,weighted avg,average,1.0,1.0,1.0,4512.0,6,3,,/home/a61491/CASTOR_KRFE/outputs/denv/rep91/run.log
denv,,92,accuracy,overall,,,1.0,4512.0,5,2,,/home/a61491/CASTOR_KRFE/outputs/denv/rep92/run.log
denv,,92,macro avg,average,0.98,0.99,0.99,4512.0,5,2,,/home/a61491/CASTOR_KRFE/outputs/denv/rep92/run.log
denv,,92,type1,class,1.0,1.0,1.0,2095.0,5,2,,/home/a61491/CASTOR_KRFE/outputs/denv/rep92/run.log
denv,,92,type2,class,1.0,0.99,1.0,1373.0,5,2,,/home/a61491/CASTOR_KRFE/outputs/denv/rep92/run.log
denv,,92,type3,class,1.0,1.0,1.0,910.0,5,2,,/home/a61491/CASTOR_KRFE/outputs/denv/rep92/run.log
denv,,92,type4,class,0.92,0.99,0.95,134.0,5,2,,/home/a61491/CASTOR_KRFE/outputs/denv/rep92/run.log
denv,,92,weighted avg,average,1.0,1.0,1.0,4512.0,5,2,,/home/a61491/CASTOR_KRFE/outputs/denv/rep92/run.log
denv,,94,accuracy,overall,,,0.99,4512.0,10,4,,/home/a61491/CASTOR_KRFE/outputs/denv/rep94/run.log
denv,,94,macro avg,average,0.99,0.99,0.99,4512.0,10,4,,/home/a61491/CASTOR_KRFE/outputs/denv/rep94/run.log
denv,,94,type1,class,1.0,0.99,1.0,2095.0,10,4,,/home/a61491/CASTOR_KRFE/outputs/denv/rep94/run.log
denv,,94,type2,class,0.99,1.0,1.0,1373.0,10,4,,/home/a61491/CASTOR_KRFE/outputs/denv/rep94/run.log
denv,,94,type3,class,0.99,0.99,0.99,910.0,10,4,,/home/a61491/CASTOR_KRFE/outputs/denv/rep94/run.log
denv,,94,type4,class,1.0,0.97,0.98,134.0,10,4,,/home/a61491/CASTOR_KRFE/outputs/denv/rep94/run.log
denv,,94,weighted avg,average,0.99,0.99,0.99,4512.0,10,4,,/home/a61491/CASTOR_KRFE/outputs/denv/rep94/run.log
denv,,95,accuracy,overall,,,0.99,4508.0,6,2,,/home/a61491/CASTOR_KRFE/outputs/denv/rep95/run.log
denv,,95,macro avg,average,0.97,0.99,0.98,4508.0,6,2,,/home/a61491/CASTOR_KRFE/outputs/denv/rep95/run.log
denv,,95,type1,class,1.0,1.0,1.0,2093.0,6,2,,/home/a61491/CASTOR_KRFE/outputs/denv/rep95/run.log
denv,,95,type2,class,1.0,0.99,1.0,1373.0,6,2,,/home/a61491/CASTOR_KRFE/outputs/denv/rep95/run.log
denv,,95,type3,class,0.99,0.99,0.99,908.0,6,2,,/home/a61491/CASTOR_KRFE/outputs/denv/rep95/run.log
denv,,95,type4,class,0.91,1.0,0.95,134.0,6,2,,/home/a61491/CASTOR_KRFE/outputs/denv/rep95/run.log
denv,,95,weighted avg,average,0.99,0.99,0.99,4508.0,6,2,,/home/a61491/CASTOR_KRFE/outputs/denv/rep95/run.log
denv,,96,accuracy,overall,,,0.99,4508.0,9,3,,/home/a61491/CASTOR_KRFE/outputs/denv/rep96/run.log
denv,,96,macro avg,average,0.97,0.99,0.98,4508.0,9,3,,/home/a61491/CASTOR_KRFE/outputs/denv/rep96/run.log
denv,,96,type1,class,0.99,1.0,0.99,2093.0,9,3,,/home/a61491/CASTOR_KRFE/outputs/denv/rep96/run.log
denv,,96,type2,class,1.0,0.98,0.99,1373.0,9,3,,/home/a61491/CASTOR_KRFE/outputs/denv/rep96/run.log
denv,,96,type3,class,0.99,0.99,0.99,908.0,9,3,,/home/a61491/CASTOR_KRFE/outputs/denv/rep96/run.log
denv,,96,type4,class,0.91,1.0,0.95,134.0,9,3,,/home/a61491/CASTOR_KRFE/outputs/denv/rep96/run.log
denv,,96,weighted avg,average,0.99,0.99,0.99,4508.0,9,3,,/home/a61491/CASTOR_KRFE/outputs/denv/rep96/run.log
denv,,97,accuracy,overall,,,0.99,4508.0,6,2,,/home/a61491/CASTOR_KRFE/outputs/denv/rep97/run.log
denv,,97,macro avg,average,0.97,0.99,0.98,4508.0,6,2,,/home/a61491/CASTOR_KRFE/outputs/denv/rep97/run.log
denv,,97,type1,class,1.0,0.99,1.0,2093.0,6,2,,/home/a61491/CASTOR_KRFE/outputs/denv/rep97/run.log
denv,,97,type2,class,1.0,0.99,1.0,1373.0,6,2,,/home/a61491/CASTOR_KRFE/outputs/denv/rep97/run.log
denv,,97,type3,class,0.98,0.99,0.99,908.0,6,2,,/home/a61491/CASTOR_KRFE/outputs/denv/rep97/run.log
denv,,97,type4,class,0.91,1.0,0.95,134.0,6,2,,/home/a61491/CASTOR_KRFE/outputs/denv/rep97/run.log
denv,,97,weighted avg,average,0.99,0.99,0.99,4508.0,6,2,,/home/a61491/CASTOR_KRFE/outputs/denv/rep97/run.log
denv,,99,accuracy,overall,,,0.99,4512.0,9,4,,/home/a61491/CASTOR_KRFE/outputs/denv/rep99/run.log
denv,,99,macro avg,average,0.98,0.99,0.99,4512.0,9,4,,/home/a61491/CASTOR_KRFE/outputs/denv/rep99/run.log
denv,,99,type1,class,1.0,0.99,1.0,2095.0,9,4,,/home/a61491/CASTOR_KRFE/outputs/denv/rep99/run.log
denv,,99,type2,class,1.0,1.0,1.0,1373.0,9,4,,/home/a61491/CASTOR_KRFE/outputs/denv/rep99/run.log
denv,,99,type3,class,0.99,0.99,0.99,910.0,9,4,,/home/a61491/CASTOR_KRFE/outputs/denv/rep99/run.log
denv,,99,type4,class,0.96,0.97,0.96,134.0,9,4,,/home/a61491/CASTOR_KRFE/outputs/denv/rep99/run.log
denv,,99,weighted avg,average,0.99,0.99,0.99,4512.0,9,4,,/home/a61491/CASTOR_KRFE/outputs/denv/rep99/run.log
denv,10,18,,evaluation,,,0.9920555076282226,,,2,,/home/a61491/CASTOR_KRFE/outputs/denv/rep18/run.log
denv,10,20,,evaluation,,,0.993650160634434,,,2,,/home/a61491/CASTOR_KRFE/outputs/denv/rep20/run.log
denv,10,53,,evaluation,,,0.9944437584887023,,,3,,/home/a61491/CASTOR_KRFE/outputs/denv/rep53/run.log
denv,10,70,,evaluation,,,0.9904741903481822,,,2,,/home/a61491/CASTOR_KRFE/outputs/denv/rep70/run.log
denv,10,81,,evaluation,,,0.992849229354037,,,3,,/home/a61491/CASTOR_KRFE/outputs/denv/rep81/run.log
denv,10,94,,evaluation,,,0.9928556848336394,,,4,,/home/a61491/CASTOR_KRFE/outputs/denv/rep94/run.log
denv,3,27,,evaluation,,,0.9968253888268803,,,3,,/home/a61491/CASTOR_KRFE/outputs/denv/rep27/run.log
denv,4,11,,evaluation,,,0.9928737061314425,,,2,,/home/a61491/CASTOR_KRFE/outputs/denv/rep11/run.log
denv,4,12,,evaluation,,,0.9960253930376991,,,2,,/home/a61491/CASTOR_KRFE/outputs/denv/rep12/run.log
denv,4,17,,evaluation,,,0.9968253428343227,,,2,,/home/a61491/CASTOR_KRFE/outputs/denv/rep17/run.log
denv,4,28,,evaluation,,,0.9952393310087635,,,2,,/home/a61491/CASTOR_KRFE/outputs/denv/rep28/run.log
denv,4,32,,evaluation,,,0.9984114286291096,,,2,,/home/a61491/CASTOR_KRFE/outputs/denv/rep32/run.log
denv,4,41,,evaluation,,,0.9944444124501369,,,2,,/home/a61491/CASTOR_KRFE/outputs/denv/rep41/run.log
denv,4,42,,evaluation,,,0.9960304521569014,,,2,,/home/a61491/CASTOR_KRFE/outputs/denv/rep42/run.log
denv,4,43,,evaluation,,,0.9944392366021138,,,2,,/home/a61491/CASTOR_KRFE/outputs/denv/rep43/run.log
denv,4,47,,evaluation,,,0.9952330261590788,,,2,,/home/a61491/CASTOR_KRFE/outputs/denv/rep47/run.log
denv,4,54,,evaluation,,,0.9960304582513742,,,2,,/home/a61491/CASTOR_KRFE/outputs/denv/rep54/run.log
denv,4,59,,evaluation,,,0.9904727338716994,,,2,,/home/a61491/CASTOR_KRFE/outputs/denv/rep59/run.log
denv,4,77,,evaluation,,,0.9976190296222648,,,3,,/home/a61491/CASTOR_KRFE/outputs/denv/rep77/run.log
denv,4,90,,evaluation,,,0.9968228412035683,,,2,,/home/a61491/CASTOR_KRFE/outputs/denv/rep90/run.log
denv,5,23,,evaluation,,,0.9944406571469123,,,2,,/home/a61491/CASTOR_KRFE/outputs/denv/rep23/run.log
denv,5,33,,evaluation,,,0.9920609224826522,,,2,,/home/a61491/CASTOR_KRFE/outputs/denv/rep33/run.log
denv,5,44,,evaluation,,,0.9952380952380953,,,2,,/home/a61491/CASTOR_KRFE/outputs/denv/rep44/run.log
denv,5,51,,evaluation,,,0.9920626081207661,,,2,,/home/a61491/CASTOR_KRFE/outputs/denv/rep51/run.log
denv,5,60,,evaluation,,,0.9968253968253968,,,2,,/home/a61491/CASTOR_KRFE/outputs/denv/rep60/run.log
denv,5,63,,evaluation,,,0.9904670794330088,,,3,,/home/a61491/CASTOR_KRFE/outputs/denv/rep63/run.log
denv,5,66,,evaluation,,,0.997620303386128,,,3,,/home/a61491/CASTOR_KRFE/outputs/denv/rep66/run.log
denv,5,68,,evaluation,,,0.9960291381890243,,,3,,/home/a61491/CASTOR_KRFE/outputs/denv/rep68/run.log
denv,5,73,,evaluation,,,0.9968253648310893,,,3,,/home/a61491/CASTOR_KRFE/outputs/denv/rep73/run.log
denv,5,77,,evaluation,,,0.9952355697065308,,,3,,/home/a61491/CASTOR_KRFE/outputs/denv/rep77/run.log
denv,5,78,,evaluation,,,0.9952342858873287,,,2,,/home/a61491/CASTOR_KRFE/outputs/denv/rep78/run.log
denv,5,80,,evaluation,,,0.996031635858368,,,2,,/home/a61491/CASTOR_KRFE/outputs/denv/rep80/run.log
denv,5,81,,evaluation,,,0.9968253848085175,,,3,,/home/a61491/CASTOR_KRFE/outputs/denv/rep81/run.log
denv,5,92,,evaluation,,,0.9960304642312778,,,2,,/home/a61491/CASTOR_KRFE/outputs/denv/rep92/run.log
denv,5,95,,evaluation,,,0.9952342620055025,,,2,,/home/a61491/CASTOR_KRFE/outputs/denv/rep95/run.log
denv,6,1,,evaluation,,,0.9976190296222646,,,3,,/home/a61491/CASTOR_KRFE/outputs/denv/rep1/run.log
denv,6,15,,evaluation,,,0.9952443581143107,,,2,,/home/a61491/CASTOR_KRFE/outputs/denv/rep15/run.log
denv,6,27,,evaluation,,,0.9952354996418831,,,2,,/home/a61491/CASTOR_KRFE/outputs/denv/rep27/run.log
denv,6,36,,evaluation,,,0.9968253908265097,,,2,,/home/a61491/CASTOR_KRFE/outputs/denv/rep36/run.log
denv,6,38,,evaluation,,,0.9992063472067201,,,2,,/home/a61491/CASTOR_KRFE/outputs/denv/rep38/run.log
denv,6,46,,evaluation,,,0.9968240929903744,,,2,,/home/a61491/CASTOR_KRFE/outputs/denv/rep46/run.log
denv,6,56,,evaluation,,,0.9912788589361144,,,2,,/home/a61491/CASTOR_KRFE/outputs/denv/rep56/run.log
denv,6,8,,evaluation,,,0.9960292205001816,,,2,,/home/a61491/CASTOR_KRFE/outputs/denv/rep8/run.log
denv,6,85,,evaluation,,,0.9968228572582193,,,2,,/home/a61491/CASTOR_KRFE/outputs/denv/rep85/run.log
denv,6,91,,evaluation,,,0.9984114286291096,,,3,,/home/a61491/CASTOR_KRFE/outputs/denv/rep91/run.log
denv,6,95,,evaluation,,,0.9968253529090699,,,2,,/home/a61491/CASTOR_KRFE/outputs/denv/rep95/run.log
denv,6,97,,evaluation,,,0.9944406031558382,,,2,,/home/a61491/CASTOR_KRFE/outputs/denv/rep97/run.log
denv,7,7,,evaluation,,,0.9960266508044087,,,3,,/home/a61491/CASTOR_KRFE/outputs/denv/rep7/run.log
denv,7,72,,evaluation,,,0.9904811134090663,,,3,,/home/a61491/CASTOR_KRFE/outputs/denv/rep72/run.log
denv,7,89,,evaluation,,,0.9944481518890363,,,2,,/home/a61491/CASTOR_KRFE/outputs/denv/rep89/run.log
denv,8,17,,evaluation,,,0.9912457458421757,,,2,,/home/a61491/CASTOR_KRFE/outputs/denv/rep17/run.log
denv,8,3,,evaluation,,,0.9984126824155447,,,3,,/home/a61491/CASTOR_KRFE/outputs/denv/rep3/run.log
denv,8,36,,evaluation,,,0.9976177778354588,,,3,,/home/a61491/CASTOR_KRFE/outputs/denv/rep36/run.log
denv,8,62,,evaluation,,,0.9928561904996026,,,3,,/home/a61491/CASTOR_KRFE/outputs/denv/rep62/run.log
denv,8,7,,evaluation,,,0.991265985965331,,,3,,/home/a61491/CASTOR_KRFE/outputs/denv/rep7/run.log
denv,8,87,,evaluation,,,0.9968253648310893,,,3,,/home/a61491/CASTOR_KRFE/outputs/denv/rep87/run.log
denv,9,15,,evaluation,,,0.996034243568382,,,4,,/home/a61491/CASTOR_KRFE/outputs/denv/rep15/run.log
denv,9,19,,evaluation,,,0.9928531530536953,,,2,,/home/a61491/CASTOR_KRFE/outputs/denv/rep19/run.log
denv,9,22,,evaluation,,,0.9936497696781542,,,3,,/home/a61491/CASTOR_KRFE/outputs/denv/rep22/run.log
denv,9,34,,evaluation,,,0.9912821244744655,,,3,,/home/a61491/CASTOR_KRFE/outputs/denv/rep34/run.log
denv,9,68,,evaluation,,,0.9952354814532577,,,3,,/home/a61491/CASTOR_KRFE/outputs/denv/rep68/run.log
denv,9,75,,evaluation,,,0.9912583051769881,,,3,,/home/a61491/CASTOR_KRFE/outputs/denv/rep75/run.log
denv,9,76,,evaluation,,,0.9928413246506107,,,2,,/home/a61491/CASTOR_KRFE/outputs/denv/rep76/run.log
denv,9,86,,evaluation,,,0.9992063472067201,,,4,,/home/a61491/CASTOR_KRFE/outputs/denv/rep86/run.log
denv,9,96,,evaluation,,,0.9984126964130693,,,3,,/home/a61491/CASTOR_KRFE/outputs/denv/rep96/run.log
denv,9,99,,evaluation,,,0.9984114286291096,,,4,,/home/a61491/CASTOR_KRFE/outputs/denv/rep99/run.log
hbv,,1,A,class,0.97,0.98,0.97,644.0,4,4,,/home/a61491/CASTOR_KRFE/outputs/hbv/rep1/run.log
hbv,,1,B,class,0.99,0.98,0.99,1485.0,4,4,,/home/a61491/CASTOR_KRFE/outputs/hbv/rep1/run.log
hbv,,1,C,class,1.0,0.99,0.99,2435.0,4,4,,/home/a61491/CASTOR_KRFE/outputs/hbv/rep1/run.log
hbv,,1,D,class,0.98,0.99,0.99,965.0,4,4,,/home/a61491/CASTOR_KRFE/outputs/hbv/rep1/run.log
hbv,,1,E,class,0.95,0.99,0.97,150.0,4,4,,/home/a61491/CASTOR_KRFE/outputs/hbv/rep1/run.log
hbv,,1,F,class,0.9,1.0,0.95,53.0,4,4,,/home/a61491/CASTOR_KRFE/outputs/hbv/rep1/run.log
hbv,,1,accuracy,overall,,,0.99,5732.0,4,4,,/home/a61491/CASTOR_KRFE/outputs/hbv/rep1/run.log
hbv,,1,macro avg,average,0.96,0.99,0.98,5732.0,4,4,,/home/a61491/CASTOR_KRFE/outputs/hbv/rep1/run.log
hbv,,1,weighted avg,average,0.99,0.99,0.99,5732.0,4,4,,/home/a61491/CASTOR_KRFE/outputs/hbv/rep1/run.log
hbv,,10,A,class,1.0,0.99,0.99,644.0,3,5,,/home/a61491/CASTOR_KRFE/outputs/hbv/rep10/run.log
hbv,,10,B,class,0.99,0.99,0.99,1485.0,3,5,,/home/a61491/CASTOR_KRFE/outputs/hbv/rep10/run.log
hbv,,10,C,class,1.0,0.98,0.99,2435.0,3,5,,/home/a61491/CASTOR_KRFE/outputs/hbv/rep10/run.log
hbv,,10,D,class,0.99,0.99,0.99,965.0,3,5,,/home/a61491/CASTOR_KRFE/outputs/hbv/rep10/run.log
hbv,,10,E,class,0.97,1.0,0.99,150.0,3,5,,/home/a61491/CASTOR_KRFE/outputs/hbv/rep10/run.log
hbv,,10,F,class,0.6,1.0,0.75,53.0,3,5,,/home/a61491/CASTOR_KRFE/outputs/hbv/rep10/run.log
hbv,,10,accuracy,overall,,,0.99,5732.0,3,5,,/home/a61491/CASTOR_KRFE/outputs/hbv/rep10/run.log
hbv,,10,macro avg,average,0.92,0.99,0.95,5732.0,3,5,,/home/a61491/CASTOR_KRFE/outputs/hbv/rep10/run.log
hbv,,10,weighted avg,average,0.99,0.99,0.99,5732.0,3,5,,/home/a61491/CASTOR_KRFE/outputs/hbv/rep10/run.log
hbv,,100,A,class,0.97,0.98,0.97,644.0,4,5,,/home/a61491/CASTOR_KRFE/outputs/hbv/rep100/run.log
hbv,,100,B,class,0.99,0.98,0.99,1485.0,4,5,,/home/a61491/CASTOR_KRFE/outputs/hbv/rep100/run.log
hbv,,100,C,class,1.0,0.99,1.0,2435.0,4,5,,/home/a61491/CASTOR_KRFE/outputs/hbv/rep100/run.log
hbv,,100,D,class,0.99,1.0,1.0,965.0,4,5,,/home/a61491/CASTOR_KRFE/outputs/hbv/rep100/run.log
hbv,,100,E,class,0.95,0.98,0.96,150.0,4,5,,/home/a61491/CASTOR_KRFE/outputs/hbv/rep100/run.log
hbv,,100,F,class,0.93,1.0,0.96,53.0,4,5,,/home/a61491/CASTOR_KRFE/outputs/hbv/rep100/run.log
hbv,,100,accuracy,overall,,,0.99,5732.0,4,5,,/home/a61491/CASTOR_KRFE/outputs/hbv/rep100/run.log
hbv,,100,macro avg,average,0.97,0.99,0.98,5732.0,4,5,,/home/a61491/CASTOR_KRFE/outputs/hbv/rep100/run.log
hbv,,100,weighted avg,average,0.99,0.99,0.99,5732.0,4,5,,/home/a61491/CASTOR_KRFE/outputs/hbv/rep100/run.log
hbv,,11,A,class,0.97,0.98,0.98,644.0,5,4,,/home/a61491/CASTOR_KRFE/outputs/hbv/rep11/run.log
hbv,,11,B,class,1.0,1.0,1.0,1485.0,5,4,,/home/a61491/CASTOR_KRFE/outputs/hbv/rep11/run.log
hbv,,11,C,class,0.99,0.98,0.99,2435.0,5,4,,/home/a61491/CASTOR_KRFE/outputs/hbv/rep11/run.log
hbv,,11,D,class,0.97,0.98,0.98,965.0,5,4,,/home/a61491/CASTOR_KRFE/outputs/hbv/rep11/run.log
hbv,,11,E,class,0.94,0.99,0.96,150.0,5,4,,/home/a61491/CASTOR_KRFE/outputs/hbv/rep11/run.log
hbv,,11,F,class,0.93,1.0,0.96,53.0,5,4,,/home/a61491/CASTOR_KRFE/outputs/hbv/rep11/run.log
hbv,,11,accuracy,overall,,,0.99,5732.0,5,4,,/home/a61491/CASTOR_KRFE/outputs/hbv/rep11/run.log
hbv,,11,macro avg,average,0.97,0.99,0.98,5732.0,5,4,,/home/a61491/CASTOR_KRFE/outputs/hbv/rep11/run.log
hbv,,11,weighted avg,average,0.99,0.99,0.99,5732.0,5,4,,/home/a61491/CASTOR_KRFE/outputs/hbv/rep11/run.log
hbv,,12,A,class,0.99,0.97,0.98,644.0,7,4,,/home/a61491/CASTOR_KRFE/outputs/hbv/rep12/run.log
hbv,,12,B,class,0.99,0.99,0.99,1485.0,7,4,,/home/a61491/CASTOR_KRFE/outputs/hbv/rep12/run.log
hbv,,12,C,class,0.99,0.99,0.99,2435.0,7,4,,/home/a61491/CASTOR_KRFE/outputs/hbv/rep12/run.log
hbv,,12,D,class,0.99,0.98,0.98,965.0,7,4,,/home/a61491/CASTOR_KRFE/outputs/hbv/rep12/run.log
hbv,,12,E,class,0.95,0.99,0.97,150.0,7,4,,/home/a61491/CASTOR_KRFE/outputs/hbv/rep12/run.log
hbv,,12,F,class,0.77,1.0,0.87,53.0,7,4,,/home/a61491/CASTOR_KRFE/outputs/hbv/rep12/run.log
hbv,,12,accuracy,overall,,,0.98,5732.0,7,4,,/home/a61491/CASTOR_KRFE/outputs/hbv/rep12/run.log
hbv,,12,macro avg,average,0.94,0.99,0.96,5732.0,7,4,,/home/a61491/CASTOR_KRFE/outputs/hbv/rep12/run.log
hbv,,12,weighted avg,average,0.98,0.98,0.98,5732.0,7,4,,/home/a61491/CASTOR_KRFE/outputs/hbv/rep12/run.log
hbv,,13,A,class,0.96,0.97,0.97,644.0,7,4,,/home/a61491/CASTOR_KRFE/outputs/hbv/rep13/run.log
hbv,,13,B,class,0.99,0.98,0.98,1485.0,7,4,,/home/a61491/CASTOR_KRFE/outputs/hbv/rep13/run.log
hbv,,13,C,class,0.99,0.98,0.99,2435.0,7,4,,/home/a61491/CASTOR_KRFE/outputs/hbv/rep13/run.log
hbv,,13,D,class,1.0,0.99,0.99,965.0,7,4,,/home/a61491/CASTOR_KRFE/outputs/hbv/rep13/run.log
hbv,,13,E,class,0.96,1.0,0.98,150.0,7,4,,/home/a61491/CASTOR_KRFE/outputs/hbv/rep13/run.log
hbv,,13,F,class,0.59,1.0,0.74,53.0,7,4,,/home/a61491/CASTOR_KRFE/outputs/hbv/rep13/run.log
hbv,,13,accuracy,overall,,,0.98,5732.0,7,4,,/home/a61491/CASTOR_KRFE/outputs/hbv/rep13/run.log
hbv,,13,macro avg,average,0.92,0.99,0.94,5732.0,7,4,,/home/a61491/CASTOR_KRFE/outputs/hbv/rep13/run.log
hbv,,13,weighted avg,average,0.98,0.98,0.98,5732.0,7,4,,/home/a61491/CASTOR_KRFE/outputs/hbv/rep13/run.log
hbv,,14,A,class,0.98,0.99,0.98,644.0,4,5,,/home/a61491/CASTOR_KRFE/outputs/hbv/rep14/run.log
hbv,,14,B,class,0.99,0.98,0.98,1485.0,4,5,,/home/a61491/CASTOR_KRFE/outputs/hbv/rep14/run.log
hbv,,14,C,class,0.99,0.99,0.99,2435.0,4,5,,/home/a61491/CASTOR_KRFE/outputs/hbv/rep14/run.log
hbv,,14,D,class,0.99,0.99,0.99,965.0,4,5,,/home/a61491/CASTOR_KRFE/outputs/hbv/rep14/run.log
hbv,,14,E,class,0.95,0.99,0.97,150.0,4,5,,/home/a61491/CASTOR_KRFE/outputs/hbv/rep14/run.log
hbv,,14,F,class,0.95,1.0,0.97,53.0,4,5,,/home/a61491/CASTOR_KRFE/outputs/hbv/rep14/run.log
hbv,,14,accuracy,overall,,,0.99,5732.0,4,5,,/home/a61491/CASTOR_KRFE/outputs/hbv/rep14/run.log
hbv,,14,macro avg,average,0.97,0.99,0.98,5732.0,4,5,,/home/a61491/CASTOR_KRFE/outputs/hbv/rep14/run.log
hbv,,14,weighted avg,average,0.99,0.99,0.99,5732.0,4,5,,/home/a61491/CASTOR_KRFE/outputs/hbv/rep14/run.log
hbv,,15,A,class,0.88,0.97,0.92,644.0,4,4,,/home/a61491/CASTOR_KRFE/outputs/hbv/rep15/run.log
hbv,,15,B,class,1.0,0.95,0.97,1485.0,4,4,,/home/a61491/CASTOR_KRFE/outputs/hbv/rep15/run.log
hbv,,15,C,class,0.99,0.97,0.98,2435.0,4,4,,/home/a61491/CASTOR_KRFE/outputs/hbv/rep15/run.log
hbv,,15,D,class,0.98,0.98,0.98,965.0,4,4,,/home/a61491/CASTOR_KRFE/outputs/hbv/rep15/run.log
hbv,,15,E,class,0.8,1.0,0.89,150.0,4,4,,/home/a61491/CASTOR_KRFE/outputs/hbv/rep15/run.log
hbv,,15,F,class,1.0,1.0,1.0,53.0,4,4,,/home/a61491/CASTOR_KRFE/outputs/hbv/rep15/run.log
hbv,,15,accuracy,overall,,,0.97,5732.0,4,4,,/home/a61491/CASTOR_KRFE/outputs/hbv/rep15/run.log
hbv,,15,macro avg,average,0.94,0.98,0.96,5732.0,4,4,,/home/a61491/CASTOR_KRFE/outputs/hbv/rep15/run.log
hbv,,15,weighted avg,average,0.97,0.97,0.97,5732.0,4,4,,/home/a61491/CASTOR_KRFE/outputs/hbv/rep15/run.log
hbv,,16,A,class,0.97,0.98,0.98,644.0,5,4,,/home/a61491/CASTOR_KRFE/outputs/hbv/rep16/run.log
hbv,,16,B,class,0.98,0.99,0.99,1485.0,5,4,,/home/a61491/CASTOR_KRFE/outputs/hbv/rep16/run.log
hbv,,16,C,class,0.99,0.99,0.99,2435.0,5,4,,/home/a61491/CASTOR_KRFE/outputs/hbv/rep16/run.log
hbv,,16,D,class,1.0,0.94,0.97,965.0,5,4,,/home/a61491/CASTOR_KRFE/outputs/hbv/rep16/run.log
hbv,,16,E,class,0.78,1.0,0.87,150.0,5,4,,/home/a61491/CASTOR_KRFE/outputs/hbv/rep16/run.log
hbv,,16,F,class,0.95,1.0,0.97,53.0,5,4,,/home/a61491/CASTOR_KRFE/outputs/hbv/rep16/run.log
hbv,,16,accuracy,overall,,,0.98,5732.0,5,4,,/home/a61491/CASTOR_KRFE/outputs/hbv/rep16/run.log
hbv,,16,macro avg,average,0.94,0.98,0.96,5732.0,5,4,,/home/a61491/CASTOR_KRFE/outputs/hbv/rep16/run.log
hbv,,16,weighted avg,average,0.98,0.98,0.98,5732.0,5,4,,/home/a61491/CASTOR_KRFE/outputs/hbv/rep16/run.log
hbv,,17,A,class,0.99,0.98,0.98,644.0,4,5,,/home/a61491/CASTOR_KRFE/outputs/hbv/rep17/run.log
hbv,,17,B,class,0.99,0.99,0.99,1485.0,4,5,,/home/a61491/CASTOR_KRFE/outputs/hbv/rep17/run.log
hbv,,17,C,class,0.99,0.99,0.99,2435.0,4,5,,/home/a61491/CASTOR_KRFE/outputs/hbv/rep17/run.log
hbv,,17,D,class,0.99,0.99,0.99,965.0,4,5,,/home/a61491/CASTOR_KRFE/outputs/hbv/rep17/run.log
hbv,,17,E,class,0.96,0.99,0.98,150.0,4,5,,/home/a61491/CASTOR_KRFE/outputs/hbv/rep17/run.log
hbv,,17,F,class,0.98,1.0,0.99,53.0,4,5,,/home/a61491/CASTOR_KRFE/outputs/hbv/rep17/run.log
hbv,,17,accuracy,overall,,,0.99,5732.0,4,5,,/home/a61491/CASTOR_KRFE/outputs/hbv/rep17/run.log
hbv,,17,macro avg,average,0.98,0.99,0.99,5732.0,4,5,,/home/a61491/CASTOR_KRFE/outputs/hbv/rep17/run.log
hbv,,17,weighted avg,average,0.99,0.99,0.99,5732.0,4,5,,/home/a61491/CASTOR_KRFE/outputs/hbv/rep17/run.log
hbv,,18,A,class,0.98,0.99,0.98,644.0,5,4,,/home/a61491/CASTOR_KRFE/outputs/hbv/rep18/run.log
hbv,,18,B,class,0.99,0.96,0.98,1485.0,5,4,,/home/a61491/CASTOR_KRFE/outputs/hbv/rep18/run.log
hbv,,18,C,class,1.0,0.99,0.99,2435.0,5,4,,/home/a61491/CASTOR_KRFE/outputs/hbv/rep18/run.log
hbv,,18,D,class,0.95,0.98,0.96,965.0,5,4,,/home/a61491/CASTOR_KRFE/outputs/hbv/rep18/run.log
hbv,,18,E,class,0.98,1.0,0.99,150.0,5,4,,/home/a61491/CASTOR_KRFE/outputs/hbv/rep18/run.log
hbv,,18,F,class,0.73,1.0,0.84,53.0,5,4,,/home/a61491/CASTOR_KRFE/outputs/hbv/rep18/run.log
hbv,,18,accuracy,overall,,,0.98,5732.0,5,4,,/home/a61491/CASTOR_KRFE/outputs/hbv/rep18/run.log
hbv,,18,macro avg,average,0.94,0.99,0.96,5732.0,5,4,,/home/a61491/CASTOR_KRFE/outputs/hbv/rep18/run.log
hbv,,18,weighted avg,average,0.98,0.98,0.98,5732.0,5,4,,/home/a61491/CASTOR_KRFE/outputs/hbv/rep18/run.log
hbv,,19,A,class,1.0,0.94,0.97,644.0,10,4,,/home/a61491/CASTOR_KRFE/outputs/hbv/rep19/run.log
hbv,,19,B,class,0.98,0.98,0.98,1485.0,10,4,,/home/a61491/CASTOR_KRFE/outputs/hbv/rep19/run.log
hbv,,19,C,class,0.99,1.0,0.99,2435.0,10,4,,/home/a61491/CASTOR_KRFE/outputs/hbv/rep19/run.log
hbv,,19,D,class,0.97,0.99,0.98,965.0,10,4,,/home/a61491/CASTOR_KRFE/outputs/hbv/rep19/run.log
hbv,,19,E,class,0.97,0.97,0.97,150.0,10,4,,/home/a61491/CASTOR_KRFE/outputs/hbv/rep19/run.log
hbv,,19,F,class,0.98,1.0,0.99,53.0,10,4,,/home/a61491/CASTOR_KRFE/outputs/hbv/rep19/run.log
hbv,,19,accuracy,overall,,,0.98,5732.0,10,4,,/home/a61491/CASTOR_KRFE/outputs/hbv/rep19/run.log
hbv,,19,macro avg,average,0.98,0.98,0.98,5732.0,10,4,,/home/a61491/CASTOR_KRFE/outputs/hbv/rep19/run.log
hbv,,19,weighted avg,average,0.98,0.98,0.98,5732.0,10,4,,/home/a61491/CASTOR_KRFE/outputs/hbv/rep19/run.log
hbv,,2,A,class,0.98,0.99,0.98,644.0,5,4,,/home/a61491/CASTOR_KRFE/outputs/hbv/rep2/run.log
hbv,,2,B,class,1.0,0.99,0.99,1485.0,5,4,,/home/a61491/CASTOR_KRFE/outputs/hbv/rep2/run.log
hbv,,2,C,class,0.99,0.99,0.99,2435.0,5,4,,/home/a61491/CASTOR_KRFE/outputs/hbv/rep2/run.log
hbv,,2,D,class,0.98,0.99,0.99,965.0,5,4,,/home/a61491/CASTOR_KRFE/outputs/hbv/rep2/run.log
hbv,,2,E,class,0.97,1.0,0.99,150.0,5,4,,/home/a61491/CASTOR_KRFE/outputs/hbv/rep2/run.log
hbv,,2,F,class,0.76,1.0,0.86,53.0,5,4,,/home/a61491/CASTOR_KRFE/outputs/hbv/rep2/run.log
hbv,,2,accuracy,overall,,,0.99,5732.0,5,4,,/home/a61491/CASTOR_KRFE/outputs/hbv/rep2/run.log
hbv,,2,macro avg,average,0.95,0.99,0.97,5732.0,5,4,,/home/a61491/CASTOR_KRFE/outputs/hbv/rep2/run.log
hbv,,2,weighted avg,average,0.99,0.99,0.99,5732.0,5,4,,/home/a61491/CASTOR_KRFE/outputs/hbv/rep2/run.log
hbv,,20,A,class,0.99,0.99,0.99,644.0,5,4,,/home/a61491/CASTOR_KRFE/outputs/hbv/rep20/run.log
hbv,,20,B,class,0.96,0.97,0.97,1485.0,5,4,,/home/a61491/CASTOR_KRFE/outputs/hbv/rep20/run.log
hbv,,20,C,class,1.0,0.99,0.99,2435.0,5,4,,/home/a61491/CASTOR_KRFE/outputs/hbv/rep20/run.log
hbv,,20,D,class,0.96,0.93,0.95,965.0,5,4,,/home/a61491/CASTOR_KRFE/outputs/hbv/rep20/run.log
hbv,,20,E,class,0.98,1.0,0.99,150.0,5,4,,/home/a61491/CASTOR_KRFE/outputs/hbv/rep20/run.log
hbv,,20,F,class,0.67,1.0,0.8,53.0,5,4,,/home/a61491/CASTOR_KRFE/outputs/hbv/rep20/run.log
hbv,,20,accuracy,overall,,,0.98,5732.0,5,4,,/home/a61491/CASTOR_KRFE/outputs/hbv/rep20/run.log
hbv,,20,macro avg,average,0.93,0.98,0.95,5732.0,5,4,,/home/a61491/CASTOR_KRFE/outputs/hbv/rep20/run.log
hbv,,20,weighted avg,average,0.98,0.98,0.98,5732.0,5,4,,/home/a61491/CASTOR_KRFE/outputs/hbv/rep20/run.log
hbv,,21,A,class,0.98,0.99,0.98,644.0,4,5,,/home/a61491/CASTOR_KRFE/outputs/hbv/rep21/run.log
hbv,,21,B,class,0.98,0.98,0.98,1485.0,4,5,,/home/a61491/CASTOR_KRFE/outputs/hbv/rep21/run.log
hbv,,21,C,class,0.99,0.99,0.99,2435.0,4,5,,/home/a61491/CASTOR_KRFE/outputs/hbv/rep21/run.log
hbv,,21,D,class,0.99,0.99,0.99,965.0,4,5,,/home/a61491/CASTOR_KRFE/outputs/hbv/rep21/run.log
hbv,,21,E,class,0.96,0.99,0.98,150.0,4,5,,/home/a61491/CASTOR_KRFE/outputs/hbv/rep21/run.log
hbv,,21,F,class,1.0,1.0,1.0,53.0,4,5,,/home/a61491/CASTOR_KRFE/outputs/hbv/rep21/run.log
hbv,,21,accuracy,overall,,,0.99,5732.0,4,5,,/home/a61491/CASTOR_KRFE/outputs/hbv/rep21/run.log
hbv,,21,macro avg,average,0.98,0.99,0.99,5732.0,4,5,,/home/a61491/CASTOR_KRFE/outputs/hbv/rep21/run.log
hbv,,21,weighted avg,average,0.99,0.99,0.99,5732.0,4,5,,/home/a61491/CASTOR_KRFE/outputs/hbv/rep21/run.log
hbv,,22,A,class,0.87,0.99,0.92,644.0,7,4,,/home/a61491/CASTOR_KRFE/outputs/hbv/rep22/run.log
hbv,,22,B,class,0.99,0.93,0.96,1485.0,7,4,,/home/a61491/CASTOR_KRFE/outputs/hbv/rep22/run.log
hbv,,22,C,class,0.99,0.99,0.99,2435.0,7,4,,/home/a61491/CASTOR_KRFE/outputs/hbv/rep22/run.log
hbv,,22,D,class,0.99,0.99,0.99,965.0,7,4,,/home/a61491/CASTOR_KRFE/outputs/hbv/rep22/run.log
hbv,,22,E,class,0.99,0.98,0.98,150.0,7,4,,/home/a61491/CASTOR_KRFE/outputs/hbv/rep22/run.log
hbv,,22,F,class,0.67,0.98,0.79,53.0,7,4,,/home/a61491/CASTOR_KRFE/outputs/hbv/rep22/run.log
hbv,,22,accuracy,overall,,,0.97,5732.0,7,4,,/home/a61491/CASTOR_KRFE/outputs/hbv/rep22/run.log
hbv,,22,macro avg,average,0.92,0.98,0.94,5732.0,7,4,,/home/a61491/CASTOR_KRFE/outputs/hbv/rep22/run.log
hbv,,22,weighted avg,average,0.98,0.97,0.97,5732.0,7,4,,/home/a61491/CASTOR_KRFE/outputs/hbv/rep22/run.log
hbv,,23,A,class,1.0,0.98,0.99,644.0,5,4,,/home/a61491/CASTOR_KRFE/outputs/hbv/rep23/run.log
hbv,,23,B,class,1.0,0.99,0.99,1485.0,5,4,,/home/a61491/CASTOR_KRFE/outputs/hbv/rep23/run.log
hbv,,23,C,class,0.99,0.99,0.99,2435.0,5,4,,/home/a61491/CASTOR_KRFE/outputs/hbv/rep23/run.log
hbv,,23,D,class,0.99,0.98,0.98,965.0,5,4,,/home/a61491/CASTOR_KRFE/outputs/hbv/rep23/run.log
hbv,,23,E,class,0.78,0.99,0.88,150.0,5,4,,/home/a61491/CASTOR_KRFE/outputs/hbv/rep23/run.log
hbv,,23,F,class,0.8,1.0,0.89,53.0,5,4,,/home/a61491/CASTOR_KRFE/outputs/hbv/rep23/run.log
hbv,,23,accuracy,overall,,,0.98,5732.0,5,4,,/home/a61491/CASTOR_KRFE/outputs/hbv/rep23/run.log
hbv,,23,macro avg,average,0.93,0.99,0.95,5732.0,5,4,,/home/a61491/CASTOR_KRFE/outputs/hbv/rep23/run.log
hbv,,23,weighted avg,average,0.99,0.98,0.99,5732.0,5,4,,/home/a61491/CASTOR_KRFE/outputs/hbv/rep23/run.log
hbv,,24,A,class,0.99,0.99,0.99,644.0,5,4,,/home/a61491/CASTOR_KRFE/outputs/hbv/rep24/run.log
hbv,,24,B,class,0.99,0.99,0.99,1485.0,5,4,,/home/a61491/CASTOR_KRFE/outputs/hbv/rep24/run.log
hbv,,24,C,class,0.99,0.99,0.99,2435.0,5,4,,/home/a61491/CASTOR_KRFE/outputs/hbv/rep24/run.log
hbv,,24,D,class,1.0,0.97,0.98,965.0,5,4,,/home/a61491/CASTOR_KRFE/outputs/hbv/rep24/run.log
hbv,,24,E,class,0.96,1.0,0.98,150.0,5,4,,/home/a61491/CASTOR_KRFE/outputs/hbv/rep24/run.log
hbv,,24,F,class,0.81,0.98,0.89,53.0,5,4,,/home/a61491/CASTOR_KRFE/outputs/hbv/rep24/run.log
hbv,,24,accuracy,overall,,,0.99,5732.0,5,4,,/home/a61491/CASTOR_KRFE/outputs/hbv/rep24/run.log
hbv,,24,macro avg,average,0.96,0.99,0.97,5732.0,5,4,,/home/a61491/CASTOR_KRFE/outputs/hbv/rep24/run.log
hbv,,24,weighted avg,average,0.99,0.99,0.99,5732.0,5,4,,/home/a61491/CASTOR_KRFE/outputs/hbv/rep24/run.log
hbv,,25,A,class,1.0,0.98,0.99,644.0,7,4,,/home/a61491/CASTOR_KRFE/outputs/hbv/rep25/run.log
hbv,,25,B,class,0.99,0.99,0.99,1485.0,7,4,,/home/a61491/CASTOR_KRFE/outputs/hbv/rep25/run.log
hbv,,25,C,class,0.99,0.98,0.99,2435.0,7,4,,/home/a61491/CASTOR_KRFE/outputs/hbv/rep25/run.log
hbv,,25,D,class,0.99,0.99,0.99,965.0,7,4,,/home/a61491/CASTOR_KRFE/outputs/hbv/rep25/run.log
hbv,,25,E,class,0.99,0.98,0.99,150.0,7,4,,/home/a61491/CASTOR_KRFE/outputs/hbv/rep25/run.log
hbv,,25,F,class,0.46,0.98,0.63,53.0,7,4,,/home/a61491/CASTOR_KRFE/outputs/hbv/rep25/run.log
hbv,,25,accuracy,overall,,,0.98,5732.0,7,4,,/home/a61491/CASTOR_KRFE/outputs/hbv/rep25/run.log
hbv,,25,macro avg,average,0.9,0.98,0.93,5732.0,7,4,,/home/a61491/CASTOR_KRFE/outputs/hbv/rep25/run.log
hbv,,25,weighted avg,average,0.99,0.98,0.98,5732.0,7,4,,/home/a61491/CASTOR_KRFE/outputs/hbv/rep25/run.log
hbv,,26,A,class,0.95,0.98,0.96,644.0,9,4,,/home/a61491/CASTOR_KRFE/outputs/hbv/rep26/run.log
hbv,,26,B,class,1.0,0.98,0.99,1485.0,9,4,,/home/a61491/CASTOR_KRFE/outputs/hbv/rep26/run.log
hbv,,26,C,class,0.99,0.99,0.99,2435.0,9,4,,/home/a61491/CASTOR_KRFE/outputs/hbv/rep26/run.log
hbv,,26,D,class,1.0,0.97,0.98,965.0,9,4,,/home/a61491/CASTOR_KRFE/outputs/hbv/rep26/run.log
hbv,,26,E,class,0.78,1.0,0.88,150.0,9,4,,/home/a61491/CASTOR_KRFE/outputs/hbv/rep26/run.log
hbv,,26,F,class,0.72,0.96,0.82,53.0,9,4,,/home/a61491/CASTOR_KRFE/outputs/hbv/rep26/run.log
hbv,,26,accuracy,overall,,,0.98,5732.0,9,4,,/home/a61491/CASTOR_KRFE/outputs/hbv/rep26/run.log
hbv,,26,macro avg,average,0.91,0.98,0.94,5732.0,9,4,,/home/a61491/CASTOR_KRFE/outputs/hbv/rep26/run.log
hbv,,26,weighted avg,average,0.98,0.98,0.98,5732.0,9,4,,/home/a61491/CASTOR_KRFE/outputs/hbv/rep26/run.log
hbv,,27,A,class,0.96,0.96,0.96,644.0,7,4,,/home/a61491/CASTOR_KRFE/outputs/hbv/rep27/run.log
hbv,,27,B,class,0.99,0.98,0.99,1485.0,7,4,,/home/a61491/CASTOR_KRFE/outputs/hbv/rep27/run.log
hbv,,27,C,class,0.98,0.98,0.98,2435.0,7,4,,/home/a61491/CASTOR_KRFE/outputs/hbv/rep27/run.log
hbv,,27,D,class,1.0,0.98,0.99,965.0,7,4,,/home/a61491/CASTOR_KRFE/outputs/hbv/rep27/run.log
hbv,,27,E,class,0.91,1.0,0.95,150.0,7,4,,/home/a61491/CASTOR_KRFE/outputs/hbv/rep27/run.log
hbv,,27,F,class,0.68,0.98,0.8,53.0,7,4,,/home/a61491/CASTOR_KRFE/outputs/hbv/rep27/run.log
hbv,,27,accuracy,overall,,,0.98,5732.0,7,4,,/home/a61491/CASTOR_KRFE/outputs/hbv/rep27/run.log
hbv,,27,macro avg,average,0.92,0.98,0.95,5732.0,7,4,,/home/a61491/CASTOR_KRFE/outputs/hbv/rep27/run.log
hbv,,27,weighted avg,average,0.98,0.98,0.98,5732.0,7,4,,/home/a61491/CASTOR_KRFE/outputs/hbv/rep27/run.log
hbv,,28,A,class,0.92,0.95,0.93,644.0,4,4,,/home/a61491/CASTOR_KRFE/outputs/hbv/rep28/run.log
hbv,,28,B,class,0.99,0.97,0.98,1485.0,4,4,,/home/a61491/CASTOR_KRFE/outputs/hbv/rep28/run.log
hbv,,28,C,class,0.98,0.98,0.98,2435.0,4,4,,/home/a61491/CASTOR_KRFE/outputs/hbv/rep28/run.log
hbv,,28,D,class,0.98,0.98,0.98,965.0,4,4,,/home/a61491/CASTOR_KRFE/outputs/hbv/rep28/run.log
hbv,,28,E,class,0.97,0.98,0.97,150.0,4,4,,/home/a61491/CASTOR_KRFE/outputs/hbv/rep28/run.log
hbv,,28,F,class,0.73,0.98,0.84,53.0,4,4,,/home/a61491/CASTOR_KRFE/outputs/hbv/rep28/run.log
hbv,,28,accuracy,overall,,,0.97,5732.0,4,4,,/home/a61491/CASTOR_KRFE/outputs/hbv/rep28/run.log
hbv,,28,macro avg,average,0.93,0.97,0.95,5732.0,4,4,,/home/a61491/CASTOR_KRFE/outputs/hbv/rep28/run.log
hbv,,28,weighted avg,average,0.97,0.97,0.97,5732.0,4,4,,/home/a61491/CASTOR_KRFE/outputs/hbv/rep28/run.log
hbv,,29,A,class,0.99,0.98,0.98,644.0,5,4,,/home/a61491/CASTOR_KRFE/outputs/hbv/rep29/run.log
hbv,,29,B,class,0.95,0.97,0.96,1485.0,5,4,,/home/a61491/CASTOR_KRFE/outputs/hbv/rep29/run.log
hbv,,29,C,class,0.99,0.96,0.97,2435.0,5,4,,/home/a61491/CASTOR_KRFE/outputs/hbv/rep29/run.log
hbv,,29,D,class,0.99,0.99,0.99,965.0,5,4,,/home/a61491/CASTOR_KRFE/outputs/hbv/rep29/run.log
hbv,,29,E,class,0.94,1.0,0.97,150.0,5,4,,/home/a61491/CASTOR_KRFE/outputs/hbv/rep29/run.log
hbv,,29,F,class,0.68,1.0,0.81,53.0,5,4,,/home/a61491/CASTOR_KRFE/outputs/hbv/rep29/run.log
hbv,,29,accuracy,overall,,,0.97,5732.0,5,4,,/home/a61491/CASTOR_KRFE/outputs/hbv/rep29/run.log
hbv,,29,macro avg,average,0.92,0.98,0.95,5732.0,5,4,,/home/a61491/CASTOR_KRFE/outputs/hbv/rep29/run.log
hbv,,29,weighted avg,average,0.97,0.97,0.97,5732.0,5,4,,/home/a61491/CASTOR_KRFE/outputs/hbv/rep29/run.log
hbv,,3,A,class,0.9,0.97,0.93,644.0,4,4,,/home/a61491/CASTOR_KRFE/outputs/hbv/rep3/run.log
hbv,,3,B,class,0.99,0.98,0.99,1485.0,4,4,,/home/a61491/CASTOR_KRFE/outputs/hbv/rep3/run.log
hbv,,3,C,class,0.99,0.97,0.98,2435.0,4,4,,/home/a61491/CASTOR_KRFE/outputs/hbv/rep3/run.log
hbv,,3,D,class,0.98,0.99,0.99,965.0,4,4,,/home/a61491/CASTOR_KRFE/outputs/hbv/rep3/run.log
hbv,,3,E,class,0.97,0.97,0.97,150.0,4,4,,/home/a61491/CASTOR_KRFE/outputs/hbv/rep3/run.log
hbv,,3,F,class,0.79,0.98,0.87,53.0,4,4,,/home/a61491/CASTOR_KRFE/outputs/hbv/rep3/run.log
hbv,,3,accuracy,overall,,,0.98,5732.0,4,4,,/home/a61491/CASTOR_KRFE/outputs/hbv/rep3/run.log
hbv,,3,macro avg,average,0.94,0.98,0.95,5732.0,4,4,,/home/a61491/CASTOR_KRFE/outputs/hbv/rep3/run.log
hbv,,3,weighted avg,average,0.98,0.98,0.98,5732.0,4,4,,/home/a61491/CASTOR_KRFE/outputs/hbv/rep3/run.log
hbv,,30,A,class,0.99,0.96,0.97,644.0,7,4,,/home/a61491/CASTOR_KRFE/outputs/hbv/rep30/run.log
hbv,,30,B,class,0.99,0.99,0.99,1485.0,7,4,,/home/a61491/CASTOR_KRFE/outputs/hbv/rep30/run.log
hbv,,30,C,class,0.99,0.99,0.99,2435.0,7,4,,/home/a61491/CASTOR_KRFE/outputs/hbv/rep30/run.log
hbv,,30,D,class,1.0,0.99,0.99,965.0,7,4,,/home/a61491/CASTOR_KRFE/outputs/hbv/rep30/run.log
hbv,,30,E,class,0.94,0.99,0.96,150.0,7,4,,/home/a61491/CASTOR_KRFE/outputs/hbv/rep30/run.log
hbv,,30,F,class,0.66,1.0,0.8,53.0,7,4,,/home/a61491/CASTOR_KRFE/outputs/hbv/rep30/run.log
hbv,,30,accuracy,overall,,,0.99,5732.0,7,4,,/home/a61491/CASTOR_KRFE/outputs/hbv/rep30/run.log
hbv,,30,macro avg,average,0.93,0.99,0.95,5732.0,7,4,,/home/a61491/CASTOR_KRFE/outputs/hbv/rep30/run.log
hbv,,30,weighted avg,average,0.99,0.99,0.99,5732.0,7,4,,/home/a61491/CASTOR_KRFE/outputs/hbv/rep30/run.log
hbv,,31,A,class,0.98,0.99,0.99,644.0,5,4,,/home/a61491/CASTOR_KRFE/outputs/hbv/rep31/run.log
hbv,,31,B,class,1.0,0.96,0.98,1485.0,5,4,,/home/a61491/CASTOR_KRFE/outputs/hbv/rep31/run.log
hbv,,31,C,class,1.0,0.98,0.99,2435.0,5,4,,/home/a61491/CASTOR_KRFE/outputs/hbv/rep31/run.log
hbv,,31,D,class,0.93,0.99,0.96,965.0,5,4,,/home/a61491/CASTOR_KRFE/outputs/hbv/rep31/run.log
hbv,,31,E,class,0.99,1.0,1.0,150.0,5,4,,/home/a61491/CASTOR_KRFE/outputs/hbv/rep31/run.log
hbv,,31,F,class,0.76,1.0,0.86,53.0,5,4,,/home/a61491/CASTOR_KRFE/outputs/hbv/rep31/run.log
hbv,,31,accuracy,overall,,,0.98,5732.0,5,4,,/home/a61491/CASTOR_KRFE/outputs/hbv/rep31/run.log
hbv,,31,macro avg,average,0.94,0.99,0.96,5732.0,5,4,,/home/a61491/CASTOR_KRFE/outputs/hbv/rep31/run.log
hbv,,31,weighted avg,average,0.98,0.98,0.98,5732.0,5,4,,/home/a61491/CASTOR_KRFE/outputs/hbv/rep31/run.log
hbv,,32,A,class,0.99,0.97,0.98,644.0,7,4,,/home/a61491/CASTOR_KRFE/outputs/hbv/rep32/run.log
hbv,,32,B,class,0.99,0.99,0.99,1485.0,7,4,,/home/a61491/CASTOR_KRFE/outputs/hbv/rep32/run.log
hbv,,32,C,class,0.99,0.99,0.99,2435.0,7,4,,/home/a61491/CASTOR_KRFE/outputs/hbv/rep32/run.log
hbv,,32,D,class,0.99,0.99,0.99,965.0,7,4,,/home/a61491/CASTOR_KRFE/outputs/hbv/rep32/run.log
hbv,,32,E,class,0.95,0.98,0.96,150.0,7,4,,/home/a61491/CASTOR_KRFE/outputs/hbv/rep32/run.log
hbv,,32,F,class,0.98,0.98,0.98,53.0,7,4,,/home/a61491/CASTOR_KRFE/outputs/hbv/rep32/run.log
hbv,,32,accuracy,overall,,,0.99,5732.0,7,4,,/home/a61491/CASTOR_KRFE/outputs/hbv/rep32/run.log
hbv,,32,macro avg,average,0.98,0.99,0.98,5732.0,7,4,,/home/a61491/CASTOR_KRFE/outputs/hbv/rep32/run.log
hbv,,32,weighted avg,average,0.99,0.99,0.99,5732.0,7,4,,/home/a61491/CASTOR_KRFE/outputs/hbv/rep32/run.log
hbv,,33,A,class,0.95,0.99,0.97,644.0,5,4,,/home/a61491/CASTOR_KRFE/outputs/hbv/rep33/run.log
hbv,,33,B,class,1.0,0.98,0.99,1485.0,5,4,,/home/a61491/CASTOR_KRFE/outputs/hbv/rep33/run.log
hbv,,33,C,class,0.99,0.99,0.99,2435.0,5,4,,/home/a61491/CASTOR_KRFE/outputs/hbv/rep33/run.log
hbv,,33,D,class,0.97,0.95,0.96,965.0,5,4,,/home/a61491/CASTOR_KRFE/outputs/hbv/rep33/run.log
hbv,,33,E,class,0.93,0.99,0.95,150.0,5,4,,/home/a61491/CASTOR_KRFE/outputs/hbv/rep33/run.log
hbv,,33,F,class,0.93,1.0,0.96,53.0,5,4,,/home/a61491/CASTOR_KRFE/outputs/hbv/rep33/run.log
hbv,,33,accuracy,overall,,,0.98,5732.0,5,4,,/home/a61491/CASTOR_KRFE/outputs/hbv/rep33/run.log
hbv,,33,macro avg,average,0.96,0.98,0.97,5732.0,5,4,,/home/a61491/CASTOR_KRFE/outputs/hbv/rep33/run.log
hbv,,33,weighted avg,average,0.98,0.98,0.98,5732.0,5,4,,/home/a61491/CASTOR_KRFE/outputs/hbv/rep33/run.log
hbv,,34,A,class,0.99,0.97,0.98,644.0,7,4,,/home/a61491/CASTOR_KRFE/outputs/hbv/rep34/run.log
hbv,,34,B,class,0.99,0.99,0.99,1485.0,7,4,,/home/a61491/CASTOR_KRFE/outputs/hbv/rep34/run.log
hbv,,34,C,class,0.99,0.99,0.99,2435.0,7,4,,/home/a61491/CASTOR_KRFE/outputs/hbv/rep34/run.log
hbv,,34,D,class,0.99,0.98,0.98,965.0,7,4,,/home/a61491/CASTOR_KRFE/outputs/hbv/rep34/run.log
hbv,,34,E,class,0.95,0.99,0.97,150.0,7,4,,/home/a61491/CASTOR_KRFE/outputs/hbv/rep34/run.log
hbv,,34,F,class,0.88,1.0,0.94,53.0,7,4,,/home/a61491/CASTOR_KRFE/outputs/hbv/rep34/run.log
hbv,,34,accuracy,overall,,,0.99,5732.0,7,4,,/home/a61491/CASTOR_KRFE/outputs/hbv/rep34/run.log
hbv,,34,macro avg,average,0.96,0.99,0.97,5732.0,7,4,,/home/a61491/CASTOR_KRFE/outputs/hbv/rep34/run.log
hbv,,34,weighted avg,average,0.99,0.99,0.99,5732.0,7,4,,/home/a61491/CASTOR_KRFE/outputs/hbv/rep34/run.log
hbv,,35,A,class,0.91,0.96,0.93,644.0,10,3,,/home/a61491/CASTOR_KRFE/outputs/hbv/rep35/run.log
hbv,,35,B,class,0.99,0.96,0.98,1485.0,10,3,,/home/a61491/CASTOR_KRFE/outputs/hbv/rep35/run.log
hbv,,35,C,class,0.97,0.97,0.97,2435.0,10,3,,/home/a61491/CASTOR_KRFE/outputs/hbv/rep35/run.log
hbv,,35,D,class,0.98,0.98,0.98,965.0,10,3,,/home/a61491/CASTOR_KRFE/outputs/hbv/rep35/run.log
hbv,,35,E,class,0.9,0.98,0.94,150.0,10,3,,/home/a61491/CASTOR_KRFE/outputs/hbv/rep35/run.log
hbv,,35,F,class,0.88,1.0,0.94,53.0,10,3,,/home/a61491/CASTOR_KRFE/outputs/hbv/rep35/run.log
hbv,,35,accuracy,overall,,,0.97,5732.0,10,3,,/home/a61491/CASTOR_KRFE/outputs/hbv/rep35/run.log
hbv,,35,macro avg,average,0.94,0.98,0.96,5732.0,10,3,,/home/a61491/CASTOR_KRFE/outputs/hbv/rep35/run.log
hbv,,35,weighted avg,average,0.97,0.97,0.97,5732.0,10,3,,/home/a61491/CASTOR_KRFE/outputs/hbv/rep35/run.log
hbv,,36,A,class,0.95,0.98,0.96,644.0,3,5,,/home/a61491/CASTOR_KRFE/outputs/hbv/rep36/run.log
hbv,,36,B,class,0.98,0.95,0.96,1485.0,3,5,,/home/a61491/CASTOR_KRFE/outputs/hbv/rep36/run.log
hbv,,36,C,class,0.98,0.99,0.98,2435.0,3,5,,/home/a61491/CASTOR_KRFE/outputs/hbv/rep36/run.log
hbv,,36,D,class,1.0,0.99,0.99,965.0,3,5,,/home/a61491/CASTOR_KRFE/outputs/hbv/rep36/run.log
hbv,,36,E,class,0.96,0.99,0.98,150.0,3,5,,/home/a61491/CASTOR_KRFE/outputs/hbv/rep36/run.log
hbv,,36,F,class,0.88,0.98,0.93,53.0,3,5,,/home/a61491/CASTOR_KRFE/outputs/hbv/rep36/run.log
hbv,,36,accuracy,overall,,,0.98,5732.0,3,5,,/home/a61491/CASTOR_KRFE/outputs/hbv/rep36/run.log
hbv,,36,macro avg,average,0.96,0.98,0.97,5732.0,3,5,,/home/a61491/CASTOR_KRFE/outputs/hbv/rep36/run.log
hbv,,36,weighted avg,average,0.98,0.98,0.98,5732.0,3,5,,/home/a61491/CASTOR_KRFE/outputs/hbv/rep36/run.log
hbv,,37,A,class,0.97,1.0,0.98,644.0,5,4,,/home/a61491/CASTOR_KRFE/outputs/hbv/rep37/run.log
hbv,,37,B,class,0.99,0.97,0.98,1485.0,5,4,,/home/a61491/CASTOR_KRFE/outputs/hbv/rep37/run.log
hbv,,37,C,class,1.0,0.99,0.99,2435.0,5,4,,/home/a61491/CASTOR_KRFE/outputs/hbv/rep37/run.log
hbv,,37,D,class,0.96,0.99,0.97,965.0,5,4,,/home/a61491/CASTOR_KRFE/outputs/hbv/rep37/run.log
hbv,,37,E,class,0.99,0.97,0.98,150.0,5,4,,/home/a61491/CASTOR_KRFE/outputs/hbv/rep37/run.log
hbv,,37,F,class,0.96,1.0,0.98,53.0,5,4,,/home/a61491/CASTOR_KRFE/outputs/hbv/rep37/run.log
hbv,,37,accuracy,overall,,,0.99,5732.0,5,4,,/home/a61491/CASTOR_KRFE/outputs/hbv/rep37/run.log
hbv,,37,macro avg,average,0.98,0.99,0.98,5732.0,5,4,,/home/a61491/CASTOR_KRFE/outputs/hbv/rep37/run.log
hbv,,37,weighted avg,average,0.99,0.99,0.99,5732.0,5,4,,/home/a61491/CASTOR_KRFE/outputs/hbv/rep37/run.log
hbv,,38,A,class,1.0,1.0,1.0,644.0,5,5,,/home/a61491/CASTOR_KRFE/outputs/hbv/rep38/run.log
hbv,,38,B,class,0.98,1.0,0.99,1485.0,5,5,,/home/a61491/CASTOR_KRFE/outputs/hbv/rep38/run.log
hbv,,38,C,class,1.0,0.99,0.99,2435.0,5,5,,/home/a61491/CASTOR_KRFE/outputs/hbv/rep38/run.log
hbv,,38,D,class,0.99,0.98,0.98,965.0,5,5,,/home/a61491/CASTOR_KRFE/outputs/hbv/rep38/run.log
hbv,,38,E,class,0.99,1.0,0.99,150.0,5,5,,/home/a61491/CASTOR_KRFE/outputs/hbv/rep38/run.log
hbv,,38,F,class,0.9,0.98,0.94,53.0,5,5,,/home/a61491/CASTOR_KRFE/outputs/hbv/rep38/run.log
hbv,,38,accuracy,overall,,,0.99,5732.0,5,5,,/home/a61491/CASTOR_KRFE/outputs/hbv/rep38/run.log
hbv,,38,macro avg,average,0.97,0.99,0.98,5732.0,5,5,,/home/a61491/CASTOR_KRFE/outputs/hbv/rep38/run.log
hbv,,38,weighted avg,average,0.99,0.99,0.99,5732.0,5,5,,/home/a61491/CASTOR_KRFE/outputs/hbv/rep38/run.log
hbv,,39,A,class,0.88,0.99,0.93,644.0,5,4,,/home/a61491/CASTOR_KRFE/outputs/hbv/rep39/run.log
hbv,,39,B,class,0.99,0.97,0.98,1485.0,5,4,,/home/a61491/CASTOR_KRFE/outputs/hbv/rep39/run.log
hbv,,39,C,class,1.0,0.98,0.99,2435.0,5,4,,/home/a61491/CASTOR_KRFE/outputs/hbv/rep39/run.log
hbv,,39,D,class,1.0,0.96,0.98,965.0,5,4,,/home/a61491/CASTOR_KRFE/outputs/hbv/rep39/run.log
hbv,,39,E,class,0.86,0.99,0.92,150.0,5,4,,/home/a61491/CASTOR_KRFE/outputs/hbv/rep39/run.log
hbv,,39,F,class,1.0,1.0,1.0,53.0,5,4,,/home/a61491/CASTOR_KRFE/outputs/hbv/rep39/run.log
hbv,,39,accuracy,overall,,,0.98,5732.0,5,4,,/home/a61491/CASTOR_KRFE/outputs/hbv/rep39/run.log
hbv,,39,macro avg,average,0.95,0.98,0.97,5732.0,5,4,,/home/a61491/CASTOR_KRFE/outputs/hbv/rep39/run.log
hbv,,39,weighted avg,average,0.98,0.98,0.98,5732.0,5,4,,/home/a61491/CASTOR_KRFE/outputs/hbv/rep39/run.log
hbv,,4,A,class,0.96,0.97,0.97,644.0,7,4,,/home/a61491/CASTOR_KRFE/outputs/hbv/rep4/run.log
hbv,,4,B,class,0.99,0.99,0.99,1485.0,7,4,,/home/a61491/CASTOR_KRFE/outputs/hbv/rep4/run.log
hbv,,4,C,class,0.99,0.99,0.99,2435.0,7,4,,/home/a61491/CASTOR_KRFE/outputs/hbv/rep4/run.log
hbv,,4,D,class,0.98,0.99,0.99,965.0,7,4,,/home/a61491/CASTOR_KRFE/outputs/hbv/rep4/run.log
hbv,,4,E,class,0.97,0.95,0.96,150.0,7,4,,/home/a61491/CASTOR_KRFE/outputs/hbv/rep4/run.log
hbv,,4,F,class,0.95,1.0,0.97,53.0,7,4,,/home/a61491/CASTOR_KRFE/outputs/hbv/rep4/run.log
hbv,,4,accuracy,overall,,,0.99,5732.0,7,4,,/home/a61491/CASTOR_KRFE/outputs/hbv/rep4/run.log
hbv,,4,macro avg,average,0.97,0.98,0.98,5732.0,7,4,,/home/a61491/CASTOR_KRFE/outputs/hbv/rep4/run.log
hbv,,4,weighted avg,average,0.99,0.99,0.99,5732.0,7,4,,/home/a61491/CASTOR_KRFE/outputs/hbv/rep4/run.log
hbv,,40,A,class,0.99,0.93,0.96,644.0,8,4,,/home/a61491/CASTOR_KRFE/outputs/hbv/rep40/run.log
hbv,,40,B,class,0.98,0.97,0.98,1485.0,8,4,,/home/a61491/CASTOR_KRFE/outputs/hbv/rep40/run.log
hbv,,40,C,class,0.98,0.98,0.98,2435.0,8,4,,/home/a61491/CASTOR_KRFE/outputs/hbv/rep40/run.log
hbv,,40,D,class,1.0,0.98,0.99,965.0,8,4,,/home/a61491/CASTOR_KRFE/outputs/hbv/rep40/run.log
hbv,,40,E,class,0.71,1.0,0.83,150.0,8,4,,/home/a61491/CASTOR_KRFE/outputs/hbv/rep40/run.log
hbv,,40,F,class,0.67,0.98,0.79,53.0,8,4,,/home/a61491/CASTOR_KRFE/outputs/hbv/rep40/run.log
hbv,,40,accuracy,overall,,,0.97,5732.0,8,4,,/home/a61491/CASTOR_KRFE/outputs/hbv/rep40/run.log
hbv,,40,macro avg,average,0.89,0.97,0.92,5732.0,8,4,,/home/a61491/CASTOR_KRFE/outputs/hbv/rep40/run.log
hbv,,40,weighted avg,average,0.98,0.97,0.97,5732.0,8,4,,/home/a61491/CASTOR_KRFE/outputs/hbv/rep40/run.log
hbv,,41,A,class,0.99,0.97,0.98,644.0,9,4,,/home/a61491/CASTOR_KRFE/outputs/hbv/rep41/run.log
hbv,,41,B,class,1.0,0.95,0.98,1485.0,9,4,,/home/a61491/CASTOR_KRFE/outputs/hbv/rep41/run.log
hbv,,41,C,class,0.97,0.99,0.98,2435.0,9,4,,/home/a61491/CASTOR_KRFE/outputs/hbv/rep41/run.log
hbv,,41,D,class,0.97,0.93,0.95,965.0,9,4,,/home/a61491/CASTOR_KRFE/outputs/hbv/rep41/run.log
hbv,,41,E,class,0.72,0.99,0.83,150.0,9,4,,/home/a61491/CASTOR_KRFE/outputs/hbv/rep41/run.log
hbv,,41,F,class,0.66,1.0,0.8,53.0,9,4,,/home/a61491/CASTOR_KRFE/outputs/hbv/rep41/run.log
hbv,,41,accuracy,overall,,,0.97,5732.0,9,4,,/home/a61491/CASTOR_KRFE/outputs/hbv/rep41/run.log
hbv,,41,macro avg,average,0.89,0.97,0.92,5732.0,9,4,,/home/a61491/CASTOR_KRFE/outputs/hbv/rep41/run.log
hbv,,41,weighted avg,average,0.97,0.97,0.97,5732.0,9,4,,/home/a61491/CASTOR_KRFE/outputs/hbv/rep41/run.log
hbv,,42,A,class,0.96,0.99,0.98,644.0,5,4,,/home/a61491/CASTOR_KRFE/outputs/hbv/rep42/run.log
hbv,,42,B,class,0.99,0.99,0.99,1485.0,5,4,,/home/a61491/CASTOR_KRFE/outputs/hbv/rep42/run.log
hbv,,42,C,class,0.99,0.96,0.97,2435.0,5,4,,/home/a61491/CASTOR_KRFE/outputs/hbv/rep42/run.log
hbv,,42,D,class,0.95,0.96,0.95,965.0,5,4,,/home/a61491/CASTOR_KRFE/outputs/hbv/rep42/run.log
hbv,,42,E,class,0.96,1.0,0.98,150.0,5,4,,/home/a61491/CASTOR_KRFE/outputs/hbv/rep42/run.log
hbv,,42,F,class,0.74,1.0,0.85,53.0,5,4,,/home/a61491/CASTOR_KRFE/outputs/hbv/rep42/run.log
hbv,,42,accuracy,overall,,,0.97,5732.0,5,4,,/home/a61491/CASTOR_KRFE/outputs/hbv/rep42/run.log
hbv,,42,macro avg,average,0.93,0.98,0.95,5732.0,5,4,,/home/a61491/CASTOR_KRFE/outputs/hbv/rep42/run.log
hbv,,42,weighted avg,average,0.98,0.97,0.97,5732.0,5,4,,/home/a61491/CASTOR_KRFE/outputs/hbv/rep42/run.log
hbv,,43,A,class,0.93,0.96,0.94,644.0,8,4,,/home/a61491/CASTOR_KRFE/outputs/hbv/rep43/run.log
hbv,,43,B,class,0.99,0.99,0.99,1485.0,8,4,,/home/a61491/CASTOR_KRFE/outputs/hbv/rep43/run.log
hbv,,43,C,class,1.0,0.97,0.98,2435.0,8,4,,/home/a61491/CASTOR_KRFE/outputs/hbv/rep43/run.log
hbv,,43,D,class,0.96,0.99,0.97,965.0,8,4,,/home/a61491/CASTOR_KRFE/outputs/hbv/rep43/run.log
hbv,,43,E,class,0.97,1.0,0.98,150.0,8,4,,/home/a61491/CASTOR_KRFE/outputs/hbv/rep43/run.log
hbv,,43,F,class,0.93,0.96,0.94,53.0,8,4,,/home/a61491/CASTOR_KRFE/outputs/hbv/rep43/run.log
hbv,,43,accuracy,overall,,,0.98,5732.0,8,4,,/home/a61491/CASTOR_KRFE/outputs/hbv/rep43/run.log
hbv,,43,macro avg,average,0.96,0.98,0.97,5732.0,8,4,,/home/a61491/CASTOR_KRFE/outputs/hbv/rep43/run.log
hbv,,43,weighted avg,average,0.98,0.98,0.98,5732.0,8,4,,/home/a61491/CASTOR_KRFE/outputs/hbv/rep43/run.log
hbv,,44,A,class,0.91,0.99,0.95,644.0,8,4,,/home/a61491/CASTOR_KRFE/outputs/hbv/rep44/run.log
hbv,,44,B,class,1.0,0.96,0.98,1485.0,8,4,,/home/a61491/CASTOR_KRFE/outputs/hbv/rep44/run.log
hbv,,44,C,class,1.0,0.93,0.96,2435.0,8,4,,/home/a61491/CASTOR_KRFE/outputs/hbv/rep44/run.log
hbv,,44,D,class,0.99,0.99,0.99,965.0,8,4,,/home/a61491/CASTOR_KRFE/outputs/hbv/rep44/run.log
hbv,,44,E,class,0.54,0.99,0.7,150.0,8,4,,/home/a61491/CASTOR_KRFE/outputs/hbv/rep44/run.log
hbv,,44,F,class,0.49,1.0,0.65,53.0,8,4,,/home/a61491/CASTOR_KRFE/outputs/hbv/rep44/run.log
hbv,,44,accuracy,overall,,,0.96,5732.0,8,4,,/home/a61491/CASTOR_KRFE/outputs/hbv/rep44/run.log
hbv,,44,macro avg,average,0.82,0.98,0.87,5732.0,8,4,,/home/a61491/CASTOR_KRFE/outputs/hbv/rep44/run.log
hbv,,44,weighted avg,average,0.97,0.96,0.96,5732.0,8,4,,/home/a61491/CASTOR_KRFE/outputs/hbv/rep44/run.log
hbv,,45,A,class,0.98,0.98,0.98,644.0,5,4,,/home/a61491/CASTOR_KRFE/outputs/hbv/rep45/run.log
hbv,,45,B,class,1.0,0.98,0.99,1485.0,5,4,,/home/a61491/CASTOR_KRFE/outputs/hbv/rep45/run.log
hbv,,45,C,class,0.99,1.0,0.99,2435.0,5,4,,/home/a61491/CASTOR_KRFE/outputs/hbv/rep45/run.log
hbv,,45,D,class,0.99,0.98,0.98,965.0,5,4,,/home/a61491/CASTOR_KRFE/outputs/hbv/rep45/run.log
hbv,,45,E,class,0.97,0.99,0.98,150.0,5,4,,/home/a61491/CASTOR_KRFE/outputs/hbv/rep45/run.log
hbv,,45,F,class,0.71,0.98,0.83,53.0,5,4,,/home/a61491/CASTOR_KRFE/outputs/hbv/rep45/run.log
hbv,,45,accuracy,overall,,,0.99,5732.0,5,4,,/home/a61491/CASTOR_KRFE/outputs/hbv/rep45/run.log
hbv,,45,macro avg,average,0.94,0.98,0.96,5732.0,5,4,,/home/a61491/CASTOR_KRFE/outputs/hbv/rep45/run.log
hbv,,45,weighted avg,average,0.99,0.99,0.99,5732.0,5,4,,/home/a61491/CASTOR_KRFE/outputs/hbv/rep45/run.log
hbv,,46,A,class,0.96,0.98,0.97,644.0,10,4,,/home/a61491/CASTOR_KRFE/outputs/hbv/rep46/run.log
hbv,,46,B,class,0.96,0.96,0.96,1485.0,10,4,,/home/a61491/CASTOR_KRFE/outputs/hbv/rep46/run.log
hbv,,46,C,class,0.98,0.95,0.97,2435.0,10,4,,/home/a61491/CASTOR_KRFE/outputs/hbv/rep46/run.log
hbv,,46,D,class,0.99,0.98,0.99,965.0,10,4,,/home/a61491/CASTOR_KRFE/outputs/hbv/rep46/run.log
hbv,,46,E,class,0.89,0.98,0.93,150.0,10,4,,/home/a61491/CASTOR_KRFE/outputs/hbv/rep46/run.log
hbv,,46,F,class,0.51,1.0,0.68,53.0,10,4,,/home/a61491/CASTOR_KRFE/outputs/hbv/rep46/run.log
hbv,,46,accuracy,overall,,,0.96,5732.0,10,4,,/home/a61491/CASTOR_KRFE/outputs/hbv/rep46/run.log
hbv,,46,macro avg,average,0.88,0.98,0.92,5732.0,10,4,,/home/a61491/CASTOR_KRFE/outputs/hbv/rep46/run.log
hbv,,46,weighted avg,average,0.97,0.96,0.97,5732.0,10,4,,/home/a61491/CASTOR_KRFE/outputs/hbv/rep46/run.log
hbv,,47,A,class,0.98,0.96,0.97,644.0,7,4,,/home/a61491/CASTOR_KRFE/outputs/hbv/rep47/run.log
hbv,,47,B,class,0.91,0.98,0.95,1485.0,7,4,,/home/a61491/CASTOR_KRFE/outputs/hbv/rep47/run.log
hbv,,47,C,class,1.0,0.94,0.97,2435.0,7,4,,/home/a61491/CASTOR_KRFE/outputs/hbv/rep47/run.log
hbv,,47,D,class,0.98,0.99,0.98,965.0,7,4,,/home/a61491/CASTOR_KRFE/outputs/hbv/rep47/run.log
hbv,,47,E,class,0.99,0.97,0.98,150.0,7,4,,/home/a61491/CASTOR_KRFE/outputs/hbv/rep47/run.log
hbv,,47,F,class,0.68,1.0,0.81,53.0,7,4,,/home/a61491/CASTOR_KRFE/outputs/hbv/rep47/run.log
hbv,,47,accuracy,overall,,,0.96,5732.0,7,4,,/home/a61491/CASTOR_KRFE/outputs/hbv/rep47/run.log
hbv,,47,macro avg,average,0.92,0.97,0.94,5732.0,7,4,,/home/a61491/CASTOR_KRFE/outputs/hbv/rep47/run.log
hbv,,47,weighted avg,average,0.97,0.96,0.96,5732.0,7,4,,/home/a61491/CASTOR_KRFE/outputs/hbv/rep47/run.log
hbv,,48,A,class,0.98,0.98,0.98,644.0,8,4,,/home/a61491/CASTOR_KRFE/outputs/hbv/rep48/run.log
hbv,,48,B,class,0.99,0.99,0.99,1485.0,8,4,,/home/a61491/CASTOR_KRFE/outputs/hbv/rep48/run.log
hbv,,48,C,class,0.99,0.95,0.97,2435.0,8,4,,/home/a61491/CASTOR_KRFE/outputs/hbv/rep48/run.log
hbv,,48,D,class,0.98,0.97,0.98,965.0,8,4,,/home/a61491/CASTOR_KRFE/outputs/hbv/rep48/run.log
hbv,,48,E,class,0.77,0.99,0.87,150.0,8,4,,/home/a61491/CASTOR_KRFE/outputs/hbv/rep48/run.log
hbv,,48,F,class,0.47,0.96,0.63,53.0,8,4,,/home/a61491/CASTOR_KRFE/outputs/hbv/rep48/run.log
hbv,,48,accuracy,overall,,,0.97,5732.0,8,4,,/home/a61491/CASTOR_KRFE/outputs/hbv/rep48/run.log
hbv,,48,macro avg,average,0.86,0.97,0.9,5732.0,8,4,,/home/a61491/CASTOR_KRFE/outputs/hbv/rep48/run.log
hbv,,48,weighted avg,average,0.97,0.97,0.97,5732.0,8,4,,/home/a61491/CASTOR_KRFE/outputs/hbv/rep48/run.log
hbv,,49,A,class,0.94,0.99,0.97,644.0,5,4,,/home/a61491/CASTOR_KRFE/outputs/hbv/rep49/run.log
hbv,,49,B,class,0.99,0.96,0.98,1485.0,5,4,,/home/a61491/CASTOR_KRFE/outputs/hbv/rep49/run.log
hbv,,49,C,class,1.0,0.98,0.99,2435.0,5,4,,/home/a61491/CASTOR_KRFE/outputs/hbv/rep49/run.log
hbv,,49,D,class,0.94,0.98,0.96,965.0,5,4,,/home/a61491/CASTOR_KRFE/outputs/hbv/rep49/run.log
hbv,,49,E,class,0.97,1.0,0.98,150.0,5,4,,/home/a61491/CASTOR_KRFE/outputs/hbv/rep49/run.log
hbv,,49,F,class,0.73,1.0,0.84,53.0,5,4,,/home/a61491/CASTOR_KRFE/outputs/hbv/rep49/run.log
hbv,,49,accuracy,overall,,,0.97,5732.0,5,4,,/home/a61491/CASTOR_KRFE/outputs/hbv/rep49/run.log
hbv,,49,macro avg,average,0.93,0.98,0.95,5732.0,5,4,,/home/a61491/CASTOR_KRFE/outputs/hbv/rep49/run.log
hbv,,49,weighted avg,average,0.98,0.97,0.98,5732.0,5,4,,/home/a61491/CASTOR_KRFE/outputs/hbv/rep49/run.log
hbv,,5,A,class,0.95,0.96,0.95,644.0,10,4,,/home/a61491/CASTOR_KRFE/outputs/hbv/rep5/run.log
hbv,,5,B,class,0.95,0.96,0.96,1485.0,10,4,,/home/a61491/CASTOR_KRFE/outputs/hbv/rep5/run.log
hbv,,5,C,class,0.98,0.96,0.97,2435.0,10,4,,/home/a61491/CASTOR_KRFE/outputs/hbv/rep5/run.log
hbv,,5,D,class,0.97,0.99,0.98,965.0,10,4,,/home/a61491/CASTOR_KRFE/outputs/hbv/rep5/run.log
hbv,,5,E,class,0.94,1.0,0.97,150.0,10,4,,/home/a61491/CASTOR_KRFE/outputs/hbv/rep5/run.log
hbv,,5,F,class,0.91,0.96,0.94,53.0,10,4,,/home/a61491/CASTOR_KRFE/outputs/hbv/rep5/run.log
hbv,,5,accuracy,overall,,,0.97,5732.0,10,4,,/home/a61491/CASTOR_KRFE/outputs/hbv/rep5/run.log
hbv,,5,macro avg,average,0.95,0.97,0.96,5732.0,10,4,,/home/a61491/CASTOR_KRFE/outputs/hbv/rep5/run.log
hbv,,5,weighted avg,average,0.97,0.97,0.97,5732.0,10,4,,/home/a61491/CASTOR_KRFE/outputs/hbv/rep5/run.log
hbv,,50,A,class,0.99,0.99,0.99,644.0,4,5,,/home/a61491/CASTOR_KRFE/outputs/hbv/rep50/run.log
hbv,,50,B,class,0.99,0.98,0.99,1485.0,4,5,,/home/a61491/CASTOR_KRFE/outputs/hbv/rep50/run.log
hbv,,50,C,class,0.99,0.99,0.99,2435.0,4,5,,/home/a61491/CASTOR_KRFE/outputs/hbv/rep50/run.log
hbv,,50,D,class,0.98,1.0,0.99,965.0,4,5,,/home/a61491/CASTOR_KRFE/outputs/hbv/rep50/run.log
hbv,,50,E,class,0.99,0.99,0.99,150.0,4,5,,/home/a61491/CASTOR_KRFE/outputs/hbv/rep50/run.log
hbv,,50,F,class,0.96,1.0,0.98,53.0,4,5,,/home/a61491/CASTOR_KRFE/outputs/hbv/rep50/run.log
hbv,,50,accuracy,overall,,,0.99,5732.0,4,5,,/home/a61491/CASTOR_KRFE/outputs/hbv/rep50/run.log
hbv,,50,macro avg,average,0.98,0.99,0.99,5732.0,4,5,,/home/a61491/CASTOR_KRFE/outputs/hbv/rep50/run.log
hbv,,50,weighted avg,average,0.99,0.99,0.99,5732.0,4,5,,/home/a61491/CASTOR_KRFE/outputs/hbv/rep50/run.log
hbv,,51,A,class,0.97,0.99,0.98,644.0,5,4,,/home/a61491/CASTOR_KRFE/outputs/hbv/rep51/run.log
hbv,,51,B,class,1.0,0.99,1.0,1485.0,5,4,,/home/a61491/CASTOR_KRFE/outputs/hbv/rep51/run.log
hbv,,51,C,class,1.0,0.99,0.99,2435.0,5,4,,/home/a61491/CASTOR_KRFE/outputs/hbv/rep51/run.log
hbv,,51,D,class,0.99,0.99,0.99,965.0,5,4,,/home/a61491/CASTOR_KRFE/outputs/hbv/rep51/run.log
hbv,,51,E,class,0.95,0.98,0.97,150.0,5,4,,/home/a61491/CASTOR_KRFE/outputs/hbv/rep51/run.log
hbv,,51,F,class,0.8,1.0,0.89,53.0,5,4,,/home/a61491/CASTOR_KRFE/outputs/hbv/rep51/run.log
hbv,,51,accuracy,overall,,,0.99,5732.0,5,4,,/home/a61491/CASTOR_KRFE/outputs/hbv/rep51/run.log
hbv,,51,macro avg,average,0.95,0.99,0.97,5732.0,5,4,,/home/a61491/CASTOR_KRFE/outputs/hbv/rep51/run.log
hbv,,51,weighted avg,average,0.99,0.99,0.99,5732.0,5,4,,/home/a61491/CASTOR_KRFE/outputs/hbv/rep51/run.log
hbv,,52,A,class,0.99,0.94,0.96,644.0,9,3,,/home/a61491/CASTOR_KRFE/outputs/hbv/rep52/run.log
hbv,,52,B,class,0.96,0.98,0.97,1485.0,9,3,,/home/a61491/CASTOR_KRFE/outputs/hbv/rep52/run.log
hbv,,52,C,class,0.99,0.97,0.98,2435.0,9,3,,/home/a61491/CASTOR_KRFE/outputs/hbv/rep52/run.log
hbv,,52,D,class,0.96,0.97,0.97,965.0,9,3,,/home/a61491/CASTOR_KRFE/outputs/hbv/rep52/run.log
hbv,,52,E,class,0.89,1.0,0.94,150.0,9,3,,/home/a61491/CASTOR_KRFE/outputs/hbv/rep52/run.log
hbv,,52,F,class,0.63,0.98,0.77,53.0,9,3,,/home/a61491/CASTOR_KRFE/outputs/hbv/rep52/run.log
hbv,,52,accuracy,overall,,,0.97,5732.0,9,3,,/home/a61491/CASTOR_KRFE/outputs/hbv/rep52/run.log
hbv,,52,macro avg,average,0.91,0.97,0.93,5732.0,9,3,,/home/a61491/CASTOR_KRFE/outputs/hbv/rep52/run.log
hbv,,52,weighted avg,average,0.97,0.97,0.97,5732.0,9,3,,/home/a61491/CASTOR_KRFE/outputs/hbv/rep52/run.log
hbv,,53,A,class,0.99,0.99,0.99,644.0,8,4,,/home/a61491/CASTOR_KRFE/outputs/hbv/rep53/run.log
hbv,,53,B,class,1.0,1.0,1.0,1485.0,8,4,,/home/a61491/CASTOR_KRFE/outputs/hbv/rep53/run.log
hbv,,53,C,class,1.0,0.99,0.99,2435.0,8,4,,/home/a61491/CASTOR_KRFE/outputs/hbv/rep53/run.log
hbv,,53,D,class,0.99,0.98,0.99,965.0,8,4,,/home/a61491/CASTOR_KRFE/outputs/hbv/rep53/run.log
hbv,,53,E,class,0.98,0.97,0.97,150.0,8,4,,/home/a61491/CASTOR_KRFE/outputs/hbv/rep53/run.log
hbv,,53,F,class,0.75,0.98,0.85,53.0,8,4,,/home/a61491/CASTOR_KRFE/outputs/hbv/rep53/run.log
hbv,,53,accuracy,overall,,,0.99,5732.0,8,4,,/home/a61491/CASTOR_KRFE/outputs/hbv/rep53/run.log
hbv,,53,macro avg,average,0.95,0.98,0.97,5732.0,8,4,,/home/a61491/CASTOR_KRFE/outputs/hbv/rep53/run.log
hbv,,53,weighted avg,average,0.99,0.99,0.99,5732.0,8,4,,/home/a61491/CASTOR_KRFE/outputs/hbv/rep53/run.log
hbv,,54,A,class,0.99,1.0,0.99,644.0,5,4,,/home/a61491/CASTOR_KRFE/outputs/hbv/rep54/run.log
hbv,,54,B,class,0.95,0.97,0.96,1485.0,5,4,,/home/a61491/CASTOR_KRFE/outputs/hbv/rep54/run.log
hbv,,54,C,class,0.98,0.97,0.98,2435.0,5,4,,/home/a61491/CASTOR_KRFE/outputs/hbv/rep54/run.log
hbv,,54,D,class,0.99,0.98,0.98,965.0,5,4,,/home/a61491/CASTOR_KRFE/outputs/hbv/rep54/run.log
hbv,,54,E,class,0.99,1.0,0.99,150.0,5,4,,/home/a61491/CASTOR_KRFE/outputs/hbv/rep54/run.log
hbv,,54,F,class,0.8,0.92,0.86,53.0,5,4,,/home/a61491/CASTOR_KRFE/outputs/hbv/rep54/run.log
hbv,,54,accuracy,overall,,,0.97,5732.0,5,4,,/home/a61491/CASTOR_KRFE/outputs/hbv/rep54/run.log
hbv,,54,macro avg,average,0.95,0.97,0.96,5732.0,5,4,,/home/a61491/CASTOR_KRFE/outputs/hbv/rep54/run.log
hbv,,54,weighted avg,average,0.97,0.97,0.97,5732.0,5,4,,/home/a61491/CASTOR_KRFE/outputs/hbv/rep54/run.log
hbv,,55,A,class,0.99,0.97,0.98,644.0,7,4,,/home/a61491/CASTOR_KRFE/outputs/hbv/rep55/run.log
hbv,,55,B,class,0.99,0.98,0.98,1485.0,7,4,,/home/a61491/CASTOR_KRFE/outputs/hbv/rep55/run.log
hbv,,55,C,class,0.98,0.99,0.99,2435.0,7,4,,/home/a61491/CASTOR_KRFE/outputs/hbv/rep55/run.log
hbv,,55,D,class,1.0,0.99,0.99,965.0,7,4,,/home/a61491/CASTOR_KRFE/outputs/hbv/rep55/run.log
hbv,,55,E,class,0.93,0.97,0.95,150.0,7,4,,/home/a61491/CASTOR_KRFE/outputs/hbv/rep55/run.log
hbv,,55,F,class,0.88,0.92,0.9,53.0,7,4,,/home/a61491/CASTOR_KRFE/outputs/hbv/rep55/run.log
hbv,,55,accuracy,overall,,,0.98,5732.0,7,4,,/home/a61491/CASTOR_KRFE/outputs/hbv/rep55/run.log
hbv,,55,macro avg,average,0.96,0.97,0.96,5732.0,7,4,,/home/a61491/CASTOR_KRFE/outputs/hbv/rep55/run.log
hbv,,55,weighted avg,average,0.98,0.98,0.98,5732.0,7,4,,/home/a61491/CASTOR_KRFE/outputs/hbv/rep55/run.log
hbv,,56,A,class,0.9,0.97,0.93,644.0,9,3,,/home/a61491/CASTOR_KRFE/outputs/hbv/rep56/run.log
hbv,,56,B,class,0.97,0.99,0.98,1485.0,9,3,,/home/a61491/CASTOR_KRFE/outputs/hbv/rep56/run.log
hbv,,56,C,class,1.0,0.95,0.97,2435.0,9,3,,/home/a61491/CASTOR_KRFE/outputs/hbv/rep56/run.log
hbv,,56,D,class,0.96,0.96,0.96,965.0,9,3,,/home/a61491/CASTOR_KRFE/outputs/hbv/rep56/run.log
hbv,,56,E,class,0.9,0.99,0.95,150.0,9,3,,/home/a61491/CASTOR_KRFE/outputs/hbv/rep56/run.log
hbv,,56,F,class,0.66,0.96,0.78,53.0,9,3,,/home/a61491/CASTOR_KRFE/outputs/hbv/rep56/run.log
hbv,,56,accuracy,overall,,,0.96,5732.0,9,3,,/home/a61491/CASTOR_KRFE/outputs/hbv/rep56/run.log
hbv,,56,macro avg,average,0.9,0.97,0.93,5732.0,9,3,,/home/a61491/CASTOR_KRFE/outputs/hbv/rep56/run.log
hbv,,56,weighted avg,average,0.97,0.96,0.97,5732.0,9,3,,/home/a61491/CASTOR_KRFE/outputs/hbv/rep56/run.log
hbv,,57,A,class,0.98,0.99,0.98,644.0,4,4,,/home/a61491/CASTOR_KRFE/outputs/hbv/rep57/run.log
hbv,,57,B,class,0.99,0.98,0.99,1485.0,4,4,,/home/a61491/CASTOR_KRFE/outputs/hbv/rep57/run.log
hbv,,57,C,class,1.0,0.99,0.99,2435.0,4,4,,/home/a61491/CASTOR_KRFE/outputs/hbv/rep57/run.log
hbv,,57,D,class,0.99,0.99,0.99,965.0,4,4,,/home/a61491/CASTOR_KRFE/outputs/hbv/rep57/run.log
hbv,,57,E,class,0.86,0.97,0.92,150.0,4,4,,/home/a61491/CASTOR_KRFE/outputs/hbv/rep57/run.log
hbv,,57,F,class,0.88,1.0,0.94,53.0,4,4,,/home/a61491/CASTOR_KRFE/outputs/hbv/rep57/run.log
hbv,,57,accuracy,overall,,,0.99,5732.0,4,4,,/home/a61491/CASTOR_KRFE/outputs/hbv/rep57/run.log
hbv,,57,macro avg,average,0.95,0.99,0.97,5732.0,4,4,,/home/a61491/CASTOR_KRFE/outputs/hbv/rep57/run.log
hbv,,57,weighted avg,average,0.99,0.99,0.99,5732.0,4,4,,/home/a61491/CASTOR_KRFE/outputs/hbv/rep57/run.log
hbv,,58,A,class,0.99,0.96,0.97,644.0,7,4,,/home/a61491/CASTOR_KRFE/outputs/hbv/rep58/run.log
hbv,,58,B,class,0.99,0.99,0.99,1485.0,7,4,,/home/a61491/CASTOR_KRFE/outputs/hbv/rep58/run.log
hbv,,58,C,class,0.99,0.99,0.99,2435.0,7,4,,/home/a61491/CASTOR_KRFE/outputs/hbv/rep58/run.log
hbv,,58,D,class,1.0,0.99,0.99,965.0,7,4,,/home/a61491/CASTOR_KRFE/outputs/hbv/rep58/run.log
hbv,,58,E,class,0.94,1.0,0.97,150.0,7,4,,/home/a61491/CASTOR_KRFE/outputs/hbv/rep58/run.log
hbv,,58,F,class,0.6,1.0,0.75,53.0,7,4,,/home/a61491/CASTOR_KRFE/outputs/hbv/rep58/run.log
hbv,,58,accuracy,overall,,,0.98,5732.0,7,4,,/home/a61491/CASTOR_KRFE/outputs/hbv/rep58/run.log
hbv,,58,macro avg,average,0.92,0.99,0.94,5732.0,7,4,,/home/a61491/CASTOR_KRFE/outputs/hbv/rep58/run.log
hbv,,58,weighted avg,average,0.99,0.98,0.99,5732.0,7,4,,/home/a61491/CASTOR_KRFE/outputs/hbv/rep58/run.log
hbv,,59,A,class,0.91,0.98,0.94,644.0,7,4,,/home/a61491/CASTOR_KRFE/outputs/hbv/rep59/run.log
hbv,,59,B,class,0.98,0.97,0.98,1485.0,7,4,,/home/a61491/CASTOR_KRFE/outputs/hbv/rep59/run.log
hbv,,59,C,class,0.99,0.97,0.98,2435.0,7,4,,/home/a61491/CASTOR_KRFE/outputs/hbv/rep59/run.log
hbv,,59,D,class,0.99,0.99,0.99,965.0,7,4,,/home/a61491/CASTOR_KRFE/outputs/hbv/rep59/run.log
hbv,,59,E,class,0.85,0.99,0.92,150.0,7,4,,/home/a61491/CASTOR_KRFE/outputs/hbv/rep59/run.log
hbv,,59,F,class,0.94,0.94,0.94,53.0,7,4,,/home/a61491/CASTOR_KRFE/outputs/hbv/rep59/run.log
hbv,,59,accuracy,overall,,,0.98,5732.0,7,4,,/home/a61491/CASTOR_KRFE/outputs/hbv/rep59/run.log
hbv,,59,macro avg,average,0.95,0.97,0.96,5732.0,7,4,,/home/a61491/CASTOR_KRFE/outputs/hbv/rep59/run.log
hbv,,59,weighted avg,average,0.98,0.98,0.98,5732.0,7,4,,/home/a61491/CASTOR_KRFE/outputs/hbv/rep59/run.log
hbv,,6,A,class,0.91,0.98,0.94,644.0,10,4,,/home/a61491/CASTOR_KRFE/outputs/hbv/rep6/run.log
hbv,,6,B,class,0.99,0.99,0.99,1485.0,10,4,,/home/a61491/CASTOR_KRFE/outputs/hbv/rep6/run.log
hbv,,6,C,class,1.0,0.96,0.98,2435.0,10,4,,/home/a61491/CASTOR_KRFE/outputs/hbv/rep6/run.log
hbv,,6,D,class,1.0,0.98,0.99,965.0,10,4,,/home/a61491/CASTOR_KRFE/outputs/hbv/rep6/run.log
hbv,,6,E,class,0.89,0.99,0.93,150.0,10,4,,/home/a61491/CASTOR_KRFE/outputs/hbv/rep6/run.log
hbv,,6,F,class,0.54,1.0,0.7,53.0,10,4,,/home/a61491/CASTOR_KRFE/outputs/hbv/rep6/run.log
hbv,,6,accuracy,overall,,,0.98,5732.0,10,4,,/home/a61491/CASTOR_KRFE/outputs/hbv/rep6/run.log
hbv,,6,macro avg,average,0.89,0.98,0.92,5732.0,10,4,,/home/a61491/CASTOR_KRFE/outputs/hbv/rep6/run.log
hbv,,6,weighted avg,average,0.98,0.98,0.98,5732.0,10,4,,/home/a61491/CASTOR_KRFE/outputs/hbv/rep6/run.log
hbv,,60,A,class,0.97,0.99,0.98,644.0,5,4,,/home/a61491/CASTOR_KRFE/outputs/hbv/rep60/run.log
hbv,,60,B,class,0.99,0.99,0.99,1485.0,5,4,,/home/a61491/CASTOR_KRFE/outputs/hbv/rep60/run.log
hbv,,60,C,class,1.0,0.98,0.99,2435.0,5,4,,/home/a61491/CASTOR_KRFE/outputs/hbv/rep60/run.log
hbv,,60,D,class,0.99,0.99,0.99,965.0,5,4,,/home/a61491/CASTOR_KRFE/outputs/hbv/rep60/run.log
hbv,,60,E,class,0.95,0.97,0.96,150.0,5,4,,/home/a61491/CASTOR_KRFE/outputs/hbv/rep60/run.log
hbv,,60,F,class,0.76,1.0,0.86,53.0,5,4,,/home/a61491/CASTOR_KRFE/outputs/hbv/rep60/run.log
hbv,,60,accuracy,overall,,,0.99,5732.0,5,4,,/home/a61491/CASTOR_KRFE/outputs/hbv/rep60/run.log
hbv,,60,macro avg,average,0.94,0.99,0.96,5732.0,5,4,,/home/a61491/CASTOR_KRFE/outputs/hbv/rep60/run.log
hbv,,60,weighted avg,average,0.99,0.99,0.99,5732.0,5,4,,/home/a61491/CASTOR_KRFE/outputs/hbv/rep60/run.log
hbv,,61,A,class,0.95,1.0,0.97,644.0,5,4,,/home/a61491/CASTOR_KRFE/outputs/hbv/rep61/run.log
hbv,,61,B,class,0.99,0.99,0.99,1485.0,5,4,,/home/a61491/CASTOR_KRFE/outputs/hbv/rep61/run.log
hbv,,61,C,class,0.99,0.98,0.99,2435.0,5,4,,/home/a61491/CASTOR_KRFE/outputs/hbv/rep61/run.log
hbv,,61,D,class,0.96,0.99,0.97,965.0,5,4,,/home/a61491/CASTOR_KRFE/outputs/hbv/rep61/run.log
hbv,,61,E,class,0.99,0.98,0.98,150.0,5,4,,/home/a61491/CASTOR_KRFE/outputs/hbv/rep61/run.log
hbv,,61,F,class,0.96,1.0,0.98,53.0,5,4,,/home/a61491/CASTOR_KRFE/outputs/hbv/rep61/run.log
hbv,,61,accuracy,overall,,,0.98,5732.0,5,4,,/home/a61491/CASTOR_KRFE/outputs/hbv/rep61/run.log
hbv,,61,macro avg,average,0.98,0.99,0.98,5732.0,5,4,,/home/a61491/CASTOR_KRFE/outputs/hbv/rep61/run.log
hbv,,61,weighted avg,average,0.98,0.98,0.98,5732.0,5,4,,/home/a61491/CASTOR_KRFE/outputs/hbv/rep61/run.log
hbv,,62,A,class,0.98,1.0,0.99,644.0,5,4,,/home/a61491/CASTOR_KRFE/outputs/hbv/rep62/run.log
hbv,,62,B,class,0.98,0.98,0.98,1485.0,5,4,,/home/a61491/CASTOR_KRFE/outputs/hbv/rep62/run.log
hbv,,62,C,class,0.98,0.98,0.98,2435.0,5,4,,/home/a61491/CASTOR_KRFE/outputs/hbv/rep62/run.log
hbv,,62,D,class,0.99,0.96,0.97,965.0,5,4,,/home/a61491/CASTOR_KRFE/outputs/hbv/rep62/run.log
hbv,,62,E,class,0.98,0.99,0.99,150.0,5,4,,/home/a61491/CASTOR_KRFE/outputs/hbv/rep62/run.log
hbv,,62,F,class,0.69,1.0,0.82,53.0,5,4,,/home/a61491/CASTOR_KRFE/outputs/hbv/rep62/run.log
hbv,,62,accuracy,overall,,,0.98,5732.0,5,4,,/home/a61491/CASTOR_KRFE/outputs/hbv/rep62/run.log
hbv,,62,macro avg,average,0.93,0.98,0.95,5732.0,5,4,,/home/a61491/CASTOR_KRFE/outputs/hbv/rep62/run.log
hbv,,62,weighted avg,average,0.98,0.98,0.98,5732.0,5,4,,/home/a61491/CASTOR_KRFE/outputs/hbv/rep62/run.log
hbv,,63,A,class,0.98,0.99,0.99,644.0,4,5,,/home/a61491/CASTOR_KRFE/outputs/hbv/rep63/run.log
hbv,,63,B,class,0.99,0.99,0.99,1485.0,4,5,,/home/a61491/CASTOR_KRFE/outputs/hbv/rep63/run.log
hbv,,63,C,class,1.0,0.99,0.99,2435.0,4,5,,/home/a61491/CASTOR_KRFE/outputs/hbv/rep63/run.log
hbv,,63,D,class,0.99,0.98,0.98,965.0,4,5,,/home/a61491/CASTOR_KRFE/outputs/hbv/rep63/run.log
hbv,,63,E,class,0.81,0.99,0.89,150.0,4,5,,/home/a61491/CASTOR_KRFE/outputs/hbv/rep63/run.log
hbv,,63,F,class,0.93,1.0,0.96,53.0,4,5,,/home/a61491/CASTOR_KRFE/outputs/hbv/rep63/run.log
hbv,,63,accuracy,overall,,,0.99,5732.0,4,5,,/home/a61491/CASTOR_KRFE/outputs/hbv/rep63/run.log
hbv,,63,macro avg,average,0.95,0.99,0.97,5732.0,4,5,,/home/a61491/CASTOR_KRFE/outputs/hbv/rep63/run.log
hbv,,63,weighted avg,average,0.99,0.99,0.99,5732.0,4,5,,/home/a61491/CASTOR_KRFE/outputs/hbv/rep63/run.log
hbv,,64,A,class,0.98,1.0,0.99,644.0,5,4,,/home/a61491/CASTOR_KRFE/outputs/hbv/rep64/run.log
hbv,,64,B,class,0.99,0.98,0.99,1485.0,5,4,,/home/a61491/CASTOR_KRFE/outputs/hbv/rep64/run.log
hbv,,64,C,class,1.0,0.99,1.0,2435.0,5,4,,/home/a61491/CASTOR_KRFE/outputs/hbv/rep64/run.log
hbv,,64,D,class,0.98,0.97,0.98,965.0,5,4,,/home/a61491/CASTOR_KRFE/outputs/hbv/rep64/run.log
hbv,,64,E,class,0.93,0.99,0.96,150.0,5,4,,/home/a61491/CASTOR_KRFE/outputs/hbv/rep64/run.log
hbv,,64,F,class,0.98,1.0,0.99,53.0,5,4,,/home/a61491/CASTOR_KRFE/outputs/hbv/rep64/run.log
hbv,,64,accuracy,overall,,,0.99,5732.0,5,4,,/home/a61491/CASTOR_KRFE/outputs/hbv/rep64/run.log
hbv,,64,macro avg,average,0.97,0.99,0.98,5732.0,5,4,,/home/a61491/CASTOR_KRFE/outputs/hbv/rep64/run.log
hbv,,64,weighted avg,average,0.99,0.99,0.99,5732.0,5,4,,/home/a61491/CASTOR_KRFE/outputs/hbv/rep64/run.log
hbv,,65,A,class,0.94,0.97,0.95,644.0,10,3,,/home/a61491/CASTOR_KRFE/outputs/hbv/rep65/run.log
hbv,,65,B,class,0.99,0.98,0.99,1485.0,10,3,,/home/a61491/CASTOR_KRFE/outputs/hbv/rep65/run.log
hbv,,65,C,class,0.99,0.97,0.98,2435.0,10,3,,/home/a61491/CASTOR_KRFE/outputs/hbv/rep65/run.log
hbv,,65,D,class,0.95,0.97,0.96,965.0,10,3,,/home/a61491/CASTOR_KRFE/outputs/hbv/rep65/run.log
hbv,,65,E,class,0.79,0.97,0.87,150.0,10,3,,/home/a61491/CASTOR_KRFE/outputs/hbv/rep65/run.log
hbv,,65,F,class,0.7,1.0,0.82,53.0,10,3,,/home/a61491/CASTOR_KRFE/outputs/hbv/rep65/run.log
hbv,,65,accuracy,overall,,,0.97,5732.0,10,3,,/home/a61491/CASTOR_KRFE/outputs/hbv/rep65/run.log
hbv,,65,macro avg,average,0.9,0.97,0.93,5732.0,10,3,,/home/a61491/CASTOR_KRFE/outputs/hbv/rep65/run.log
hbv,,65,weighted avg,average,0.97,0.97,0.97,5732.0,10,3,,/home/a61491/CASTOR_KRFE/outputs/hbv/rep65/run.log
hbv,,66,A,class,0.94,0.98,0.96,644.0,4,4,,/home/a61491/CASTOR_KRFE/outputs/hbv/rep66/run.log
hbv,,66,B,class,0.98,0.99,0.99,1485.0,4,4,,/home/a61491/CASTOR_KRFE/outputs/hbv/rep66/run.log
hbv,,66,C,class,0.99,0.98,0.99,2435.0,4,4,,/home/a61491/CASTOR_KRFE/outputs/hbv/rep66/run.log
hbv,,66,D,class,0.99,0.98,0.98,965.0,4,4,,/home/a61491/CASTOR_KRFE/outputs/hbv/rep66/run.log
hbv,,66,E,class,0.97,0.98,0.98,150.0,4,4,,/home/a61491/CASTOR_KRFE/outputs/hbv/rep66/run.log
hbv,,66,F,class,0.77,1.0,0.87,53.0,4,4,,/home/a61491/CASTOR_KRFE/outputs/hbv/rep66/run.log
hbv,,66,accuracy,overall,,,0.98,5732.0,4,4,,/home/a61491/CASTOR_KRFE/outputs/hbv/rep66/run.log
hbv,,66,macro avg,average,0.94,0.98,0.96,5732.0,4,4,,/home/a61491/CASTOR_KRFE/outputs/hbv/rep66/run.log
hbv,,66,weighted avg,average,0.98,0.98,0.98,5732.0,4,4,,/home/a61491/CASTOR_KRFE/outputs/hbv/rep66/run.log
hbv,,67,A,class,0.95,0.97,0.96,644.0,8,4,,/home/a61491/CASTOR_KRFE/outputs/hbv/rep67/run.log
hbv,,67,B,class,0.99,0.98,0.98,1485.0,8,4,,/home/a61491/CASTOR_KRFE/outputs/hbv/rep67/run.log
hbv,,67,C,class,0.99,0.98,0.99,2435.0,8,4,,/home/a61491/CASTOR_KRFE/outputs/hbv/rep67/run.log
hbv,,67,D,class,1.0,0.97,0.98,965.0,8,4,,/home/a61491/CASTOR_KRFE/outputs/hbv/rep67/run.log
hbv,,67,E,class,0.78,0.99,0.87,150.0,8,4,,/home/a61491/CASTOR_KRFE/outputs/hbv/rep67/run.log
hbv,,67,F,class,0.98,0.98,0.98,53.0,8,4,,/home/a61491/CASTOR_KRFE/outputs/hbv/rep67/run.log
hbv,,67,accuracy,overall,,,0.98,5732.0,8,4,,/home/a61491/CASTOR_KRFE/outputs/hbv/rep67/run.log
hbv,,67,macro avg,average,0.95,0.98,0.96,5732.0,8,4,,/home/a61491/CASTOR_KRFE/outputs/hbv/rep67/run.log
hbv,,67,weighted avg,average,0.98,0.98,0.98,5732.0,8,4,,/home/a61491/CASTOR_KRFE/outputs/hbv/rep67/run.log
hbv,,68,A,class,0.94,0.99,0.97,644.0,5,4,,/home/a61491/CASTOR_KRFE/outputs/hbv/rep68/run.log
hbv,,68,B,class,0.99,0.98,0.99,1485.0,5,4,,/home/a61491/CASTOR_KRFE/outputs/hbv/rep68/run.log
hbv,,68,C,class,1.0,0.97,0.99,2435.0,5,4,,/home/a61491/CASTOR_KRFE/outputs/hbv/rep68/run.log
hbv,,68,D,class,0.95,0.97,0.96,965.0,5,4,,/home/a61491/CASTOR_KRFE/outputs/hbv/rep68/run.log
hbv,,68,E,class,0.97,0.93,0.95,150.0,5,4,,/home/a61491/CASTOR_KRFE/outputs/hbv/rep68/run.log
hbv,,68,F,class,0.84,1.0,0.91,53.0,5,4,,/home/a61491/CASTOR_KRFE/outputs/hbv/rep68/run.log
hbv,,68,accuracy,overall,,,0.98,5732.0,5,4,,/home/a61491/CASTOR_KRFE/outputs/hbv/rep68/run.log
hbv,,68,macro avg,average,0.95,0.98,0.96,5732.0,5,4,,/home/a61491/CASTOR_KRFE/outputs/hbv/rep68/run.log
hbv,,68,weighted avg,average,0.98,0.98,0.98,5732.0,5,4,,/home/a61491/CASTOR_KRFE/outputs/hbv/rep68/run.log
hbv,,69,A,class,0.97,0.99,0.98,644.0,5,4,,/home/a61491/CASTOR_KRFE/outputs/hbv/rep69/run.log
hbv,,69,B,class,1.0,0.98,0.99,1485.0,5,4,,/home/a61491/CASTOR_KRFE/outputs/hbv/rep69/run.log
hbv,,69,C,class,1.0,0.98,0.99,2435.0,5,4,,/home/a61491/CASTOR_KRFE/outputs/hbv/rep69/run.log
hbv,,69,D,class,1.0,0.99,0.99,965.0,5,4,,/home/a61491/CASTOR_KRFE/outputs/hbv/rep69/run.log
hbv,,69,E,class,0.94,1.0,0.97,150.0,5,4,,/home/a61491/CASTOR_KRFE/outputs/hbv/rep69/run.log
hbv,,69,F,class,0.54,1.0,0.7,53.0,5,4,,/home/a61491/CASTOR_KRFE/outputs/hbv/rep69/run.log
hbv,,69,accuracy,overall,,,0.98,5732.0,5,4,,/home/a61491/CASTOR_KRFE/outputs/hbv/rep69/run.log
hbv,,69,macro avg,average,0.91,0.99,0.94,5732.0,5,4,,/home/a61491/CASTOR_KRFE/outputs/hbv/rep69/run.log
hbv,,69,weighted avg,average,0.99,0.98,0.98,5732.0,5,4,,/home/a61491/CASTOR_KRFE/outputs/hbv/rep69/run.log
hbv,,7,A,class,0.92,0.99,0.96,644.0,4,4,,/home/a61491/CASTOR_KRFE/outputs/hbv/rep7/run.log
hbv,,7,B,class,1.0,0.99,0.99,1485.0,4,4,,/home/a61491/CASTOR_KRFE/outputs/hbv/rep7/run.log
hbv,,7,C,class,1.0,0.98,0.99,2435.0,4,4,,/home/a61491/CASTOR_KRFE/outputs/hbv/rep7/run.log
hbv,,7,D,class,1.0,0.98,0.99,965.0,4,4,,/home/a61491/CASTOR_KRFE/outputs/hbv/rep7/run.log
hbv,,7,E,class,0.98,0.98,0.98,150.0,4,4,,/home/a61491/CASTOR_KRFE/outputs/hbv/rep7/run.log
hbv,,7,F,class,0.93,0.98,0.95,53.0,4,4,,/home/a61491/CASTOR_KRFE/outputs/hbv/rep7/run.log
hbv,,7,accuracy,overall,,,0.99,5732.0,4,4,,/home/a61491/CASTOR_KRFE/outputs/hbv/rep7/run.log
hbv,,7,macro avg,average,0.97,0.99,0.98,5732.0,4,4,,/home/a61491/CASTOR_KRFE/outputs/hbv/rep7/run.log
hbv,,7,weighted avg,average,0.99,0.99,0.99,5732.0,4,4,,/home/a61491/CASTOR_KRFE/outputs/hbv/rep7/run.log
hbv,,70,A,class,0.97,0.96,0.96,644.0,7,4,,/home/a61491/CASTOR_KRFE/outputs/hbv/rep70/run.log
hbv,,70,B,class,0.99,0.97,0.98,1485.0,7,4,,/home/a61491/CASTOR_KRFE/outputs/hbv/rep70/run.log
hbv,,70,C,class,0.98,0.98,0.98,2435.0,7,4,,/home/a61491/CASTOR_KRFE/outputs/hbv/rep70/run.log
hbv,,70,D,class,0.98,0.99,0.99,965.0,7,4,,/home/a61491/CASTOR_KRFE/outputs/hbv/rep70/run.log
hbv,,70,E,class,0.93,1.0,0.96,150.0,7,4,,/home/a61491/CASTOR_KRFE/outputs/hbv/rep70/run.log
hbv,,70,F,class,0.76,1.0,0.86,53.0,7,4,,/home/a61491/CASTOR_KRFE/outputs/hbv/rep70/run.log
hbv,,70,accuracy,overall,,,0.98,5732.0,7,4,,/home/a61491/CASTOR_KRFE/outputs/hbv/rep70/run.log
hbv,,70,macro avg,average,0.93,0.98,0.96,5732.0,7,4,,/home/a61491/CASTOR_KRFE/outputs/hbv/rep70/run.log
hbv,,70,weighted avg,average,0.98,0.98,0.98,5732.0,7,4,,/home/a61491/CASTOR_KRFE/outputs/hbv/rep70/run.log
hbv,,71,A,class,0.98,0.98,0.98,644.0,5,4,,/home/a61491/CASTOR_KRFE/outputs/hbv/rep71/run.log
hbv,,71,B,class,0.99,0.99,0.99,1485.0,5,4,,/home/a61491/CASTOR_KRFE/outputs/hbv/rep71/run.log
hbv,,71,C,class,0.99,0.98,0.99,2435.0,5,4,,/home/a61491/CASTOR_KRFE/outputs/hbv/rep71/run.log
hbv,,71,D,class,0.99,0.98,0.99,965.0,5,4,,/home/a61491/CASTOR_KRFE/outputs/hbv/rep71/run.log
hbv,,71,E,class,0.99,0.99,0.99,150.0,5,4,,/home/a61491/CASTOR_KRFE/outputs/hbv/rep71/run.log
hbv,,71,F,class,0.55,0.98,0.71,53.0,5,4,,/home/a61491/CASTOR_KRFE/outputs/hbv/rep71/run.log
hbv,,71,accuracy,overall,,,0.98,5732.0,5,4,,/home/a61491/CASTOR_KRFE/outputs/hbv/rep71/run.log
hbv,,71,macro avg,average,0.92,0.98,0.94,5732.0,5,4,,/home/a61491/CASTOR_KRFE/outputs/hbv/rep71/run.log
hbv,,71,weighted avg,average,0.99,0.98,0.99,5732.0,5,4,,/home/a61491/CASTOR_KRFE/outputs/hbv/rep71/run.log
hbv,,72,A,class,0.97,0.98,0.98,644.0,8,4,,/home/a61491/CASTOR_KRFE/outputs/hbv/rep72/run.log
hbv,,72,B,class,0.99,0.99,0.99,1485.0,8,4,,/home/a61491/CASTOR_KRFE/outputs/hbv/rep72/run.log
hbv,,72,C,class,1.0,0.99,0.99,2435.0,8,4,,/home/a61491/CASTOR_KRFE/outputs/hbv/rep72/run.log
hbv,,72,D,class,0.97,0.99,0.98,965.0,8,4,,/home/a61491/CASTOR_KRFE/outputs/hbv/rep72/run.log
hbv,,72,E,class,0.96,1.0,0.98,150.0,8,4,,/home/a61491/CASTOR_KRFE/outputs/hbv/rep72/run.log
hbv,,72,F,class,0.91,0.96,0.94,53.0,8,4,,/home/a61491/CASTOR_KRFE/outputs/hbv/rep72/run.log
hbv,,72,accuracy,overall,,,0.99,5732.0,8,4,,/home/a61491/CASTOR_KRFE/outputs/hbv/rep72/run.log
hbv,,72,macro avg,average,0.97,0.99,0.98,5732.0,8,4,,/home/a61491/CASTOR_KRFE/outputs/hbv/rep72/run.log
hbv,,72,weighted avg,average,0.99,0.99,0.99,5732.0,8,4,,/home/a61491/CASTOR_KRFE/outputs/hbv/rep72/run.log
hbv,,73,A,class,0.88,0.98,0.93,644.0,5,4,,/home/a61491/CASTOR_KRFE/outputs/hbv/rep73/run.log
hbv,,73,B,class,0.99,0.99,0.99,1485.0,5,4,,/home/a61491/CASTOR_KRFE/outputs/hbv/rep73/run.log
hbv,,73,C,class,0.99,0.97,0.98,2435.0,5,4,,/home/a61491/CASTOR_KRFE/outputs/hbv/rep73/run.log
hbv,,73,D,class,1.0,0.98,0.99,965.0,5,4,,/home/a61491/CASTOR_KRFE/outputs/hbv/rep73/run.log
hbv,,73,E,class,0.99,1.0,1.0,150.0,5,4,,/home/a61491/CASTOR_KRFE/outputs/hbv/rep73/run.log
hbv,,73,F,class,0.74,1.0,0.85,53.0,5,4,,/home/a61491/CASTOR_KRFE/outputs/hbv/rep73/run.log
hbv,,73,accuracy,overall,,,0.98,5732.0,5,4,,/home/a61491/CASTOR_KRFE/outputs/hbv/rep73/run.log
hbv,,73,macro avg,average,0.93,0.99,0.96,5732.0,5,4,,/home/a61491/CASTOR_KRFE/outputs/hbv/rep73/run.log
hbv,,73,weighted avg,average,0.98,0.98,0.98,5732.0,5,4,,/home/a61491/CASTOR_KRFE/outputs/hbv/rep73/run.log
hbv,,74,A,class,0.99,1.0,0.99,644.0,3,5,,/home/a61491/CASTOR_KRFE/outputs/hbv/rep74/run.log
hbv,,74,B,class,0.97,0.98,0.97,1485.0,3,5,,/home/a61491/CASTOR_KRFE/outputs/hbv/rep74/run.log
hbv,,74,C,class,0.99,0.97,0.98,2435.0,3,5,,/home/a61491/CASTOR_KRFE/outputs/hbv/rep74/run.log
hbv,,74,D,class,1.0,0.97,0.98,965.0,3,5,,/home/a61491/CASTOR_KRFE/outputs/hbv/rep74/run.log
hbv,,74,E,class,0.94,0.97,0.96,150.0,3,5,,/home/a61491/CASTOR_KRFE/outputs/hbv/rep74/run.log
hbv,,74,F,class,0.65,0.96,0.77,53.0,3,5,,/home/a61491/CASTOR_KRFE/outputs/hbv/rep74/run.log
hbv,,74,accuracy,overall,,,0.98,5732.0,3,5,,/home/a61491/CASTOR_KRFE/outputs/hbv/rep74/run.log
hbv,,74,macro avg,average,0.92,0.98,0.94,5732.0,3,5,,/home/a61491/CASTOR_KRFE/outputs/hbv/rep74/run.log
hbv,,74,weighted avg,average,0.98,0.98,0.98,5732.0,3,5,,/home/a61491/CASTOR_KRFE/outputs/hbv/rep74/run.log
hbv,,75,A,class,0.98,0.99,0.99,644.0,4,5,,/home/a61491/CASTOR_KRFE/outputs/hbv/rep75/run.log
hbv,,75,B,class,0.99,0.99,0.99,1485.0,4,5,,/home/a61491/CASTOR_KRFE/outputs/hbv/rep75/run.log
hbv,,75,C,class,0.99,0.99,0.99,2435.0,4,5,,/home/a61491/CASTOR_KRFE/outputs/hbv/rep75/run.log
hbv,,75,D,class,1.0,0.99,0.99,965.0,4,5,,/home/a61491/CASTOR_KRFE/outputs/hbv/rep75/run.log
hbv,,75,E,class,0.93,1.0,0.96,150.0,4,5,,/home/a61491/CASTOR_KRFE/outputs/hbv/rep75/run.log
hbv,,75,F,class,1.0,1.0,1.0,53.0,4,5,,/home/a61491/CASTOR_KRFE/outputs/hbv/rep75/run.log
hbv,,75,accuracy,overall,,,0.99,5732.0,4,5,,/home/a61491/CASTOR_KRFE/outputs/hbv/rep75/run.log
hbv,,75,macro avg,average,0.98,0.99,0.99,5732.0,4,5,,/home/a61491/CASTOR_KRFE/outputs/hbv/rep75/run.log
hbv,,75,weighted avg,average,0.99,0.99,0.99,5732.0,4,5,,/home/a61491/CASTOR_KRFE/outputs/hbv/rep75/run.log
hbv,,76,A,class,0.99,0.95,0.97,644.0,5,4,,/home/a61491/CASTOR_KRFE/outputs/hbv/rep76/run.log
hbv,,76,B,class,0.95,0.98,0.96,1485.0,5,4,,/home/a61491/CASTOR_KRFE/outputs/hbv/rep76/run.log
hbv,,76,C,class,1.0,0.97,0.98,2435.0,5,4,,/home/a61491/CASTOR_KRFE/outputs/hbv/rep76/run.log
hbv,,76,D,class,0.98,0.97,0.97,965.0,5,4,,/home/a61491/CASTOR_KRFE/outputs/hbv/rep76/run.log
hbv,,76,E,class,0.96,1.0,0.98,150.0,5,4,,/home/a61491/CASTOR_KRFE/outputs/hbv/rep76/run.log
hbv,,76,F,class,0.47,1.0,0.64,53.0,5,4,,/home/a61491/CASTOR_KRFE/outputs/hbv/rep76/run.log
hbv,,76,accuracy,overall,,,0.97,5732.0,5,4,,/home/a61491/CASTOR_KRFE/outputs/hbv/rep76/run.log
hbv,,76,macro avg,average,0.89,0.98,0.92,5732.0,5,4,,/home/a61491/CASTOR_KRFE/outputs/hbv/rep76/run.log
hbv,,76,weighted avg,average,0.98,0.97,0.97,5732.0,5,4,,/home/a61491/CASTOR_KRFE/outputs/hbv/rep76/run.log
hbv,,77,A,class,0.99,0.99,0.99,644.0,3,5,,/home/a61491/CASTOR_KRFE/outputs/hbv/rep77/run.log
hbv,,77,B,class,0.98,0.99,0.98,1485.0,3,5,,/home/a61491/CASTOR_KRFE/outputs/hbv/rep77/run.log
hbv,,77,C,class,1.0,0.98,0.99,2435.0,3,5,,/home/a61491/CASTOR_KRFE/outputs/hbv/rep77/run.log
hbv,,77,D,class,0.99,0.98,0.98,965.0,3,5,,/home/a61491/CASTOR_KRFE/outputs/hbv/rep77/run.log
hbv,,77,E,class,0.97,0.99,0.98,150.0,3,5,,/home/a61491/CASTOR_KRFE/outputs/hbv/rep77/run.log
hbv,,77,F,class,0.6,1.0,0.75,53.0,3,5,,/home/a61491/CASTOR_KRFE/outputs/hbv/rep77/run.log
hbv,,77,accuracy,overall,,,0.98,5732.0,3,5,,/home/a61491/CASTOR_KRFE/outputs/hbv/rep77/run.log
hbv,,77,macro avg,average,0.92,0.99,0.95,5732.0,3,5,,/home/a61491/CASTOR_KRFE/outputs/hbv/rep77/run.log
hbv,,77,weighted avg,average,0.99,0.98,0.98,5732.0,3,5,,/home/a61491/CASTOR_KRFE/outputs/hbv/rep77/run.log
hbv,,78,A,class,0.85,0.98,0.91,644.0,9,3,,/home/a61491/CASTOR_KRFE/outputs/hbv/rep78/run.log
hbv,,78,B,class,0.95,1.0,0.97,1485.0,9,3,,/home/a61491/CASTOR_KRFE/outputs/hbv/rep78/run.log
hbv,,78,C,class,1.0,0.93,0.96,2435.0,9,3,,/home/a61491/CASTOR_KRFE/outputs/hbv/rep78/run.log
hbv,,78,D,class,1.0,0.99,1.0,965.0,9,3,,/home/a61491/CASTOR_KRFE/outputs/hbv/rep78/run.log
hbv,,78,E,class,0.96,0.95,0.95,150.0,9,3,,/home/a61491/CASTOR_KRFE/outputs/hbv/rep78/run.log
hbv,,78,F,class,0.9,0.98,0.94,53.0,9,3,,/home/a61491/CASTOR_KRFE/outputs/hbv/rep78/run.log
hbv,,78,accuracy,overall,,,0.96,5732.0,9,3,,/home/a61491/CASTOR_KRFE/outputs/hbv/rep78/run.log
hbv,,78,macro avg,average,0.94,0.97,0.96,5732.0,9,3,,/home/a61491/CASTOR_KRFE/outputs/hbv/rep78/run.log
hbv,,78,weighted avg,average,0.97,0.96,0.96,5732.0,9,3,,/home/a61491/CASTOR_KRFE/outputs/hbv/rep78/run.log
hbv,,79,A,class,0.96,1.0,0.98,644.0,5,4,,/home/a61491/CASTOR_KRFE/outputs/hbv/rep79/run.log
hbv,,79,B,class,0.98,0.96,0.97,1485.0,5,4,,/home/a61491/CASTOR_KRFE/outputs/hbv/rep79/run.log
hbv,,79,C,class,1.0,0.98,0.99,2435.0,5,4,,/home/a61491/CASTOR_KRFE/outputs/hbv/rep79/run.log
hbv,,79,D,class,0.94,0.96,0.95,965.0,5,4,,/home/a61491/CASTOR_KRFE/outputs/hbv/rep79/run.log
hbv,,79,E,class,0.98,1.0,0.99,150.0,5,4,,/home/a61491/CASTOR_KRFE/outputs/hbv/rep79/run.log
hbv,,79,F,class,0.82,1.0,0.9,53.0,5,4,,/home/a61491/CASTOR_KRFE/outputs/hbv/rep79/run.log
hbv,,79,accuracy,overall,,,0.98,5732.0,5,4,,/home/a61491/CASTOR_KRFE/outputs/hbv/rep79/run.log
hbv,,79,macro avg,average,0.95,0.98,0.96,5732.0,5,4,,/home/a61491/CASTOR_KRFE/outputs/hbv/rep79/run.log
hbv,,79,weighted avg,average,0.98,0.98,0.98,5732.0,5,4,,/home/a61491/CASTOR_KRFE/outputs/hbv/rep79/run.log
hbv,,8,A,class,0.96,0.97,0.97,644.0,8,4,,/home/a61491/CASTOR_KRFE/outputs/hbv/rep8/run.log
hbv,,8,B,class,1.0,0.97,0.99,1485.0,8,4,,/home/a61491/CASTOR_KRFE/outputs/hbv/rep8/run.log
hbv,,8,C,class,0.98,0.98,0.98,2435.0,8,4,,/home/a61491/CASTOR_KRFE/outputs/hbv/rep8/run.log
hbv,,8,D,class,1.0,0.99,1.0,965.0,8,4,,/home/a61491/CASTOR_KRFE/outputs/hbv/rep8/run.log
hbv,,8,E,class,0.93,1.0,0.96,150.0,8,4,,/home/a61491/CASTOR_KRFE/outputs/hbv/rep8/run.log
hbv,,8,F,class,0.59,0.98,0.74,53.0,8,4,,/home/a61491/CASTOR_KRFE/outputs/hbv/rep8/run.log
hbv,,8,accuracy,overall,,,0.98,5732.0,8,4,,/home/a61491/CASTOR_KRFE/outputs/hbv/rep8/run.log
hbv,,8,macro avg,average,0.91,0.98,0.94,5732.0,8,4,,/home/a61491/CASTOR_KRFE/outputs/hbv/rep8/run.log
hbv,,8,weighted avg,average,0.98,0.98,0.98,5732.0,8,4,,/home/a61491/CASTOR_KRFE/outputs/hbv/rep8/run.log
hbv,,80,A,class,0.98,1.0,0.99,644.0,5,4,,/home/a61491/CASTOR_KRFE/outputs/hbv/rep80/run.log
hbv,,80,B,class,0.99,0.98,0.98,1485.0,5,4,,/home/a61491/CASTOR_KRFE/outputs/hbv/rep80/run.log
hbv,,80,C,class,0.99,0.98,0.98,2435.0,5,4,,/home/a61491/CASTOR_KRFE/outputs/hbv/rep80/run.log
hbv,,80,D,class,0.96,0.99,0.97,965.0,5,4,,/home/a61491/CASTOR_KRFE/outputs/hbv/rep80/run.log
hbv,,80,E,class,0.91,0.99,0.95,150.0,5,4,,/home/a61491/CASTOR_KRFE/outputs/hbv/rep80/run.log
hbv,,80,F,class,0.95,1.0,0.97,53.0,5,4,,/home/a61491/CASTOR_KRFE/outputs/hbv/rep80/run.log
hbv,,80,accuracy,overall,,,0.98,5732.0,5,4,,/home/a61491/CASTOR_KRFE/outputs/hbv/rep80/run.log
hbv,,80,macro avg,average,0.96,0.99,0.98,5732.0,5,4,,/home/a61491/CASTOR_KRFE/outputs/hbv/rep80/run.log
hbv,,80,weighted avg,average,0.98,0.98,0.98,5732.0,5,4,,/home/a61491/CASTOR_KRFE/outputs/hbv/rep80/run.log
hbv,,81,A,class,0.99,0.95,0.97,644.0,9,3,,/home/a61491/CASTOR_KRFE/outputs/hbv/rep81/run.log
hbv,,81,B,class,0.96,0.99,0.97,1485.0,9,3,,/home/a61491/CASTOR_KRFE/outputs/hbv/rep81/run.log
hbv,,81,C,class,0.99,0.98,0.98,2435.0,9,3,,/home/a61491/CASTOR_KRFE/outputs/hbv/rep81/run.log
hbv,,81,D,class,0.98,0.96,0.97,965.0,9,3,,/home/a61491/CASTOR_KRFE/outputs/hbv/rep81/run.log
hbv,,81,E,class,0.92,0.99,0.96,150.0,9,3,,/home/a61491/CASTOR_KRFE/outputs/hbv/rep81/run.log
hbv,,81,F,class,0.64,0.96,0.77,53.0,9,3,,/home/a61491/CASTOR_KRFE/outputs/hbv/rep81/run.log
hbv,,81,accuracy,overall,,,0.97,5732.0,9,3,,/home/a61491/CASTOR_KRFE/outputs/hbv/rep81/run.log
hbv,,81,macro avg,average,0.91,0.97,0.94,5732.0,9,3,,/home/a61491/CASTOR_KRFE/outputs/hbv/rep81/run.log
hbv,,81,weighted avg,average,0.98,0.97,0.97,5732.0,9,3,,/home/a61491/CASTOR_KRFE/outputs/hbv/rep81/run.log
hbv,,82,A,class,0.95,0.98,0.96,644.0,9,4,,/home/a61491/CASTOR_KRFE/outputs/hbv/rep82/run.log
hbv,,82,B,class,0.99,0.99,0.99,1485.0,9,4,,/home/a61491/CASTOR_KRFE/outputs/hbv/rep82/run.log
hbv,,82,C,class,0.99,0.98,0.99,2435.0,9,4,,/home/a61491/CASTOR_KRFE/outputs/hbv/rep82/run.log
hbv,,82,D,class,1.0,0.97,0.98,965.0,9,4,,/home/a61491/CASTOR_KRFE/outputs/hbv/rep82/run.log
hbv,,82,E,class,0.86,0.99,0.92,150.0,9,4,,/home/a61491/CASTOR_KRFE/outputs/hbv/rep82/run.log
hbv,,82,F,class,0.76,1.0,0.86,53.0,9,4,,/home/a61491/CASTOR_KRFE/outputs/hbv/rep82/run.log
hbv,,82,accuracy,overall,,,0.98,5732.0,9,4,,/home/a61491/CASTOR_KRFE/outputs/hbv/rep82/run.log
hbv,,82,macro avg,average,0.92,0.98,0.95,5732.0,9,4,,/home/a61491/CASTOR_KRFE/outputs/hbv/rep82/run.log
hbv,,82,weighted avg,average,0.98,0.98,0.98,5732.0,9,4,,/home/a61491/CASTOR_KRFE/outputs/hbv/rep82/run.log
hbv,,83,A,class,0.94,0.98,0.96,644.0,5,4,,/home/a61491/CASTOR_KRFE/outputs/hbv/rep83/run.log
hbv,,83,B,class,1.0,0.99,0.99,1485.0,5,4,,/home/a61491/CASTOR_KRFE/outputs/hbv/rep83/run.log
hbv,,83,C,class,0.99,0.98,0.99,2435.0,5,4,,/home/a61491/CASTOR_KRFE/outputs/hbv/rep83/run.log
hbv,,83,D,class,0.99,0.99,0.99,965.0,5,4,,/home/a61491/CASTOR_KRFE/outputs/hbv/rep83/run.log
hbv,,83,E,class,0.91,0.98,0.94,150.0,5,4,,/home/a61491/CASTOR_KRFE/outputs/hbv/rep83/run.log
hbv,,83,F,class,0.85,1.0,0.92,53.0,5,4,,/home/a61491/CASTOR_KRFE/outputs/hbv/rep83/run.log
hbv,,83,accuracy,overall,,,0.98,5732.0,5,4,,/home/a61491/CASTOR_KRFE/outputs/hbv/rep83/run.log
hbv,,83,macro avg,average,0.95,0.99,0.97,5732.0,5,4,,/home/a61491/CASTOR_KRFE/outputs/hbv/rep83/run.log
hbv,,83,weighted avg,average,0.98,0.98,0.98,5732.0,5,4,,/home/a61491/CASTOR_KRFE/outputs/hbv/rep83/run.log
hbv,,84,A,class,0.96,0.96,0.96,644.0,7,4,,/home/a61491/CASTOR_KRFE/outputs/hbv/rep84/run.log
hbv,,84,B,class,0.99,0.98,0.98,1485.0,7,4,,/home/a61491/CASTOR_KRFE/outputs/hbv/rep84/run.log
hbv,,84,C,class,1.0,0.99,0.99,2435.0,7,4,,/home/a61491/CASTOR_KRFE/outputs/hbv/rep84/run.log
hbv,,84,D,class,0.97,0.99,0.98,965.0,7,4,,/home/a61491/CASTOR_KRFE/outputs/hbv/rep84/run.log
hbv,,84,E,class,0.92,1.0,0.96,150.0,7,4,,/home/a61491/CASTOR_KRFE/outputs/hbv/rep84/run.log
hbv,,84,F,class,0.93,0.98,0.95,53.0,7,4,,/home/a61491/CASTOR_KRFE/outputs/hbv/rep84/run.log
hbv,,84,accuracy,overall,,,0.98,5732.0,7,4,,/home/a61491/CASTOR_KRFE/outputs/hbv/rep84/run.log
hbv,,84,macro avg,average,0.96,0.98,0.97,5732.0,7,4,,/home/a61491/CASTOR_KRFE/outputs/hbv/rep84/run.log
hbv,,84,weighted avg,average,0.98,0.98,0.98,5732.0,7,4,,/home/a61491/CASTOR_KRFE/outputs/hbv/rep84/run.log
hbv,,85,A,class,0.98,0.98,0.98,644.0,4,4,,/home/a61491/CASTOR_KRFE/outputs/hbv/rep85/run.log
hbv,,85,B,class,0.98,0.96,0.97,1485.0,4,4,,/home/a61491/CASTOR_KRFE/outputs/hbv/rep85/run.log
hbv,,85,C,class,0.98,1.0,0.99,2435.0,4,4,,/home/a61491/CASTOR_KRFE/outputs/hbv/rep85/run.log
hbv,,85,D,class,0.99,0.97,0.98,965.0,4,4,,/home/a61491/CASTOR_KRFE/outputs/hbv/rep85/run.log
hbv,,85,E,class,0.9,0.99,0.95,150.0,4,4,,/home/a61491/CASTOR_KRFE/outputs/hbv/rep85/run.log
hbv,,85,F,class,1.0,1.0,1.0,53.0,4,4,,/home/a61491/CASTOR_KRFE/outputs/hbv/rep85/run.log
hbv,,85,accuracy,overall,,,0.98,5732.0,4,4,,/home/a61491/CASTOR_KRFE/outputs/hbv/rep85/run.log
hbv,,85,macro avg,average,0.97,0.98,0.98,5732.0,4,4,,/home/a61491/CASTOR_KRFE/outputs/hbv/rep85/run.log
hbv,,85,weighted avg,average,0.98,0.98,0.98,5732.0,4,4,,/home/a61491/CASTOR_KRFE/outputs/hbv/rep85/run.log
hbv,,86,A,class,0.82,0.99,0.89,644.0,8,4,,/home/a61491/CASTOR_KRFE/outputs/hbv/rep86/run.log
hbv,,86,B,class,0.99,0.98,0.99,1485.0,8,4,,/home/a61491/CASTOR_KRFE/outputs/hbv/rep86/run.log
hbv,,86,C,class,1.0,0.92,0.96,2435.0,8,4,,/home/a61491/CASTOR_KRFE/outputs/hbv/rep86/run.log
hbv,,86,D,class,0.99,0.99,0.99,965.0,8,4,,/home/a61491/CASTOR_KRFE/outputs/hbv/rep86/run.log
hbv,,86,E,class,0.88,0.97,0.92,150.0,8,4,,/home/a61491/CASTOR_KRFE/outputs/hbv/rep86/run.log
hbv,,86,F,class,0.45,0.98,0.62,53.0,8,4,,/home/a61491/CASTOR_KRFE/outputs/hbv/rep86/run.log
hbv,,86,accuracy,overall,,,0.96,5732.0,8,4,,/home/a61491/CASTOR_KRFE/outputs/hbv/rep86/run.log
hbv,,86,macro avg,average,0.85,0.97,0.89,5732.0,8,4,,/home/a61491/CASTOR_KRFE/outputs/hbv/rep86/run.log
hbv,,86,weighted avg,average,0.97,0.96,0.96,5732.0,8,4,,/home/a61491/CASTOR_KRFE/outputs/hbv/rep86/run.log
hbv,,87,A,class,0.97,0.97,0.97,644.0,10,4,,/home/a61491/CASTOR_KRFE/outputs/hbv/rep87/run.log
hbv,,87,B,class,0.99,0.99,0.99,1485.0,10,4,,/home/a61491/CASTOR_KRFE/outputs/hbv/rep87/run.log
hbv,,87,C,class,0.99,0.98,0.98,2435.0,10,4,,/home/a61491/CASTOR_KRFE/outputs/hbv/rep87/run.log
hbv,,87,D,class,0.96,0.98,0.97,965.0,10,4,,/home/a61491/CASTOR_KRFE/outputs/hbv/rep87/run.log
hbv,,87,E,class,0.99,0.97,0.98,150.0,10,4,,/home/a61491/CASTOR_KRFE/outputs/hbv/rep87/run.log
hbv,,87,F,class,0.87,1.0,0.93,53.0,10,4,,/home/a61491/CASTOR_KRFE/outputs/hbv/rep87/run.log
hbv,,87,accuracy,overall,,,0.98,5732.0,10,4,,/home/a61491/CASTOR_KRFE/outputs/hbv/rep87/run.log
hbv,,87,macro avg,average,0.96,0.98,0.97,5732.0,10,4,,/home/a61491/CASTOR_KRFE/outputs/hbv/rep87/run.log
hbv,,87,weighted avg,average,0.98,0.98,0.98,5732.0,10,4,,/home/a61491/CASTOR_KRFE/outputs/hbv/rep87/run.log
hbv,,88,A,class,0.9,0.94,0.92,644.0,10,4,,/home/a61491/CASTOR_KRFE/outputs/hbv/rep88/run.log
hbv,,88,B,class,0.99,0.92,0.95,1485.0,10,4,,/home/a61491/CASTOR_KRFE/outputs/hbv/rep88/run.log
hbv,,88,C,class,0.98,1.0,0.99,2435.0,10,4,,/home/a61491/CASTOR_KRFE/outputs/hbv/rep88/run.log
hbv,,88,D,class,0.99,0.99,0.99,965.0,10,4,,/home/a61491/CASTOR_KRFE/outputs/hbv/rep88/run.log
hbv,,88,E,class,0.96,0.99,0.97,150.0,10,4,,/home/a61491/CASTOR_KRFE/outputs/hbv/rep88/run.log
hbv,,88,F,class,0.78,1.0,0.88,53.0,10,4,,/home/a61491/CASTOR_KRFE/outputs/hbv/rep88/run.log
hbv,,88,accuracy,overall,,,0.97,5732.0,10,4,,/home/a61491/CASTOR_KRFE/outputs/hbv/rep88/run.log
hbv,,88,macro avg,average,0.93,0.97,0.95,5732.0,10,4,,/home/a61491/CASTOR_KRFE/outputs/hbv/rep88/run.log
hbv,,88,weighted avg,average,0.97,0.97,0.97,5732.0,10,4,,/home/a61491/CASTOR_KRFE/outputs/hbv/rep88/run.log
hbv,,89,A,class,0.94,0.98,0.96,644.0,4,4,,/home/a61491/CASTOR_KRFE/outputs/hbv/rep89/run.log
hbv,,89,B,class,0.99,0.95,0.97,1485.0,4,4,,/home/a61491/CASTOR_KRFE/outputs/hbv/rep89/run.log
hbv,,89,C,class,0.98,0.99,0.99,2435.0,4,4,,/home/a61491/CASTOR_KRFE/outputs/hbv/rep89/run.log
hbv,,89,D,class,0.99,0.99,0.99,965.0,4,4,,/home/a61491/CASTOR_KRFE/outputs/hbv/rep89/run.log
hbv,,89,E,class,0.95,0.99,0.97,150.0,4,4,,/home/a61491/CASTOR_KRFE/outputs/hbv/rep89/run.log
hbv,,89,F,class,0.88,0.98,0.93,53.0,4,4,,/home/a61491/CASTOR_KRFE/outputs/hbv/rep89/run.log
hbv,,89,accuracy,overall,,,0.98,5732.0,4,4,,/home/a61491/CASTOR_KRFE/outputs/hbv/rep89/run.log
hbv,,89,macro avg,average,0.96,0.98,0.97,5732.0,4,4,,/home/a61491/CASTOR_KRFE/outputs/hbv/rep89/run.log
hbv,,89,weighted avg,average,0.98,0.98,0.98,5732.0,4,4,,/home/a61491/CASTOR_KRFE/outputs/hbv/rep89/run.log
hbv,,9,A,class,0.98,0.97,0.97,644.0,5,4,,/home/a61491/CASTOR_KRFE/outputs/hbv/rep9/run.log
hbv,,9,B,class,0.99,0.98,0.98,1485.0,5,4,,/home/a61491/CASTOR_KRFE/outputs/hbv/rep9/run.log
hbv,,9,C,class,0.99,0.99,0.99,2435.0,5,4,,/home/a61491/CASTOR_KRFE/outputs/hbv/rep9/run.log
hbv,,9,D,class,0.97,0.97,0.97,965.0,5,4,,/home/a61491/CASTOR_KRFE/outputs/hbv/rep9/run.log
hbv,,9,E,class,1.0,0.99,1.0,150.0,5,4,,/home/a61491/CASTOR_KRFE/outputs/hbv/rep9/run.log
hbv,,9,F,class,0.8,1.0,0.89,53.0,5,4,,/home/a61491/CASTOR_KRFE/outputs/hbv/rep9/run.log
hbv,,9,accuracy,overall,,,0.98,5732.0,5,4,,/home/a61491/CASTOR_KRFE/outputs/hbv/rep9/run.log
hbv,,9,macro avg,average,0.95,0.98,0.97,5732.0,5,4,,/home/a61491/CASTOR_KRFE/outputs/hbv/rep9/run.log
hbv,,9,weighted avg,average,0.98,0.98,0.98,5732.0,5,4,,/home/a61491/CASTOR_KRFE/outputs/hbv/rep9/run.log
hbv,,90,A,class,0.95,0.97,0.96,644.0,9,4,,/home/a61491/CASTOR_KRFE/outputs/hbv/rep90/run.log
hbv,,90,B,class,0.99,0.98,0.98,1485.0,9,4,,/home/a61491/CASTOR_KRFE/outputs/hbv/rep90/run.log
hbv,,90,C,class,1.0,0.97,0.98,2435.0,9,4,,/home/a61491/CASTOR_KRFE/outputs/hbv/rep90/run.log
hbv,,90,D,class,0.96,1.0,0.98,965.0,9,4,,/home/a61491/CASTOR_KRFE/outputs/hbv/rep90/run.log
hbv,,90,E,class,0.96,0.97,0.97,150.0,9,4,,/home/a61491/CASTOR_KRFE/outputs/hbv/rep90/run.log
hbv,,90,F,class,0.66,1.0,0.8,53.0,9,4,,/home/a61491/CASTOR_KRFE/outputs/hbv/rep90/run.log
hbv,,90,accuracy,overall,,,0.98,5732.0,9,4,,/home/a61491/CASTOR_KRFE/outputs/hbv/rep90/run.log
hbv,,90,macro avg,average,0.92,0.98,0.95,5732.0,9,4,,/home/a61491/CASTOR_KRFE/outputs/hbv/rep90/run.log
hbv,,90,weighted avg,average,0.98,0.98,0.98,5732.0,9,4,,/home/a61491/CASTOR_KRFE/outputs/hbv/rep90/run.log
hbv,,91,A,class,0.96,0.97,0.96,644.0,5,4,,/home/a61491/CASTOR_KRFE/outputs/hbv/rep91/run.log
hbv,,91,B,class,0.97,0.98,0.98,1485.0,5,4,,/home/a61491/CASTOR_KRFE/outputs/hbv/rep91/run.log
hbv,,91,C,class,0.98,0.97,0.98,2435.0,5,4,,/home/a61491/CASTOR_KRFE/outputs/hbv/rep91/run.log
hbv,,91,D,class,0.99,0.98,0.99,965.0,5,4,,/home/a61491/CASTOR_KRFE/outputs/hbv/rep91/run.log
hbv,,91,E,class,0.89,0.99,0.94,150.0,5,4,,/home/a61491/CASTOR_KRFE/outputs/hbv/rep91/run.log
hbv,,91,F,class,0.96,1.0,0.98,53.0,5,4,,/home/a61491/CASTOR_KRFE/outputs/hbv/rep91/run.log
hbv,,91,accuracy,overall,,,0.98,5732.0,5,4,,/home/a61491/CASTOR_KRFE/outputs/hbv/rep91/run.log
hbv,,91,macro avg,average,0.96,0.98,0.97,5732.0,5,4,,/home/a61491/CASTOR_KRFE/outputs/hbv/rep91/run.log
hbv,,91,weighted avg,average,0.98,0.98,0.98,5732.0,5,4,,/home/a61491/CASTOR_KRFE/outputs/hbv/rep91/run.log
hbv,,92,A,class,0.97,0.97,0.97,644.0,7,4,,/home/a61491/CASTOR_KRFE/outputs/hbv/rep92/run.log
hbv,,92,B,class,0.99,0.98,0.98,1485.0,7,4,,/home/a61491/CASTOR_KRFE/outputs/hbv/rep92/run.log
hbv,,92,C,class,0.98,0.99,0.99,2435.0,7,4,,/home/a61491/CASTOR_KRFE/outputs/hbv/rep92/run.log
hbv,,92,D,class,0.99,0.99,0.99,965.0,7,4,,/home/a61491/CASTOR_KRFE/outputs/hbv/rep92/run.log
hbv,,92,E,class,0.98,0.95,0.96,150.0,7,4,,/home/a61491/CASTOR_KRFE/outputs/hbv/rep92/run.log
hbv,,92,F,class,0.81,0.98,0.89,53.0,7,4,,/home/a61491/CASTOR_KRFE/outputs/hbv/rep92/run.log
hbv,,92,accuracy,overall,,,0.98,5732.0,7,4,,/home/a61491/CASTOR_KRFE/outputs/hbv/rep92/run.log
hbv,,92,macro avg,average,0.96,0.98,0.96,5732.0,7,4,,/home/a61491/CASTOR_KRFE/outputs/hbv/rep92/run.log
hbv,,92,weighted avg,average,0.98,0.98,0.98,5732.0,7,4,,/home/a61491/CASTOR_KRFE/outputs/hbv/rep92/run.log
hbv,,93,A,class,0.82,0.97,0.89,644.0,8,4,,/home/a61491/CASTOR_KRFE/outputs/hbv/rep93/run.log
hbv,,93,B,class,0.95,0.99,0.97,1485.0,8,4,,/home/a61491/CASTOR_KRFE/outputs/hbv/rep93/run.log
hbv,,93,C,class,1.0,0.91,0.95,2435.0,8,4,,/home/a61491/CASTOR_KRFE/outputs/hbv/rep93/run.log
hbv,,93,D,class,1.0,0.99,0.99,965.0,8,4,,/home/a61491/CASTOR_KRFE/outputs/hbv/rep93/run.log
hbv,,93,E,class,0.93,1.0,0.96,150.0,8,4,,/home/a61491/CASTOR_KRFE/outputs/hbv/rep93/run.log
hbv,,93,F,class,0.84,0.98,0.9,53.0,8,4,,/home/a61491/CASTOR_KRFE/outputs/hbv/rep93/run.log
hbv,,93,accuracy,overall,,,0.96,5732.0,8,4,,/home/a61491/CASTOR_KRFE/outputs/hbv/rep93/run.log
hbv,,93,macro avg,average,0.92,0.98,0.95,5732.0,8,4,,/home/a61491/CASTOR_KRFE/outputs/hbv/rep93/run.log
hbv,,93,weighted avg,average,0.96,0.96,0.96,5732.0,8,4,,/home/a61491/CASTOR_KRFE/outputs/hbv/rep93/run.log
hbv,,94,A,class,0.98,0.97,0.97,644.0,8,4,,/home/a61491/CASTOR_KRFE/outputs/hbv/rep94/run.log
hbv,,94,B,class,0.97,0.98,0.98,1485.0,8,4,,/home/a61491/CASTOR_KRFE/outputs/hbv/rep94/run.log
hbv,,94,C,class,0.99,0.98,0.98,2435.0,8,4,,/home/a61491/CASTOR_KRFE/outputs/hbv/rep94/run.log
hbv,,94,D,class,0.99,0.96,0.98,965.0,8,4,,/home/a61491/CASTOR_KRFE/outputs/hbv/rep94/run.log
hbv,,94,E,class,0.76,0.99,0.86,150.0,8,4,,/home/a61491/CASTOR_KRFE/outputs/hbv/rep94/run.log
hbv,,94,F,class,0.87,0.98,0.92,53.0,8,4,,/home/a61491/CASTOR_KRFE/outputs/hbv/rep94/run.log
hbv,,94,accuracy,overall,,,0.98,5732.0,8,4,,/home/a61491/CASTOR_KRFE/outputs/hbv/rep94/run.log
hbv,,94,macro avg,average,0.93,0.98,0.95,5732.0,8,4,,/home/a61491/CASTOR_KRFE/outputs/hbv/rep94/run.log
hbv,,94,weighted avg,average,0.98,0.98,0.98,5732.0,8,4,,/home/a61491/CASTOR_KRFE/outputs/hbv/rep94/run.log
hbv,,95,A,class,0.98,1.0,0.99,644.0,5,4,,/home/a61491/CASTOR_KRFE/outputs/hbv/rep95/run.log
hbv,,95,B,class,1.0,0.96,0.98,1485.0,5,4,,/home/a61491/CASTOR_KRFE/outputs/hbv/rep95/run.log
hbv,,95,C,class,1.0,0.99,0.99,2435.0,5,4,,/home/a61491/CASTOR_KRFE/outputs/hbv/rep95/run.log
hbv,,95,D,class,0.95,0.99,0.97,965.0,5,4,,/home/a61491/CASTOR_KRFE/outputs/hbv/rep95/run.log
hbv,,95,E,class,0.91,0.99,0.95,150.0,5,4,,/home/a61491/CASTOR_KRFE/outputs/hbv/rep95/run.log
hbv,,95,F,class,0.82,1.0,0.9,53.0,5,4,,/home/a61491/CASTOR_KRFE/outputs/hbv/rep95/run.log
hbv,,95,accuracy,overall,,,0.98,5732.0,5,4,,/home/a61491/CASTOR_KRFE/outputs/hbv/rep95/run.log
hbv,,95,macro avg,average,0.94,0.99,0.96,5732.0,5,4,,/home/a61491/CASTOR_KRFE/outputs/hbv/rep95/run.log
hbv,,95,weighted avg,average,0.98,0.98,0.98,5732.0,5,4,,/home/a61491/CASTOR_KRFE/outputs/hbv/rep95/run.log
hbv,,96,A,class,0.99,0.98,0.99,644.0,3,5,,/home/a61491/CASTOR_KRFE/outputs/hbv/rep96/run.log
hbv,,96,B,class,0.99,0.97,0.98,1485.0,3,5,,/home/a61491/CASTOR_KRFE/outputs/hbv/rep96/run.log
hbv,,96,C,class,0.99,0.98,0.99,2435.0,3,5,,/home/a61491/CASTOR_KRFE/outputs/hbv/rep96/run.log
hbv,,96,D,class,0.98,0.99,0.99,965.0,3,5,,/home/a61491/CASTOR_KRFE/outputs/hbv/rep96/run.log
hbv,,96,E,class,0.97,0.99,0.98,150.0,3,5,,/home/a61491/CASTOR_KRFE/outputs/hbv/rep96/run.log
hbv,,96,F,class,0.6,0.98,0.75,53.0,3,5,,/home/a61491/CASTOR_KRFE/outputs/hbv/rep96/run.log
hbv,,96,accuracy,overall,,,0.98,5732.0,3,5,,/home/a61491/CASTOR_KRFE/outputs/hbv/rep96/run.log
hbv,,96,macro avg,average,0.92,0.98,0.95,5732.0,3,5,,/home/a61491/CASTOR_KRFE/outputs/hbv/rep96/run.log
hbv,,96,weighted avg,average,0.98,0.98,0.98,5732.0,3,5,,/home/a61491/CASTOR_KRFE/outputs/hbv/rep96/run.log
hbv,,97,A,class,0.98,0.98,0.98,644.0,5,4,,/home/a61491/CASTOR_KRFE/outputs/hbv/rep97/run.log
hbv,,97,B,class,0.99,0.98,0.98,1485.0,5,4,,/home/a61491/CASTOR_KRFE/outputs/hbv/rep97/run.log
hbv,,97,C,class,1.0,1.0,1.0,2435.0,5,4,,/home/a61491/CASTOR_KRFE/outputs/hbv/rep97/run.log
hbv,,97,D,class,0.97,0.97,0.97,965.0,5,4,,/home/a61491/CASTOR_KRFE/outputs/hbv/rep97/run.log
hbv,,97,E,class,0.93,0.96,0.94,150.0,5,4,,/home/a61491/CASTOR_KRFE/outputs/hbv/rep97/run.log
hbv,,97,F,class,0.79,0.98,0.87,53.0,5,4,,/home/a61491/CASTOR_KRFE/outputs/hbv/rep97/run.log
hbv,,97,accuracy,overall,,,0.98,5732.0,5,4,,/home/a61491/CASTOR_KRFE/outputs/hbv/rep97/run.log
hbv,,97,macro avg,average,0.94,0.98,0.96,5732.0,5,4,,/home/a61491/CASTOR_KRFE/outputs/hbv/rep97/run.log
hbv,,97,weighted avg,average,0.98,0.98,0.98,5732.0,5,4,,/home/a61491/CASTOR_KRFE/outputs/hbv/rep97/run.log
hbv,,98,A,class,0.93,0.98,0.95,644.0,9,4,,/home/a61491/CASTOR_KRFE/outputs/hbv/rep98/run.log
hbv,,98,B,class,0.96,0.99,0.97,1485.0,9,4,,/home/a61491/CASTOR_KRFE/outputs/hbv/rep98/run.log
hbv,,98,C,class,1.0,0.96,0.98,2435.0,9,4,,/home/a61491/CASTOR_KRFE/outputs/hbv/rep98/run.log
hbv,,98,D,class,0.98,0.99,0.99,965.0,9,4,,/home/a61491/CASTOR_KRFE/outputs/hbv/rep98/run.log
hbv,,98,E,class,0.92,0.99,0.96,150.0,9,4,,/home/a61491/CASTOR_KRFE/outputs/hbv/rep98/run.log
hbv,,98,F,class,0.94,0.96,0.95,53.0,9,4,,/home/a61491/CASTOR_KRFE/outputs/hbv/rep98/run.log
hbv,,98,accuracy,overall,,,0.97,5732.0,9,4,,/home/a61491/CASTOR_KRFE/outputs/hbv/rep98/run.log
hbv,,98,macro avg,average,0.95,0.98,0.97,5732.0,9,4,,/home/a61491/CASTOR_KRFE/outputs/hbv/rep98/run.log
hbv,,98,weighted avg,average,0.97,0.97,0.97,5732.0,9,4,,/home/a61491/CASTOR_KRFE/outputs/hbv/rep98/run.log
hbv,,99,A,class,0.97,1.0,0.98,644.0,5,5,,/home/a61491/CASTOR_KRFE/outputs/hbv/rep99/run.log
hbv,,99,B,class,1.0,0.99,0.99,1485.0,5,5,,/home/a61491/CASTOR_KRFE/outputs/hbv/rep99/run.log
hbv,,99,C,class,1.0,0.99,0.99,2435.0,5,5,,/home/a61491/CASTOR_KRFE/outputs/hbv/rep99/run.log
hbv,,99,D,class,0.99,0.99,0.99,965.0,5,5,,/home/a61491/CASTOR_KRFE/outputs/hbv/rep99/run.log
hbv,,99,E,class,0.95,1.0,0.97,150.0,5,5,,/home/a61491/CASTOR_KRFE/outputs/hbv/rep99/run.log
hbv,,99,F,class,0.84,1.0,0.91,53.0,5,5,,/home/a61491/CASTOR_KRFE/outputs/hbv/rep99/run.log
hbv,,99,accuracy,overall,,,0.99,5732.0,5,5,,/home/a61491/CASTOR_KRFE/outputs/hbv/rep99/run.log
hbv,,99,macro avg,average,0.96,0.99,0.97,5732.0,5,5,,/home/a61491/CASTOR_KRFE/outputs/hbv/rep99/run.log
hbv,,99,weighted avg,average,0.99,0.99,0.99,5732.0,5,5,,/home/a61491/CASTOR_KRFE/outputs/hbv/rep99/run.log
hbv,10,19,,evaluation,,,0.9959622123426831,,,4,,/home/a61491/CASTOR_KRFE/outputs/hbv/rep19/run.log
hbv,10,35,,evaluation,,,0.9959677200814927,,,3,,/home/a61491/CASTOR_KRFE/outputs/hbv/rep35/run.log
hbv,10,46,,evaluation,,,0.9946236559139785,,,4,,/home/a61491/CASTOR_KRFE/outputs/hbv/rep46/run.log
hbv,10,5,,evaluation,,,0.9932740626866876,,,4,,/home/a61491/CASTOR_KRFE/outputs/hbv/rep5/run.log
hbv,10,6,,evaluation,,,0.995973118017322,,,4,,/home/a61491/CASTOR_KRFE/outputs/hbv/rep6/run.log
hbv,10,65,,evaluation,,,0.9919351341900514,,,3,,/home/a61491/CASTOR_KRFE/outputs/hbv/rep65/run.log
hbv,10,87,,evaluation,,,0.9986558921245035,,,4,,/home/a61491/CASTOR_KRFE/outputs/hbv/rep87/run.log
hbv,10,88,,evaluation,,,0.9918961774074089,,,4,,/home/a61491/CASTOR_KRFE/outputs/hbv/rep88/run.log
hbv,3,10,,evaluation,,,0.9946340828691994,,,5,,/home/a61491/CASTOR_KRFE/outputs/hbv/rep10/run.log
hbv,3,36,,evaluation,,,0.9919404452344118,,,5,,/home/a61491/CASTOR_KRFE/outputs/hbv/rep36/run.log
hbv,3,74,,evaluation,,,0.9905743479578066,,,5,,/home/a61491/CASTOR_KRFE/outputs/hbv/rep74/run.log
hbv,3,77,,evaluation,,,0.9919343036019188,,,5,,/home/a61491/CASTOR_KRFE/outputs/hbv/rep77/run.log
hbv,3,96,,evaluation,,,0.9959676982275015,,,5,,/home/a61491/CASTOR_KRFE/outputs/hbv/rep96/run.log
hbv,4,1,,evaluation,,,0.994612596728377,,,4,,/home/a61491/CASTOR_KRFE/outputs/hbv/rep1/run.log
hbv,4,100,,evaluation,,,0.9973117842490069,,,5,,/home/a61491/CASTOR_KRFE/outputs/hbv/rep100/run.log
hbv,4,14,,evaluation,,,0.995978190744696,,,5,,/home/a61491/CASTOR_KRFE/outputs/hbv/rep14/run.log
hbv,4,15,,evaluation,,,0.9906073080710319,,,4,,/home/a61491/CASTOR_KRFE/outputs/hbv/rep15/run.log
hbv,4,17,,evaluation,,,0.9959622123426831,,,5,,/home/a61491/CASTOR_KRFE/outputs/hbv/rep17/run.log
hbv,4,21,,evaluation,,,0.9919241165758105,,,5,,/home/a61491/CASTOR_KRFE/outputs/hbv/rep21/run.log
hbv,4,28,,evaluation,,,0.9906019970266718,,,4,,/home/a61491/CASTOR_KRFE/outputs/hbv/rep28/run.log
hbv,4,3,,evaluation,,,0.9919297357297264,,,4,,/home/a61491/CASTOR_KRFE/outputs/hbv/rep3/run.log
hbv,4,50,,evaluation,,,0.9973117842490069,,,5,,/home/a61491/CASTOR_KRFE/outputs/hbv/rep50/run.log
hbv,4,57,,evaluation,,,0.9905796605631164,,,4,,/home/a61491/CASTOR_KRFE/outputs/hbv/rep57/run.log
hbv,4,63,,evaluation,,,0.9932790911730551,,,5,,/home/a61491/CASTOR_KRFE/outputs/hbv/rep63/run.log
hbv,4,66,,evaluation,,,0.9919407293533543,,,4,,/home/a61491/CASTOR_KRFE/outputs/hbv/rep66/run.log
hbv,4,7,,evaluation,,,0.9905913759954712,,,4,,/home/a61491/CASTOR_KRFE/outputs/hbv/rep7/run.log
hbv,4,75,,evaluation,,,0.9959675452410345,,,5,,/home/a61491/CASTOR_KRFE/outputs/hbv/rep75/run.log
hbv,4,85,,evaluation,,,0.9946235253145269,,,4,,/home/a61491/CASTOR_KRFE/outputs/hbv/rep85/run.log
hbv,4,89,,evaluation,,,0.9919460830481772,,,4,,/home/a61491/CASTOR_KRFE/outputs/hbv/rep89/run.log
hbv,5,11,,evaluation,,,0.9986558921245035,,,4,,/home/a61491/CASTOR_KRFE/outputs/hbv/rep11/run.log
hbv,5,16,,evaluation,,,0.9905963373589153,,,4,,/home/a61491/CASTOR_KRFE/outputs/hbv/rep16/run.log
hbv,5,18,,evaluation,,,0.9919353527470204,,,4,,/home/a61491/CASTOR_KRFE/outputs/hbv/rep18/run.log
hbv,5,2,,evaluation,,,0.9919461059596882,,,4,,/home/a61491/CASTOR_KRFE/outputs/hbv/rep2/run.log
hbv,5,20,,evaluation,,,0.9906178413636899,,,4,,/home/a61491/CASTOR_KRFE/outputs/hbv/rep20/run.log
hbv,5,23,,evaluation,,,0.9906060278945549,,,4,,/home/a61491/CASTOR_KRFE/outputs/hbv/rep23/run.log
hbv,5,24,,evaluation,,,0.9946234810735205,,,4,,/home/a61491/CASTOR_KRFE/outputs/hbv/rep24/run.log
hbv,5,29,,evaluation,,,0.995962190488692,,,4,,/home/a61491/CASTOR_KRFE/outputs/hbv/rep29/run.log
hbv,5,31,,evaluation,,,0.9946235684980137,,,4,,/home/a61491/CASTOR_KRFE/outputs/hbv/rep31/run.log
hbv,5,33,,evaluation,,,0.9932956336250055,,,4,,/home/a61491/CASTOR_KRFE/outputs/hbv/rep33/run.log
hbv,5,37,,evaluation,,,0.9959677419354839,,,4,,/home/a61491/CASTOR_KRFE/outputs/hbv/rep37/run.log
hbv,5,38,,evaluation,,,0.9946389171953082,,,5,,/home/a61491/CASTOR_KRFE/outputs/hbv/rep38/run.log
hbv,5,39,,evaluation,,,0.9905803839623875,,,4,,/home/a61491/CASTOR_KRFE/outputs/hbv/rep39/run.log
hbv,5,42,,evaluation,,,0.9919667053813396,,,4,,/home/a61491/CASTOR_KRFE/outputs/hbv/rep42/run.log
hbv,5,45,,evaluation,,,0.9946180175757173,,,4,,/home/a61491/CASTOR_KRFE/outputs/hbv/rep45/run.log
hbv,5,49,,evaluation,,,0.9905875719080228,,,4,,/home/a61491/CASTOR_KRFE/outputs/hbv/rep49/run.log
hbv,5,51,,evaluation,,,0.9946290101418254,,,4,,/home/a61491/CASTOR_KRFE/outputs/hbv/rep51/run.log
hbv,5,54,,evaluation,,,0.9905958211632772,,,4,,/home/a61491/CASTOR_KRFE/outputs/hbv/rep54/run.log
hbv,5,60,,evaluation,,,0.9946235684980137,,,4,,/home/a61491/CASTOR_KRFE/outputs/hbv/rep60/run.log
hbv,5,61,,evaluation,,,0.9946179514807195,,,4,,/home/a61491/CASTOR_KRFE/outputs/hbv/rep61/run.log
hbv,5,62,,evaluation,,,0.9946181263211777,,,4,,/home/a61491/CASTOR_KRFE/outputs/hbv/rep62/run.log
hbv,5,64,,evaluation,,,0.9906108412050804,,,4,,/home/a61491/CASTOR_KRFE/outputs/hbv/rep64/run.log
hbv,5,68,,evaluation,,,0.9946235253145269,,,4,,/home/a61491/CASTOR_KRFE/outputs/hbv/rep68/run.log
hbv,5,69,,evaluation,,,0.9959677200814927,,,4,,/home/a61491/CASTOR_KRFE/outputs/hbv/rep69/run.log
hbv,5,71,,evaluation,,,0.9973171390013497,,,4,,/home/a61491/CASTOR_KRFE/outputs/hbv/rep71/run.log
hbv,5,73,,evaluation,,,0.9932793731980237,,,4,,/home/a61491/CASTOR_KRFE/outputs/hbv/rep73/run.log
hbv,5,76,,evaluation,,,0.9959622123426831,,,4,,/home/a61491/CASTOR_KRFE/outputs/hbv/rep76/run.log
hbv,5,79,,evaluation,,,0.9919342545236571,,,4,,/home/a61491/CASTOR_KRFE/outputs/hbv/rep79/run.log
hbv,5,80,,evaluation,,,0.9973117842490069,,,4,,/home/a61491/CASTOR_KRFE/outputs/hbv/rep80/run.log
hbv,5,83,,evaluation,,,0.9919298007672044,,,4,,/home/a61491/CASTOR_KRFE/outputs/hbv/rep83/run.log
hbv,5,9,,evaluation,,,0.9932739747376986,,,4,,/home/a61491/CASTOR_KRFE/outputs/hbv/rep9/run.log
hbv,5,91,,evaluation,,,0.9906020620641496,,,4,,/home/a61491/CASTOR_KRFE/outputs/hbv/rep91/run.log
hbv,5,95,,evaluation,,,0.9959622784376808,,,4,,/home/a61491/CASTOR_KRFE/outputs/hbv/rep95/run.log
hbv,5,97,,evaluation,,,0.9919298226211956,,,4,,/home/a61491/CASTOR_KRFE/outputs/hbv/rep97/run.log
hbv,5,99,,evaluation,,,0.9946231729639647,,,5,,/home/a61491/CASTOR_KRFE/outputs/hbv/rep99/run.log
hbv,7,12,,evaluation,,,0.9946181924161754,,,4,,/home/a61491/CASTOR_KRFE/outputs/hbv/rep12/run.log
hbv,7,13,,evaluation,,,0.99059655644038,,,4,,/home/a61491/CASTOR_KRFE/outputs/hbv/rep13/run.log
hbv,7,22,,evaluation,,,0.994623525314527,,,4,,/home/a61491/CASTOR_KRFE/outputs/hbv/rep22/run.log
hbv,7,25,,evaluation,,,0.9932791983575657,,,4,,/home/a61491/CASTOR_KRFE/outputs/hbv/rep25/run.log
hbv,7,27,,evaluation,,,0.9932685107068716,,,4,,/home/a61491/CASTOR_KRFE/outputs/hbv/rep27/run.log
hbv,7,30,,evaluation,,,0.9932622976259882,,,4,,/home/a61491/CASTOR_KRFE/outputs/hbv/rep30/run.log
hbv,7,32,,evaluation,,,0.9932789360499664,,,4,,/home/a61491/CASTOR_KRFE/outputs/hbv/rep32/run.log
hbv,7,34,,evaluation,,,0.993273843605223,,,4,,/home/a61491/CASTOR_KRFE/outputs/hbv/rep34/run.log
hbv,7,4,,evaluation,,,0.9932741063946701,,,4,,/home/a61491/CASTOR_KRFE/outputs/hbv/rep4/run.log
hbv,7,47,,evaluation,,,0.991933046707701,,,4,,/home/a61491/CASTOR_KRFE/outputs/hbv/rep47/run.log
hbv,7,55,,evaluation,,,0.9946181924161754,,,4,,/home/a61491/CASTOR_KRFE/outputs/hbv/rep55/run.log
hbv,7,58,,evaluation,,,0.9905956878941795,,,4,,/home/a61491/CASTOR_KRFE/outputs/hbv/rep58/run.log
hbv,7,59,,evaluation,,,0.9905674511469833,,,4,,/home/a61491/CASTOR_KRFE/outputs/hbv/rep59/run.log
hbv,7,70,,evaluation,,,0.9932737321901166,,,4,,/home/a61491/CASTOR_KRFE/outputs/hbv/rep70/run.log
hbv,7,84,,evaluation,,,0.995973118017322,,,4,,/home/a61491/CASTOR_KRFE/outputs/hbv/rep84/run.log
hbv,7,92,,evaluation,,,0.9932740845406789,,,4,,/home/a61491/CASTOR_KRFE/outputs/hbv/rep92/run.log
hbv,8,40,,evaluation,,,0.9946499561390446,,,4,,/home/a61491/CASTOR_KRFE/outputs/hbv/rep40/run.log
hbv,8,43,,evaluation,,,0.9973118061029981,,,4,,/home/a61491/CASTOR_KRFE/outputs/hbv/rep43/run.log
hbv,8,44,,evaluation,,,0.990568176972427,,,4,,/home/a61491/CASTOR_KRFE/outputs/hbv/rep44/run.log
hbv,8,48,,evaluation,,,0.9919406643158766,,,4,,/home/a61491/CASTOR_KRFE/outputs/hbv/rep48/run.log
hbv,8,53,,evaluation,,,0.9919015753432383,,,4,,/home/a61491/CASTOR_KRFE/outputs/hbv/rep53/run.log
hbv,8,67,,evaluation,,,0.9919460398646905,,,4,,/home/a61491/CASTOR_KRFE/outputs/hbv/rep67/run.log
hbv,8,72,,evaluation,,,0.9986558921245035,,,4,,/home/a61491/CASTOR_KRFE/outputs/hbv/rep72/run.log
hbv,8,8,,evaluation,,,0.9905858256061991,,,4,,/home/a61491/CASTOR_KRFE/outputs/hbv/rep8/run.log
hbv,8,86,,evaluation,,,0.9959676102785124,,,4,,/home/a61491/CASTOR_KRFE/outputs/hbv/rep86/run.log
hbv,8,93,,evaluation,,,0.9932739097002208,,,4,,/home/a61491/CASTOR_KRFE/outputs/hbv/rep93/run.log
hbv,8,94,,evaluation,,,0.990596403453913,,,4,,/home/a61491/CASTOR_KRFE/outputs/hbv/rep94/run.log
hbv,9,26,,evaluation,,,0.9946063836474935,,,4,,/home/a61491/CASTOR_KRFE/outputs/hbv/rep26/run.log
hbv,9,41,,evaluation,,,0.9959675452410345,,,4,,/home/a61491/CASTOR_KRFE/outputs/hbv/rep41/run.log
hbv,9,52,,evaluation,,,0.9919298455327067,,,3,,/home/a61491/CASTOR_KRFE/outputs/hbv/rep52/run.log
hbv,9,56,,evaluation,,,0.9905964050148627,,,3,,/home/a61491/CASTOR_KRFE/outputs/hbv/rep56/run.log
hbv,9,78,,evaluation,,,0.9919350936335629,,,3,,/home/a61491/CASTOR_KRFE/outputs/hbv/rep78/run.log
hbv,9,81,,evaluation,,,0.9932738654592144,,,3,,/home/a61491/CASTOR_KRFE/outputs/hbv/rep81/run.log
hbv,9,82,,evaluation,,,0.9973117842490069,,,4,,/home/a61491/CASTOR_KRFE/outputs/hbv/rep82/run.log
hbv,9,90,,evaluation,,,0.9932685768018693,,,4,,/home/a61491/CASTOR_KRFE/outputs/hbv/rep90/run.log
hbv,9,98,,evaluation,,,0.9905854284901343,,,4,,/home/a61491/CASTOR_KRFE/outputs/hbv/rep98/run.log
hiv,,1,HIV1_A,class,0.95,0.99,0.97,72.0,7,10,,/home/a61491/CASTOR_KRFE/outputs/hiv/rep1/run.log
hiv,,1,HIV1_B,class,0.98,0.96,0.97,67.0,7,10,,/home/a61491/CASTOR_KRFE/outputs/hiv/rep1/run.log
hiv,,1,HIV1_C,class,0.97,0.97,0.97,69.0,7,10,,/home/a61491/CASTOR_KRFE/outputs/hiv/rep1/run.log
hiv,,1,HIV1_D,class,0.96,0.96,0.96,25.0,7,10,,/home/a61491/CASTOR_KRFE/outputs/hiv/rep1/run.log
hiv,,1,HIV1_F,class,0.93,0.93,0.93,29.0,7,10,,/home/a61491/CASTOR_KRFE/outputs/hiv/rep1/run.log
hiv,,1,HIV1_G,class,0.97,0.94,0.95,33.0,7,10,,/home/a61491/CASTOR_KRFE/outputs/hiv/rep1/run.log
hiv,,1,accuracy,overall,,,0.96,295.0,7,10,,/home/a61491/CASTOR_KRFE/outputs/hiv/rep1/run.log
hiv,,1,macro avg,average,0.96,0.96,0.96,295.0,7,10,,/home/a61491/CASTOR_KRFE/outputs/hiv/rep1/run.log
hiv,,1,weighted avg,average,0.96,0.96,0.96,295.0,7,10,,/home/a61491/CASTOR_KRFE/outputs/hiv/rep1/run.log
hiv,,10,HIV1_A,class,1.0,0.93,0.96,72.0,8,8,,/home/a61491/CASTOR_KRFE/outputs/hiv/rep10/run.log
hiv,,10,HIV1_B,class,0.97,0.97,0.97,67.0,8,8,,/home/a61491/CASTOR_KRFE/outputs/hiv/rep10/run.log
hiv,,10,HIV1_C,class,0.93,0.99,0.96,69.0,8,8,,/home/a61491/CASTOR_KRFE/outputs/hiv/rep10/run.log
hiv,,10,HIV1_D,class,0.89,0.96,0.92,25.0,8,8,,/home/a61491/CASTOR_KRFE/outputs/hiv/rep10/run.log
hiv,,10,HIV1_F,class,0.96,0.93,0.95,29.0,8,8,,/home/a61491/CASTOR_KRFE/outputs/hiv/rep10/run.log
hiv,,10,HIV1_G,class,0.97,0.97,0.97,33.0,8,8,,/home/a61491/CASTOR_KRFE/outputs/hiv/rep10/run.log
hiv,,10,accuracy,overall,,,0.96,295.0,8,8,,/home/a61491/CASTOR_KRFE/outputs/hiv/rep10/run.log
hiv,,10,macro avg,average,0.95,0.96,0.96,295.0,8,8,,/home/a61491/CASTOR_KRFE/outputs/hiv/rep10/run.log
hiv,,10,weighted avg,average,0.96,0.96,0.96,295.0,8,8,,/home/a61491/CASTOR_KRFE/outputs/hiv/rep10/run.log
hiv,,100,HIV1_A,class,0.91,0.97,0.94,72.0,8,10,,/home/a61491/CASTOR_KRFE/outputs/hiv/rep100/run.log
hiv,,100,HIV1_B,class,0.98,0.93,0.95,67.0,8,10,,/home/a61491/CASTOR_KRFE/outputs/hiv/rep100/run.log
hiv,,100,HIV1_C,class,0.99,0.97,0.98,69.0,8,10,,/home/a61491/CASTOR_KRFE/outputs/hiv/rep100/run.log
hiv,,100,HIV1_D,class,0.96,0.96,0.96,25.0,8,10,,/home/a61491/CASTOR_KRFE/outputs/hiv/rep100/run.log
hiv,,100,HIV1_F,class,0.96,0.93,0.95,29.0,8,10,,/home/a61491/CASTOR_KRFE/outputs/hiv/rep100/run.log
hiv,,100,HIV1_G,class,0.97,1.0,0.99,33.0,8,10,,/home/a61491/CASTOR_KRFE/outputs/hiv/rep100/run.log
hiv,,100,accuracy,overall,,,0.96,295.0,8,10,,/home/a61491/CASTOR_KRFE/outputs/hiv/rep100/run.log
hiv,,100,macro avg,average,0.96,0.96,0.96,295.0,8,10,,/home/a61491/CASTOR_KRFE/outputs/hiv/rep100/run.log
hiv,,100,weighted avg,average,0.96,0.96,0.96,295.0,8,10,,/home/a61491/CASTOR_KRFE/outputs/hiv/rep100/run.log
hiv,,11,HIV1_A,class,1.0,1.0,1.0,72.0,8,10,,/home/a61491/CASTOR_KRFE/outputs/hiv/rep11/run.log
hiv,,11,HIV1_B,class,0.98,0.93,0.95,67.0,8,10,,/home/a61491/CASTOR_KRFE/outputs/hiv/rep11/run.log
hiv,,11,HIV1_C,class,0.93,1.0,0.97,69.0,8,10,,/home/a61491/CASTOR_KRFE/outputs/hiv/rep11/run.log
hiv,,11,HIV1_D,class,0.96,0.96,0.96,25.0,8,10,,/home/a61491/CASTOR_KRFE/outputs/hiv/rep11/run.log
hiv,,11,HIV1_F,class,1.0,0.97,0.98,29.0,8,10,,/home/a61491/CASTOR_KRFE/outputs/hiv/rep11/run.log
hiv,,11,HIV1_G,class,1.0,1.0,1.0,33.0,8,10,,/home/a61491/CASTOR_KRFE/outputs/hiv/rep11/run.log
hiv,,11,accuracy,overall,,,0.98,295.0,8,10,,/home/a61491/CASTOR_KRFE/outputs/hiv/rep11/run.log
hiv,,11,macro avg,average,0.98,0.98,0.98,295.0,8,10,,/home/a61491/CASTOR_KRFE/outputs/hiv/rep11/run.log
hiv,,11,weighted avg,average,0.98,0.98,0.98,295.0,8,10,,/home/a61491/CASTOR_KRFE/outputs/hiv/rep11/run.log
hiv,,12,HIV1_A,class,1.0,0.96,0.98,72.0,8,9,,/home/a61491/CASTOR_KRFE/outputs/hiv/rep12/run.log
hiv,,12,HIV1_B,class,0.97,0.97,0.97,67.0,8,9,,/home/a61491/CASTOR_KRFE/outputs/hiv/rep12/run.log
hiv,,12,HIV1_C,class,0.97,0.99,0.98,69.0,8,9,,/home/a61491/CASTOR_KRFE/outputs/hiv/rep12/run.log
hiv,,12,HIV1_D,class,0.92,0.96,0.94,25.0,8,9,,/home/a61491/CASTOR_KRFE/outputs/hiv/rep12/run.log
hiv,,12,HIV1_F,class,1.0,1.0,1.0,29.0,8,9,,/home/a61491/CASTOR_KRFE/outputs/hiv/rep12/run.log
hiv,,12,HIV1_G,class,0.97,1.0,0.99,33.0,8,9,,/home/a61491/CASTOR_KRFE/outputs/hiv/rep12/run.log
hiv,,12,accuracy,overall,,,0.98,295.0,8,9,,/home/a61491/CASTOR_KRFE/outputs/hiv/rep12/run.log
hiv,,12,macro avg,average,0.97,0.98,0.98,295.0,8,9,,/home/a61491/CASTOR_KRFE/outputs/hiv/rep12/run.log
hiv,,12,weighted avg,average,0.98,0.98,0.98,295.0,8,9,,/home/a61491/CASTOR_KRFE/outputs/hiv/rep12/run.log
hiv,,13,HIV1_A,class,0.9,1.0,0.95,72.0,10,9,,/home/a61491/CASTOR_KRFE/outputs/hiv/rep13/run.log
hiv,,13,HIV1_B,class,1.0,0.91,0.95,67.0,10,9,,/home/a61491/CASTOR_KRFE/outputs/hiv/rep13/run.log
hiv,,13,HIV1_C,class,0.94,0.93,0.93,69.0,10,9,,/home/a61491/CASTOR_KRFE/outputs/hiv/rep13/run.log
hiv,,13,HIV1_D,class,0.92,0.96,0.94,25.0,10,9,,/home/a61491/CASTOR_KRFE/outputs/hiv/rep13/run.log
hiv,,13,HIV1_F,class,0.93,0.9,0.91,29.0,10,9,,/home/a61491/CASTOR_KRFE/outputs/hiv/rep13/run.log
hiv,,13,HIV1_G,class,0.97,0.94,0.95,33.0,10,9,,/home/a61491/CASTOR_KRFE/outputs/hiv/rep13/run.log
hiv,,13,accuracy,overall,,,0.94,295.0,10,9,,/home/a61491/CASTOR_KRFE/outputs/hiv/rep13/run.log
hiv,,13,macro avg,average,0.94,0.94,0.94,295.0,10,9,,/home/a61491/CASTOR_KRFE/outputs/hiv/rep13/run.log
hiv,,13,weighted avg,average,0.94,0.94,0.94,295.0,10,9,,/home/a61491/CASTOR_KRFE/outputs/hiv/rep13/run.log
hiv,,14,HIV1_A,class,1.0,0.96,0.98,72.0,9,9,,/home/a61491/CASTOR_KRFE/outputs/hiv/rep14/run.log
hiv,,14,HIV1_B,class,1.0,0.99,0.99,67.0,9,9,,/home/a61491/CASTOR_KRFE/outputs/hiv/rep14/run.log
hiv,,14,HIV1_C,class,1.0,1.0,1.0,69.0,9,9,,/home/a61491/CASTOR_KRFE/outputs/hiv/rep14/run.log
hiv,,14,HIV1_D,class,0.96,1.0,0.98,25.0,9,9,,/home/a61491/CASTOR_KRFE/outputs/hiv/rep14/run.log
hiv,,14,HIV1_F,class,0.88,1.0,0.94,29.0,9,9,,/home/a61491/CASTOR_KRFE/outputs/hiv/rep14/run.log
hiv,,14,HIV1_G,class,1.0,0.97,0.98,33.0,9,9,,/home/a61491/CASTOR_KRFE/outputs/hiv/rep14/run.log
hiv,,14,accuracy,overall,,,0.98,295.0,9,9,,/home/a61491/CASTOR_KRFE/outputs/hiv/rep14/run.log
hiv,,14,macro avg,average,0.97,0.99,0.98,295.0,9,9,,/home/a61491/CASTOR_KRFE/outputs/hiv/rep14/run.log
hiv,,14,weighted avg,average,0.98,0.98,0.98,295.0,9,9,,/home/a61491/CASTOR_KRFE/outputs/hiv/rep14/run.log
hiv,,15,HIV1_A,class,1.0,0.94,0.97,72.0,9,9,,/home/a61491/CASTOR_KRFE/outputs/hiv/rep15/run.log
hiv,,15,HIV1_B,class,0.96,1.0,0.98,67.0,9,9,,/home/a61491/CASTOR_KRFE/outputs/hiv/rep15/run.log
hiv,,15,HIV1_C,class,0.96,0.99,0.97,69.0,9,9,,/home/a61491/CASTOR_KRFE/outputs/hiv/rep15/run.log
hiv,,15,HIV1_D,class,1.0,0.88,0.94,25.0,9,9,,/home/a61491/CASTOR_KRFE/outputs/hiv/rep15/run.log
hiv,,15,HIV1_F,class,0.9,0.97,0.93,29.0,9,9,,/home/a61491/CASTOR_KRFE/outputs/hiv/rep15/run.log
hiv,,15,HIV1_G,class,0.97,0.97,0.97,33.0,9,9,,/home/a61491/CASTOR_KRFE/outputs/hiv/rep15/run.log
hiv,,15,accuracy,overall,,,0.97,295.0,9,9,,/home/a61491/CASTOR_KRFE/outputs/hiv/rep15/run.log
hiv,,15,macro avg,average,0.96,0.96,0.96,295.0,9,9,,/home/a61491/CASTOR_KRFE/outputs/hiv/rep15/run.log
hiv,,15,weighted avg,average,0.97,0.97,0.97,295.0,9,9,,/home/a61491/CASTOR_KRFE/outputs/hiv/rep15/run.log
hiv,,16,HIV1_A,class,1.0,0.99,0.99,72.0,9,9,,/home/a61491/CASTOR_KRFE/outputs/hiv/rep16/run.log
hiv,,16,HIV1_B,class,1.0,0.97,0.98,67.0,9,9,,/home/a61491/CASTOR_KRFE/outputs/hiv/rep16/run.log
hiv,,16,HIV1_C,class,0.97,0.97,0.97,69.0,9,9,,/home/a61491/CASTOR_KRFE/outputs/hiv/rep16/run.log
hiv,,16,HIV1_D,class,0.93,1.0,0.96,25.0,9,9,,/home/a61491/CASTOR_KRFE/outputs/hiv/rep16/run.log
hiv,,16,HIV1_F,class,0.97,1.0,0.98,29.0,9,9,,/home/a61491/CASTOR_KRFE/outputs/hiv/rep16/run.log
hiv,,16,HIV1_G,class,0.97,0.97,0.97,33.0,9,9,,/home/a61491/CASTOR_KRFE/outputs/hiv/rep16/run.log
hiv,,16,accuracy,overall,,,0.98,295.0,9,9,,/home/a61491/CASTOR_KRFE/outputs/hiv/rep16/run.log
hiv,,16,macro avg,average,0.97,0.98,0.98,295.0,9,9,,/home/a61491/CASTOR_KRFE/outputs/hiv/rep16/run.log
hiv,,16,weighted avg,average,0.98,0.98,0.98,295.0,9,9,,/home/a61491/CASTOR_KRFE/outputs/hiv/rep16/run.log
hiv,,17,HIV1_A,class,0.99,0.99,0.99,72.0,8,8,,/home/a61491/CASTOR_KRFE/outputs/hiv/rep17/run.log
hiv,,17,HIV1_B,class,0.97,0.96,0.96,67.0,8,8,,/home/a61491/CASTOR_KRFE/outputs/hiv/rep17/run.log
hiv,,17,HIV1_C,class,0.99,0.99,0.99,69.0,8,8,,/home/a61491/CASTOR_KRFE/outputs/hiv/rep17/run.log
hiv,,17,HIV1_D,class,0.93,1.0,0.96,25.0,8,8,,/home/a61491/CASTOR_KRFE/outputs/hiv/rep17/run.log
hiv,,17,HIV1_F,class,0.93,0.97,0.95,29.0,8,8,,/home/a61491/CASTOR_KRFE/outputs/hiv/rep17/run.log
hiv,,17,HIV1_G,class,1.0,0.94,0.97,33.0,8,8,,/home/a61491/CASTOR_KRFE/outputs/hiv/rep17/run.log
hiv,,17,accuracy,overall,,,0.97,295.0,8,8,,/home/a61491/CASTOR_KRFE/outputs/hiv/rep17/run.log
hiv,,17,macro avg,average,0.97,0.97,0.97,295.0,8,8,,/home/a61491/CASTOR_KRFE/outputs/hiv/rep17/run.log
hiv,,17,weighted avg,average,0.97,0.97,0.97,295.0,8,8,,/home/a61491/CASTOR_KRFE/outputs/hiv/rep17/run.log
hiv,,18,HIV1_A,class,0.9,0.97,0.93,72.0,9,10,,/home/a61491/CASTOR_KRFE/outputs/hiv/rep18/run.log
hiv,,18,HIV1_B,class,0.98,0.96,0.97,67.0,9,10,,/home/a61491/CASTOR_KRFE/outputs/hiv/rep18/run.log
hiv,,18,HIV1_C,class,0.97,0.97,0.97,69.0,9,10,,/home/a61491/CASTOR_KRFE/outputs/hiv/rep18/run.log
hiv,,18,HIV1_D,class,0.92,0.96,0.94,25.0,9,10,,/home/a61491/CASTOR_KRFE/outputs/hiv/rep18/run.log
hiv,,18,HIV1_F,class,1.0,0.79,0.88,29.0,9,10,,/home/a61491/CASTOR_KRFE/outputs/hiv/rep18/run.log
hiv,,18,HIV1_G,class,0.91,0.94,0.93,33.0,9,10,,/home/a61491/CASTOR_KRFE/outputs/hiv/rep18/run.log
hiv,,18,accuracy,overall,,,0.95,295.0,9,10,,/home/a61491/CASTOR_KRFE/outputs/hiv/rep18/run.log
hiv,,18,macro avg,average,0.95,0.93,0.94,295.0,9,10,,/home/a61491/CASTOR_KRFE/outputs/hiv/rep18/run.log
hiv,,18,weighted avg,average,0.95,0.95,0.95,295.0,9,10,,/home/a61491/CASTOR_KRFE/outputs/hiv/rep18/run.log
hiv,,19,HIV1_A,class,0.99,0.96,0.97,72.0,6,10,,/home/a61491/CASTOR_KRFE/outputs/hiv/rep19/run.log
hiv,,19,HIV1_B,class,0.97,0.96,0.96,67.0,6,10,,/home/a61491/CASTOR_KRFE/outputs/hiv/rep19/run.log
hiv,,19,HIV1_C,class,0.97,0.99,0.98,69.0,6,10,,/home/a61491/CASTOR_KRFE/outputs/hiv/rep19/run.log
hiv,,19,HIV1_D,class,0.92,0.96,0.94,25.0,6,10,,/home/a61491/CASTOR_KRFE/outputs/hiv/rep19/run.log
hiv,,19,HIV1_F,class,0.9,0.97,0.93,29.0,6,10,,/home/a61491/CASTOR_KRFE/outputs/hiv/rep19/run.log
hiv,,19,HIV1_G,class,0.97,0.94,0.95,33.0,6,10,,/home/a61491/CASTOR_KRFE/outputs/hiv/rep19/run.log
hiv,,19,accuracy,overall,,,0.96,295.0,6,10,,/home/a61491/CASTOR_KRFE/outputs/hiv/rep19/run.log
hiv,,19,macro avg,average,0.95,0.96,0.96,295.0,6,10,,/home/a61491/CASTOR_KRFE/outputs/hiv/rep19/run.log
hiv,,19,weighted avg,average,0.96,0.96,0.96,295.0,6,10,,/home/a61491/CASTOR_KRFE/outputs/hiv/rep19/run.log
hiv,,2,HIV1_A,class,0.99,0.97,0.98,72.0,8,10,,/home/a61491/CASTOR_KRFE/outputs/hiv/rep2/run.log
hiv,,2,HIV1_B,class,0.96,0.99,0.97,67.0,8,10,,/home/a61491/CASTOR_KRFE/outputs/hiv/rep2/run.log
hiv,,2,HIV1_C,class,0.97,1.0,0.99,69.0,8,10,,/home/a61491/CASTOR_KRFE/outputs/hiv/rep2/run.log
hiv,,2,HIV1_D,class,0.95,0.84,0.89,25.0,8,10,,/home/a61491/CASTOR_KRFE/outputs/hiv/rep2/run.log
hiv,,2,HIV1_F,class,0.93,0.97,0.95,29.0,8,10,,/home/a61491/CASTOR_KRFE/outputs/hiv/rep2/run.log
hiv,,2,HIV1_G,class,1.0,0.97,0.98,33.0,8,10,,/home/a61491/CASTOR_KRFE/outputs/hiv/rep2/run.log
hiv,,2,accuracy,overall,,,0.97,295.0,8,10,,/home/a61491/CASTOR_KRFE/outputs/hiv/rep2/run.log
hiv,,2,macro avg,average,0.97,0.96,0.96,295.0,8,10,,/home/a61491/CASTOR_KRFE/outputs/hiv/rep2/run.log
hiv,,2,weighted avg,average,0.97,0.97,0.97,295.0,8,10,,/home/a61491/CASTOR_KRFE/outputs/hiv/rep2/run.log
hiv,,20,HIV1_A,class,0.96,0.99,0.97,72.0,10,8,,/home/a61491/CASTOR_KRFE/outputs/hiv/rep20/run.log
hiv,,20,HIV1_B,class,1.0,0.93,0.96,67.0,10,8,,/home/a61491/CASTOR_KRFE/outputs/hiv/rep20/run.log
hiv,,20,HIV1_C,class,0.96,0.93,0.94,69.0,10,8,,/home/a61491/CASTOR_KRFE/outputs/hiv/rep20/run.log
hiv,,20,HIV1_D,class,0.93,1.0,0.96,25.0,10,8,,/home/a61491/CASTOR_KRFE/outputs/hiv/rep20/run.log
hiv,,20,HIV1_F,class,0.85,0.97,0.9,29.0,10,8,,/home/a61491/CASTOR_KRFE/outputs/hiv/rep20/run.log
hiv,,20,HIV1_G,class,0.97,0.94,0.95,33.0,10,8,,/home/a61491/CASTOR_KRFE/outputs/hiv/rep20/run.log
hiv,,20,accuracy,overall,,,0.95,295.0,10,8,,/home/a61491/CASTOR_KRFE/outputs/hiv/rep20/run.log
hiv,,20,macro avg,average,0.94,0.96,0.95,295.0,10,8,,/home/a61491/CASTOR_KRFE/outputs/hiv/rep20/run.log
hiv,,20,weighted avg,average,0.95,0.95,0.95,295.0,10,8,,/home/a61491/CASTOR_KRFE/outputs/hiv/rep20/run.log
hiv,,21,HIV1_A,class,0.96,0.96,0.96,72.0,10,8,,/home/a61491/CASTOR_KRFE/outputs/hiv/rep21/run.log
hiv,,21,HIV1_B,class,0.99,0.99,0.99,67.0,10,8,,/home/a61491/CASTOR_KRFE/outputs/hiv/rep21/run.log
hiv,,21,HIV1_C,class,0.98,0.94,0.96,69.0,10,8,,/home/a61491/CASTOR_KRFE/outputs/hiv/rep21/run.log
hiv,,21,HIV1_D,class,1.0,0.96,0.98,25.0,10,8,,/home/a61491/CASTOR_KRFE/outputs/hiv/rep21/run.log
hiv,,21,HIV1_F,class,0.88,1.0,0.94,29.0,10,8,,/home/a61491/CASTOR_KRFE/outputs/hiv/rep21/run.log
hiv,,21,HIV1_G,class,0.94,0.94,0.94,33.0,10,8,,/home/a61491/CASTOR_KRFE/outputs/hiv/rep21/run.log
hiv,,21,accuracy,overall,,,0.96,295.0,10,8,,/home/a61491/CASTOR_KRFE/outputs/hiv/rep21/run.log
hiv,,21,macro avg,average,0.96,0.96,0.96,295.0,10,8,,/home/a61491/CASTOR_KRFE/outputs/hiv/rep21/run.log
hiv,,21,weighted avg,average,0.96,0.96,0.96,295.0,10,8,,/home/a61491/CASTOR_KRFE/outputs/hiv/rep21/run.log
hiv,,22,HIV1_A,class,1.0,0.99,0.99,72.0,9,9,,/home/a61491/CASTOR_KRFE/outputs/hiv/rep22/run.log
hiv,,22,HIV1_B,class,1.0,1.0,1.0,67.0,9,9,,/home/a61491/CASTOR_KRFE/outputs/hiv/rep22/run.log
hiv,,22,HIV1_C,class,0.99,0.96,0.97,69.0,9,9,,/home/a61491/CASTOR_KRFE/outputs/hiv/rep22/run.log
hiv,,22,HIV1_D,class,1.0,0.96,0.98,25.0,9,9,,/home/a61491/CASTOR_KRFE/outputs/hiv/rep22/run.log
hiv,,22,HIV1_F,class,0.88,1.0,0.94,29.0,9,9,,/home/a61491/CASTOR_KRFE/outputs/hiv/rep22/run.log
hiv,,22,HIV1_G,class,0.97,0.97,0.97,33.0,9,9,,/home/a61491/CASTOR_KRFE/outputs/hiv/rep22/run.log
hiv,,22,accuracy,overall,,,0.98,295.0,9,9,,/home/a61491/CASTOR_KRFE/outputs/hiv/rep22/run.log
hiv,,22,macro avg,average,0.97,0.98,0.97,295.0,9,9,,/home/a61491/CASTOR_KRFE/outputs/hiv/rep22/run.log
hiv,,22,weighted avg,average,0.98,0.98,0.98,295.0,9,9,,/home/a61491/CASTOR_KRFE/outputs/hiv/rep22/run.log
hiv,,23,HIV1_A,class,0.97,0.96,0.97,72.0,9,9,,/home/a61491/CASTOR_KRFE/outputs/hiv/rep23/run.log
hiv,,23,HIV1_B,class,0.98,0.9,0.94,67.0,9,9,,/home/a61491/CASTOR_KRFE/outputs/hiv/rep23/run.log
hiv,,23,HIV1_C,class,1.0,0.97,0.99,69.0,9,9,,/home/a61491/CASTOR_KRFE/outputs/hiv/rep23/run.log
hiv,,23,HIV1_D,class,0.92,0.96,0.94,25.0,9,9,,/home/a61491/CASTOR_KRFE/outputs/hiv/rep23/run.log
hiv,,23,HIV1_F,class,0.85,0.97,0.9,29.0,9,9,,/home/a61491/CASTOR_KRFE/outputs/hiv/rep23/run.log
hiv,,23,HIV1_G,class,0.89,1.0,0.94,33.0,9,9,,/home/a61491/CASTOR_KRFE/outputs/hiv/rep23/run.log
hiv,,23,accuracy,overall,,,0.95,295.0,9,9,,/home/a61491/CASTOR_KRFE/outputs/hiv/rep23/run.log
hiv,,23,macro avg,average,0.94,0.96,0.95,295.0,9,9,,/home/a61491/CASTOR_KRFE/outputs/hiv/rep23/run.log
hiv,,23,weighted avg,average,0.96,0.95,0.95,295.0,9,9,,/home/a61491/CASTOR_KRFE/outputs/hiv/rep23/run.log
hiv,,24,HIV1_A,class,1.0,0.96,0.98,72.0,9,9,,/home/a61491/CASTOR_KRFE/outputs/hiv/rep24/run.log
hiv,,24,HIV1_B,class,1.0,0.94,0.97,67.0,9,9,,/home/a61491/CASTOR_KRFE/outputs/hiv/rep24/run.log
hiv,,24,HIV1_C,class,1.0,0.96,0.98,69.0,9,9,,/home/a61491/CASTOR_KRFE/outputs/hiv/rep24/run.log
hiv,,24,HIV1_D,class,0.89,1.0,0.94,25.0,9,9,,/home/a61491/CASTOR_KRFE/outputs/hiv/rep24/run.log
hiv,,24,HIV1_F,class,0.83,1.0,0.91,29.0,9,9,,/home/a61491/CASTOR_KRFE/outputs/hiv/rep24/run.log
hiv,,24,HIV1_G,class,0.97,1.0,0.99,33.0,9,9,,/home/a61491/CASTOR_KRFE/outputs/hiv/rep24/run.log
hiv,,24,accuracy,overall,,,0.97,295.0,9,9,,/home/a61491/CASTOR_KRFE/outputs/hiv/rep24/run.log
hiv,,24,macro avg,average,0.95,0.98,0.96,295.0,9,9,,/home/a61491/CASTOR_KRFE/outputs/hiv/rep24/run.log
hiv,,24,weighted avg,average,0.97,0.97,0.97,295.0,9,9,,/home/a61491/CASTOR_KRFE/outputs/hiv/rep24/run.log
hiv,,25,HIV1_A,class,0.96,0.99,0.97,72.0,9,9,,/home/a61491/CASTOR_KRFE/outputs/hiv/rep25/run.log
hiv,,25,HIV1_B,class,1.0,0.97,0.98,67.0,9,9,,/home/a61491/CASTOR_KRFE/outputs/hiv/rep25/run.log
hiv,,25,HIV1_C,class,1.0,1.0,1.0,69.0,9,9,,/home/a61491/CASTOR_KRFE/outputs/hiv/rep25/run.log
hiv,,25,HIV1_D,class,0.96,1.0,0.98,25.0,9,9,,/home/a61491/CASTOR_KRFE/outputs/hiv/rep25/run.log
hiv,,25,HIV1_F,class,0.93,0.9,0.91,29.0,9,9,,/home/a61491/CASTOR_KRFE/outputs/hiv/rep25/run.log
hiv,,25,HIV1_G,class,1.0,1.0,1.0,33.0,9,9,,/home/a61491/CASTOR_KRFE/outputs/hiv/rep25/run.log
hiv,,25,accuracy,overall,,,0.98,295.0,9,9,,/home/a61491/CASTOR_KRFE/outputs/hiv/rep25/run.log
hiv,,25,macro avg,average,0.97,0.98,0.98,295.0,9,9,,/home/a61491/CASTOR_KRFE/outputs/hiv/rep25/run.log
hiv,,25,weighted avg,average,0.98,0.98,0.98,295.0,9,9,,/home/a61491/CASTOR_KRFE/outputs/hiv/rep25/run.log
hiv,,26,HIV1_A,class,0.96,1.0,0.98,72.0,10,9,,/home/a61491/CASTOR_KRFE/outputs/hiv/rep26/run.log
hiv,,26,HIV1_B,class,1.0,0.99,0.99,67.0,10,9,,/home/a61491/CASTOR_KRFE/outputs/hiv/rep26/run.log
hiv,,26,HIV1_C,class,0.96,0.96,0.96,69.0,10,9,,/home/a61491/CASTOR_KRFE/outputs/hiv/rep26/run.log
hiv,,26,HIV1_D,class,0.93,1.0,0.96,25.0,10,9,,/home/a61491/CASTOR_KRFE/outputs/hiv/rep26/run.log
hiv,,26,HIV1_F,class,0.93,0.9,0.91,29.0,10,9,,/home/a61491/CASTOR_KRFE/outputs/hiv/rep26/run.log
hiv,,26,HIV1_G,class,1.0,0.91,0.95,33.0,10,9,,/home/a61491/CASTOR_KRFE/outputs/hiv/rep26/run.log
hiv,,26,accuracy,overall,,,0.97,295.0,10,9,,/home/a61491/CASTOR_KRFE/outputs/hiv/rep26/run.log
hiv,,26,macro avg,average,0.96,0.96,0.96,295.0,10,9,,/home/a61491/CASTOR_KRFE/outputs/hiv/rep26/run.log
hiv,,26,weighted avg,average,0.97,0.97,0.97,295.0,10,9,,/home/a61491/CASTOR_KRFE/outputs/hiv/rep26/run.log
hiv,,27,HIV1_A,class,0.95,0.99,0.97,72.0,8,10,,/home/a61491/CASTOR_KRFE/outputs/hiv/rep27/run.log
hiv,,27,HIV1_B,class,0.98,0.96,0.97,67.0,8,10,,/home/a61491/CASTOR_KRFE/outputs/hiv/rep27/run.log
hiv,,27,HIV1_C,class,0.96,0.94,0.95,69.0,8,10,,/home/a61491/CASTOR_KRFE/outputs/hiv/rep27/run.log
hiv,,27,HIV1_D,class,0.92,0.96,0.94,25.0,8,10,,/home/a61491/CASTOR_KRFE/outputs/hiv/rep27/run.log
hiv,,27,HIV1_F,class,1.0,0.97,0.98,29.0,8,10,,/home/a61491/CASTOR_KRFE/outputs/hiv/rep27/run.log
hiv,,27,HIV1_G,class,0.97,0.97,0.97,33.0,8,10,,/home/a61491/CASTOR_KRFE/outputs/hiv/rep27/run.log
hiv,,27,accuracy,overall,,,0.96,295.0,8,10,,/home/a61491/CASTOR_KRFE/outputs/hiv/rep27/run.log
hiv,,27,macro avg,average,0.96,0.96,0.96,295.0,8,10,,/home/a61491/CASTOR_KRFE/outputs/hiv/rep27/run.log
hiv,,27,weighted avg,average,0.96,0.96,0.96,295.0,8,10,,/home/a61491/CASTOR_KRFE/outputs/hiv/rep27/run.log
hiv,,28,HIV1_A,class,0.97,0.97,0.97,72.0,8,9,,/home/a61491/CASTOR_KRFE/outputs/hiv/rep28/run.log
hiv,,28,HIV1_B,class,1.0,0.96,0.98,67.0,8,9,,/home/a61491/CASTOR_KRFE/outputs/hiv/rep28/run.log
hiv,,28,HIV1_C,class,0.96,1.0,0.98,69.0,8,9,,/home/a61491/CASTOR_KRFE/outputs/hiv/rep28/run.log
hiv,,28,HIV1_D,class,0.93,1.0,0.96,25.0,8,9,,/home/a61491/CASTOR_KRFE/outputs/hiv/rep28/run.log
hiv,,28,HIV1_F,class,1.0,0.93,0.96,29.0,8,9,,/home/a61491/CASTOR_KRFE/outputs/hiv/rep28/run.log
hiv,,28,HIV1_G,class,1.0,1.0,1.0,33.0,8,9,,/home/a61491/CASTOR_KRFE/outputs/hiv/rep28/run.log
hiv,,28,accuracy,overall,,,0.98,295.0,8,9,,/home/a61491/CASTOR_KRFE/outputs/hiv/rep28/run.log
hiv,,28,macro avg,average,0.98,0.98,0.98,295.0,8,9,,/home/a61491/CASTOR_KRFE/outputs/hiv/rep28/run.log
hiv,,28,weighted avg,average,0.98,0.98,0.98,295.0,8,9,,/home/a61491/CASTOR_KRFE/outputs/hiv/rep28/run.log
hiv,,29,HIV1_A,class,0.97,0.99,0.98,72.0,10,9,,/home/a61491/CASTOR_KRFE/outputs/hiv/rep29/run.log
hiv,,29,HIV1_B,class,0.98,0.97,0.98,67.0,10,9,,/home/a61491/CASTOR_KRFE/outputs/hiv/rep29/run.log
hiv,,29,HIV1_C,class,1.0,0.96,0.98,69.0,10,9,,/home/a61491/CASTOR_KRFE/outputs/hiv/rep29/run.log
hiv,,29,HIV1_D,class,0.96,0.96,0.96,25.0,10,9,,/home/a61491/CASTOR_KRFE/outputs/hiv/rep29/run.log
hiv,,29,HIV1_F,class,0.91,1.0,0.95,29.0,10,9,,/home/a61491/CASTOR_KRFE/outputs/hiv/rep29/run.log
hiv,,29,HIV1_G,class,1.0,1.0,1.0,33.0,10,9,,/home/a61491/CASTOR_KRFE/outputs/hiv/rep29/run.log
hiv,,29,accuracy,overall,,,0.98,295.0,10,9,,/home/a61491/CASTOR_KRFE/outputs/hiv/rep29/run.log
hiv,,29,macro avg,average,0.97,0.98,0.97,295.0,10,9,,/home/a61491/CASTOR_KRFE/outputs/hiv/rep29/run.log
hiv,,29,weighted avg,average,0.98,0.98,0.98,295.0,10,9,,/home/a61491/CASTOR_KRFE/outputs/hiv/rep29/run.log
hiv,,3,HIV1_A,class,0.99,0.97,0.98,72.0,8,9,,/home/a61491/CASTOR_KRFE/outputs/hiv/rep3/run.log
hiv,,3,HIV1_B,class,0.98,0.96,0.97,67.0,8,9,,/home/a61491/CASTOR_KRFE/outputs/hiv/rep3/run.log
hiv,,3,HIV1_C,class,1.0,0.97,0.99,69.0,8,9,,/home/a61491/CASTOR_KRFE/outputs/hiv/rep3/run.log
hiv,,3,HIV1_D,class,0.92,0.96,0.94,25.0,8,9,,/home/a61491/CASTOR_KRFE/outputs/hiv/rep3/run.log
hiv,,3,HIV1_F,class,0.97,1.0,0.98,29.0,8,9,,/home/a61491/CASTOR_KRFE/outputs/hiv/rep3/run.log
hiv,,3,HIV1_G,class,0.92,1.0,0.96,33.0,8,9,,/home/a61491/CASTOR_KRFE/outputs/hiv/rep3/run.log
hiv,,3,accuracy,overall,,,0.97,295.0,8,9,,/home/a61491/CASTOR_KRFE/outputs/hiv/rep3/run.log
hiv,,3,macro avg,average,0.96,0.98,0.97,295.0,8,9,,/home/a61491/CASTOR_KRFE/outputs/hiv/rep3/run.log
hiv,,3,weighted avg,average,0.97,0.97,0.97,295.0,8,9,,/home/a61491/CASTOR_KRFE/outputs/hiv/rep3/run.log
hiv,,30,HIV1_A,class,0.95,0.97,0.96,72.0,9,9,,/home/a61491/CASTOR_KRFE/outputs/hiv/rep30/run.log
hiv,,30,HIV1_B,class,0.9,0.99,0.94,67.0,9,9,,/home/a61491/CASTOR_KRFE/outputs/hiv/rep30/run.log
hiv,,30,HIV1_C,class,1.0,0.87,0.93,69.0,9,9,,/home/a61491/CASTOR_KRFE/outputs/hiv/rep30/run.log
hiv,,30,HIV1_D,class,1.0,0.96,0.98,25.0,9,9,,/home/a61491/CASTOR_KRFE/outputs/hiv/rep30/run.log
hiv,,30,HIV1_F,class,0.9,0.97,0.93,29.0,9,9,,/home/a61491/CASTOR_KRFE/outputs/hiv/rep30/run.log
hiv,,30,HIV1_G,class,1.0,1.0,1.0,33.0,9,9,,/home/a61491/CASTOR_KRFE/outputs/hiv/rep30/run.log
hiv,,30,accuracy,overall,,,0.95,295.0,9,9,,/home/a61491/CASTOR_KRFE/outputs/hiv/rep30/run.log
hiv,,30,macro avg,average,0.96,0.96,0.96,295.0,9,9,,/home/a61491/CASTOR_KRFE/outputs/hiv/rep30/run.log
hiv,,30,weighted avg,average,0.96,0.95,0.95,295.0,9,9,,/home/a61491/CASTOR_KRFE/outputs/hiv/rep30/run.log
hiv,,31,HIV1_A,class,0.99,0.96,0.97,72.0,9,10,,/home/a61491/CASTOR_KRFE/outputs/hiv/rep31/run.log
hiv,,31,HIV1_B,class,0.98,0.96,0.97,67.0,9,10,,/home/a61491/CASTOR_KRFE/outputs/hiv/rep31/run.log
hiv,,31,HIV1_C,class,1.0,0.97,0.99,69.0,9,10,,/home/a61491/CASTOR_KRFE/outputs/hiv/rep31/run.log
hiv,,31,HIV1_D,class,0.92,0.96,0.94,25.0,9,10,,/home/a61491/CASTOR_KRFE/outputs/hiv/rep31/run.log
hiv,,31,HIV1_F,class,0.85,1.0,0.92,29.0,9,10,,/home/a61491/CASTOR_KRFE/outputs/hiv/rep31/run.log
hiv,,31,HIV1_G,class,0.97,0.97,0.97,33.0,9,10,,/home/a61491/CASTOR_KRFE/outputs/hiv/rep31/run.log
hiv,,31,accuracy,overall,,,0.97,295.0,9,10,,/home/a61491/CASTOR_KRFE/outputs/hiv/rep31/run.log
hiv,,31,macro avg,average,0.95,0.97,0.96,295.0,9,10,,/home/a61491/CASTOR_KRFE/outputs/hiv/rep31/run.log
hiv,,31,weighted avg,average,0.97,0.97,0.97,295.0,9,10,,/home/a61491/CASTOR_KRFE/outputs/hiv/rep31/run.log
hiv,,32,HIV1_A,class,1.0,0.96,0.98,72.0,10,9,,/home/a61491/CASTOR_KRFE/outputs/hiv/rep32/run.log
hiv,,32,HIV1_B,class,0.99,0.99,0.99,67.0,10,9,,/home/a61491/CASTOR_KRFE/outputs/hiv/rep32/run.log
hiv,,32,HIV1_C,class,0.93,0.99,0.96,69.0,10,9,,/home/a61491/CASTOR_KRFE/outputs/hiv/rep32/run.log
hiv,,32,HIV1_D,class,1.0,0.96,0.98,25.0,10,9,,/home/a61491/CASTOR_KRFE/outputs/hiv/rep32/run.log
hiv,,32,HIV1_F,class,0.94,1.0,0.97,29.0,10,9,,/home/a61491/CASTOR_KRFE/outputs/hiv/rep32/run.log
hiv,,32,HIV1_G,class,0.9,0.85,0.88,33.0,10,9,,/home/a61491/CASTOR_KRFE/outputs/hiv/rep32/run.log
hiv,,32,accuracy,overall,,,0.96,295.0,10,9,,/home/a61491/CASTOR_KRFE/outputs/hiv/rep32/run.log
hiv,,32,macro avg,average,0.96,0.96,0.96,295.0,10,9,,/home/a61491/CASTOR_KRFE/outputs/hiv/rep32/run.log
hiv,,32,weighted avg,average,0.96,0.96,0.96,295.0,10,9,,/home/a61491/CASTOR_KRFE/outputs/hiv/rep32/run.log
hiv,,33,HIV1_A,class,0.97,0.97,0.97,72.0,10,10,,/home/a61491/CASTOR_KRFE/outputs/hiv/rep33/run.log
hiv,,33,HIV1_B,class,1.0,0.87,0.93,67.0,10,10,,/home/a61491/CASTOR_KRFE/outputs/hiv/rep33/run.log
hiv,,33,HIV1_C,class,1.0,0.94,0.97,69.0,10,10,,/home/a61491/CASTOR_KRFE/outputs/hiv/rep33/run.log
hiv,,33,HIV1_D,class,0.76,1.0,0.86,25.0,10,10,,/home/a61491/CASTOR_KRFE/outputs/hiv/rep33/run.log
hiv,,33,HIV1_F,class,0.83,1.0,0.91,29.0,10,10,,/home/a61491/CASTOR_KRFE/outputs/hiv/rep33/run.log
hiv,,33,HIV1_G,class,0.97,0.94,0.95,33.0,10,10,,/home/a61491/CASTOR_KRFE/outputs/hiv/rep33/run.log
hiv,,33,accuracy,overall,,,0.94,295.0,10,10,,/home/a61491/CASTOR_KRFE/outputs/hiv/rep33/run.log
hiv,,33,macro avg,average,0.92,0.95,0.93,295.0,10,10,,/home/a61491/CASTOR_KRFE/outputs/hiv/rep33/run.log
hiv,,33,weighted avg,average,0.95,0.94,0.94,295.0,10,10,,/home/a61491/CASTOR_KRFE/outputs/hiv/rep33/run.log
hiv,,34,HIV1_A,class,1.0,0.99,0.99,72.0,9,9,,/home/a61491/CASTOR_KRFE/outputs/hiv/rep34/run.log
hiv,,34,HIV1_B,class,1.0,0.99,0.99,67.0,9,9,,/home/a61491/CASTOR_KRFE/outputs/hiv/rep34/run.log
hiv,,34,HIV1_C,class,0.99,0.97,0.98,69.0,9,9,,/home/a61491/CASTOR_KRFE/outputs/hiv/rep34/run.log
hiv,,34,HIV1_D,class,0.89,1.0,0.94,25.0,9,9,,/home/a61491/CASTOR_KRFE/outputs/hiv/rep34/run.log
hiv,,34,HIV1_F,class,0.97,1.0,0.98,29.0,9,9,,/home/a61491/CASTOR_KRFE/outputs/hiv/rep34/run.log
hiv,,34,HIV1_G,class,1.0,0.97,0.98,33.0,9,9,,/home/a61491/CASTOR_KRFE/outputs/hiv/rep34/run.log
hiv,,34,accuracy,overall,,,0.98,295.0,9,9,,/home/a61491/CASTOR_KRFE/outputs/hiv/rep34/run.log
hiv,,34,macro avg,average,0.97,0.99,0.98,295.0,9,9,,/home/a61491/CASTOR_KRFE/outputs/hiv/rep34/run.log
hiv,,34,weighted avg,average,0.98,0.98,0.98,295.0,9,9,,/home/a61491/CASTOR_KRFE/outputs/hiv/rep34/run.log
hiv,,35,HIV1_A,class,0.93,0.97,0.95,72.0,10,9,,/home/a61491/CASTOR_KRFE/outputs/hiv/rep35/run.log
hiv,,35,HIV1_B,class,0.98,0.96,0.97,67.0,10,9,,/home/a61491/CASTOR_KRFE/outputs/hiv/rep35/run.log
hiv,,35,HIV1_C,class,1.0,0.99,0.99,69.0,10,9,,/home/a61491/CASTOR_KRFE/outputs/hiv/rep35/run.log
hiv,,35,HIV1_D,class,0.92,0.96,0.94,25.0,10,9,,/home/a61491/CASTOR_KRFE/outputs/hiv/rep35/run.log
hiv,,35,HIV1_F,class,0.9,0.93,0.92,29.0,10,9,,/home/a61491/CASTOR_KRFE/outputs/hiv/rep35/run.log
hiv,,35,HIV1_G,class,1.0,0.94,0.97,33.0,10,9,,/home/a61491/CASTOR_KRFE/outputs/hiv/rep35/run.log
hiv,,35,accuracy,overall,,,0.96,295.0,10,9,,/home/a61491/CASTOR_KRFE/outputs/hiv/rep35/run.log
hiv,,35,macro avg,average,0.96,0.96,0.96,295.0,10,9,,/home/a61491/CASTOR_KRFE/outputs/hiv/rep35/run.log
hiv,,35,weighted avg,average,0.96,0.96,0.96,295.0,10,9,,/home/a61491/CASTOR_KRFE/outputs/hiv/rep35/run.log
hiv,,36,HIV1_A,class,0.97,0.99,0.98,72.0,10,10,,/home/a61491/CASTOR_KRFE/outputs/hiv/rep36/run.log
hiv,,36,HIV1_B,class,1.0,0.99,0.99,67.0,10,10,,/home/a61491/CASTOR_KRFE/outputs/hiv/rep36/run.log
hiv,,36,HIV1_C,class,1.0,0.97,0.99,69.0,10,10,,/home/a61491/CASTOR_KRFE/outputs/hiv/rep36/run.log
hiv,,36,HIV1_D,class,0.96,1.0,0.98,25.0,10,10,,/home/a61491/CASTOR_KRFE/outputs/hiv/rep36/run.log
hiv,,36,HIV1_F,class,0.93,0.93,0.93,29.0,10,10,,/home/a61491/CASTOR_KRFE/outputs/hiv/rep36/run.log
hiv,,36,HIV1_G,class,0.94,0.97,0.96,33.0,10,10,,/home/a61491/CASTOR_KRFE/outputs/hiv/rep36/run.log
hiv,,36,accuracy,overall,,,0.98,295.0,10,10,,/home/a61491/CASTOR_KRFE/outputs/hiv/rep36/run.log
hiv,,36,macro avg,average,0.97,0.97,0.97,295.0,10,10,,/home/a61491/CASTOR_KRFE/outputs/hiv/rep36/run.log
hiv,,36,weighted avg,average,0.98,0.98,0.98,295.0,10,10,,/home/a61491/CASTOR_KRFE/outputs/hiv/rep36/run.log
hiv,,37,HIV1_A,class,0.94,0.94,0.94,72.0,10,8,,/home/a61491/CASTOR_KRFE/outputs/hiv/rep37/run.log
hiv,,37,HIV1_B,class,1.0,0.91,0.95,67.0,10,8,,/home/a61491/CASTOR_KRFE/outputs/hiv/rep37/run.log
hiv,,37,HIV1_C,class,0.97,1.0,0.99,69.0,10,8,,/home/a61491/CASTOR_KRFE/outputs/hiv/rep37/run.log
hiv,,37,HIV1_D,class,0.83,0.96,0.89,25.0,10,8,,/home/a61491/CASTOR_KRFE/outputs/hiv/rep37/run.log
hiv,,37,HIV1_F,class,0.93,0.9,0.91,29.0,10,8,,/home/a61491/CASTOR_KRFE/outputs/hiv/rep37/run.log
hiv,,37,HIV1_G,class,0.91,0.94,0.93,33.0,10,8,,/home/a61491/CASTOR_KRFE/outputs/hiv/rep37/run.log
hiv,,37,accuracy,overall,,,0.95,295.0,10,8,,/home/a61491/CASTOR_KRFE/outputs/hiv/rep37/run.log
hiv,,37,macro avg,average,0.93,0.94,0.93,295.0,10,8,,/home/a61491/CASTOR_KRFE/outputs/hiv/rep37/run.log
hiv,,37,weighted avg,average,0.95,0.95,0.95,295.0,10,8,,/home/a61491/CASTOR_KRFE/outputs/hiv/rep37/run.log
hiv,,38,HIV1_A,class,0.96,0.89,0.92,72.0,10,8,,/home/a61491/CASTOR_KRFE/outputs/hiv/rep38/run.log
hiv,,38,HIV1_B,class,1.0,0.93,0.96,67.0,10,8,,/home/a61491/CASTOR_KRFE/outputs/hiv/rep38/run.log
hiv,,38,HIV1_C,class,0.91,0.99,0.94,69.0,10,8,,/home/a61491/CASTOR_KRFE/outputs/hiv/rep38/run.log
hiv,,38,HIV1_D,class,0.88,0.88,0.88,25.0,10,8,,/home/a61491/CASTOR_KRFE/outputs/hiv/rep38/run.log
hiv,,38,HIV1_F,class,0.93,0.97,0.95,29.0,10,8,,/home/a61491/CASTOR_KRFE/outputs/hiv/rep38/run.log
hiv,,38,HIV1_G,class,0.83,0.91,0.87,33.0,10,8,,/home/a61491/CASTOR_KRFE/outputs/hiv/rep38/run.log
hiv,,38,accuracy,overall,,,0.93,295.0,10,8,,/home/a61491/CASTOR_KRFE/outputs/hiv/rep38/run.log
hiv,,38,macro avg,average,0.92,0.93,0.92,295.0,10,8,,/home/a61491/CASTOR_KRFE/outputs/hiv/rep38/run.log
hiv,,38,weighted avg,average,0.93,0.93,0.93,295.0,10,8,,/home/a61491/CASTOR_KRFE/outputs/hiv/rep38/run.log
hiv,,39,HIV1_A,class,0.96,0.99,0.97,72.0,10,10,,/home/a61491/CASTOR_KRFE/outputs/hiv/rep39/run.log
hiv,,39,HIV1_B,class,1.0,0.88,0.94,67.0,10,10,,/home/a61491/CASTOR_KRFE/outputs/hiv/rep39/run.log
hiv,,39,HIV1_C,class,0.97,0.99,0.98,69.0,10,10,,/home/a61491/CASTOR_KRFE/outputs/hiv/rep39/run.log
hiv,,39,HIV1_D,class,0.81,1.0,0.89,25.0,10,10,,/home/a61491/CASTOR_KRFE/outputs/hiv/rep39/run.log
hiv,,39,HIV1_F,class,0.96,0.93,0.95,29.0,10,10,,/home/a61491/CASTOR_KRFE/outputs/hiv/rep39/run.log
hiv,,39,HIV1_G,class,0.97,0.97,0.97,33.0,10,10,,/home/a61491/CASTOR_KRFE/outputs/hiv/rep39/run.log
hiv,,39,accuracy,overall,,,0.96,295.0,10,10,,/home/a61491/CASTOR_KRFE/outputs/hiv/rep39/run.log
hiv,,39,macro avg,average,0.95,0.96,0.95,295.0,10,10,,/home/a61491/CASTOR_KRFE/outputs/hiv/rep39/run.log
hiv,,39,weighted avg,average,0.96,0.96,0.96,295.0,10,10,,/home/a61491/CASTOR_KRFE/outputs/hiv/rep39/run.log
hiv,,4,HIV1_A,class,1.0,0.99,0.99,72.0,8,9,,/home/a61491/CASTOR_KRFE/outputs/hiv/rep4/run.log
hiv,,4,HIV1_B,class,0.94,1.0,0.97,67.0,8,9,,/home/a61491/CASTOR_KRFE/outputs/hiv/rep4/run.log
hiv,,4,HIV1_C,class,0.99,0.99,0.99,69.0,8,9,,/home/a61491/CASTOR_KRFE/outputs/hiv/rep4/run.log
hiv,,4,HIV1_D,class,1.0,0.88,0.94,25.0,8,9,,/home/a61491/CASTOR_KRFE/outputs/hiv/rep4/run.log
hiv,,4,HIV1_F,class,1.0,0.97,0.98,29.0,8,9,,/home/a61491/CASTOR_KRFE/outputs/hiv/rep4/run.log
hiv,,4,HIV1_G,class,0.97,1.0,0.99,33.0,8,9,,/home/a61491/CASTOR_KRFE/outputs/hiv/rep4/run.log
hiv,,4,accuracy,overall,,,0.98,295.0,8,9,,/home/a61491/CASTOR_KRFE/outputs/hiv/rep4/run.log
hiv,,4,macro avg,average,0.98,0.97,0.98,295.0,8,9,,/home/a61491/CASTOR_KRFE/outputs/hiv/rep4/run.log
hiv,,4,weighted avg,average,0.98,0.98,0.98,295.0,8,9,,/home/a61491/CASTOR_KRFE/outputs/hiv/rep4/run.log
hiv,,40,HIV1_A,class,1.0,0.94,0.97,72.0,9,10,,/home/a61491/CASTOR_KRFE/outputs/hiv/rep40/run.log
hiv,,40,HIV1_B,class,0.99,1.0,0.99,67.0,9,10,,/home/a61491/CASTOR_KRFE/outputs/hiv/rep40/run.log
hiv,,40,HIV1_C,class,0.99,1.0,0.99,69.0,9,10,,/home/a61491/CASTOR_KRFE/outputs/hiv/rep40/run.log
hiv,,40,HIV1_D,class,1.0,1.0,1.0,25.0,9,10,,/home/a61491/CASTOR_KRFE/outputs/hiv/rep40/run.log
hiv,,40,HIV1_F,class,0.94,1.0,0.97,29.0,9,10,,/home/a61491/CASTOR_KRFE/outputs/hiv/rep40/run.log
hiv,,40,HIV1_G,class,1.0,1.0,1.0,33.0,9,10,,/home/a61491/CASTOR_KRFE/outputs/hiv/rep40/run.log
hiv,,40,accuracy,overall,,,0.99,295.0,9,10,,/home/a61491/CASTOR_KRFE/outputs/hiv/rep40/run.log
hiv,,40,macro avg,average,0.98,0.99,0.99,295.0,9,10,,/home/a61491/CASTOR_KRFE/outputs/hiv/rep40/run.log
hiv,,40,weighted avg,average,0.99,0.99,0.99,295.0,9,10,,/home/a61491/CASTOR_KRFE/outputs/hiv/rep40/run.log
hiv,,41,HIV1_A,class,1.0,0.97,0.99,72.0,10,10,,/home/a61491/CASTOR_KRFE/outputs/hiv/rep41/run.log
hiv,,41,HIV1_B,class,0.96,1.0,0.98,67.0,10,10,,/home/a61491/CASTOR_KRFE/outputs/hiv/rep41/run.log
hiv,,41,HIV1_C,class,0.99,1.0,0.99,69.0,10,10,,/home/a61491/CASTOR_KRFE/outputs/hiv/rep41/run.log
hiv,,41,HIV1_D,class,1.0,0.88,0.94,25.0,10,10,,/home/a61491/CASTOR_KRFE/outputs/hiv/rep41/run.log
hiv,,41,HIV1_F,class,0.97,1.0,0.98,29.0,10,10,,/home/a61491/CASTOR_KRFE/outputs/hiv/rep41/run.log
hiv,,41,HIV1_G,class,0.97,0.97,0.97,33.0,10,10,,/home/a61491/CASTOR_KRFE/outputs/hiv/rep41/run.log
hiv,,41,accuracy,overall,,,0.98,295.0,10,10,,/home/a61491/CASTOR_KRFE/outputs/hiv/rep41/run.log
hiv,,41,macro avg,average,0.98,0.97,0.97,295.0,10,10,,/home/a61491/CASTOR_KRFE/outputs/hiv/rep41/run.log
hiv,,41,weighted avg,average,0.98,0.98,0.98,295.0,10,10,,/home/a61491/CASTOR_KRFE/outputs/hiv/rep41/run.log
hiv,,42,HIV1_A,class,0.93,0.97,0.95,72.0,9,7,,/home/a61491/CASTOR_KRFE/outputs/hiv/rep42/run.log
hiv,,42,HIV1_B,class,0.98,0.93,0.95,67.0,9,7,,/home/a61491/CASTOR_KRFE/outputs/hiv/rep42/run.log
hiv,,42,HIV1_C,class,0.96,0.97,0.96,69.0,9,7,,/home/a61491/CASTOR_KRFE/outputs/hiv/rep42/run.log
hiv,,42,HIV1_D,class,0.96,0.92,0.94,25.0,9,7,,/home/a61491/CASTOR_KRFE/outputs/hiv/rep42/run.log
hiv,,42,HIV1_F,class,0.97,1.0,0.98,29.0,9,7,,/home/a61491/CASTOR_KRFE/outputs/hiv/rep42/run.log
hiv,,42,HIV1_G,class,0.97,0.97,0.97,33.0,9,7,,/home/a61491/CASTOR_KRFE/outputs/hiv/rep42/run.log
hiv,,42,accuracy,overall,,,0.96,295.0,9,7,,/home/a61491/CASTOR_KRFE/outputs/hiv/rep42/run.log
hiv,,42,macro avg,average,0.96,0.96,0.96,295.0,9,7,,/home/a61491/CASTOR_KRFE/outputs/hiv/rep42/run.log
hiv,,42,weighted avg,average,0.96,0.96,0.96,295.0,9,7,,/home/a61491/CASTOR_KRFE/outputs/hiv/rep42/run.log
hiv,,43,HIV1_A,class,0.99,0.96,0.97,72.0,9,9,,/home/a61491/CASTOR_KRFE/outputs/hiv/rep43/run.log
hiv,,43,HIV1_B,class,1.0,0.88,0.94,67.0,9,9,,/home/a61491/CASTOR_KRFE/outputs/hiv/rep43/run.log
hiv,,43,HIV1_C,class,0.95,1.0,0.97,69.0,9,9,,/home/a61491/CASTOR_KRFE/outputs/hiv/rep43/run.log
hiv,,43,HIV1_D,class,0.78,1.0,0.88,25.0,9,9,,/home/a61491/CASTOR_KRFE/outputs/hiv/rep43/run.log
hiv,,43,HIV1_F,class,1.0,0.93,0.96,29.0,9,9,,/home/a61491/CASTOR_KRFE/outputs/hiv/rep43/run.log
hiv,,43,HIV1_G,class,0.94,0.97,0.96,33.0,9,9,,/home/a61491/CASTOR_KRFE/outputs/hiv/rep43/run.log
hiv,,43,accuracy,overall,,,0.95,295.0,9,9,,/home/a61491/CASTOR_KRFE/outputs/hiv/rep43/run.log
hiv,,43,macro avg,average,0.94,0.96,0.95,295.0,9,9,,/home/a61491/CASTOR_KRFE/outputs/hiv/rep43/run.log
hiv,,43,weighted avg,average,0.96,0.95,0.95,295.0,9,9,,/home/a61491/CASTOR_KRFE/outputs/hiv/rep43/run.log
hiv,,44,HIV1_A,class,1.0,0.92,0.96,72.0,10,10,,/home/a61491/CASTOR_KRFE/outputs/hiv/rep44/run.log
hiv,,44,HIV1_B,class,1.0,1.0,1.0,67.0,10,10,,/home/a61491/CASTOR_KRFE/outputs/hiv/rep44/run.log
hiv,,44,HIV1_C,class,0.96,1.0,0.98,69.0,10,10,,/home/a61491/CASTOR_KRFE/outputs/hiv/rep44/run.log
hiv,,44,HIV1_D,class,1.0,0.96,0.98,25.0,10,10,,/home/a61491/CASTOR_KRFE/outputs/hiv/rep44/run.log
hiv,,44,HIV1_F,class,0.94,1.0,0.97,29.0,10,10,,/home/a61491/CASTOR_KRFE/outputs/hiv/rep44/run.log
hiv,,44,HIV1_G,class,0.91,0.97,0.94,33.0,10,10,,/home/a61491/CASTOR_KRFE/outputs/hiv/rep44/run.log
hiv,,44,accuracy,overall,,,0.97,295.0,10,10,,/home/a61491/CASTOR_KRFE/outputs/hiv/rep44/run.log
hiv,,44,macro avg,average,0.97,0.97,0.97,295.0,10,10,,/home/a61491/CASTOR_KRFE/outputs/hiv/rep44/run.log
hiv,,44,weighted avg,average,0.97,0.97,0.97,295.0,10,10,,/home/a61491/CASTOR_KRFE/outputs/hiv/rep44/run.log
hiv,,45,HIV1_A,class,0.99,0.99,0.99,72.0,10,9,,/home/a61491/CASTOR_KRFE/outputs/hiv/rep45/run.log
hiv,,45,HIV1_B,class,0.97,0.99,0.98,67.0,10,9,,/home/a61491/CASTOR_KRFE/outputs/hiv/rep45/run.log
hiv,,45,HIV1_C,class,0.99,0.96,0.97,69.0,10,9,,/home/a61491/CASTOR_KRFE/outputs/hiv/rep45/run.log
hiv,,45,HIV1_D,class,1.0,0.96,0.98,25.0,10,9,,/home/a61491/CASTOR_KRFE/outputs/hiv/rep45/run.log
hiv,,45,HIV1_F,class,0.91,1.0,0.95,29.0,10,9,,/home/a61491/CASTOR_KRFE/outputs/hiv/rep45/run.log
hiv,,45,HIV1_G,class,1.0,0.97,0.98,33.0,10,9,,/home/a61491/CASTOR_KRFE/outputs/hiv/rep45/run.log
hiv,,45,accuracy,overall,,,0.98,295.0,10,9,,/home/a61491/CASTOR_KRFE/outputs/hiv/rep45/run.log
hiv,,45,macro avg,average,0.97,0.98,0.97,295.0,10,9,,/home/a61491/CASTOR_KRFE/outputs/hiv/rep45/run.log
hiv,,45,weighted avg,average,0.98,0.98,0.98,295.0,10,9,,/home/a61491/CASTOR_KRFE/outputs/hiv/rep45/run.log
hiv,,46,HIV1_A,class,1.0,0.96,0.98,72.0,9,10,,/home/a61491/CASTOR_KRFE/outputs/hiv/rep46/run.log
hiv,,46,HIV1_B,class,0.98,0.97,0.98,67.0,9,10,,/home/a61491/CASTOR_KRFE/outputs/hiv/rep46/run.log
hiv,,46,HIV1_C,class,0.97,0.94,0.96,69.0,9,10,,/home/a61491/CASTOR_KRFE/outputs/hiv/rep46/run.log
hiv,,46,HIV1_D,class,1.0,1.0,1.0,25.0,9,10,,/home/a61491/CASTOR_KRFE/outputs/hiv/rep46/run.log
hiv,,46,HIV1_F,class,0.85,1.0,0.92,29.0,9,10,,/home/a61491/CASTOR_KRFE/outputs/hiv/rep46/run.log
hiv,,46,HIV1_G,class,0.94,0.97,0.96,33.0,9,10,,/home/a61491/CASTOR_KRFE/outputs/hiv/rep46/run.log
hiv,,46,accuracy,overall,,,0.97,295.0,9,10,,/home/a61491/CASTOR_KRFE/outputs/hiv/rep46/run.log
hiv,,46,macro avg,average,0.96,0.97,0.96,295.0,9,10,,/home/a61491/CASTOR_KRFE/outputs/hiv/rep46/run.log
hiv,,46,weighted avg,average,0.97,0.97,0.97,295.0,9,10,,/home/a61491/CASTOR_KRFE/outputs/hiv/rep46/run.log
hiv,,47,HIV1_A,class,1.0,0.99,0.99,72.0,10,9,,/home/a61491/CASTOR_KRFE/outputs/hiv/rep47/run.log
hiv,,47,HIV1_B,class,1.0,0.94,0.97,67.0,10,9,,/home/a61491/CASTOR_KRFE/outputs/hiv/rep47/run.log
hiv,,47,HIV1_C,class,0.99,1.0,0.99,69.0,10,9,,/home/a61491/CASTOR_KRFE/outputs/hiv/rep47/run.log
hiv,,47,HIV1_D,class,0.89,1.0,0.94,25.0,10,9,,/home/a61491/CASTOR_KRFE/outputs/hiv/rep47/run.log
hiv,,47,HIV1_F,class,0.94,1.0,0.97,29.0,10,9,,/home/a61491/CASTOR_KRFE/outputs/hiv/rep47/run.log
hiv,,47,HIV1_G,class,1.0,0.97,0.98,33.0,10,9,,/home/a61491/CASTOR_KRFE/outputs/hiv/rep47/run.log
hiv,,47,accuracy,overall,,,0.98,295.0,10,9,,/home/a61491/CASTOR_KRFE/outputs/hiv/rep47/run.log
hiv,,47,macro avg,average,0.97,0.98,0.97,295.0,10,9,,/home/a61491/CASTOR_KRFE/outputs/hiv/rep47/run.log
hiv,,47,weighted avg,average,0.98,0.98,0.98,295.0,10,9,,/home/a61491/CASTOR_KRFE/outputs/hiv/rep47/run.log
hiv,,48,HIV1_A,class,0.98,0.9,0.94,72.0,9,8,,/home/a61491/CASTOR_KRFE/outputs/hiv/rep48/run.log
hiv,,48,HIV1_B,class,0.97,0.96,0.96,67.0,9,8,,/home/a61491/CASTOR_KRFE/outputs/hiv/rep48/run.log
hiv,,48,HIV1_C,class,0.93,0.99,0.96,69.0,9,8,,/home/a61491/CASTOR_KRFE/outputs/hiv/rep48/run.log
hiv,,48,HIV1_D,class,0.96,0.88,0.92,25.0,9,8,,/home/a61491/CASTOR_KRFE/outputs/hiv/rep48/run.log
hiv,,48,HIV1_F,class,0.82,0.97,0.89,29.0,9,8,,/home/a61491/CASTOR_KRFE/outputs/hiv/rep48/run.log
hiv,,48,HIV1_G,class,1.0,1.0,1.0,33.0,9,8,,/home/a61491/CASTOR_KRFE/outputs/hiv/rep48/run.log
hiv,,48,accuracy,overall,,,0.95,295.0,9,8,,/home/a61491/CASTOR_KRFE/outputs/hiv/rep48/run.log
hiv,,48,macro avg,average,0.94,0.95,0.94,295.0,9,8,,/home/a61491/CASTOR_KRFE/outputs/hiv/rep48/run.log
hiv,,48,weighted avg,average,0.95,0.95,0.95,295.0,9,8,,/home/a61491/CASTOR_KRFE/outputs/hiv/rep48/run.log
hiv,,49,HIV1_A,class,1.0,0.97,0.99,72.0,9,6,,/home/a61491/CASTOR_KRFE/outputs/hiv/rep49/run.log
hiv,,49,HIV1_B,class,0.95,0.91,0.93,67.0,9,6,,/home/a61491/CASTOR_KRFE/outputs/hiv/rep49/run.log
hiv,,49,HIV1_C,class,0.87,1.0,0.93,69.0,9,6,,/home/a61491/CASTOR_KRFE/outputs/hiv/rep49/run.log
hiv,,49,HIV1_D,class,0.88,0.88,0.88,25.0,9,6,,/home/a61491/CASTOR_KRFE/outputs/hiv/rep49/run.log
hiv,,49,HIV1_F,class,0.96,0.93,0.95,29.0,9,6,,/home/a61491/CASTOR_KRFE/outputs/hiv/rep49/run.log
hiv,,49,HIV1_G,class,1.0,0.88,0.94,33.0,9,6,,/home/a61491/CASTOR_KRFE/outputs/hiv/rep49/run.log
hiv,,49,accuracy,overall,,,0.94,295.0,9,6,,/home/a61491/CASTOR_KRFE/outputs/hiv/rep49/run.log
hiv,,49,macro avg,average,0.95,0.93,0.94,295.0,9,6,,/home/a61491/CASTOR_KRFE/outputs/hiv/rep49/run.log
hiv,,49,weighted avg,average,0.95,0.94,0.94,295.0,9,6,,/home/a61491/CASTOR_KRFE/outputs/hiv/rep49/run.log
hiv,,5,HIV1_A,class,1.0,1.0,1.0,72.0,10,7,,/home/a61491/CASTOR_KRFE/outputs/hiv/rep5/run.log
hiv,,5,HIV1_B,class,0.97,0.91,0.94,67.0,10,7,,/home/a61491/CASTOR_KRFE/outputs/hiv/rep5/run.log
hiv,,5,HIV1_C,class,0.98,0.93,0.96,69.0,10,7,,/home/a61491/CASTOR_KRFE/outputs/hiv/rep5/run.log
hiv,,5,HIV1_D,class,0.92,0.96,0.94,25.0,10,7,,/home/a61491/CASTOR_KRFE/outputs/hiv/rep5/run.log
hiv,,5,HIV1_F,class,0.78,1.0,0.88,29.0,10,7,,/home/a61491/CASTOR_KRFE/outputs/hiv/rep5/run.log
hiv,,5,HIV1_G,class,1.0,0.97,0.98,33.0,10,7,,/home/a61491/CASTOR_KRFE/outputs/hiv/rep5/run.log
hiv,,5,accuracy,overall,,,0.96,295.0,10,7,,/home/a61491/CASTOR_KRFE/outputs/hiv/rep5/run.log
hiv,,5,macro avg,average,0.94,0.96,0.95,295.0,10,7,,/home/a61491/CASTOR_KRFE/outputs/hiv/rep5/run.log
hiv,,5,weighted avg,average,0.96,0.96,0.96,295.0,10,7,,/home/a61491/CASTOR_KRFE/outputs/hiv/rep5/run.log
hiv,,50,HIV1_A,class,0.99,0.96,0.97,72.0,9,9,,/home/a61491/CASTOR_KRFE/outputs/hiv/rep50/run.log
hiv,,50,HIV1_B,class,1.0,1.0,1.0,67.0,9,9,,/home/a61491/CASTOR_KRFE/outputs/hiv/rep50/run.log
hiv,,50,HIV1_C,class,1.0,0.94,0.97,69.0,9,9,,/home/a61491/CASTOR_KRFE/outputs/hiv/rep50/run.log
hiv,,50,HIV1_D,class,0.96,1.0,0.98,25.0,9,9,,/home/a61491/CASTOR_KRFE/outputs/hiv/rep50/run.log
hiv,,50,HIV1_F,class,0.76,0.97,0.85,29.0,9,9,,/home/a61491/CASTOR_KRFE/outputs/hiv/rep50/run.log
hiv,,50,HIV1_G,class,1.0,0.91,0.95,33.0,9,9,,/home/a61491/CASTOR_KRFE/outputs/hiv/rep50/run.log
hiv,,50,accuracy,overall,,,0.96,295.0,9,9,,/home/a61491/CASTOR_KRFE/outputs/hiv/rep50/run.log
hiv,,50,macro avg,average,0.95,0.96,0.95,295.0,9,9,,/home/a61491/CASTOR_KRFE/outputs/hiv/rep50/run.log
hiv,,50,weighted avg,average,0.97,0.96,0.96,295.0,9,9,,/home/a61491/CASTOR_KRFE/outputs/hiv/rep50/run.log
hiv,,51,HIV1_A,class,1.0,0.79,0.88,72.0,10,9,,/home/a61491/CASTOR_KRFE/outputs/hiv/rep51/run.log
hiv,,51,HIV1_B,class,0.99,0.99,0.99,67.0,10,9,,/home/a61491/CASTOR_KRFE/outputs/hiv/rep51/run.log
hiv,,51,HIV1_C,class,1.0,1.0,1.0,69.0,10,9,,/home/a61491/CASTOR_KRFE/outputs/hiv/rep51/run.log
hiv,,51,HIV1_D,class,0.92,0.96,0.94,25.0,10,9,,/home/a61491/CASTOR_KRFE/outputs/hiv/rep51/run.log
hiv,,51,HIV1_F,class,0.66,1.0,0.79,29.0,10,9,,/home/a61491/CASTOR_KRFE/outputs/hiv/rep51/run.log
hiv,,51,HIV1_G,class,1.0,0.97,0.98,33.0,10,9,,/home/a61491/CASTOR_KRFE/outputs/hiv/rep51/run.log
hiv,,51,accuracy,overall,,,0.94,295.0,10,9,,/home/a61491/CASTOR_KRFE/outputs/hiv/rep51/run.log
hiv,,51,macro avg,average,0.93,0.95,0.93,295.0,10,9,,/home/a61491/CASTOR_KRFE/outputs/hiv/rep51/run.log
hiv,,51,weighted avg,average,0.96,0.94,0.94,295.0,10,9,,/home/a61491/CASTOR_KRFE/outputs/hiv/rep51/run.log
hiv,,52,HIV1_A,class,0.97,0.96,0.97,72.0,9,10,,/home/a61491/CASTOR_KRFE/outputs/hiv/rep52/run.log
hiv,,52,HIV1_B,class,1.0,0.97,0.98,67.0,9,10,,/home/a61491/CASTOR_KRFE/outputs/hiv/rep52/run.log
hiv,,52,HIV1_C,class,0.99,0.97,0.98,69.0,9,10,,/home/a61491/CASTOR_KRFE/outputs/hiv/rep52/run.log
hiv,,52,HIV1_D,class,0.89,1.0,0.94,25.0,9,10,,/home/a61491/CASTOR_KRFE/outputs/hiv/rep52/run.log
hiv,,52,HIV1_F,class,0.96,0.93,0.95,29.0,9,10,,/home/a61491/CASTOR_KRFE/outputs/hiv/rep52/run.log
hiv,,52,HIV1_G,class,0.86,0.91,0.88,33.0,9,10,,/home/a61491/CASTOR_KRFE/outputs/hiv/rep52/run.log
hiv,,52,accuracy,overall,,,0.96,295.0,9,10,,/home/a61491/CASTOR_KRFE/outputs/hiv/rep52/run.log
hiv,,52,macro avg,average,0.95,0.96,0.95,295.0,9,10,,/home/a61491/CASTOR_KRFE/outputs/hiv/rep52/run.log
hiv,,52,weighted avg,average,0.96,0.96,0.96,295.0,9,10,,/home/a61491/CASTOR_KRFE/outputs/hiv/rep52/run.log
hiv,,53,HIV1_A,class,1.0,0.96,0.98,72.0,10,8,,/home/a61491/CASTOR_KRFE/outputs/hiv/rep53/run.log
hiv,,53,HIV1_B,class,0.92,1.0,0.96,67.0,10,8,,/home/a61491/CASTOR_KRFE/outputs/hiv/rep53/run.log
hiv,,53,HIV1_C,class,0.98,0.9,0.94,69.0,10,8,,/home/a61491/CASTOR_KRFE/outputs/hiv/rep53/run.log
hiv,,53,HIV1_D,class,0.92,0.92,0.92,25.0,10,8,,/home/a61491/CASTOR_KRFE/outputs/hiv/rep53/run.log
hiv,,53,HIV1_F,class,0.91,1.0,0.95,29.0,10,8,,/home/a61491/CASTOR_KRFE/outputs/hiv/rep53/run.log
hiv,,53,HIV1_G,class,1.0,1.0,1.0,33.0,10,8,,/home/a61491/CASTOR_KRFE/outputs/hiv/rep53/run.log
hiv,,53,accuracy,overall,,,0.96,295.0,10,8,,/home/a61491/CASTOR_KRFE/outputs/hiv/rep53/run.log
hiv,,53,macro avg,average,0.95,0.96,0.96,295.0,10,8,,/home/a61491/CASTOR_KRFE/outputs/hiv/rep53/run.log
hiv,,53,weighted avg,average,0.96,0.96,0.96,295.0,10,8,,/home/a61491/CASTOR_KRFE/outputs/hiv/rep53/run.log
hiv,,54,HIV1_A,class,0.95,0.99,0.97,72.0,9,9,,/home/a61491/CASTOR_KRFE/outputs/hiv/rep54/run.log
hiv,,54,HIV1_B,class,0.93,1.0,0.96,67.0,9,9,,/home/a61491/CASTOR_KRFE/outputs/hiv/rep54/run.log
hiv,,54,HIV1_C,class,0.98,0.93,0.96,69.0,9,9,,/home/a61491/CASTOR_KRFE/outputs/hiv/rep54/run.log
hiv,,54,HIV1_D,class,1.0,0.88,0.94,25.0,9,9,,/home/a61491/CASTOR_KRFE/outputs/hiv/rep54/run.log
hiv,,54,HIV1_F,class,0.93,0.9,0.91,29.0,9,9,,/home/a61491/CASTOR_KRFE/outputs/hiv/rep54/run.log
hiv,,54,HIV1_G,class,0.94,0.94,0.94,33.0,9,9,,/home/a61491/CASTOR_KRFE/outputs/hiv/rep54/run.log
hiv,,54,accuracy,overall,,,0.95,295.0,9,9,,/home/a61491/CASTOR_KRFE/outputs/hiv/rep54/run.log
hiv,,54,macro avg,average,0.95,0.94,0.95,295.0,9,9,,/home/a61491/CASTOR_KRFE/outputs/hiv/rep54/run.log
hiv,,54,weighted avg,average,0.95,0.95,0.95,295.0,9,9,,/home/a61491/CASTOR_KRFE/outputs/hiv/rep54/run.log
hiv,,55,HIV1_A,class,0.99,0.94,0.96,72.0,7,10,,/home/a61491/CASTOR_KRFE/outputs/hiv/rep55/run.log
hiv,,55,HIV1_B,class,0.96,0.99,0.97,67.0,7,10,,/home/a61491/CASTOR_KRFE/outputs/hiv/rep55/run.log
hiv,,55,HIV1_C,class,0.99,1.0,0.99,69.0,7,10,,/home/a61491/CASTOR_KRFE/outputs/hiv/rep55/run.log
hiv,,55,HIV1_D,class,1.0,0.88,0.94,25.0,7,10,,/home/a61491/CASTOR_KRFE/outputs/hiv/rep55/run.log
hiv,,55,HIV1_F,class,0.94,1.0,0.97,29.0,7,10,,/home/a61491/CASTOR_KRFE/outputs/hiv/rep55/run.log
hiv,,55,HIV1_G,class,0.94,0.97,0.96,33.0,7,10,,/home/a61491/CASTOR_KRFE/outputs/hiv/rep55/run.log
hiv,,55,accuracy,overall,,,0.97,295.0,7,10,,/home/a61491/CASTOR_KRFE/outputs/hiv/rep55/run.log
hiv,,55,macro avg,average,0.97,0.96,0.96,295.0,7,10,,/home/a61491/CASTOR_KRFE/outputs/hiv/rep55/run.log
hiv,,55,weighted avg,average,0.97,0.97,0.97,295.0,7,10,,/home/a61491/CASTOR_KRFE/outputs/hiv/rep55/run.log
hiv,,56,HIV1_A,class,0.97,0.97,0.97,72.0,10,10,,/home/a61491/CASTOR_KRFE/outputs/hiv/rep56/run.log
hiv,,56,HIV1_B,class,0.98,0.91,0.95,67.0,10,10,,/home/a61491/CASTOR_KRFE/outputs/hiv/rep56/run.log
hiv,,56,HIV1_C,class,0.98,0.93,0.96,69.0,10,10,,/home/a61491/CASTOR_KRFE/outputs/hiv/rep56/run.log
hiv,,56,HIV1_D,class,0.86,1.0,0.93,25.0,10,10,,/home/a61491/CASTOR_KRFE/outputs/hiv/rep56/run.log
hiv,,56,HIV1_F,class,0.85,1.0,0.92,29.0,10,10,,/home/a61491/CASTOR_KRFE/outputs/hiv/rep56/run.log
hiv,,56,HIV1_G,class,1.0,1.0,1.0,33.0,10,10,,/home/a61491/CASTOR_KRFE/outputs/hiv/rep56/run.log
hiv,,56,accuracy,overall,,,0.96,295.0,10,10,,/home/a61491/CASTOR_KRFE/outputs/hiv/rep56/run.log
hiv,,56,macro avg,average,0.94,0.97,0.95,295.0,10,10,,/home/a61491/CASTOR_KRFE/outputs/hiv/rep56/run.log
hiv,,56,weighted avg,average,0.96,0.96,0.96,295.0,10,10,,/home/a61491/CASTOR_KRFE/outputs/hiv/rep56/run.log
hiv,,57,HIV1_A,class,0.96,0.9,0.93,72.0,8,9,,/home/a61491/CASTOR_KRFE/outputs/hiv/rep57/run.log
hiv,,57,HIV1_B,class,0.96,0.99,0.97,67.0,8,9,,/home/a61491/CASTOR_KRFE/outputs/hiv/rep57/run.log
hiv,,57,HIV1_C,class,1.0,0.99,0.99,69.0,8,9,,/home/a61491/CASTOR_KRFE/outputs/hiv/rep57/run.log
hiv,,57,HIV1_D,class,0.96,0.88,0.92,25.0,8,9,,/home/a61491/CASTOR_KRFE/outputs/hiv/rep57/run.log
hiv,,57,HIV1_F,class,0.9,0.9,0.9,29.0,8,9,,/home/a61491/CASTOR_KRFE/outputs/hiv/rep57/run.log
hiv,,57,HIV1_G,class,0.87,1.0,0.93,33.0,8,9,,/home/a61491/CASTOR_KRFE/outputs/hiv/rep57/run.log
hiv,,57,accuracy,overall,,,0.95,295.0,8,9,,/home/a61491/CASTOR_KRFE/outputs/hiv/rep57/run.log
hiv,,57,macro avg,average,0.94,0.94,0.94,295.0,8,9,,/home/a61491/CASTOR_KRFE/outputs/hiv/rep57/run.log
hiv,,57,weighted avg,average,0.95,0.95,0.95,295.0,8,9,,/home/a61491/CASTOR_KRFE/outputs/hiv/rep57/run.log
hiv,,58,HIV1_A,class,1.0,0.89,0.94,72.0,10,8,,/home/a61491/CASTOR_KRFE/outputs/hiv/rep58/run.log
hiv,,58,HIV1_B,class,0.94,0.93,0.93,67.0,10,8,,/home/a61491/CASTOR_KRFE/outputs/hiv/rep58/run.log
hiv,,58,HIV1_C,class,0.91,0.93,0.92,69.0,10,8,,/home/a61491/CASTOR_KRFE/outputs/hiv/rep58/run.log
hiv,,58,HIV1_D,class,0.86,0.96,0.91,25.0,10,8,,/home/a61491/CASTOR_KRFE/outputs/hiv/rep58/run.log
hiv,,58,HIV1_F,class,0.88,1.0,0.94,29.0,10,8,,/home/a61491/CASTOR_KRFE/outputs/hiv/rep58/run.log
hiv,,58,HIV1_G,class,0.88,0.91,0.9,33.0,10,8,,/home/a61491/CASTOR_KRFE/outputs/hiv/rep58/run.log
hiv,,58,accuracy,overall,,,0.93,295.0,10,8,,/home/a61491/CASTOR_KRFE/outputs/hiv/rep58/run.log
hiv,,58,macro avg,average,0.91,0.94,0.92,295.0,10,8,,/home/a61491/CASTOR_KRFE/outputs/hiv/rep58/run.log
hiv,,58,weighted avg,average,0.93,0.93,0.93,295.0,10,8,,/home/a61491/CASTOR_KRFE/outputs/hiv/rep58/run.log
hiv,,59,HIV1_A,class,0.99,0.99,0.99,72.0,9,10,,/home/a61491/CASTOR_KRFE/outputs/hiv/rep59/run.log
hiv,,59,HIV1_B,class,1.0,0.97,0.98,67.0,9,10,,/home/a61491/CASTOR_KRFE/outputs/hiv/rep59/run.log
hiv,,59,HIV1_C,class,1.0,0.99,0.99,69.0,9,10,,/home/a61491/CASTOR_KRFE/outputs/hiv/rep59/run.log
hiv,,59,HIV1_D,class,0.93,1.0,0.96,25.0,9,10,,/home/a61491/CASTOR_KRFE/outputs/hiv/rep59/run.log
hiv,,59,HIV1_F,class,0.91,1.0,0.95,29.0,9,10,,/home/a61491/CASTOR_KRFE/outputs/hiv/rep59/run.log
hiv,,59,HIV1_G,class,1.0,0.94,0.97,33.0,9,10,,/home/a61491/CASTOR_KRFE/outputs/hiv/rep59/run.log
hiv,,59,accuracy,overall,,,0.98,295.0,9,10,,/home/a61491/CASTOR_KRFE/outputs/hiv/rep59/run.log
hiv,,59,macro avg,average,0.97,0.98,0.97,295.0,9,10,,/home/a61491/CASTOR_KRFE/outputs/hiv/rep59/run.log
hiv,,59,weighted avg,average,0.98,0.98,0.98,295.0,9,10,,/home/a61491/CASTOR_KRFE/outputs/hiv/rep59/run.log
hiv,,6,HIV1_A,class,1.0,0.99,0.99,72.0,10,9,,/home/a61491/CASTOR_KRFE/outputs/hiv/rep6/run.log
hiv,,6,HIV1_B,class,1.0,1.0,1.0,67.0,10,9,,/home/a61491/CASTOR_KRFE/outputs/hiv/rep6/run.log
hiv,,6,HIV1_C,class,0.99,1.0,0.99,69.0,10,9,,/home/a61491/CASTOR_KRFE/outputs/hiv/rep6/run.log
hiv,,6,HIV1_D,class,1.0,1.0,1.0,25.0,10,9,,/home/a61491/CASTOR_KRFE/outputs/hiv/rep6/run.log
hiv,,6,HIV1_F,class,0.97,1.0,0.98,29.0,10,9,,/home/a61491/CASTOR_KRFE/outputs/hiv/rep6/run.log
hiv,,6,HIV1_G,class,1.0,0.97,0.98,33.0,10,9,,/home/a61491/CASTOR_KRFE/outputs/hiv/rep6/run.log
hiv,,6,accuracy,overall,,,0.99,295.0,10,9,,/home/a61491/CASTOR_KRFE/outputs/hiv/rep6/run.log
hiv,,6,macro avg,average,0.99,0.99,0.99,295.0,10,9,,/home/a61491/CASTOR_KRFE/outputs/hiv/rep6/run.log
hiv,,6,weighted avg,average,0.99,0.99,0.99,295.0,10,9,,/home/a61491/CASTOR_KRFE/outputs/hiv/rep6/run.log
hiv,,60,HIV1_A,class,0.96,1.0,0.98,72.0,9,11,,/home/a61491/CASTOR_KRFE/outputs/hiv/rep60/run.log
hiv,,60,HIV1_B,class,0.98,0.97,0.98,67.0,9,11,,/home/a61491/CASTOR_KRFE/outputs/hiv/rep60/run.log
hiv,,60,HIV1_C,class,0.99,0.97,0.98,69.0,9,11,,/home/a61491/CASTOR_KRFE/outputs/hiv/rep60/run.log
hiv,,60,HIV1_D,class,1.0,0.96,0.98,25.0,9,11,,/home/a61491/CASTOR_KRFE/outputs/hiv/rep60/run.log
hiv,,60,HIV1_F,class,0.97,1.0,0.98,29.0,9,11,,/home/a61491/CASTOR_KRFE/outputs/hiv/rep60/run.log
hiv,,60,HIV1_G,class,1.0,0.97,0.98,33.0,9,11,,/home/a61491/CASTOR_KRFE/outputs/hiv/rep60/run.log
hiv,,60,accuracy,overall,,,0.98,295.0,9,11,,/home/a61491/CASTOR_KRFE/outputs/hiv/rep60/run.log
hiv,,60,macro avg,average,0.98,0.98,0.98,295.0,9,11,,/home/a61491/CASTOR_KRFE/outputs/hiv/rep60/run.log
hiv,,60,weighted avg,average,0.98,0.98,0.98,295.0,9,11,,/home/a61491/CASTOR_KRFE/outputs/hiv/rep60/run.log
hiv,,61,HIV1_A,class,0.99,0.96,0.97,72.0,10,8,,/home/a61491/CASTOR_KRFE/outputs/hiv/rep61/run.log
hiv,,61,HIV1_B,class,1.0,0.96,0.98,67.0,10,8,,/home/a61491/CASTOR_KRFE/outputs/hiv/rep61/run.log
hiv,,61,HIV1_C,class,0.99,0.96,0.97,69.0,10,8,,/home/a61491/CASTOR_KRFE/outputs/hiv/rep61/run.log
hiv,,61,HIV1_D,class,0.96,1.0,0.98,25.0,10,8,,/home/a61491/CASTOR_KRFE/outputs/hiv/rep61/run.log
hiv,,61,HIV1_F,class,0.85,1.0,0.92,29.0,10,8,,/home/a61491/CASTOR_KRFE/outputs/hiv/rep61/run.log
hiv,,61,HIV1_G,class,0.97,1.0,0.99,33.0,10,8,,/home/a61491/CASTOR_KRFE/outputs/hiv/rep61/run.log
hiv,,61,accuracy,overall,,,0.97,295.0,10,8,,/home/a61491/CASTOR_KRFE/outputs/hiv/rep61/run.log
hiv,,61,macro avg,average,0.96,0.98,0.97,295.0,10,8,,/home/a61491/CASTOR_KRFE/outputs/hiv/rep61/run.log
hiv,,61,weighted avg,average,0.97,0.97,0.97,295.0,10,8,,/home/a61491/CASTOR_KRFE/outputs/hiv/rep61/run.log
hiv,,62,HIV1_A,class,1.0,0.83,0.91,72.0,9,9,,/home/a61491/CASTOR_KRFE/outputs/hiv/rep62/run.log
hiv,,62,HIV1_B,class,0.94,0.99,0.96,67.0,9,9,,/home/a61491/CASTOR_KRFE/outputs/hiv/rep62/run.log
hiv,,62,HIV1_C,class,1.0,0.96,0.98,69.0,9,9,,/home/a61491/CASTOR_KRFE/outputs/hiv/rep62/run.log
hiv,,62,HIV1_D,class,0.96,0.96,0.96,25.0,9,9,,/home/a61491/CASTOR_KRFE/outputs/hiv/rep62/run.log
hiv,,62,HIV1_F,class,0.68,0.97,0.8,29.0,9,9,,/home/a61491/CASTOR_KRFE/outputs/hiv/rep62/run.log
hiv,,62,HIV1_G,class,1.0,1.0,1.0,33.0,9,9,,/home/a61491/CASTOR_KRFE/outputs/hiv/rep62/run.log
hiv,,62,accuracy,overall,,,0.94,295.0,9,9,,/home/a61491/CASTOR_KRFE/outputs/hiv/rep62/run.log
hiv,,62,macro avg,average,0.93,0.95,0.94,295.0,9,9,,/home/a61491/CASTOR_KRFE/outputs/hiv/rep62/run.log
hiv,,62,weighted avg,average,0.95,0.94,0.94,295.0,9,9,,/home/a61491/CASTOR_KRFE/outputs/hiv/rep62/run.log
hiv,,63,HIV1_A,class,1.0,0.9,0.95,72.0,9,8,,/home/a61491/CASTOR_KRFE/outputs/hiv/rep63/run.log
hiv,,63,HIV1_B,class,0.98,0.93,0.95,67.0,9,8,,/home/a61491/CASTOR_KRFE/outputs/hiv/rep63/run.log
hiv,,63,HIV1_C,class,0.97,0.99,0.98,69.0,9,8,,/home/a61491/CASTOR_KRFE/outputs/hiv/rep63/run.log
hiv,,63,HIV1_D,class,0.83,0.96,0.89,25.0,9,8,,/home/a61491/CASTOR_KRFE/outputs/hiv/rep63/run.log
hiv,,63,HIV1_F,class,0.78,0.97,0.86,29.0,9,8,,/home/a61491/CASTOR_KRFE/outputs/hiv/rep63/run.log
hiv,,63,HIV1_G,class,1.0,0.97,0.98,33.0,9,8,,/home/a61491/CASTOR_KRFE/outputs/hiv/rep63/run.log
hiv,,63,accuracy,overall,,,0.95,295.0,9,8,,/home/a61491/CASTOR_KRFE/outputs/hiv/rep63/run.log
hiv,,63,macro avg,average,0.93,0.95,0.94,295.0,9,8,,/home/a61491/CASTOR_KRFE/outputs/hiv/rep63/run.log
hiv,,63,weighted avg,average,0.95,0.95,0.95,295.0,9,8,,/home/a61491/CASTOR_KRFE/outputs/hiv/rep63/run.log
hiv,,64,HIV1_A,class,1.0,0.89,0.94,72.0,8,8,,/home/a61491/CASTOR_KRFE/outputs/hiv/rep64/run.log
hiv,,64,HIV1_B,class,1.0,0.9,0.94,67.0,8,8,,/home/a61491/CASTOR_KRFE/outputs/hiv/rep64/run.log
hiv,,64,HIV1_C,class,0.97,0.96,0.96,69.0,8,8,,/home/a61491/CASTOR_KRFE/outputs/hiv/rep64/run.log
hiv,,64,HIV1_D,class,0.92,0.96,0.94,25.0,8,8,,/home/a61491/CASTOR_KRFE/outputs/hiv/rep64/run.log
hiv,,64,HIV1_F,class,0.78,0.97,0.86,29.0,8,8,,/home/a61491/CASTOR_KRFE/outputs/hiv/rep64/run.log
hiv,,64,HIV1_G,class,0.8,1.0,0.89,33.0,8,8,,/home/a61491/CASTOR_KRFE/outputs/hiv/rep64/run.log
hiv,,64,accuracy,overall,,,0.93,295.0,8,8,,/home/a61491/CASTOR_KRFE/outputs/hiv/rep64/run.log
hiv,,64,macro avg,average,0.91,0.94,0.92,295.0,8,8,,/home/a61491/CASTOR_KRFE/outputs/hiv/rep64/run.log
hiv,,64,weighted avg,average,0.94,0.93,0.93,295.0,8,8,,/home/a61491/CASTOR_KRFE/outputs/hiv/rep64/run.log
hiv,,65,HIV1_A,class,0.96,0.94,0.95,72.0,10,8,,/home/a61491/CASTOR_KRFE/outputs/hiv/rep65/run.log
hiv,,65,HIV1_B,class,0.98,0.93,0.95,67.0,10,8,,/home/a61491/CASTOR_KRFE/outputs/hiv/rep65/run.log
hiv,,65,HIV1_C,class,0.96,0.96,0.96,69.0,10,8,,/home/a61491/CASTOR_KRFE/outputs/hiv/rep65/run.log
hiv,,65,HIV1_D,class,0.85,0.92,0.88,25.0,10,8,,/home/a61491/CASTOR_KRFE/outputs/hiv/rep65/run.log
hiv,,65,HIV1_F,class,0.87,0.93,0.9,29.0,10,8,,/home/a61491/CASTOR_KRFE/outputs/hiv/rep65/run.log
hiv,,65,HIV1_G,class,0.91,0.94,0.93,33.0,10,8,,/home/a61491/CASTOR_KRFE/outputs/hiv/rep65/run.log
hiv,,65,accuracy,overall,,,0.94,295.0,10,8,,/home/a61491/CASTOR_KRFE/outputs/hiv/rep65/run.log
hiv,,65,macro avg,average,0.92,0.94,0.93,295.0,10,8,,/home/a61491/CASTOR_KRFE/outputs/hiv/rep65/run.log
hiv,,65,weighted avg,average,0.94,0.94,0.94,295.0,10,8,,/home/a61491/CASTOR_KRFE/outputs/hiv/rep65/run.log
hiv,,66,HIV1_A,class,0.99,0.97,0.98,72.0,10,9,,/home/a61491/CASTOR_KRFE/outputs/hiv/rep66/run.log
hiv,,66,HIV1_B,class,0.97,0.99,0.98,67.0,10,9,,/home/a61491/CASTOR_KRFE/outputs/hiv/rep66/run.log
hiv,,66,HIV1_C,class,0.97,1.0,0.99,69.0,10,9,,/home/a61491/CASTOR_KRFE/outputs/hiv/rep66/run.log
hiv,,66,HIV1_D,class,0.96,1.0,0.98,25.0,10,9,,/home/a61491/CASTOR_KRFE/outputs/hiv/rep66/run.log
hiv,,66,HIV1_F,class,1.0,0.93,0.96,29.0,10,9,,/home/a61491/CASTOR_KRFE/outputs/hiv/rep66/run.log
hiv,,66,HIV1_G,class,1.0,0.97,0.98,33.0,10,9,,/home/a61491/CASTOR_KRFE/outputs/hiv/rep66/run.log
hiv,,66,accuracy,overall,,,0.98,295.0,10,9,,/home/a61491/CASTOR_KRFE/outputs/hiv/rep66/run.log
hiv,,66,macro avg,average,0.98,0.98,0.98,295.0,10,9,,/home/a61491/CASTOR_KRFE/outputs/hiv/rep66/run.log
hiv,,66,weighted avg,average,0.98,0.98,0.98,295.0,10,9,,/home/a61491/CASTOR_KRFE/outputs/hiv/rep66/run.log
hiv,,67,HIV1_A,class,0.97,0.96,0.97,72.0,6,10,,/home/a61491/CASTOR_KRFE/outputs/hiv/rep67/run.log
hiv,,67,HIV1_B,class,0.98,0.91,0.95,67.0,6,10,,/home/a61491/CASTOR_KRFE/outputs/hiv/rep67/run.log
hiv,,67,HIV1_C,class,0.97,0.96,0.96,69.0,6,10,,/home/a61491/CASTOR_KRFE/outputs/hiv/rep67/run.log
hiv,,67,HIV1_D,class,0.96,0.96,0.96,25.0,6,10,,/home/a61491/CASTOR_KRFE/outputs/hiv/rep67/run.log
hiv,,67,HIV1_F,class,0.78,0.97,0.86,29.0,6,10,,/home/a61491/CASTOR_KRFE/outputs/hiv/rep67/run.log
hiv,,67,HIV1_G,class,0.94,0.94,0.94,33.0,6,10,,/home/a61491/CASTOR_KRFE/outputs/hiv/rep67/run.log
hiv,,67,accuracy,overall,,,0.95,295.0,6,10,,/home/a61491/CASTOR_KRFE/outputs/hiv/rep67/run.log
hiv,,67,macro avg,average,0.93,0.95,0.94,295.0,6,10,,/home/a61491/CASTOR_KRFE/outputs/hiv/rep67/run.log
hiv,,67,weighted avg,average,0.95,0.95,0.95,295.0,6,10,,/home/a61491/CASTOR_KRFE/outputs/hiv/rep67/run.log
hiv,,68,HIV1_A,class,0.99,0.97,0.98,72.0,8,9,,/home/a61491/CASTOR_KRFE/outputs/hiv/rep68/run.log
hiv,,68,HIV1_B,class,1.0,0.96,0.98,67.0,8,9,,/home/a61491/CASTOR_KRFE/outputs/hiv/rep68/run.log
hiv,,68,HIV1_C,class,0.99,0.99,0.99,69.0,8,9,,/home/a61491/CASTOR_KRFE/outputs/hiv/rep68/run.log
hiv,,68,HIV1_D,class,0.92,0.92,0.92,25.0,8,9,,/home/a61491/CASTOR_KRFE/outputs/hiv/rep68/run.log
hiv,,68,HIV1_F,class,0.88,0.97,0.92,29.0,8,9,,/home/a61491/CASTOR_KRFE/outputs/hiv/rep68/run.log
hiv,,68,HIV1_G,class,0.97,1.0,0.99,33.0,8,9,,/home/a61491/CASTOR_KRFE/outputs/hiv/rep68/run.log
hiv,,68,accuracy,overall,,,0.97,295.0,8,9,,/home/a61491/CASTOR_KRFE/outputs/hiv/rep68/run.log
hiv,,68,macro avg,average,0.96,0.97,0.96,295.0,8,9,,/home/a61491/CASTOR_KRFE/outputs/hiv/rep68/run.log
hiv,,68,weighted avg,average,0.97,0.97,0.97,295.0,8,9,,/home/a61491/CASTOR_KRFE/outputs/hiv/rep68/run.log
hiv,,69,HIV1_A,class,1.0,0.99,0.99,72.0,9,8,,/home/a61491/CASTOR_KRFE/outputs/hiv/rep69/run.log
hiv,,69,HIV1_B,class,1.0,0.97,0.98,67.0,9,8,,/home/a61491/CASTOR_KRFE/outputs/hiv/rep69/run.log
hiv,,69,HIV1_C,class,1.0,0.97,0.99,69.0,9,8,,/home/a61491/CASTOR_KRFE/outputs/hiv/rep69/run.log
hiv,,69,HIV1_D,class,0.96,0.96,0.96,25.0,9,8,,/home/a61491/CASTOR_KRFE/outputs/hiv/rep69/run.log
hiv,,69,HIV1_F,class,0.85,1.0,0.92,29.0,9,8,,/home/a61491/CASTOR_KRFE/outputs/hiv/rep69/run.log
hiv,,69,HIV1_G,class,1.0,1.0,1.0,33.0,9,8,,/home/a61491/CASTOR_KRFE/outputs/hiv/rep69/run.log
hiv,,69,accuracy,overall,,,0.98,295.0,9,8,,/home/a61491/CASTOR_KRFE/outputs/hiv/rep69/run.log
hiv,,69,macro avg,average,0.97,0.98,0.97,295.0,9,8,,/home/a61491/CASTOR_KRFE/outputs/hiv/rep69/run.log
hiv,,69,weighted avg,average,0.98,0.98,0.98,295.0,9,8,,/home/a61491/CASTOR_KRFE/outputs/hiv/rep69/run.log
hiv,,7,HIV1_A,class,1.0,1.0,1.0,72.0,8,9,,/home/a61491/CASTOR_KRFE/outputs/hiv/rep7/run.log
hiv,,7,HIV1_B,class,0.98,0.93,0.95,67.0,8,9,,/home/a61491/CASTOR_KRFE/outputs/hiv/rep7/run.log
hiv,,7,HIV1_C,class,0.94,0.99,0.96,69.0,8,9,,/home/a61491/CASTOR_KRFE/outputs/hiv/rep7/run.log
hiv,,7,HIV1_D,class,0.89,0.96,0.92,25.0,8,9,,/home/a61491/CASTOR_KRFE/outputs/hiv/rep7/run.log
hiv,,7,HIV1_F,class,0.97,0.97,0.97,29.0,8,9,,/home/a61491/CASTOR_KRFE/outputs/hiv/rep7/run.log
hiv,,7,HIV1_G,class,1.0,0.97,0.98,33.0,8,9,,/home/a61491/CASTOR_KRFE/outputs/hiv/rep7/run.log
hiv,,7,accuracy,overall,,,0.97,295.0,8,9,,/home/a61491/CASTOR_KRFE/outputs/hiv/rep7/run.log
hiv,,7,macro avg,average,0.96,0.97,0.97,295.0,8,9,,/home/a61491/CASTOR_KRFE/outputs/hiv/rep7/run.log
hiv,,7,weighted avg,average,0.97,0.97,0.97,295.0,8,9,,/home/a61491/CASTOR_KRFE/outputs/hiv/rep7/run.log
hiv,,70,HIV1_A,class,0.97,1.0,0.99,72.0,6,10,,/home/a61491/CASTOR_KRFE/outputs/hiv/rep70/run.log
hiv,,70,HIV1_B,class,0.97,0.96,0.96,67.0,6,10,,/home/a61491/CASTOR_KRFE/outputs/hiv/rep70/run.log
hiv,,70,HIV1_C,class,1.0,0.97,0.99,69.0,6,10,,/home/a61491/CASTOR_KRFE/outputs/hiv/rep70/run.log
hiv,,70,HIV1_D,class,0.85,0.92,0.88,25.0,6,10,,/home/a61491/CASTOR_KRFE/outputs/hiv/rep70/run.log
hiv,,70,HIV1_F,class,0.93,0.9,0.91,29.0,6,10,,/home/a61491/CASTOR_KRFE/outputs/hiv/rep70/run.log
hiv,,70,HIV1_G,class,0.94,0.94,0.94,33.0,6,10,,/home/a61491/CASTOR_KRFE/outputs/hiv/rep70/run.log
hiv,,70,accuracy,overall,,,0.96,295.0,6,10,,/home/a61491/CASTOR_KRFE/outputs/hiv/rep70/run.log
hiv,,70,macro avg,average,0.94,0.95,0.95,295.0,6,10,,/home/a61491/CASTOR_KRFE/outputs/hiv/rep70/run.log
hiv,,70,weighted avg,average,0.96,0.96,0.96,295.0,6,10,,/home/a61491/CASTOR_KRFE/outputs/hiv/rep70/run.log
hiv,,71,HIV1_A,class,0.96,0.96,0.96,72.0,6,11,,/home/a61491/CASTOR_KRFE/outputs/hiv/rep71/run.log
hiv,,71,HIV1_B,class,0.98,0.97,0.98,67.0,6,11,,/home/a61491/CASTOR_KRFE/outputs/hiv/rep71/run.log
hiv,,71,HIV1_C,class,1.0,0.96,0.98,69.0,6,11,,/home/a61491/CASTOR_KRFE/outputs/hiv/rep71/run.log
hiv,,71,HIV1_D,class,0.96,0.88,0.92,25.0,6,11,,/home/a61491/CASTOR_KRFE/outputs/hiv/rep71/run.log
hiv,,71,HIV1_F,class,0.88,0.97,0.92,29.0,6,11,,/home/a61491/CASTOR_KRFE/outputs/hiv/rep71/run.log
hiv,,71,HIV1_G,class,0.86,0.94,0.9,33.0,6,11,,/home/a61491/CASTOR_KRFE/outputs/hiv/rep71/run.log
hiv,,71,accuracy,overall,,,0.95,295.0,6,11,,/home/a61491/CASTOR_KRFE/outputs/hiv/rep71/run.log
hiv,,71,macro avg,average,0.94,0.94,0.94,295.0,6,11,,/home/a61491/CASTOR_KRFE/outputs/hiv/rep71/run.log
hiv,,71,weighted avg,average,0.95,0.95,0.95,295.0,6,11,,/home/a61491/CASTOR_KRFE/outputs/hiv/rep71/run.log
hiv,,72,HIV1_A,class,0.96,1.0,0.98,72.0,9,10,,/home/a61491/CASTOR_KRFE/outputs/hiv/rep72/run.log
hiv,,72,HIV1_B,class,0.98,0.97,0.98,67.0,9,10,,/home/a61491/CASTOR_KRFE/outputs/hiv/rep72/run.log
hiv,,72,HIV1_C,class,0.97,1.0,0.99,69.0,9,10,,/home/a61491/CASTOR_KRFE/outputs/hiv/rep72/run.log
hiv,,72,HIV1_D,class,0.96,0.92,0.94,25.0,9,10,,/home/a61491/CASTOR_KRFE/outputs/hiv/rep72/run.log
hiv,,72,HIV1_F,class,1.0,0.93,0.96,29.0,9,10,,/home/a61491/CASTOR_KRFE/outputs/hiv/rep72/run.log
hiv,,72,HIV1_G,class,1.0,0.97,0.98,33.0,9,10,,/home/a61491/CASTOR_KRFE/outputs/hiv/rep72/run.log
hiv,,72,accuracy,overall,,,0.98,295.0,9,10,,/home/a61491/CASTOR_KRFE/outputs/hiv/rep72/run.log
hiv,,72,macro avg,average,0.98,0.97,0.97,295.0,9,10,,/home/a61491/CASTOR_KRFE/outputs/hiv/rep72/run.log
hiv,,72,weighted avg,average,0.98,0.98,0.98,295.0,9,10,,/home/a61491/CASTOR_KRFE/outputs/hiv/rep72/run.log
hiv,,73,HIV1_A,class,1.0,0.99,0.99,72.0,9,6,,/home/a61491/CASTOR_KRFE/outputs/hiv/rep73/run.log
hiv,,73,HIV1_B,class,0.98,0.93,0.95,67.0,9,6,,/home/a61491/CASTOR_KRFE/outputs/hiv/rep73/run.log
hiv,,73,HIV1_C,class,1.0,0.96,0.98,69.0,9,6,,/home/a61491/CASTOR_KRFE/outputs/hiv/rep73/run.log
hiv,,73,HIV1_D,class,1.0,0.96,0.98,25.0,9,6,,/home/a61491/CASTOR_KRFE/outputs/hiv/rep73/run.log
hiv,,73,HIV1_F,class,0.83,1.0,0.91,29.0,9,6,,/home/a61491/CASTOR_KRFE/outputs/hiv/rep73/run.log
hiv,,73,HIV1_G,class,0.92,1.0,0.96,33.0,9,6,,/home/a61491/CASTOR_KRFE/outputs/hiv/rep73/run.log
hiv,,73,accuracy,overall,,,0.97,295.0,9,6,,/home/a61491/CASTOR_KRFE/outputs/hiv/rep73/run.log
hiv,,73,macro avg,average,0.95,0.97,0.96,295.0,9,6,,/home/a61491/CASTOR_KRFE/outputs/hiv/rep73/run.log
hiv,,73,weighted avg,average,0.97,0.97,0.97,295.0,9,6,,/home/a61491/CASTOR_KRFE/outputs/hiv/rep73/run.log
hiv,,74,HIV1_A,class,0.99,0.94,0.96,72.0,10,11,,/home/a61491/CASTOR_KRFE/outputs/hiv/rep74/run.log
hiv,,74,HIV1_B,class,1.0,0.97,0.98,67.0,10,11,,/home/a61491/CASTOR_KRFE/outputs/hiv/rep74/run.log
hiv,,74,HIV1_C,class,0.99,0.99,0.99,69.0,10,11,,/home/a61491/CASTOR_KRFE/outputs/hiv/rep74/run.log
hiv,,74,HIV1_D,class,0.96,1.0,0.98,25.0,10,11,,/home/a61491/CASTOR_KRFE/outputs/hiv/rep74/run.log
hiv,,74,HIV1_F,class,0.88,1.0,0.94,29.0,10,11,,/home/a61491/CASTOR_KRFE/outputs/hiv/rep74/run.log
hiv,,74,HIV1_G,class,0.97,0.97,0.97,33.0,10,11,,/home/a61491/CASTOR_KRFE/outputs/hiv/rep74/run.log
hiv,,74,accuracy,overall,,,0.97,295.0,10,11,,/home/a61491/CASTOR_KRFE/outputs/hiv/rep74/run.log
hiv,,74,macro avg,average,0.96,0.98,0.97,295.0,10,11,,/home/a61491/CASTOR_KRFE/outputs/hiv/rep74/run.log
hiv,,74,weighted avg,average,0.97,0.97,0.97,295.0,10,11,,/home/a61491/CASTOR_KRFE/outputs/hiv/rep74/run.log
hiv,,75,HIV1_A,class,0.97,0.89,0.93,72.0,9,10,,/home/a61491/CASTOR_KRFE/outputs/hiv/rep75/run.log
hiv,,75,HIV1_B,class,1.0,1.0,1.0,67.0,9,10,,/home/a61491/CASTOR_KRFE/outputs/hiv/rep75/run.log
hiv,,75,HIV1_C,class,0.97,0.97,0.97,69.0,9,10,,/home/a61491/CASTOR_KRFE/outputs/hiv/rep75/run.log
hiv,,75,HIV1_D,class,1.0,0.96,0.98,25.0,9,10,,/home/a61491/CASTOR_KRFE/outputs/hiv/rep75/run.log
hiv,,75,HIV1_F,class,0.75,0.93,0.83,29.0,9,10,,/home/a61491/CASTOR_KRFE/outputs/hiv/rep75/run.log
hiv,,75,HIV1_G,class,0.97,0.97,0.97,33.0,9,10,,/home/a61491/CASTOR_KRFE/outputs/hiv/rep75/run.log
hiv,,75,accuracy,overall,,,0.95,295.0,9,10,,/home/a61491/CASTOR_KRFE/outputs/hiv/rep75/run.log
hiv,,75,macro avg,average,0.94,0.95,0.95,295.0,9,10,,/home/a61491/CASTOR_KRFE/outputs/hiv/rep75/run.log
hiv,,75,weighted avg,average,0.96,0.95,0.95,295.0,9,10,,/home/a61491/CASTOR_KRFE/outputs/hiv/rep75/run.log
hiv,,76,HIV1_A,class,0.97,0.94,0.96,72.0,8,8,,/home/a61491/CASTOR_KRFE/outputs/hiv/rep76/run.log
hiv,,76,HIV1_B,class,0.98,0.93,0.95,67.0,8,8,,/home/a61491/CASTOR_KRFE/outputs/hiv/rep76/run.log
hiv,,76,HIV1_C,class,0.96,0.97,0.96,69.0,8,8,,/home/a61491/CASTOR_KRFE/outputs/hiv/rep76/run.log
hiv,,76,HIV1_D,class,0.92,0.96,0.94,25.0,8,8,,/home/a61491/CASTOR_KRFE/outputs/hiv/rep76/run.log
hiv,,76,HIV1_F,class,0.94,1.0,0.97,29.0,8,8,,/home/a61491/CASTOR_KRFE/outputs/hiv/rep76/run.log
hiv,,76,HIV1_G,class,0.91,0.97,0.94,33.0,8,8,,/home/a61491/CASTOR_KRFE/outputs/hiv/rep76/run.log
hiv,,76,accuracy,overall,,,0.96,295.0,8,8,,/home/a61491/CASTOR_KRFE/outputs/hiv/rep76/run.log
hiv,,76,macro avg,average,0.95,0.96,0.95,295.0,8,8,,/home/a61491/CASTOR_KRFE/outputs/hiv/rep76/run.log
hiv,,76,weighted avg,average,0.96,0.96,0.96,295.0,8,8,,/home/a61491/CASTOR_KRFE/outputs/hiv/rep76/run.log
hiv,,77,HIV1_A,class,1.0,0.93,0.96,72.0,9,10,,/home/a61491/CASTOR_KRFE/outputs/hiv/rep77/run.log
hiv,,77,HIV1_B,class,1.0,1.0,1.0,67.0,9,10,,/home/a61491/CASTOR_KRFE/outputs/hiv/rep77/run.log
hiv,,77,HIV1_C,class,1.0,0.97,0.99,69.0,9,10,,/home/a61491/CASTOR_KRFE/outputs/hiv/rep77/run.log
hiv,,77,HIV1_D,class,0.93,1.0,0.96,25.0,9,10,,/home/a61491/CASTOR_KRFE/outputs/hiv/rep77/run.log
hiv,,77,HIV1_F,class,0.81,1.0,0.89,29.0,9,10,,/home/a61491/CASTOR_KRFE/outputs/hiv/rep77/run.log
hiv,,77,HIV1_G,class,1.0,0.94,0.97,33.0,9,10,,/home/a61491/CASTOR_KRFE/outputs/hiv/rep77/run.log
hiv,,77,accuracy,overall,,,0.97,295.0,9,10,,/home/a61491/CASTOR_KRFE/outputs/hiv/rep77/run.log
hiv,,77,macro avg,average,0.96,0.97,0.96,295.0,9,10,,/home/a61491/CASTOR_KRFE/outputs/hiv/rep77/run.log
hiv,,77,weighted avg,average,0.97,0.97,0.97,295.0,9,10,,/home/a61491/CASTOR_KRFE/outputs/hiv/rep77/run.log
hiv,,78,HIV1_A,class,1.0,0.92,0.96,72.0,9,11,,/home/a61491/CASTOR_KRFE/outputs/hiv/rep78/run.log
hiv,,78,HIV1_B,class,0.99,0.99,0.99,67.0,9,11,,/home/a61491/CASTOR_KRFE/outputs/hiv/rep78/run.log
hiv,,78,HIV1_C,class,0.99,0.99,0.99,69.0,9,11,,/home/a61491/CASTOR_KRFE/outputs/hiv/rep78/run.log
hiv,,78,HIV1_D,class,1.0,0.96,0.98,25.0,9,11,,/home/a61491/CASTOR_KRFE/outputs/hiv/rep78/run.log
hiv,,78,HIV1_F,class,0.85,1.0,0.92,29.0,9,11,,/home/a61491/CASTOR_KRFE/outputs/hiv/rep78/run.log
hiv,,78,HIV1_G,class,0.94,1.0,0.97,33.0,9,11,,/home/a61491/CASTOR_KRFE/outputs/hiv/rep78/run.log
hiv,,78,accuracy,overall,,,0.97,295.0,9,11,,/home/a61491/CASTOR_KRFE/outputs/hiv/rep78/run.log
hiv,,78,macro avg,average,0.96,0.97,0.97,295.0,9,11,,/home/a61491/CASTOR_KRFE/outputs/hiv/rep78/run.log
hiv,,78,weighted avg,average,0.97,0.97,0.97,295.0,9,11,,/home/a61491/CASTOR_KRFE/outputs/hiv/rep78/run.log
hiv,,79,HIV1_A,class,0.91,0.88,0.89,72.0,10,10,,/home/a61491/CASTOR_KRFE/outputs/hiv/rep79/run.log
hiv,,79,HIV1_B,class,1.0,0.97,0.98,67.0,10,10,,/home/a61491/CASTOR_KRFE/outputs/hiv/rep79/run.log
hiv,,79,HIV1_C,class,0.97,0.99,0.98,69.0,10,10,,/home/a61491/CASTOR_KRFE/outputs/hiv/rep79/run.log
hiv,,79,HIV1_D,class,0.96,1.0,0.98,25.0,10,10,,/home/a61491/CASTOR_KRFE/outputs/hiv/rep79/run.log
hiv,,79,HIV1_F,class,0.83,1.0,0.91,29.0,10,10,,/home/a61491/CASTOR_KRFE/outputs/hiv/rep79/run.log
hiv,,79,HIV1_G,class,0.87,0.79,0.83,33.0,10,10,,/home/a61491/CASTOR_KRFE/outputs/hiv/rep79/run.log
hiv,,79,accuracy,overall,,,0.94,295.0,10,10,,/home/a61491/CASTOR_KRFE/outputs/hiv/rep79/run.log
hiv,,79,macro avg,average,0.92,0.94,0.93,295.0,10,10,,/home/a61491/CASTOR_KRFE/outputs/hiv/rep79/run.log
hiv,,79,weighted avg,average,0.94,0.94,0.94,295.0,10,10,,/home/a61491/CASTOR_KRFE/outputs/hiv/rep79/run.log
hiv,,8,HIV1_A,class,0.97,0.93,0.95,72.0,10,10,,/home/a61491/CASTOR_KRFE/outputs/hiv/rep8/run.log
hiv,,8,HIV1_B,class,1.0,0.96,0.98,67.0,10,10,,/home/a61491/CASTOR_KRFE/outputs/hiv/rep8/run.log
hiv,,8,HIV1_C,class,0.95,1.0,0.97,69.0,10,10,,/home/a61491/CASTOR_KRFE/outputs/hiv/rep8/run.log
hiv,,8,HIV1_D,class,0.96,1.0,0.98,25.0,10,10,,/home/a61491/CASTOR_KRFE/outputs/hiv/rep8/run.log
hiv,,8,HIV1_F,class,0.97,1.0,0.98,29.0,10,10,,/home/a61491/CASTOR_KRFE/outputs/hiv/rep8/run.log
hiv,,8,HIV1_G,class,0.91,0.91,0.91,33.0,10,10,,/home/a61491/CASTOR_KRFE/outputs/hiv/rep8/run.log
hiv,,8,accuracy,overall,,,0.96,295.0,10,10,,/home/a61491/CASTOR_KRFE/outputs/hiv/rep8/run.log
hiv,,8,macro avg,average,0.96,0.97,0.96,295.0,10,10,,/home/a61491/CASTOR_KRFE/outputs/hiv/rep8/run.log
hiv,,8,weighted avg,average,0.96,0.96,0.96,295.0,10,10,,/home/a61491/CASTOR_KRFE/outputs/hiv/rep8/run.log
hiv,,80,HIV1_A,class,0.96,0.97,0.97,72.0,10,8,,/home/a61491/CASTOR_KRFE/outputs/hiv/rep80/run.log
hiv,,80,HIV1_B,class,0.99,0.99,0.99,67.0,10,8,,/home/a61491/CASTOR_KRFE/outputs/hiv/rep80/run.log
hiv,,80,HIV1_C,class,1.0,0.97,0.99,69.0,10,8,,/home/a61491/CASTOR_KRFE/outputs/hiv/rep80/run.log
hiv,,80,HIV1_D,class,1.0,0.92,0.96,25.0,10,8,,/home/a61491/CASTOR_KRFE/outputs/hiv/rep80/run.log
hiv,,80,HIV1_F,class,1.0,0.93,0.96,29.0,10,8,,/home/a61491/CASTOR_KRFE/outputs/hiv/rep80/run.log
hiv,,80,HIV1_G,class,0.87,1.0,0.93,33.0,10,8,,/home/a61491/CASTOR_KRFE/outputs/hiv/rep80/run.log
hiv,,80,accuracy,overall,,,0.97,295.0,10,8,,/home/a61491/CASTOR_KRFE/outputs/hiv/rep80/run.log
hiv,,80,macro avg,average,0.97,0.96,0.96,295.0,10,8,,/home/a61491/CASTOR_KRFE/outputs/hiv/rep80/run.log
hiv,,80,weighted avg,average,0.97,0.97,0.97,295.0,10,8,,/home/a61491/CASTOR_KRFE/outputs/hiv/rep80/run.log
hiv,,81,HIV1_A,class,1.0,0.96,0.98,72.0,10,10,,/home/a61491/CASTOR_KRFE/outputs/hiv/rep81/run.log
hiv,,81,HIV1_B,class,1.0,0.97,0.98,67.0,10,10,,/home/a61491/CASTOR_KRFE/outputs/hiv/rep81/run.log
hiv,,81,HIV1_C,class,1.0,1.0,1.0,69.0,10,10,,/home/a61491/CASTOR_KRFE/outputs/hiv/rep81/run.log
hiv,,81,HIV1_D,class,0.92,0.96,0.94,25.0,10,10,,/home/a61491/CASTOR_KRFE/outputs/hiv/rep81/run.log
hiv,,81,HIV1_F,class,0.94,1.0,0.97,29.0,10,10,,/home/a61491/CASTOR_KRFE/outputs/hiv/rep81/run.log
hiv,,81,HIV1_G,class,0.94,1.0,0.97,33.0,10,10,,/home/a61491/CASTOR_KRFE/outputs/hiv/rep81/run.log
hiv,,81,accuracy,overall,,,0.98,295.0,10,10,,/home/a61491/CASTOR_KRFE/outputs/hiv/rep81/run.log
hiv,,81,macro avg,average,0.97,0.98,0.97,295.0,10,10,,/home/a61491/CASTOR_KRFE/outputs/hiv/rep81/run.log
hiv,,81,weighted avg,average,0.98,0.98,0.98,295.0,10,10,,/home/a61491/CASTOR_KRFE/outputs/hiv/rep81/run.log
hiv,,82,HIV1_A,class,0.96,0.96,0.96,72.0,10,9,,/home/a61491/CASTOR_KRFE/outputs/hiv/rep82/run.log
hiv,,82,HIV1_B,class,1.0,0.85,0.92,67.0,10,9,,/home/a61491/CASTOR_KRFE/outputs/hiv/rep82/run.log
hiv,,82,HIV1_C,class,0.99,0.97,0.98,69.0,10,9,,/home/a61491/CASTOR_KRFE/outputs/hiv/rep82/run.log
hiv,,82,HIV1_D,class,0.76,1.0,0.86,25.0,10,9,,/home/a61491/CASTOR_KRFE/outputs/hiv/rep82/run.log
hiv,,82,HIV1_F,class,0.81,1.0,0.89,29.0,10,9,,/home/a61491/CASTOR_KRFE/outputs/hiv/rep82/run.log
hiv,,82,HIV1_G,class,0.97,0.85,0.9,33.0,10,9,,/home/a61491/CASTOR_KRFE/outputs/hiv/rep82/run.log
hiv,,82,accuracy,overall,,,0.93,295.0,10,9,,/home/a61491/CASTOR_KRFE/outputs/hiv/rep82/run.log
hiv,,82,macro avg,average,0.91,0.94,0.92,295.0,10,9,,/home/a61491/CASTOR_KRFE/outputs/hiv/rep82/run.log
hiv,,82,weighted avg,average,0.94,0.93,0.93,295.0,10,9,,/home/a61491/CASTOR_KRFE/outputs/hiv/rep82/run.log
hiv,,83,HIV1_A,class,1.0,0.93,0.96,72.0,10,9,,/home/a61491/CASTOR_KRFE/outputs/hiv/rep83/run.log
hiv,,83,HIV1_B,class,0.98,0.9,0.94,67.0,10,9,,/home/a61491/CASTOR_KRFE/outputs/hiv/rep83/run.log
hiv,,83,HIV1_C,class,0.9,0.94,0.92,69.0,10,9,,/home/a61491/CASTOR_KRFE/outputs/hiv/rep83/run.log
hiv,,83,HIV1_D,class,0.92,0.96,0.94,25.0,10,9,,/home/a61491/CASTOR_KRFE/outputs/hiv/rep83/run.log
hiv,,83,HIV1_F,class,0.81,1.0,0.89,29.0,10,9,,/home/a61491/CASTOR_KRFE/outputs/hiv/rep83/run.log
hiv,,83,HIV1_G,class,1.0,1.0,1.0,33.0,10,9,,/home/a61491/CASTOR_KRFE/outputs/hiv/rep83/run.log
hiv,,83,accuracy,overall,,,0.94,295.0,10,9,,/home/a61491/CASTOR_KRFE/outputs/hiv/rep83/run.log
hiv,,83,macro avg,average,0.94,0.95,0.94,295.0,10,9,,/home/a61491/CASTOR_KRFE/outputs/hiv/rep83/run.log
hiv,,83,weighted avg,average,0.95,0.94,0.94,295.0,10,9,,/home/a61491/CASTOR_KRFE/outputs/hiv/rep83/run.log
hiv,,84,HIV1_A,class,1.0,0.94,0.97,72.0,10,9,,/home/a61491/CASTOR_KRFE/outputs/hiv/rep84/run.log
hiv,,84,HIV1_B,class,1.0,0.94,0.97,67.0,10,9,,/home/a61491/CASTOR_KRFE/outputs/hiv/rep84/run.log
hiv,,84,HIV1_C,class,0.93,1.0,0.97,69.0,10,9,,/home/a61491/CASTOR_KRFE/outputs/hiv/rep84/run.log
hiv,,84,HIV1_D,class,0.96,0.96,0.96,25.0,10,9,,/home/a61491/CASTOR_KRFE/outputs/hiv/rep84/run.log
hiv,,84,HIV1_F,class,0.91,1.0,0.95,29.0,10,9,,/home/a61491/CASTOR_KRFE/outputs/hiv/rep84/run.log
hiv,,84,HIV1_G,class,1.0,1.0,1.0,33.0,10,9,,/home/a61491/CASTOR_KRFE/outputs/hiv/rep84/run.log
hiv,,84,accuracy,overall,,,0.97,295.0,10,9,,/home/a61491/CASTOR_KRFE/outputs/hiv/rep84/run.log
hiv,,84,macro avg,average,0.97,0.97,0.97,295.0,10,9,,/home/a61491/CASTOR_KRFE/outputs/hiv/rep84/run.log
hiv,,84,weighted avg,average,0.97,0.97,0.97,295.0,10,9,,/home/a61491/CASTOR_KRFE/outputs/hiv/rep84/run.log
hiv,,85,HIV1_A,class,0.94,0.83,0.88,72.0,10,8,,/home/a61491/CASTOR_KRFE/outputs/hiv/rep85/run.log
hiv,,85,HIV1_B,class,0.88,1.0,0.94,67.0,10,8,,/home/a61491/CASTOR_KRFE/outputs/hiv/rep85/run.log
hiv,,85,HIV1_C,class,0.92,0.99,0.95,69.0,10,8,,/home/a61491/CASTOR_KRFE/outputs/hiv/rep85/run.log
hiv,,85,HIV1_D,class,1.0,0.92,0.96,25.0,10,8,,/home/a61491/CASTOR_KRFE/outputs/hiv/rep85/run.log
hiv,,85,HIV1_F,class,1.0,0.93,0.96,29.0,10,8,,/home/a61491/CASTOR_KRFE/outputs/hiv/rep85/run.log
hiv,,85,HIV1_G,class,0.9,0.85,0.88,33.0,10,8,,/home/a61491/CASTOR_KRFE/outputs/hiv/rep85/run.log
hiv,,85,accuracy,overall,,,0.93,295.0,10,8,,/home/a61491/CASTOR_KRFE/outputs/hiv/rep85/run.log
hiv,,85,macro avg,average,0.94,0.92,0.93,295.0,10,8,,/home/a61491/CASTOR_KRFE/outputs/hiv/rep85/run.log
hiv,,85,weighted avg,average,0.93,0.93,0.92,295.0,10,8,,/home/a61491/CASTOR_KRFE/outputs/hiv/rep85/run.log
hiv,,86,HIV1_A,class,0.97,0.94,0.96,72.0,9,10,,/home/a61491/CASTOR_KRFE/outputs/hiv/rep86/run.log
hiv,,86,HIV1_B,class,0.98,0.96,0.97,67.0,9,10,,/home/a61491/CASTOR_KRFE/outputs/hiv/rep86/run.log
hiv,,86,HIV1_C,class,0.96,0.99,0.97,69.0,9,10,,/home/a61491/CASTOR_KRFE/outputs/hiv/rep86/run.log
hiv,,86,HIV1_D,class,1.0,0.96,0.98,25.0,9,10,,/home/a61491/CASTOR_KRFE/outputs/hiv/rep86/run.log
hiv,,86,HIV1_F,class,0.91,1.0,0.95,29.0,9,10,,/home/a61491/CASTOR_KRFE/outputs/hiv/rep86/run.log
hiv,,86,HIV1_G,class,1.0,1.0,1.0,33.0,9,10,,/home/a61491/CASTOR_KRFE/outputs/hiv/rep86/run.log
hiv,,86,accuracy,overall,,,0.97,295.0,9,10,,/home/a61491/CASTOR_KRFE/outputs/hiv/rep86/run.log
hiv,,86,macro avg,average,0.97,0.97,0.97,295.0,9,10,,/home/a61491/CASTOR_KRFE/outputs/hiv/rep86/run.log
hiv,,86,weighted avg,average,0.97,0.97,0.97,295.0,9,10,,/home/a61491/CASTOR_KRFE/outputs/hiv/rep86/run.log
hiv,,87,HIV1_A,class,1.0,0.94,0.97,72.0,10,10,,/home/a61491/CASTOR_KRFE/outputs/hiv/rep87/run.log
hiv,,87,HIV1_B,class,0.97,0.91,0.94,67.0,10,10,,/home/a61491/CASTOR_KRFE/outputs/hiv/rep87/run.log
hiv,,87,HIV1_C,class,0.96,0.97,0.96,69.0,10,10,,/home/a61491/CASTOR_KRFE/outputs/hiv/rep87/run.log
hiv,,87,HIV1_D,class,0.8,0.96,0.87,25.0,10,10,,/home/a61491/CASTOR_KRFE/outputs/hiv/rep87/run.log
hiv,,87,HIV1_F,class,0.82,0.97,0.89,29.0,10,10,,/home/a61491/CASTOR_KRFE/outputs/hiv/rep87/run.log
hiv,,87,HIV1_G,class,1.0,0.91,0.95,33.0,10,10,,/home/a61491/CASTOR_KRFE/outputs/hiv/rep87/run.log
hiv,,87,accuracy,overall,,,0.94,295.0,10,10,,/home/a61491/CASTOR_KRFE/outputs/hiv/rep87/run.log
hiv,,87,macro avg,average,0.92,0.94,0.93,295.0,10,10,,/home/a61491/CASTOR_KRFE/outputs/hiv/rep87/run.log
hiv,,87,weighted avg,average,0.95,0.94,0.94,295.0,10,10,,/home/a61491/CASTOR_KRFE/outputs/hiv/rep87/run.log
hiv,,88,HIV1_A,class,1.0,0.89,0.94,72.0,10,9,,/home/a61491/CASTOR_KRFE/outputs/hiv/rep88/run.log
hiv,,88,HIV1_B,class,0.98,0.91,0.95,67.0,10,9,,/home/a61491/CASTOR_KRFE/outputs/hiv/rep88/run.log
hiv,,88,HIV1_C,class,1.0,1.0,1.0,69.0,10,9,,/home/a61491/CASTOR_KRFE/outputs/hiv/rep88/run.log
hiv,,88,HIV1_D,class,0.92,0.96,0.94,25.0,10,9,,/home/a61491/CASTOR_KRFE/outputs/hiv/rep88/run.log
hiv,,88,HIV1_F,class,0.71,1.0,0.83,29.0,10,9,,/home/a61491/CASTOR_KRFE/outputs/hiv/rep88/run.log
hiv,,88,HIV1_G,class,1.0,1.0,1.0,33.0,10,9,,/home/a61491/CASTOR_KRFE/outputs/hiv/rep88/run.log
hiv,,88,accuracy,overall,,,0.95,295.0,10,9,,/home/a61491/CASTOR_KRFE/outputs/hiv/rep88/run.log
hiv,,88,macro avg,average,0.94,0.96,0.94,295.0,10,9,,/home/a61491/CASTOR_KRFE/outputs/hiv/rep88/run.log
hiv,,88,weighted avg,average,0.96,0.95,0.95,295.0,10,9,,/home/a61491/CASTOR_KRFE/outputs/hiv/rep88/run.log
hiv,,89,HIV1_A,class,1.0,1.0,1.0,72.0,9,10,,/home/a61491/CASTOR_KRFE/outputs/hiv/rep89/run.log
hiv,,89,HIV1_B,class,0.99,1.0,0.99,67.0,9,10,,/home/a61491/CASTOR_KRFE/outputs/hiv/rep89/run.log
hiv,,89,HIV1_C,class,0.99,0.99,0.99,69.0,9,10,,/home/a61491/CASTOR_KRFE/outputs/hiv/rep89/run.log
hiv,,89,HIV1_D,class,1.0,0.96,0.98,25.0,9,10,,/home/a61491/CASTOR_KRFE/outputs/hiv/rep89/run.log
hiv,,89,HIV1_F,class,0.97,1.0,0.98,29.0,9,10,,/home/a61491/CASTOR_KRFE/outputs/hiv/rep89/run.log
hiv,,89,HIV1_G,class,1.0,0.97,0.98,33.0,9,10,,/home/a61491/CASTOR_KRFE/outputs/hiv/rep89/run.log
hiv,,89,accuracy,overall,,,0.99,295.0,9,10,,/home/a61491/CASTOR_KRFE/outputs/hiv/rep89/run.log
hiv,,89,macro avg,average,0.99,0.99,0.99,295.0,9,10,,/home/a61491/CASTOR_KRFE/outputs/hiv/rep89/run.log
hiv,,89,weighted avg,average,0.99,0.99,0.99,295.0,9,10,,/home/a61491/CASTOR_KRFE/outputs/hiv/rep89/run.log
hiv,,9,HIV1_A,class,0.95,0.99,0.97,72.0,10,9,,/home/a61491/CASTOR_KRFE/outputs/hiv/rep9/run.log
hiv,,9,HIV1_B,class,0.97,0.97,0.97,67.0,10,9,,/home/a61491/CASTOR_KRFE/outputs/hiv/rep9/run.log
hiv,,9,HIV1_C,class,0.98,0.94,0.96,69.0,10,9,,/home/a61491/CASTOR_KRFE/outputs/hiv/rep9/run.log
hiv,,9,HIV1_D,class,0.96,0.92,0.94,25.0,10,9,,/home/a61491/CASTOR_KRFE/outputs/hiv/rep9/run.log
hiv,,9,HIV1_F,class,0.87,0.93,0.9,29.0,10,9,,/home/a61491/CASTOR_KRFE/outputs/hiv/rep9/run.log
hiv,,9,HIV1_G,class,0.97,0.94,0.95,33.0,10,9,,/home/a61491/CASTOR_KRFE/outputs/hiv/rep9/run.log
hiv,,9,accuracy,overall,,,0.96,295.0,10,9,,/home/a61491/CASTOR_KRFE/outputs/hiv/rep9/run.log
hiv,,9,macro avg,average,0.95,0.95,0.95,295.0,10,9,,/home/a61491/CASTOR_KRFE/outputs/hiv/rep9/run.log
hiv,,9,weighted avg,average,0.96,0.96,0.96,295.0,10,9,,/home/a61491/CASTOR_KRFE/outputs/hiv/rep9/run.log
hiv,,90,HIV1_A,class,0.97,0.92,0.94,72.0,9,10,,/home/a61491/CASTOR_KRFE/outputs/hiv/rep90/run.log
hiv,,90,HIV1_B,class,1.0,1.0,1.0,67.0,9,10,,/home/a61491/CASTOR_KRFE/outputs/hiv/rep90/run.log
hiv,,90,HIV1_C,class,0.97,1.0,0.99,69.0,9,10,,/home/a61491/CASTOR_KRFE/outputs/hiv/rep90/run.log
hiv,,90,HIV1_D,class,1.0,0.92,0.96,25.0,9,10,,/home/a61491/CASTOR_KRFE/outputs/hiv/rep90/run.log
hiv,,90,HIV1_F,class,0.97,0.97,0.97,29.0,9,10,,/home/a61491/CASTOR_KRFE/outputs/hiv/rep90/run.log
hiv,,90,HIV1_G,class,0.89,1.0,0.94,33.0,9,10,,/home/a61491/CASTOR_KRFE/outputs/hiv/rep90/run.log
hiv,,90,accuracy,overall,,,0.97,295.0,9,10,,/home/a61491/CASTOR_KRFE/outputs/hiv/rep90/run.log
hiv,,90,macro avg,average,0.97,0.97,0.97,295.0,9,10,,/home/a61491/CASTOR_KRFE/outputs/hiv/rep90/run.log
hiv,,90,weighted avg,average,0.97,0.97,0.97,295.0,9,10,,/home/a61491/CASTOR_KRFE/outputs/hiv/rep90/run.log
hiv,,91,HIV1_A,class,0.99,1.0,0.99,72.0,8,9,,/home/a61491/CASTOR_KRFE/outputs/hiv/rep91/run.log
hiv,,91,HIV1_B,class,1.0,0.99,0.99,67.0,8,9,,/home/a61491/CASTOR_KRFE/outputs/hiv/rep91/run.log
hiv,,91,HIV1_C,class,1.0,0.99,0.99,69.0,8,9,,/home/a61491/CASTOR_KRFE/outputs/hiv/rep91/run.log
hiv,,91,HIV1_D,class,0.96,1.0,0.98,25.0,8,9,,/home/a61491/CASTOR_KRFE/outputs/hiv/rep91/run.log
hiv,,91,HIV1_F,class,1.0,1.0,1.0,29.0,8,9,,/home/a61491/CASTOR_KRFE/outputs/hiv/rep91/run.log
hiv,,91,HIV1_G,class,1.0,1.0,1.0,33.0,8,9,,/home/a61491/CASTOR_KRFE/outputs/hiv/rep91/run.log
hiv,,91,accuracy,overall,,,0.99,295.0,8,9,,/home/a61491/CASTOR_KRFE/outputs/hiv/rep91/run.log
hiv,,91,macro avg,average,0.99,1.0,0.99,295.0,8,9,,/home/a61491/CASTOR_KRFE/outputs/hiv/rep91/run.log
hiv,,91,weighted avg,average,0.99,0.99,0.99,295.0,8,9,,/home/a61491/CASTOR_KRFE/outputs/hiv/rep91/run.log
hiv,,92,HIV1_A,class,0.97,0.97,0.97,72.0,6,10,,/home/a61491/CASTOR_KRFE/outputs/hiv/rep92/run.log
hiv,,92,HIV1_B,class,0.94,0.99,0.96,67.0,6,10,,/home/a61491/CASTOR_KRFE/outputs/hiv/rep92/run.log
hiv,,92,HIV1_C,class,1.0,0.96,0.98,69.0,6,10,,/home/a61491/CASTOR_KRFE/outputs/hiv/rep92/run.log
hiv,,92,HIV1_D,class,0.96,0.96,0.96,25.0,6,10,,/home/a61491/CASTOR_KRFE/outputs/hiv/rep92/run.log
hiv,,92,HIV1_F,class,0.88,1.0,0.94,29.0,6,10,,/home/a61491/CASTOR_KRFE/outputs/hiv/rep92/run.log
hiv,,92,HIV1_G,class,1.0,0.88,0.94,33.0,6,10,,/home/a61491/CASTOR_KRFE/outputs/hiv/rep92/run.log
hiv,,92,accuracy,overall,,,0.96,295.0,6,10,,/home/a61491/CASTOR_KRFE/outputs/hiv/rep92/run.log
hiv,,92,macro avg,average,0.96,0.96,0.96,295.0,6,10,,/home/a61491/CASTOR_KRFE/outputs/hiv/rep92/run.log
hiv,,92,weighted avg,average,0.96,0.96,0.96,295.0,6,10,,/home/a61491/CASTOR_KRFE/outputs/hiv/rep92/run.log
hiv,,93,HIV1_A,class,1.0,0.9,0.95,72.0,9,9,,/home/a61491/CASTOR_KRFE/outputs/hiv/rep93/run.log
hiv,,93,HIV1_B,class,1.0,0.94,0.97,67.0,9,9,,/home/a61491/CASTOR_KRFE/outputs/hiv/rep93/run.log
hiv,,93,HIV1_C,class,0.98,0.87,0.92,69.0,9,9,,/home/a61491/CASTOR_KRFE/outputs/hiv/rep93/run.log
hiv,,93,HIV1_D,class,0.89,1.0,0.94,25.0,9,9,,/home/a61491/CASTOR_KRFE/outputs/hiv/rep93/run.log
hiv,,93,HIV1_F,class,0.69,1.0,0.82,29.0,9,9,,/home/a61491/CASTOR_KRFE/outputs/hiv/rep93/run.log
hiv,,93,HIV1_G,class,0.92,1.0,0.96,33.0,9,9,,/home/a61491/CASTOR_KRFE/outputs/hiv/rep93/run.log
hiv,,93,accuracy,overall,,,0.93,295.0,9,9,,/home/a61491/CASTOR_KRFE/outputs/hiv/rep93/run.log
hiv,,93,macro avg,average,0.91,0.95,0.93,295.0,9,9,,/home/a61491/CASTOR_KRFE/outputs/hiv/rep93/run.log
hiv,,93,weighted avg,average,0.95,0.93,0.93,295.0,9,9,,/home/a61491/CASTOR_KRFE/outputs/hiv/rep93/run.log
hiv,,94,HIV1_A,class,0.96,0.92,0.94,72.0,9,9,,/home/a61491/CASTOR_KRFE/outputs/hiv/rep94/run.log
hiv,,94,HIV1_B,class,0.97,0.93,0.95,67.0,9,9,,/home/a61491/CASTOR_KRFE/outputs/hiv/rep94/run.log
hiv,,94,HIV1_C,class,0.94,0.94,0.94,69.0,9,9,,/home/a61491/CASTOR_KRFE/outputs/hiv/rep94/run.log
hiv,,94,HIV1_D,class,1.0,0.92,0.96,25.0,9,9,,/home/a61491/CASTOR_KRFE/outputs/hiv/rep94/run.log
hiv,,94,HIV1_F,class,0.76,1.0,0.87,29.0,9,9,,/home/a61491/CASTOR_KRFE/outputs/hiv/rep94/run.log
hiv,,94,HIV1_G,class,1.0,0.97,0.98,33.0,9,9,,/home/a61491/CASTOR_KRFE/outputs/hiv/rep94/run.log
hiv,,94,accuracy,overall,,,0.94,295.0,9,9,,/home/a61491/CASTOR_KRFE/outputs/hiv/rep94/run.log
hiv,,94,macro avg,average,0.94,0.95,0.94,295.0,9,9,,/home/a61491/CASTOR_KRFE/outputs/hiv/rep94/run.log
hiv,,94,weighted avg,average,0.95,0.94,0.94,295.0,9,9,,/home/a61491/CASTOR_KRFE/outputs/hiv/rep94/run.log
hiv,,95,HIV1_A,class,0.95,0.97,0.96,72.0,8,10,,/home/a61491/CASTOR_KRFE/outputs/hiv/rep95/run.log
hiv,,95,HIV1_B,class,0.99,0.99,0.99,67.0,8,10,,/home/a61491/CASTOR_KRFE/outputs/hiv/rep95/run.log
hiv,,95,HIV1_C,class,0.99,0.99,0.99,69.0,8,10,,/home/a61491/CASTOR_KRFE/outputs/hiv/rep95/run.log
hiv,,95,HIV1_D,class,0.96,0.96,0.96,25.0,8,10,,/home/a61491/CASTOR_KRFE/outputs/hiv/rep95/run.log
hiv,,95,HIV1_F,class,0.93,0.97,0.95,29.0,8,10,,/home/a61491/CASTOR_KRFE/outputs/hiv/rep95/run.log
hiv,,95,HIV1_G,class,1.0,0.91,0.95,33.0,8,10,,/home/a61491/CASTOR_KRFE/outputs/hiv/rep95/run.log
hiv,,95,accuracy,overall,,,0.97,295.0,8,10,,/home/a61491/CASTOR_KRFE/outputs/hiv/rep95/run.log
hiv,,95,macro avg,average,0.97,0.96,0.97,295.0,8,10,,/home/a61491/CASTOR_KRFE/outputs/hiv/rep95/run.log
hiv,,95,weighted avg,average,0.97,0.97,0.97,295.0,8,10,,/home/a61491/CASTOR_KRFE/outputs/hiv/rep95/run.log
hiv,,96,HIV1_A,class,0.95,1.0,0.97,72.0,8,9,,/home/a61491/CASTOR_KRFE/outputs/hiv/rep96/run.log
hiv,,96,HIV1_B,class,0.98,0.93,0.95,67.0,8,9,,/home/a61491/CASTOR_KRFE/outputs/hiv/rep96/run.log
hiv,,96,HIV1_C,class,1.0,1.0,1.0,69.0,8,9,,/home/a61491/CASTOR_KRFE/outputs/hiv/rep96/run.log
hiv,,96,HIV1_D,class,0.92,0.96,0.94,25.0,8,9,,/home/a61491/CASTOR_KRFE/outputs/hiv/rep96/run.log
hiv,,96,HIV1_F,class,0.93,0.9,0.91,29.0,8,9,,/home/a61491/CASTOR_KRFE/outputs/hiv/rep96/run.log
hiv,,96,HIV1_G,class,1.0,1.0,1.0,33.0,8,9,,/home/a61491/CASTOR_KRFE/outputs/hiv/rep96/run.log
hiv,,96,accuracy,overall,,,0.97,295.0,8,9,,/home/a61491/CASTOR_KRFE/outputs/hiv/rep96/run.log
hiv,,96,macro avg,average,0.96,0.96,0.96,295.0,8,9,,/home/a61491/CASTOR_KRFE/outputs/hiv/rep96/run.log
hiv,,96,weighted avg,average,0.97,0.97,0.97,295.0,8,9,,/home/a61491/CASTOR_KRFE/outputs/hiv/rep96/run.log
hiv,,97,HIV1_A,class,0.99,0.96,0.97,72.0,9,10,,/home/a61491/CASTOR_KRFE/outputs/hiv/rep97/run.log
hiv,,97,HIV1_B,class,0.99,0.99,0.99,67.0,9,10,,/home/a61491/CASTOR_KRFE/outputs/hiv/rep97/run.log
hiv,,97,HIV1_C,class,0.98,0.94,0.96,69.0,9,10,,/home/a61491/CASTOR_KRFE/outputs/hiv/rep97/run.log
hiv,,97,HIV1_D,class,0.89,0.96,0.92,25.0,9,10,,/home/a61491/CASTOR_KRFE/outputs/hiv/rep97/run.log
hiv,,97,HIV1_F,class,0.84,0.93,0.89,29.0,9,10,,/home/a61491/CASTOR_KRFE/outputs/hiv/rep97/run.log
hiv,,97,HIV1_G,class,0.88,0.88,0.88,33.0,9,10,,/home/a61491/CASTOR_KRFE/outputs/hiv/rep97/run.log
hiv,,97,accuracy,overall,,,0.95,295.0,9,10,,/home/a61491/CASTOR_KRFE/outputs/hiv/rep97/run.log
hiv,,97,macro avg,average,0.93,0.94,0.93,295.0,9,10,,/home/a61491/CASTOR_KRFE/outputs/hiv/rep97/run.log
hiv,,97,weighted avg,average,0.95,0.95,0.95,295.0,9,10,,/home/a61491/CASTOR_KRFE/outputs/hiv/rep97/run.log
hiv,,98,HIV1_A,class,0.96,0.96,0.96,72.0,7,9,,/home/a61491/CASTOR_KRFE/outputs/hiv/rep98/run.log
hiv,,98,HIV1_B,class,1.0,0.97,0.98,67.0,7,9,,/home/a61491/CASTOR_KRFE/outputs/hiv/rep98/run.log
hiv,,98,HIV1_C,class,0.96,0.96,0.96,69.0,7,9,,/home/a61491/CASTOR_KRFE/outputs/hiv/rep98/run.log
hiv,,98,HIV1_D,class,0.93,1.0,0.96,25.0,7,9,,/home/a61491/CASTOR_KRFE/outputs/hiv/rep98/run.log
hiv,,98,HIV1_F,class,0.9,0.93,0.92,29.0,7,9,,/home/a61491/CASTOR_KRFE/outputs/hiv/rep98/run.log
hiv,,98,HIV1_G,class,0.97,0.94,0.95,33.0,7,9,,/home/a61491/CASTOR_KRFE/outputs/hiv/rep98/run.log
hiv,,98,accuracy,overall,,,0.96,295.0,7,9,,/home/a61491/CASTOR_KRFE/outputs/hiv/rep98/run.log
hiv,,98,macro avg,average,0.95,0.96,0.96,295.0,7,9,,/home/a61491/CASTOR_KRFE/outputs/hiv/rep98/run.log
hiv,,98,weighted avg,average,0.96,0.96,0.96,295.0,7,9,,/home/a61491/CASTOR_KRFE/outputs/hiv/rep98/run.log
hiv,,99,HIV1_A,class,0.97,0.97,0.97,72.0,10,10,,/home/a61491/CASTOR_KRFE/outputs/hiv/rep99/run.log
hiv,,99,HIV1_B,class,0.97,1.0,0.99,67.0,10,10,,/home/a61491/CASTOR_KRFE/outputs/hiv/rep99/run.log
hiv,,99,HIV1_C,class,0.97,0.93,0.95,69.0,10,10,,/home/a61491/CASTOR_KRFE/outputs/hiv/rep99/run.log
hiv,,99,HIV1_D,class,0.93,1.0,0.96,25.0,10,10,,/home/a61491/CASTOR_KRFE/outputs/hiv/rep99/run.log
hiv,,99,HIV1_F,class,1.0,0.9,0.95,29.0,10,10,,/home/a61491/CASTOR_KRFE/outputs/hiv/rep99/run.log
hiv,,99,HIV1_G,class,0.94,1.0,0.97,33.0,10,10,,/home/a61491/CASTOR_KRFE/outputs/hiv/rep99/run.log
hiv,,99,accuracy,overall,,,0.97,295.0,10,10,,/home/a61491/CASTOR_KRFE/outputs/hiv/rep99/run.log
hiv,,99,macro avg,average,0.96,0.97,0.96,295.0,10,10,,/home/a61491/CASTOR_KRFE/outputs/hiv/rep99/run.log
hiv,,99,weighted avg,average,0.97,0.97,0.97,295.0,10,10,,/home/a61491/CASTOR_KRFE/outputs/hiv/rep99/run.log
hiv,10,13,,evaluation,,,0.9945121951219512,,,9,,/home/a61491/CASTOR_KRFE/outputs/hiv/rep13/run.log
hiv,10,20,,evaluation,,,0.9918030951072281,,,8,,/home/a61491/CASTOR_KRFE/outputs/hiv/rep20/run.log
hiv,10,21,,evaluation,,,0.9945570070203501,,,8,,/home/a61491/CASTOR_KRFE/outputs/hiv/rep21/run.log
hiv,10,26,,evaluation,,,0.9945353355443866,,,9,,/home/a61491/CASTOR_KRFE/outputs/hiv/rep26/run.log
hiv,10,29,,evaluation,,,0.994535519125683,,,9,,/home/a61491/CASTOR_KRFE/outputs/hiv/rep29/run.log
hiv,10,32,,evaluation,,,0.9918016261607563,,,9,,/home/a61491/CASTOR_KRFE/outputs/hiv/rep32/run.log
hiv,10,33,,evaluation,,,0.994535519125683,,,10,,/home/a61491/CASTOR_KRFE/outputs/hiv/rep33/run.log
hiv,10,35,,evaluation,,,0.9917799546847927,,,9,,/home/a61491/CASTOR_KRFE/outputs/hiv/rep35/run.log
hiv,10,36,,evaluation,,,0.9918016261607563,,,10,,/home/a61491/CASTOR_KRFE/outputs/hiv/rep36/run.log
hiv,10,37,,evaluation,,,0.9917797711034961,,,8,,/home/a61491/CASTOR_KRFE/outputs/hiv/rep37/run.log
hiv,10,38,,evaluation,,,0.994535519125683,,,8,,/home/a61491/CASTOR_KRFE/outputs/hiv/rep38/run.log
hiv,10,39,,evaluation,,,0.9972675759815449,,,10,,/home/a61491/CASTOR_KRFE/outputs/hiv/rep39/run.log
hiv,10,41,,evaluation,,,0.991801809742053,,,10,,/home/a61491/CASTOR_KRFE/outputs/hiv/rep41/run.log
hiv,10,44,,evaluation,,,0.9918016261607563,,,10,,/home/a61491/CASTOR_KRFE/outputs/hiv/rep44/run.log
hiv,10,45,,evaluation,,,0.9918016261607563,,,9,,/home/a61491/CASTOR_KRFE/outputs/hiv/rep45/run.log
hiv,10,47,,evaluation,,,0.9945570070203501,,,9,,/home/a61491/CASTOR_KRFE/outputs/hiv/rep47/run.log
hiv,10,5,,evaluation,,,0.9917551337345848,,,7,,/home/a61491/CASTOR_KRFE/outputs/hiv/rep5/run.log
hiv,10,51,,evaluation,,,0.997267575981545,,,9,,/home/a61491/CASTOR_KRFE/outputs/hiv/rep51/run.log
hiv,10,53,,evaluation,,,0.9918251248628188,,,8,,/home/a61491/CASTOR_KRFE/outputs/hiv/rep53/run.log
hiv,10,56,,evaluation,,,0.9918251248628188,,,10,,/home/a61491/CASTOR_KRFE/outputs/hiv/rep56/run.log
hiv,10,58,,evaluation,,,0.9917803310264507,,,8,,/home/a61491/CASTOR_KRFE/outputs/hiv/rep58/run.log
hiv,10,6,,evaluation,,,0.9945340501792115,,,9,,/home/a61491/CASTOR_KRFE/outputs/hiv/rep6/run.log
hiv,10,61,,evaluation,,,0.997267575981545,,,8,,/home/a61491/CASTOR_KRFE/outputs/hiv/rep61/run.log
hiv,10,65,,evaluation,,,0.9918021860837111,,,8,,/home/a61491/CASTOR_KRFE/outputs/hiv/rep65/run.log
hiv,10,66,,evaluation,,,0.9918029115259313,,,9,,/home/a61491/CASTOR_KRFE/outputs/hiv/rep66/run.log
hiv,10,74,,evaluation,,,0.99453515196309,,,11,,/home/a61491/CASTOR_KRFE/outputs/hiv/rep74/run.log
hiv,10,79,,evaluation,,,0.99453515196309,,,10,,/home/a61491/CASTOR_KRFE/outputs/hiv/rep79/run.log
hiv,10,8,,evaluation,,,0.9918251248628188,,,10,,/home/a61491/CASTOR_KRFE/outputs/hiv/rep8/run.log
hiv,10,80,,evaluation,,,0.9918029115259315,,,8,,/home/a61491/CASTOR_KRFE/outputs/hiv/rep80/run.log
hiv,10,81,,evaluation,,,0.997267575981545,,,10,,/home/a61491/CASTOR_KRFE/outputs/hiv/rep81/run.log
hiv,10,82,,evaluation,,,0.9918448117539026,,,9,,/home/a61491/CASTOR_KRFE/outputs/hiv/rep82/run.log
hiv,10,83,,evaluation,,,0.9917551337345848,,,9,,/home/a61491/CASTOR_KRFE/outputs/hiv/rep83/run.log
hiv,10,84,,evaluation,,,0.9917551337345848,,,9,,/home/a61491/CASTOR_KRFE/outputs/hiv/rep84/run.log
hiv,10,85,,evaluation,,,0.991801809742053,,,8,,/home/a61491/CASTOR_KRFE/outputs/hiv/rep85/run.log
hiv,10,87,,evaluation,,,0.9945340501792115,,,10,,/home/a61491/CASTOR_KRFE/outputs/hiv/rep87/run.log
hiv,10,88,,evaluation,,,1.0,,,9,,/home/a61491/CASTOR_KRFE/outputs/hiv/rep88/run.log
hiv,10,9,,evaluation,,,0.9918016261607563,,,9,,/home/a61491/CASTOR_KRFE/outputs/hiv/rep9/run.log
hiv,10,99,,evaluation,,,0.9972675759815449,,,10,,/home/a61491/CASTOR_KRFE/outputs/hiv/rep99/run.log
hiv,6,19,,evaluation,,,0.9917799546847927,,,10,,/home/a61491/CASTOR_KRFE/outputs/hiv/rep19/run.log
hiv,6,67,,evaluation,,,0.9972675759815449,,,10,,/home/a61491/CASTOR_KRFE/outputs/hiv/rep67/run.log
hiv,6,70,,evaluation,,,0.9945353355443866,,,10,,/home/a61491/CASTOR_KRFE/outputs/hiv/rep70/run.log
hiv,6,71,,evaluation,,,0.9917797711034961,,,11,,/home/a61491/CASTOR_KRFE/outputs/hiv/rep71/run.log
hiv,6,92,,evaluation,,,0.9917805146077473,,,10,,/home/a61491/CASTOR_KRFE/outputs/hiv/rep92/run.log
hiv,7,1,,evaluation,,,0.9945353355443864,,,10,,/home/a61491/CASTOR_KRFE/outputs/hiv/rep1/run.log
hiv,7,55,,evaluation,,,0.99453515196309,,,10,,/home/a61491/CASTOR_KRFE/outputs/hiv/rep55/run.log
hiv,7,98,,evaluation,,,0.9918029115259315,,,9,,/home/a61491/CASTOR_KRFE/outputs/hiv/rep98/run.log
hiv,8,10,,evaluation,,,0.99453515196309,,,8,,/home/a61491/CASTOR_KRFE/outputs/hiv/rep10/run.log
hiv,8,100,,evaluation,,,0.9917797711034961,,,10,,/home/a61491/CASTOR_KRFE/outputs/hiv/rep100/run.log
hiv,8,11,,evaluation,,,0.9918016261607563,,,10,,/home/a61491/CASTOR_KRFE/outputs/hiv/rep11/run.log
hiv,8,12,,evaluation,,,0.9917797711034962,,,9,,/home/a61491/CASTOR_KRFE/outputs/hiv/rep12/run.log
hiv,8,17,,evaluation,,,0.997267575981545,,,8,,/home/a61491/CASTOR_KRFE/outputs/hiv/rep17/run.log
hiv,8,2,,evaluation,,,0.9918016261607563,,,10,,/home/a61491/CASTOR_KRFE/outputs/hiv/rep2/run.log
hiv,8,27,,evaluation,,,0.99453515196309,,,10,,/home/a61491/CASTOR_KRFE/outputs/hiv/rep27/run.log
hiv,8,28,,evaluation,,,0.991824583001895,,,9,,/home/a61491/CASTOR_KRFE/outputs/hiv/rep28/run.log
hiv,8,3,,evaluation,,,0.9917805146077473,,,9,,/home/a61491/CASTOR_KRFE/outputs/hiv/rep3/run.log
hiv,8,4,,evaluation,,,0.9918021680216802,,,9,,/home/a61491/CASTOR_KRFE/outputs/hiv/rep4/run.log
hiv,8,57,,evaluation,,,0.9917983193277311,,,9,,/home/a61491/CASTOR_KRFE/outputs/hiv/rep57/run.log
hiv,8,64,,evaluation,,,0.9918016261607563,,,8,,/home/a61491/CASTOR_KRFE/outputs/hiv/rep64/run.log
hiv,8,68,,evaluation,,,0.99453515196309,,,9,,/home/a61491/CASTOR_KRFE/outputs/hiv/rep68/run.log
hiv,8,7,,evaluation,,,1.0,,,9,,/home/a61491/CASTOR_KRFE/outputs/hiv/rep7/run.log
hiv,8,76,,evaluation,,,0.9917551337345848,,,8,,/home/a61491/CASTOR_KRFE/outputs/hiv/rep76/run.log
hiv,8,91,,evaluation,,,0.9918029115259315,,,9,,/home/a61491/CASTOR_KRFE/outputs/hiv/rep91/run.log
hiv,8,95,,evaluation,,,0.991824583001895,,,10,,/home/a61491/CASTOR_KRFE/outputs/hiv/rep95/run.log
hiv,8,96,,evaluation,,,0.9918016261607563,,,9,,/home/a61491/CASTOR_KRFE/outputs/hiv/rep96/run.log
hiv,9,14,,evaluation,,,0.9918030951072281,,,9,,/home/a61491/CASTOR_KRFE/outputs/hiv/rep14/run.log
hiv,9,15,,evaluation,,,0.9918021680216802,,,9,,/home/a61491/CASTOR_KRFE/outputs/hiv/rep15/run.log
hiv,9,16,,evaluation,,,0.9945353355443864,,,9,,/home/a61491/CASTOR_KRFE/outputs/hiv/rep16/run.log
hiv,9,18,,evaluation,,,0.9972675759815449,,,10,,/home/a61491/CASTOR_KRFE/outputs/hiv/rep18/run.log
hiv,9,22,,evaluation,,,0.9918247665831916,,,9,,/home/a61491/CASTOR_KRFE/outputs/hiv/rep22/run.log
hiv,9,23,,evaluation,,,0.9917797711034962,,,9,,/home/a61491/CASTOR_KRFE/outputs/hiv/rep23/run.log
hiv,9,24,,evaluation,,,0.9918021680216802,,,9,,/home/a61491/CASTOR_KRFE/outputs/hiv/rep24/run.log
hiv,9,25,,evaluation,,,0.994535519125683,,,9,,/home/a61491/CASTOR_KRFE/outputs/hiv/rep25/run.log
hiv,9,30,,evaluation,,,0.991824583001895,,,9,,/home/a61491/CASTOR_KRFE/outputs/hiv/rep30/run.log
hiv,9,31,,evaluation,,,0.9918253084441155,,,10,,/home/a61491/CASTOR_KRFE/outputs/hiv/rep31/run.log
hiv,9,34,,evaluation,,,0.9918247665831916,,,9,,/home/a61491/CASTOR_KRFE/outputs/hiv/rep34/run.log
hiv,9,40,,evaluation,,,0.99453515196309,,,10,,/home/a61491/CASTOR_KRFE/outputs/hiv/rep40/run.log
hiv,9,42,,evaluation,,,0.9918016261607563,,,7,,/home/a61491/CASTOR_KRFE/outputs/hiv/rep42/run.log
hiv,9,43,,evaluation,,,0.9918029115259315,,,9,,/home/a61491/CASTOR_KRFE/outputs/hiv/rep43/run.log
hiv,9,46,,evaluation,,,0.9918030951072281,,,10,,/home/a61491/CASTOR_KRFE/outputs/hiv/rep46/run.log
hiv,9,48,,evaluation,,,0.9918016261607563,,,8,,/home/a61491/CASTOR_KRFE/outputs/hiv/rep48/run.log
hiv,9,49,,evaluation,,,0.9918448117539026,,,6,,/home/a61491/CASTOR_KRFE/outputs/hiv/rep49/run.log
hiv,9,50,,evaluation,,,0.997267575981545,,,9,,/home/a61491/CASTOR_KRFE/outputs/hiv/rep50/run.log
hiv,9,52,,evaluation,,,0.9917805146077473,,,10,,/home/a61491/CASTOR_KRFE/outputs/hiv/rep52/run.log
hiv,9,54,,evaluation,,,0.9918016261607563,,,9,,/home/a61491/CASTOR_KRFE/outputs/hiv/rep54/run.log
hiv,9,59,,evaluation,,,0.9918029115259315,,,10,,/home/a61491/CASTOR_KRFE/outputs/hiv/rep59/run.log
hiv,9,60,,evaluation,,,0.9945353355443866,,,11,,/home/a61491/CASTOR_KRFE/outputs/hiv/rep60/run.log
hiv,9,62,,evaluation,,,0.9917805146077473,,,9,,/home/a61491/CASTOR_KRFE/outputs/hiv/rep62/run.log
hiv,9,63,,evaluation,,,0.9918029115259315,,,8,,/home/a61491/CASTOR_KRFE/outputs/hiv/rep63/run.log
hiv,9,69,,evaluation,,,0.99453515196309,,,8,,/home/a61491/CASTOR_KRFE/outputs/hiv/rep69/run.log
hiv,9,72,,evaluation,,,0.99453515196309,,,10,,/home/a61491/CASTOR_KRFE/outputs/hiv/rep72/run.log
hiv,9,73,,evaluation,,,0.9918016261607563,,,6,,/home/a61491/CASTOR_KRFE/outputs/hiv/rep73/run.log
hiv,9,75,,evaluation,,,0.9918030951072281,,,10,,/home/a61491/CASTOR_KRFE/outputs/hiv/rep75/run.log
hiv,9,77,,evaluation,,,0.9972675759815449,,,10,,/home/a61491/CASTOR_KRFE/outputs/hiv/rep77/run.log
hiv,9,78,,evaluation,,,0.9918027279446348,,,11,,/home/a61491/CASTOR_KRFE/outputs/hiv/rep78/run.log
hiv,9,86,,evaluation,,,0.997267575981545,,,10,,/home/a61491/CASTOR_KRFE/outputs/hiv/rep86/run.log
hiv,9,89,,evaluation,,,0.9918016261607563,,,10,,/home/a61491/CASTOR_KRFE/outputs/hiv/rep89/run.log
hiv,9,90,,evaluation,,,0.9918021860837111,,,10,,/home/a61491/CASTOR_KRFE/outputs/hiv/rep90/run.log
hiv,9,93,,evaluation,,,0.9918016261607563,,,9,,/home/a61491/CASTOR_KRFE/outputs/hiv/rep93/run.log
hiv,9,94,,evaluation,,,0.9918016261607563,,,9,,/home/a61491/CASTOR_KRFE/outputs/hiv/rep94/run.log
hiv,9,97,,evaluation,,,0.9918027279446348,,,10,,/home/a61491/CASTOR_KRFE/outputs/hiv/rep97/run.log
mkpx,,1,I,class,0.84,1.0,0.91,245.0,5,1,,/home/a61491/CASTOR_KRFE/outputs/mkpx/rep1/run.log
mkpx,,1,II,class,1.0,0.98,0.99,2011.0,5,1,,/home/a61491/CASTOR_KRFE/outputs/mkpx/rep1/run.log
mkpx,,1,accuracy,overall,,,0.98,2256.0,5,1,,/home/a61491/CASTOR_KRFE/outputs/mkpx/rep1/run.log
mkpx,,1,macro avg,average,0.92,0.99,0.95,2256.0,5,1,,/home/a61491/CASTOR_KRFE/outputs/mkpx/rep1/run.log
mkpx,,1,weighted avg,average,0.98,0.98,0.98,2256.0,5,1,,/home/a61491/CASTOR_KRFE/outputs/mkpx/rep1/run.log
mkpx,,10,I,class,0.85,1.0,0.92,245.0,4,1,,/home/a61491/CASTOR_KRFE/outputs/mkpx/rep10/run.log
mkpx,,10,II,class,1.0,0.98,0.99,2011.0,4,1,,/home/a61491/CASTOR_KRFE/outputs/mkpx/rep10/run.log
mkpx,,10,accuracy,overall,,,0.98,2256.0,4,1,,/home/a61491/CASTOR_KRFE/outputs/mkpx/rep10/run.log
mkpx,,10,macro avg,average,0.92,0.99,0.95,2256.0,4,1,,/home/a61491/CASTOR_KRFE/outputs/mkpx/rep10/run.log
mkpx,,10,weighted avg,average,0.98,0.98,0.98,2256.0,4,1,,/home/a61491/CASTOR_KRFE/outputs/mkpx/rep10/run.log
mkpx,,100,I,class,0.94,1.0,0.97,245.0,5,1,,/home/a61491/CASTOR_KRFE/outputs/mkpx/rep100/run.log
mkpx,,100,II,class,1.0,0.99,1.0,2011.0,5,1,,/home/a61491/CASTOR_KRFE/outputs/mkpx/rep100/run.log
mkpx,,100,accuracy,overall,,,0.99,2256.0,5,1,,/home/a61491/CASTOR_KRFE/outputs/mkpx/rep100/run.log
mkpx,,100,macro avg,average,0.97,1.0,0.98,2256.0,5,1,,/home/a61491/CASTOR_KRFE/outputs/mkpx/rep100/run.log
mkpx,,100,weighted avg,average,0.99,0.99,0.99,2256.0,5,1,,/home/a61491/CASTOR_KRFE/outputs/mkpx/rep100/run.log
mkpx,,11,I,class,0.84,0.99,0.91,245.0,5,1,,/home/a61491/CASTOR_KRFE/outputs/mkpx/rep11/run.log
mkpx,,11,II,class,1.0,0.98,0.99,2011.0,5,1,,/home/a61491/CASTOR_KRFE/outputs/mkpx/rep11/run.log
mkpx,,11,accuracy,overall,,,0.98,2256.0,5,1,,/home/a61491/CASTOR_KRFE/outputs/mkpx/rep11/run.log
mkpx,,11,macro avg,average,0.92,0.98,0.95,2256.0,5,1,,/home/a61491/CASTOR_KRFE/outputs/mkpx/rep11/run.log
mkpx,,11,weighted avg,average,0.98,0.98,0.98,2256.0,5,1,,/home/a61491/CASTOR_KRFE/outputs/mkpx/rep11/run.log
mkpx,,12,I,class,0.91,0.98,0.94,245.0,5,1,,/home/a61491/CASTOR_KRFE/outputs/mkpx/rep12/run.log
mkpx,,12,II,class,1.0,0.99,0.99,2011.0,5,1,,/home/a61491/CASTOR_KRFE/outputs/mkpx/rep12/run.log
mkpx,,12,accuracy,overall,,,0.99,2256.0,5,1,,/home/a61491/CASTOR_KRFE/outputs/mkpx/rep12/run.log
mkpx,,12,macro avg,average,0.95,0.99,0.97,2256.0,5,1,,/home/a61491/CASTOR_KRFE/outputs/mkpx/rep12/run.log
mkpx,,12,weighted avg,average,0.99,0.99,0.99,2256.0,5,1,,/home/a61491/CASTOR_KRFE/outputs/mkpx/rep12/run.log
mkpx,,13,I,class,0.85,1.0,0.92,245.0,5,1,,/home/a61491/CASTOR_KRFE/outputs/mkpx/rep13/run.log
mkpx,,13,II,class,1.0,0.98,0.99,2011.0,5,1,,/home/a61491/CASTOR_KRFE/outputs/mkpx/rep13/run.log
mkpx,,13,accuracy,overall,,,0.98,2256.0,5,1,,/home/a61491/CASTOR_KRFE/outputs/mkpx/rep13/run.log
mkpx,,13,macro avg,average,0.92,0.99,0.95,2256.0,5,1,,/home/a61491/CASTOR_KRFE/outputs/mkpx/rep13/run.log
mkpx,,13,weighted avg,average,0.98,0.98,0.98,2256.0,5,1,,/home/a61491/CASTOR_KRFE/outputs/mkpx/rep13/run.log
mkpx,,14,I,class,0.89,1.0,0.94,245.0,5,1,,/home/a61491/CASTOR_KRFE/outputs/mkpx/rep14/run.log
mkpx,,14,II,class,1.0,0.99,0.99,2011.0,5,1,,/home/a61491/CASTOR_KRFE/outputs/mkpx/rep14/run.log
mkpx,,14,accuracy,overall,,,0.99,2256.0,5,1,,/home/a61491/CASTOR_KRFE/outputs/mkpx/rep14/run.log
mkpx,,14,macro avg,average,0.95,0.99,0.97,2256.0,5,1,,/home/a61491/CASTOR_KRFE/outputs/mkpx/rep14/run.log
mkpx,,14,weighted avg,average,0.99,0.99,0.99,2256.0,5,1,,/home/a61491/CASTOR_KRFE/outputs/mkpx/rep14/run.log
mkpx,,15,I,class,0.9,0.99,0.94,245.0,5,1,,/home/a61491/CASTOR_KRFE/outputs/mkpx/rep15/run.log
mkpx,,15,II,class,1.0,0.99,0.99,2011.0,5,1,,/home/a61491/CASTOR_KRFE/outputs/mkpx/rep15/run.log
mkpx,,15,accuracy,overall,,,0.99,2256.0,5,1,,/home/a61491/CASTOR_KRFE/outputs/mkpx/rep15/run.log
mkpx,,15,macro avg,average,0.95,0.99,0.97,2256.0,5,1,,/home/a61491/CASTOR_KRFE/outputs/mkpx/rep15/run.log
mkpx,,15,weighted avg,average,0.99,0.99,0.99,2256.0,5,1,,/home/a61491/CASTOR_KRFE/outputs/mkpx/rep15/run.log
mkpx,,16,I,class,0.98,1.0,0.99,245.0,6,1,,/home/a61491/CASTOR_KRFE/outputs/mkpx/rep16/run.log
mkpx,,16,II,class,1.0,1.0,1.0,2011.0,6,1,,/home/a61491/CASTOR_KRFE/outputs/mkpx/rep16/run.log
mkpx,,16,accuracy,overall,,,1.0,2256.0,6,1,,/home/a61491/CASTOR_KRFE/outputs/mkpx/rep16/run.log
mkpx,,16,macro avg,average,0.99,1.0,0.99,2256.0,6,1,,/home/a61491/CASTOR_KRFE/outputs/mkpx/rep16/run.log
mkpx,,16,weighted avg,average,1.0,1.0,1.0,2256.0,6,1,,/home/a61491/CASTOR_KRFE/outputs/mkpx/rep16/run.log
mkpx,,17,I,class,1.0,1.0,1.0,245.0,6,1,,/home/a61491/CASTOR_KRFE/outputs/mkpx/rep17/run.log
mkpx,,17,II,class,1.0,1.0,1.0,2011.0,6,1,,/home/a61491/CASTOR_KRFE/outputs/mkpx/rep17/run.log
mkpx,,17,accuracy,overall,,,1.0,2256.0,6,1,,/home/a61491/CASTOR_KRFE/outputs/mkpx/rep17/run.log
mkpx,,17,macro avg,average,1.0,1.0,1.0,2256.0,6,1,,/home/a61491/CASTOR_KRFE/outputs/mkpx/rep17/run.log
mkpx,,17,weighted avg,average,1.0,1.0,1.0,2256.0,6,1,,/home/a61491/CASTOR_KRFE/outputs/mkpx/rep17/run.log
mkpx,,18,I,class,0.8,1.0,0.89,245.0,5,1,,/home/a61491/CASTOR_KRFE/outputs/mkpx/rep18/run.log
mkpx,,18,II,class,1.0,0.97,0.98,2011.0,5,1,,/home/a61491/CASTOR_KRFE/outputs/mkpx/rep18/run.log
mkpx,,18,accuracy,overall,,,0.97,2256.0,5,1,,/home/a61491/CASTOR_KRFE/outputs/mkpx/rep18/run.log
mkpx,,18,macro avg,average,0.9,0.99,0.94,2256.0,5,1,,/home/a61491/CASTOR_KRFE/outputs/mkpx/rep18/run.log
mkpx,,18,weighted avg,average,0.98,0.97,0.97,2256.0,5,1,,/home/a61491/CASTOR_KRFE/outputs/mkpx/rep18/run.log
mkpx,,19,I,class,0.85,1.0,0.92,245.0,5,1,,/home/a61491/CASTOR_KRFE/outputs/mkpx/rep19/run.log
mkpx,,19,II,class,1.0,0.98,0.99,2011.0,5,1,,/home/a61491/CASTOR_KRFE/outputs/mkpx/rep19/run.log
mkpx,,19,accuracy,overall,,,0.98,2256.0,5,1,,/home/a61491/CASTOR_KRFE/outputs/mkpx/rep19/run.log
mkpx,,19,macro avg,average,0.93,0.99,0.95,2256.0,5,1,,/home/a61491/CASTOR_KRFE/outputs/mkpx/rep19/run.log
mkpx,,19,weighted avg,average,0.98,0.98,0.98,2256.0,5,1,,/home/a61491/CASTOR_KRFE/outputs/mkpx/rep19/run.log
mkpx,,2,I,class,0.84,1.0,0.91,245.0,5,1,,/home/a61491/CASTOR_KRFE/outputs/mkpx/rep2/run.log
mkpx,,2,II,class,1.0,0.98,0.99,2011.0,5,1,,/home/a61491/CASTOR_KRFE/outputs/mkpx/rep2/run.log
mkpx,,2,accuracy,overall,,,0.98,2256.0,5,1,,/home/a61491/CASTOR_KRFE/outputs/mkpx/rep2/run.log
mkpx,,2,macro avg,average,0.92,0.99,0.95,2256.0,5,1,,/home/a61491/CASTOR_KRFE/outputs/mkpx/rep2/run.log
mkpx,,2,weighted avg,average,0.98,0.98,0.98,2256.0,5,1,,/home/a61491/CASTOR_KRFE/outputs/mkpx/rep2/run.log
mkpx,,20,I,class,0.91,1.0,0.95,245.0,5,1,,/home/a61491/CASTOR_KRFE/outputs/mkpx/rep20/run.log
mkpx,,20,II,class,1.0,0.99,0.99,2011.0,5,1,,/home/a61491/CASTOR_KRFE/outputs/mkpx/rep20/run.log
mkpx,,20,accuracy,overall,,,0.99,2256.0,5,1,,/home/a61491/CASTOR_KRFE/outputs/mkpx/rep20/run.log
mkpx,,20,macro avg,average,0.95,0.99,0.97,2256.0,5,1,,/home/a61491/CASTOR_KRFE/outputs/mkpx/rep20/run.log
mkpx,,20,weighted avg,average,0.99,0.99,0.99,2256.0,5,1,,/home/a61491/CASTOR_KRFE/outputs/mkpx/rep20/run.log
mkpx,,21,I,class,0.91,0.99,0.95,245.0,5,1,,/home/a61491/CASTOR_KRFE/outputs/mkpx/rep21/run.log
mkpx,,21,II,class,1.0,0.99,0.99,2011.0,5,1,,/home/a61491/CASTOR_KRFE/outputs/mkpx/rep21/run.log
mkpx,,21,accuracy,overall,,,0.99,2256.0,5,1,,/home/a61491/CASTOR_KRFE/outputs/mkpx/rep21/run.log
mkpx,,21,macro avg,average,0.95,0.99,0.97,2256.0,5,1,,/home/a61491/CASTOR_KRFE/outputs/mkpx/rep21/run.log
mkpx,,21,weighted avg,average,0.99,0.99,0.99,2256.0,5,1,,/home/a61491/CASTOR_KRFE/outputs/mkpx/rep21/run.log
mkpx,,22,I,class,0.9,0.98,0.94,245.0,5,1,,/home/a61491/CASTOR_KRFE/outputs/mkpx/rep22/run.log
mkpx,,22,II,class,1.0,0.99,0.99,2011.0,5,1,,/home/a61491/CASTOR_KRFE/outputs/mkpx/rep22/run.log
mkpx,,22,accuracy,overall,,,0.99,2256.0,5,1,,/home/a61491/CASTOR_KRFE/outputs/mkpx/rep22/run.log
mkpx,,22,macro avg,average,0.95,0.99,0.97,2256.0,5,1,,/home/a61491/CASTOR_KRFE/outputs/mkpx/rep22/run.log
mkpx,,22,weighted avg,average,0.99,0.99,0.99,2256.0,5,1,,/home/a61491/CASTOR_KRFE/outputs/mkpx/rep22/run.log
mkpx,,23,I,class,0.9,1.0,0.95,245.0,5,1,,/home/a61491/CASTOR_KRFE/outputs/mkpx/rep23/run.log
mkpx,,23,II,class,1.0,0.99,0.99,2011.0,5,1,,/home/a61491/CASTOR_KRFE/outputs/mkpx/rep23/run.log
mkpx,,23,accuracy,overall,,,0.99,2256.0,5,1,,/home/a61491/CASTOR_KRFE/outputs/mkpx/rep23/run.log
mkpx,,23,macro avg,average,0.95,0.99,0.97,2256.0,5,1,,/home/a61491/CASTOR_KRFE/outputs/mkpx/rep23/run.log
mkpx,,23,weighted avg,average,0.99,0.99,0.99,2256.0,5,1,,/home/a61491/CASTOR_KRFE/outputs/mkpx/rep23/run.log
mkpx,,24,I,class,0.85,1.0,0.92,245.0,5,1,,/home/a61491/CASTOR_KRFE/outputs/mkpx/rep24/run.log
mkpx,,24,II,class,1.0,0.98,0.99,2011.0,5,1,,/home/a61491/CASTOR_KRFE/outputs/mkpx/rep24/run.log
mkpx,,24,accuracy,overall,,,0.98,2256.0,5,1,,/home/a61491/CASTOR_KRFE/outputs/mkpx/rep24/run.log
mkpx,,24,macro avg,average,0.92,0.99,0.95,2256.0,5,1,,/home/a61491/CASTOR_KRFE/outputs/mkpx/rep24/run.log
mkpx,,24,weighted avg,average,0.98,0.98,0.98,2256.0,5,1,,/home/a61491/CASTOR_KRFE/outputs/mkpx/rep24/run.log
mkpx,,25,I,class,0.83,1.0,0.91,245.0,4,1,,/home/a61491/CASTOR_KRFE/outputs/mkpx/rep25/run.log
mkpx,,25,II,class,1.0,0.98,0.99,2011.0,4,1,,/home/a61491/CASTOR_KRFE/outputs/mkpx/rep25/run.log
mkpx,,25,accuracy,overall,,,0.98,2256.0,4,1,,/home/a61491/CASTOR_KRFE/outputs/mkpx/rep25/run.log
mkpx,,25,macro avg,average,0.91,0.99,0.95,2256.0,4,1,,/home/a61491/CASTOR_KRFE/outputs/mkpx/rep25/run.log
mkpx,,25,weighted avg,average,0.98,0.98,0.98,2256.0,4,1,,/home/a61491/CASTOR_KRFE/outputs/mkpx/rep25/run.log
mkpx,,26,I,class,1.0,1.0,1.0,245.0,6,1,,/home/a61491/CASTOR_KRFE/outputs/mkpx/rep26/run.log
mkpx,,26,II,class,1.0,1.0,1.0,2011.0,6,1,,/home/a61491/CASTOR_KRFE/outputs/mkpx/rep26/run.log
mkpx,,26,accuracy,overall,,,1.0,2256.0,6,1,,/home/a61491/CASTOR_KRFE/outputs/mkpx/rep26/run.log
mkpx,,26,macro avg,average,1.0,1.0,1.0,2256.0,6,1,,/home/a61491/CASTOR_KRFE/outputs/mkpx/rep26/run.log
mkpx,,26,weighted avg,average,1.0,1.0,1.0,2256.0,6,1,,/home/a61491/CASTOR_KRFE/outputs/mkpx/rep26/run.log
mkpx,,27,I,class,1.0,0.99,0.99,245.0,6,1,,/home/a61491/CASTOR_KRFE/outputs/mkpx/rep27/run.log
mkpx,,27,II,class,1.0,1.0,1.0,2011.0,6,1,,/home/a61491/CASTOR_KRFE/outputs/mkpx/rep27/run.log
mkpx,,27,accuracy,overall,,,1.0,2256.0,6,1,,/home/a61491/CASTOR_KRFE/outputs/mkpx/rep27/run.log
mkpx,,27,macro avg,average,1.0,0.99,1.0,2256.0,6,1,,/home/a61491/CASTOR_KRFE/outputs/mkpx/rep27/run.log
mkpx,,27,weighted avg,average,1.0,1.0,1.0,2256.0,6,1,,/home/a61491/CASTOR_KRFE/outputs/mkpx/rep27/run.log
mkpx,,28,I,class,0.84,1.0,0.91,245.0,5,1,,/home/a61491/CASTOR_KRFE/outputs/mkpx/rep28/run.log
mkpx,,28,II,class,1.0,0.98,0.99,2011.0,5,1,,/home/a61491/CASTOR_KRFE/outputs/mkpx/rep28/run.log
mkpx,,28,accuracy,overall,,,0.98,2256.0,5,1,,/home/a61491/CASTOR_KRFE/outputs/mkpx/rep28/run.log
mkpx,,28,macro avg,average,0.92,0.99,0.95,2256.0,5,1,,/home/a61491/CASTOR_KRFE/outputs/mkpx/rep28/run.log
mkpx,,28,weighted avg,average,0.98,0.98,0.98,2256.0,5,1,,/home/a61491/CASTOR_KRFE/outputs/mkpx/rep28/run.log
mkpx,,29,I,class,0.84,1.0,0.91,245.0,4,1,,/home/a61491/CASTOR_KRFE/outputs/mkpx/rep29/run.log
mkpx,,29,II,class,1.0,0.98,0.99,2011.0,4,1,,/home/a61491/CASTOR_KRFE/outputs/mkpx/rep29/run.log
mkpx,,29,accuracy,overall,,,0.98,2256.0,4,1,,/home/a61491/CASTOR_KRFE/outputs/mkpx/rep29/run.log
mkpx,,29,macro avg,average,0.92,0.99,0.95,2256.0,4,1,,/home/a61491/CASTOR_KRFE/outputs/mkpx/rep29/run.log
mkpx,,29,weighted avg,average,0.98,0.98,0.98,2256.0,4,1,,/home/a61491/CASTOR_KRFE/outputs/mkpx/rep29/run.log
mkpx,,3,I,class,0.9,1.0,0.95,245.0,5,1,,/home/a61491/CASTOR_KRFE/outputs/mkpx/rep3/run.log
mkpx,,3,II,class,1.0,0.99,0.99,2011.0,5,1,,/home/a61491/CASTOR_KRFE/outputs/mkpx/rep3/run.log
mkpx,,3,accuracy,overall,,,0.99,2256.0,5,1,,/home/a61491/CASTOR_KRFE/outputs/mkpx/rep3/run.log
mkpx,,3,macro avg,average,0.95,0.99,0.97,2256.0,5,1,,/home/a61491/CASTOR_KRFE/outputs/mkpx/rep3/run.log
mkpx,,3,weighted avg,average,0.99,0.99,0.99,2256.0,5,1,,/home/a61491/CASTOR_KRFE/outputs/mkpx/rep3/run.log
mkpx,,30,I,class,1.0,1.0,1.0,245.0,6,1,,/home/a61491/CASTOR_KRFE/outputs/mkpx/rep30/run.log
mkpx,,30,II,class,1.0,1.0,1.0,2011.0,6,1,,/home/a61491/CASTOR_KRFE/outputs/mkpx/rep30/run.log
mkpx,,30,accuracy,overall,,,1.0,2256.0,6,1,,/home/a61491/CASTOR_KRFE/outputs/mkpx/rep30/run.log
mkpx,,30,macro avg,average,1.0,1.0,1.0,2256.0,6,1,,/home/a61491/CASTOR_KRFE/outputs/mkpx/rep30/run.log
mkpx,,30,weighted avg,average,1.0,1.0,1.0,2256.0,6,1,,/home/a61491/CASTOR_KRFE/outputs/mkpx/rep30/run.log
mkpx,,31,I,class,0.99,1.0,1.0,245.0,6,1,,/home/a61491/CASTOR_KRFE/outputs/mkpx/rep31/run.log
mkpx,,31,II,class,1.0,1.0,1.0,2011.0,6,1,,/home/a61491/CASTOR_KRFE/outputs/mkpx/rep31/run.log
mkpx,,31,accuracy,overall,,,1.0,2256.0,6,1,,/home/a61491/CASTOR_KRFE/outputs/mkpx/rep31/run.log
mkpx,,31,macro avg,average,1.0,1.0,1.0,2256.0,6,1,,/home/a61491/CASTOR_KRFE/outputs/mkpx/rep31/run.log
mkpx,,31,weighted avg,average,1.0,1.0,1.0,2256.0,6,1,,/home/a61491/CASTOR_KRFE/outputs/mkpx/rep31/run.log
mkpx,,32,I,class,1.0,1.0,1.0,245.0,6,1,,/home/a61491/CASTOR_KRFE/outputs/mkpx/rep32/run.log
mkpx,,32,II,class,1.0,1.0,1.0,2011.0,6,1,,/home/a61491/CASTOR_KRFE/outputs/mkpx/rep32/run.log
mkpx,,32,accuracy,overall,,,1.0,2256.0,6,1,,/home/a61491/CASTOR_KRFE/outputs/mkpx/rep32/run.log
mkpx,,32,macro avg,average,1.0,1.0,1.0,2256.0,6,1,,/home/a61491/CASTOR_KRFE/outputs/mkpx/rep32/run.log
mkpx,,32,weighted avg,average,1.0,1.0,1.0,2256.0,6,1,,/home/a61491/CASTOR_KRFE/outputs/mkpx/rep32/run.log
mkpx,,33,I,class,0.97,0.99,0.98,245.0,5,1,,/home/a61491/CASTOR_KRFE/outputs/mkpx/rep33/run.log
mkpx,,33,II,class,1.0,1.0,1.0,2011.0,5,1,,/home/a61491/CASTOR_KRFE/outputs/mkpx/rep33/run.log
mkpx,,33,accuracy,overall,,,1.0,2256.0,5,1,,/home/a61491/CASTOR_KRFE/outputs/mkpx/rep33/run.log
mkpx,,33,macro avg,average,0.98,0.99,0.99,2256.0,5,1,,/home/a61491/CASTOR_KRFE/outputs/mkpx/rep33/run.log
mkpx,,33,weighted avg,average,1.0,1.0,1.0,2256.0,5,1,,/home/a61491/CASTOR_KRFE/outputs/mkpx/rep33/run.log
mkpx,,34,I,class,1.0,1.0,1.0,245.0,6,1,,/home/a61491/CASTOR_KRFE/outputs/mkpx/rep34/run.log
mkpx,,34,II,class,1.0,1.0,1.0,2011.0,6,1,,/home/a61491/CASTOR_KRFE/outputs/mkpx/rep34/run.log
mkpx,,34,accuracy,overall,,,1.0,2256.0,6,1,,/home/a61491/CASTOR_KRFE/outputs/mkpx/rep34/run.log
mkpx,,34,macro avg,average,1.0,1.0,1.0,2256.0,6,1,,/home/a61491/CASTOR_KRFE/outputs/mkpx/rep34/run.log
mkpx,,34,weighted avg,average,1.0,1.0,1.0,2256.0,6,1,,/home/a61491/CASTOR_KRFE/outputs/mkpx/rep34/run.log
mkpx,,35,I,class,0.85,1.0,0.92,245.0,4,1,,/home/a61491/CASTOR_KRFE/outputs/mkpx/rep35/run.log
mkpx,,35,II,class,1.0,0.98,0.99,2011.0,4,1,,/home/a61491/CASTOR_KRFE/outputs/mkpx/rep35/run.log
mkpx,,35,accuracy,overall,,,0.98,2256.0,4,1,,/home/a61491/CASTOR_KRFE/outputs/mkpx/rep35/run.log
mkpx,,35,macro avg,average,0.92,0.99,0.95,2256.0,4,1,,/home/a61491/CASTOR_KRFE/outputs/mkpx/rep35/run.log
mkpx,,35,weighted avg,average,0.98,0.98,0.98,2256.0,4,1,,/home/a61491/CASTOR_KRFE/outputs/mkpx/rep35/run.log
mkpx,,36,I,class,0.98,1.0,0.99,245.0,5,1,,/home/a61491/CASTOR_KRFE/outputs/mkpx/rep36/run.log
mkpx,,36,II,class,1.0,1.0,1.0,2011.0,5,1,,/home/a61491/CASTOR_KRFE/outputs/mkpx/rep36/run.log
mkpx,,36,accuracy,overall,,,1.0,2256.0,5,1,,/home/a61491/CASTOR_KRFE/outputs/mkpx/rep36/run.log
mkpx,,36,macro avg,average,0.99,1.0,0.99,2256.0,5,1,,/home/a61491/CASTOR_KRFE/outputs/mkpx/rep36/run.log
mkpx,,36,weighted avg,average,1.0,1.0,1.0,2256.0,5,1,,/home/a61491/CASTOR_KRFE/outputs/mkpx/rep36/run.log
mkpx,,37,I,class,0.83,1.0,0.91,245.0,5,1,,/home/a61491/CASTOR_KRFE/outputs/mkpx/rep37/run.log
mkpx,,37,II,class,1.0,0.98,0.99,2011.0,5,1,,/home/a61491/CASTOR_KRFE/outputs/mkpx/rep37/run.log
mkpx,,37,accuracy,overall,,,0.98,2256.0,5,1,,/home/a61491/CASTOR_KRFE/outputs/mkpx/rep37/run.log
mkpx,,37,macro avg,average,0.92,0.99,0.95,2256.0,5,1,,/home/a61491/CASTOR_KRFE/outputs/mkpx/rep37/run.log
mkpx,,37,weighted avg,average,0.98,0.98,0.98,2256.0,5,1,,/home/a61491/CASTOR_KRFE/outputs/mkpx/rep37/run.log
mkpx,,38,I,class,0.91,1.0,0.95,245.0,5,1,,/home/a61491/CASTOR_KRFE/outputs/mkpx/rep38/run.log
mkpx,,38,II,class,1.0,0.99,0.99,2011.0,5,1,,/home/a61491/CASTOR_KRFE/outputs/mkpx/rep38/run.log
mkpx,,38,accuracy,overall,,,0.99,2256.0,5,1,,/home/a61491/CASTOR_KRFE/outputs/mkpx/rep38/run.log
mkpx,,38,macro avg,average,0.96,0.99,0.97,2256.0,5,1,,/home/a61491/CASTOR_KRFE/outputs/mkpx/rep38/run.log
mkpx,,38,weighted avg,average,0.99,0.99,0.99,2256.0,5,1,,/home/a61491/CASTOR_KRFE/outputs/mkpx/rep38/run.log
mkpx,,39,I,class,1.0,1.0,1.0,245.0,6,1,,/home/a61491/CASTOR_KRFE/outputs/mkpx/rep39/run.log
mkpx,,39,II,class,1.0,1.0,1.0,2011.0,6,1,,/home/a61491/CASTOR_KRFE/outputs/mkpx/rep39/run.log
mkpx,,39,accuracy,overall,,,1.0,2256.0,6,1,,/home/a61491/CASTOR_KRFE/outputs/mkpx/rep39/run.log
mkpx,,39,macro avg,average,1.0,1.0,1.0,2256.0,6,1,,/home/a61491/CASTOR_KRFE/outputs/mkpx/rep39/run.log
mkpx,,39,weighted avg,average,1.0,1.0,1.0,2256.0,6,1,,/home/a61491/CASTOR_KRFE/outputs/mkpx/rep39/run.log
mkpx,,4,I,class,1.0,1.0,1.0,245.0,6,1,,/home/a61491/CASTOR_KRFE/outputs/mkpx/rep4/run.log
mkpx,,4,II,class,1.0,1.0,1.0,2011.0,6,1,,/home/a61491/CASTOR_KRFE/outputs/mkpx/rep4/run.log
mkpx,,4,accuracy,overall,,,1.0,2256.0,6,1,,/home/a61491/CASTOR_KRFE/outputs/mkpx/rep4/run.log
mkpx,,4,macro avg,average,1.0,1.0,1.0,2256.0,6,1,,/home/a61491/CASTOR_KRFE/outputs/mkpx/rep4/run.log
mkpx,,4,weighted avg,average,1.0,1.0,1.0,2256.0,6,1,,/home/a61491/CASTOR_KRFE/outputs/mkpx/rep4/run.log
mkpx,,40,I,class,0.98,1.0,0.99,245.0,5,1,,/home/a61491/CASTOR_KRFE/outputs/mkpx/rep40/run.log
mkpx,,40,II,class,1.0,1.0,1.0,2011.0,5,1,,/home/a61491/CASTOR_KRFE/outputs/mkpx/rep40/run.log
mkpx,,40,accuracy,overall,,,1.0,2256.0,5,1,,/home/a61491/CASTOR_KRFE/outputs/mkpx/rep40/run.log
mkpx,,40,macro avg,average,0.99,1.0,0.99,2256.0,5,1,,/home/a61491/CASTOR_KRFE/outputs/mkpx/rep40/run.log
mkpx,,40,weighted avg,average,1.0,1.0,1.0,2256.0,5,1,,/home/a61491/CASTOR_KRFE/outputs/mkpx/rep40/run.log
mkpx,,41,I,class,1.0,1.0,1.0,245.0,6,1,,/home/a61491/CASTOR_KRFE/outputs/mkpx/rep41/run.log
mkpx,,41,II,class,1.0,1.0,1.0,2011.0,6,1,,/home/a61491/CASTOR_KRFE/outputs/mkpx/rep41/run.log
mkpx,,41,accuracy,overall,,,1.0,2256.0,6,1,,/home/a61491/CASTOR_KRFE/outputs/mkpx/rep41/run.log
mkpx,,41,macro avg,average,1.0,1.0,1.0,2256.0,6,1,,/home/a61491/CASTOR_KRFE/outputs/mkpx/rep41/run.log
mkpx,,41,weighted avg,average,1.0,1.0,1.0,2256.0,6,1,,/home/a61491/CASTOR_KRFE/outputs/mkpx/rep41/run.log
mkpx,,42,I,class,0.84,1.0,0.91,245.0,5,1,,/home/a61491/CASTOR_KRFE/outputs/mkpx/rep42/run.log
mkpx,,42,II,class,1.0,0.98,0.99,2011.0,5,1,,/home/a61491/CASTOR_KRFE/outputs/mkpx/rep42/run.log
mkpx,,42,accuracy,overall,,,0.98,2256.0,5,1,,/home/a61491/CASTOR_KRFE/outputs/mkpx/rep42/run.log
mkpx,,42,macro avg,average,0.92,0.99,0.95,2256.0,5,1,,/home/a61491/CASTOR_KRFE/outputs/mkpx/rep42/run.log
mkpx,,42,weighted avg,average,0.98,0.98,0.98,2256.0,5,1,,/home/a61491/CASTOR_KRFE/outputs/mkpx/rep42/run.log
mkpx,,43,I,class,1.0,1.0,1.0,245.0,6,1,,/home/a61491/CASTOR_KRFE/outputs/mkpx/rep43/run.log
mkpx,,43,II,class,1.0,1.0,1.0,2011.0,6,1,,/home/a61491/CASTOR_KRFE/outputs/mkpx/rep43/run.log
mkpx,,43,accuracy,overall,,,1.0,2256.0,6,1,,/home/a61491/CASTOR_KRFE/outputs/mkpx/rep43/run.log
mkpx,,43,macro avg,average,1.0,1.0,1.0,2256.0,6,1,,/home/a61491/CASTOR_KRFE/outputs/mkpx/rep43/run.log
mkpx,,43,weighted avg,average,1.0,1.0,1.0,2256.0,6,1,,/home/a61491/CASTOR_KRFE/outputs/mkpx/rep43/run.log
mkpx,,44,I,class,0.95,1.0,0.97,245.0,5,1,,/home/a61491/CASTOR_KRFE/outputs/mkpx/rep44/run.log
mkpx,,44,II,class,1.0,0.99,1.0,2011.0,5,1,,/home/a61491/CASTOR_KRFE/outputs/mkpx/rep44/run.log
mkpx,,44,accuracy,overall,,,0.99,2256.0,5,1,,/home/a61491/CASTOR_KRFE/outputs/mkpx/rep44/run.log
mkpx,,44,macro avg,average,0.97,0.99,0.98,2256.0,5,1,,/home/a61491/CASTOR_KRFE/outputs/mkpx/rep44/run.log
mkpx,,44,weighted avg,average,0.99,0.99,0.99,2256.0,5,1,,/home/a61491/CASTOR_KRFE/outputs/mkpx/rep44/run.log
mkpx,,45,I,class,0.8,0.99,0.89,245.0,5,1,,/home/a61491/CASTOR_KRFE/outputs/mkpx/rep45/run.log
mkpx,,45,II,class,1.0,0.97,0.98,2011.0,5,1,,/home/a61491/CASTOR_KRFE/outputs/mkpx/rep45/run.log
mkpx,,45,accuracy,overall,,,0.97,2256.0,5,1,,/home/a61491/CASTOR_KRFE/outputs/mkpx/rep45/run.log
mkpx,,45,macro avg,average,0.9,0.98,0.94,2256.0,5,1,,/home/a61491/CASTOR_KRFE/outputs/mkpx/rep45/run.log
mkpx,,45,weighted avg,average,0.98,0.97,0.97,2256.0,5,1,,/home/a61491/CASTOR_KRFE/outputs/mkpx/rep45/run.log
mkpx,,46,I,class,1.0,0.99,1.0,245.0,6,1,,/home/a61491/CASTOR_KRFE/outputs/mkpx/rep46/run.log
mkpx,,46,II,class,1.0,1.0,1.0,2011.0,6,1,,/home/a61491/CASTOR_KRFE/outputs/mkpx/rep46/run.log
mkpx,,46,accuracy,overall,,,1.0,2256.0,6,1,,/home/a61491/CASTOR_KRFE/outputs/mkpx/rep46/run.log
mkpx,,46,macro avg,average,1.0,1.0,1.0,2256.0,6,1,,/home/a61491/CASTOR_KRFE/outputs/mkpx/rep46/run.log
mkpx,,46,weighted avg,average,1.0,1.0,1.0,2256.0,6,1,,/home/a61491/CASTOR_KRFE/outputs/mkpx/rep46/run.log
mkpx,,47,I,class,0.97,1.0,0.98,245.0,5,1,,/home/a61491/CASTOR_KRFE/outputs/mkpx/rep47/run.log
mkpx,,47,II,class,1.0,1.0,1.0,2011.0,5,1,,/home/a61491/CASTOR_KRFE/outputs/mkpx/rep47/run.log
mkpx,,47,accuracy,overall,,,1.0,2256.0,5,1,,/home/a61491/CASTOR_KRFE/outputs/mkpx/rep47/run.log
mkpx,,47,macro avg,average,0.98,1.0,0.99,2256.0,5,1,,/home/a61491/CASTOR_KRFE/outputs/mkpx/rep47/run.log
mkpx,,47,weighted avg,average,1.0,1.0,1.0,2256.0,5,1,,/home/a61491/CASTOR_KRFE/outputs/mkpx/rep47/run.log
mkpx,,48,I,class,1.0,1.0,1.0,245.0,6,1,,/home/a61491/CASTOR_KRFE/outputs/mkpx/rep48/run.log
mkpx,,48,II,class,1.0,1.0,1.0,2011.0,6,1,,/home/a61491/CASTOR_KRFE/outputs/mkpx/rep48/run.log
mkpx,,48,accuracy,overall,,,1.0,2256.0,6,1,,/home/a61491/CASTOR_KRFE/outputs/mkpx/rep48/run.log
mkpx,,48,macro avg,average,1.0,1.0,1.0,2256.0,6,1,,/home/a61491/CASTOR_KRFE/outputs/mkpx/rep48/run.log
mkpx,,48,weighted avg,average,1.0,1.0,1.0,2256.0,6,1,,/home/a61491/CASTOR_KRFE/outputs/mkpx/rep48/run.log
mkpx,,49,I,class,0.85,1.0,0.92,245.0,4,1,,/home/a61491/CASTOR_KRFE/outputs/mkpx/rep49/run.log
mkpx,,49,II,class,1.0,0.98,0.99,2011.0,4,1,,/home/a61491/CASTOR_KRFE/outputs/mkpx/rep49/run.log
mkpx,,49,accuracy,overall,,,0.98,2256.0,4,1,,/home/a61491/CASTOR_KRFE/outputs/mkpx/rep49/run.log
mkpx,,49,macro avg,average,0.92,0.99,0.95,2256.0,4,1,,/home/a61491/CASTOR_KRFE/outputs/mkpx/rep49/run.log
mkpx,,49,weighted avg,average,0.98,0.98,0.98,2256.0,4,1,,/home/a61491/CASTOR_KRFE/outputs/mkpx/rep49/run.log
mkpx,,5,I,class,1.0,1.0,1.0,245.0,6,1,,/home/a61491/CASTOR_KRFE/outputs/mkpx/rep5/run.log
mkpx,,5,II,class,1.0,1.0,1.0,2011.0,6,1,,/home/a61491/CASTOR_KRFE/outputs/mkpx/rep5/run.log
mkpx,,5,accuracy,overall,,,1.0,2256.0,6,1,,/home/a61491/CASTOR_KRFE/outputs/mkpx/rep5/run.log
mkpx,,5,macro avg,average,1.0,1.0,1.0,2256.0,6,1,,/home/a61491/CASTOR_KRFE/outputs/mkpx/rep5/run.log
mkpx,,5,weighted avg,average,1.0,1.0,1.0,2256.0,6,1,,/home/a61491/CASTOR_KRFE/outputs/mkpx/rep5/run.log
mkpx,,50,I,class,1.0,1.0,1.0,245.0,6,1,,/home/a61491/CASTOR_KRFE/outputs/mkpx/rep50/run.log
mkpx,,50,II,class,1.0,1.0,1.0,2011.0,6,1,,/home/a61491/CASTOR_KRFE/outputs/mkpx/rep50/run.log
mkpx,,50,accuracy,overall,,,1.0,2256.0,6,1,,/home/a61491/CASTOR_KRFE/outputs/mkpx/rep50/run.log
mkpx,,50,macro avg,average,1.0,1.0,1.0,2256.0,6,1,,/home/a61491/CASTOR_KRFE/outputs/mkpx/rep50/run.log
mkpx,,50,weighted avg,average,1.0,1.0,1.0,2256.0,6,1,,/home/a61491/CASTOR_KRFE/outputs/mkpx/rep50/run.log
mkpx,,51,I,class,1.0,1.0,1.0,245.0,6,1,,/home/a61491/CASTOR_KRFE/outputs/mkpx/rep51/run.log
mkpx,,51,II,class,1.0,1.0,1.0,2011.0,6,1,,/home/a61491/CASTOR_KRFE/outputs/mkpx/rep51/run.log
mkpx,,51,accuracy,overall,,,1.0,2256.0,6,1,,/home/a61491/CASTOR_KRFE/outputs/mkpx/rep51/run.log
mkpx,,51,macro avg,average,1.0,1.0,1.0,2256.0,6,1,,/home/a61491/CASTOR_KRFE/outputs/mkpx/rep51/run.log
mkpx,,51,weighted avg,average,1.0,1.0,1.0,2256.0,6,1,,/home/a61491/CASTOR_KRFE/outputs/mkpx/rep51/run.log
mkpx,,52,I,class,1.0,1.0,1.0,245.0,6,1,,/home/a61491/CASTOR_KRFE/outputs/mkpx/rep52/run.log
mkpx,,52,II,class,1.0,1.0,1.0,2011.0,6,1,,/home/a61491/CASTOR_KRFE/outputs/mkpx/rep52/run.log
mkpx,,52,accuracy,overall,,,1.0,2256.0,6,1,,/home/a61491/CASTOR_KRFE/outputs/mkpx/rep52/run.log
mkpx,,52,macro avg,average,1.0,1.0,1.0,2256.0,6,1,,/home/a61491/CASTOR_KRFE/outputs/mkpx/rep52/run.log
mkpx,,52,weighted avg,average,1.0,1.0,1.0,2256.0,6,1,,/home/a61491/CASTOR_KRFE/outputs/mkpx/rep52/run.log
mkpx,,53,I,class,1.0,1.0,1.0,245.0,6,1,,/home/a61491/CASTOR_KRFE/outputs/mkpx/rep53/run.log
mkpx,,53,II,class,1.0,1.0,1.0,2011.0,6,1,,/home/a61491/CASTOR_KRFE/outputs/mkpx/rep53/run.log
mkpx,,53,accuracy,overall,,,1.0,2256.0,6,1,,/home/a61491/CASTOR_KRFE/outputs/mkpx/rep53/run.log
mkpx,,53,macro avg,average,1.0,1.0,1.0,2256.0,6,1,,/home/a61491/CASTOR_KRFE/outputs/mkpx/rep53/run.log
mkpx,,53,weighted avg,average,1.0,1.0,1.0,2256.0,6,1,,/home/a61491/CASTOR_KRFE/outputs/mkpx/rep53/run.log
mkpx,,54,I,class,1.0,1.0,1.0,245.0,6,1,,/home/a61491/CASTOR_KRFE/outputs/mkpx/rep54/run.log
mkpx,,54,II,class,1.0,1.0,1.0,2011.0,6,1,,/home/a61491/CASTOR_KRFE/outputs/mkpx/rep54/run.log
mkpx,,54,accuracy,overall,,,1.0,2256.0,6,1,,/home/a61491/CASTOR_KRFE/outputs/mkpx/rep54/run.log
mkpx,,54,macro avg,average,1.0,1.0,1.0,2256.0,6,1,,/home/a61491/CASTOR_KRFE/outputs/mkpx/rep54/run.log
mkpx,,54,weighted avg,average,1.0,1.0,1.0,2256.0,6,1,,/home/a61491/CASTOR_KRFE/outputs/mkpx/rep54/run.log
mkpx,,55,I,class,0.85,1.0,0.92,245.0,5,1,,/home/a61491/CASTOR_KRFE/outputs/mkpx/rep55/run.log
mkpx,,55,II,class,1.0,0.98,0.99,2011.0,5,1,,/home/a61491/CASTOR_KRFE/outputs/mkpx/rep55/run.log
mkpx,,55,accuracy,overall,,,0.98,2256.0,5,1,,/home/a61491/CASTOR_KRFE/outputs/mkpx/rep55/run.log
mkpx,,55,macro avg,average,0.92,0.99,0.95,2256.0,5,1,,/home/a61491/CASTOR_KRFE/outputs/mkpx/rep55/run.log
mkpx,,55,weighted avg,average,0.98,0.98,0.98,2256.0,5,1,,/home/a61491/CASTOR_KRFE/outputs/mkpx/rep55/run.log
mkpx,,56,I,class,0.9,1.0,0.95,245.0,5,1,,/home/a61491/CASTOR_KRFE/outputs/mkpx/rep56/run.log
mkpx,,56,II,class,1.0,0.99,0.99,2011.0,5,1,,/home/a61491/CASTOR_KRFE/outputs/mkpx/rep56/run.log
mkpx,,56,accuracy,overall,,,0.99,2256.0,5,1,,/home/a61491/CASTOR_KRFE/outputs/mkpx/rep56/run.log
mkpx,,56,macro avg,average,0.95,0.99,0.97,2256.0,5,1,,/home/a61491/CASTOR_KRFE/outputs/mkpx/rep56/run.log
mkpx,,56,weighted avg,average,0.99,0.99,0.99,2256.0,5,1,,/home/a61491/CASTOR_KRFE/outputs/mkpx/rep56/run.log
mkpx,,57,I,class,1.0,1.0,1.0,245.0,6,1,,/home/a61491/CASTOR_KRFE/outputs/mkpx/rep57/run.log
mkpx,,57,II,class,1.0,1.0,1.0,2011.0,6,1,,/home/a61491/CASTOR_KRFE/outputs/mkpx/rep57/run.log
mkpx,,57,accuracy,overall,,,1.0,2256.0,6,1,,/home/a61491/CASTOR_KRFE/outputs/mkpx/rep57/run.log
mkpx,,57,macro avg,average,1.0,1.0,1.0,2256.0,6,1,,/home/a61491/CASTOR_KRFE/outputs/mkpx/rep57/run.log
mkpx,,57,weighted avg,average,1.0,1.0,1.0,2256.0,6,1,,/home/a61491/CASTOR_KRFE/outputs/mkpx/rep57/run.log
mkpx,,58,I,class,0.84,1.0,0.91,245.0,5,1,,/home/a61491/CASTOR_KRFE/outputs/mkpx/rep58/run.log
mkpx,,58,II,class,1.0,0.98,0.99,2011.0,5,1,,/home/a61491/CASTOR_KRFE/outputs/mkpx/rep58/run.log
mkpx,,58,accuracy,overall,,,0.98,2256.0,5,1,,/home/a61491/CASTOR_KRFE/outputs/mkpx/rep58/run.log
mkpx,,58,macro avg,average,0.92,0.99,0.95,2256.0,5,1,,/home/a61491/CASTOR_KRFE/outputs/mkpx/rep58/run.log
mkpx,,58,weighted avg,average,0.98,0.98,0.98,2256.0,5,1,,/home/a61491/CASTOR_KRFE/outputs/mkpx/rep58/run.log
mkpx,,59,I,class,0.9,1.0,0.95,245.0,5,1,,/home/a61491/CASTOR_KRFE/outputs/mkpx/rep59/run.log
mkpx,,59,II,class,1.0,0.99,0.99,2011.0,5,1,,/home/a61491/CASTOR_KRFE/outputs/mkpx/rep59/run.log
mkpx,,59,accuracy,overall,,,0.99,2256.0,5,1,,/home/a61491/CASTOR_KRFE/outputs/mkpx/rep59/run.log
mkpx,,59,macro avg,average,0.95,0.99,0.97,2256.0,5,1,,/home/a61491/CASTOR_KRFE/outputs/mkpx/rep59/run.log
mkpx,,59,weighted avg,average,0.99,0.99,0.99,2256.0,5,1,,/home/a61491/CASTOR_KRFE/outputs/mkpx/rep59/run.log
mkpx,,6,I,class,0.84,1.0,0.92,245.0,5,1,,/home/a61491/CASTOR_KRFE/outputs/mkpx/rep6/run.log
mkpx,,6,II,class,1.0,0.98,0.99,2011.0,5,1,,/home/a61491/CASTOR_KRFE/outputs/mkpx/rep6/run.log
mkpx,,6,accuracy,overall,,,0.98,2256.0,5,1,,/home/a61491/CASTOR_KRFE/outputs/mkpx/rep6/run.log
mkpx,,6,macro avg,average,0.92,0.99,0.95,2256.0,5,1,,/home/a61491/CASTOR_KRFE/outputs/mkpx/rep6/run.log
mkpx,,6,weighted avg,average,0.98,0.98,0.98,2256.0,5,1,,/home/a61491/CASTOR_KRFE/outputs/mkpx/rep6/run.log
mkpx,,60,I,class,0.85,1.0,0.92,245.0,5,1,,/home/a61491/CASTOR_KRFE/outputs/mkpx/rep60/run.log
mkpx,,60,II,class,1.0,0.98,0.99,2011.0,5,1,,/home/a61491/CASTOR_KRFE/outputs/mkpx/rep60/run.log
mkpx,,60,accuracy,overall,,,0.98,2256.0,5,1,,/home/a61491/CASTOR_KRFE/outputs/mkpx/rep60/run.log
mkpx,,60,macro avg,average,0.92,0.99,0.95,2256.0,5,1,,/home/a61491/CASTOR_KRFE/outputs/mkpx/rep60/run.log
mkpx,,60,weighted avg,average,0.98,0.98,0.98,2256.0,5,1,,/home/a61491/CASTOR_KRFE/outputs/mkpx/rep60/run.log
mkpx,,61,I,class,0.98,1.0,0.99,245.0,6,1,,/home/a61491/CASTOR_KRFE/outputs/mkpx/rep61/run.log
mkpx,,61,II,class,1.0,1.0,1.0,2011.0,6,1,,/home/a61491/CASTOR_KRFE/outputs/mkpx/rep61/run.log
mkpx,,61,accuracy,overall,,,1.0,2256.0,6,1,,/home/a61491/CASTOR_KRFE/outputs/mkpx/rep61/run.log
mkpx,,61,macro avg,average,0.99,1.0,0.99,2256.0,6,1,,/home/a61491/CASTOR_KRFE/outputs/mkpx/rep61/run.log
mkpx,,61,weighted avg,average,1.0,1.0,1.0,2256.0,6,1,,/home/a61491/CASTOR_KRFE/outputs/mkpx/rep61/run.log
mkpx,,62,I,class,1.0,1.0,1.0,245.0,6,1,,/home/a61491/CASTOR_KRFE/outputs/mkpx/rep62/run.log
mkpx,,62,II,class,1.0,1.0,1.0,2011.0,6,1,,/home/a61491/CASTOR_KRFE/outputs/mkpx/rep62/run.log
mkpx,,62,accuracy,overall,,,1.0,2256.0,6,1,,/home/a61491/CASTOR_KRFE/outputs/mkpx/rep62/run.log
mkpx,,62,macro avg,average,1.0,1.0,1.0,2256.0,6,1,,/home/a61491/CASTOR_KRFE/outputs/mkpx/rep62/run.log
mkpx,,62,weighted avg,average,1.0,1.0,1.0,2256.0,6,1,,/home/a61491/CASTOR_KRFE/outputs/mkpx/rep62/run.log
mkpx,,63,I,class,0.97,1.0,0.99,245.0,5,1,,/home/a61491/CASTOR_KRFE/outputs/mkpx/rep63/run.log
mkpx,,63,II,class,1.0,1.0,1.0,2011.0,5,1,,/home/a61491/CASTOR_KRFE/outputs/mkpx/rep63/run.log
mkpx,,63,accuracy,overall,,,1.0,2256.0,5,1,,/home/a61491/CASTOR_KRFE/outputs/mkpx/rep63/run.log
mkpx,,63,macro avg,average,0.99,1.0,0.99,2256.0,5,1,,/home/a61491/CASTOR_KRFE/outputs/mkpx/rep63/run.log
mkpx,,63,weighted avg,average,1.0,1.0,1.0,2256.0,5,1,,/home/a61491/CASTOR_KRFE/outputs/mkpx/rep63/run.log
mkpx,,64,I,class,0.93,1.0,0.96,245.0,5,1,,/home/a61491/CASTOR_KRFE/outputs/mkpx/rep64/run.log
mkpx,,64,II,class,1.0,0.99,1.0,2011.0,5,1,,/home/a61491/CASTOR_KRFE/outputs/mkpx/rep64/run.log
mkpx,,64,accuracy,overall,,,0.99,2256.0,5,1,,/home/a61491/CASTOR_KRFE/outputs/mkpx/rep64/run.log
mkpx,,64,macro avg,average,0.97,0.99,0.98,2256.0,5,1,,/home/a61491/CASTOR_KRFE/outputs/mkpx/rep64/run.log
mkpx,,64,weighted avg,average,0.99,0.99,0.99,2256.0,5,1,,/home/a61491/CASTOR_KRFE/outputs/mkpx/rep64/run.log
mkpx,,65,I,class,1.0,1.0,1.0,245.0,6,1,,/home/a61491/CASTOR_KRFE/outputs/mkpx/rep65/run.log
mkpx,,65,II,class,1.0,1.0,1.0,2011.0,6,1,,/home/a61491/CASTOR_KRFE/outputs/mkpx/rep65/run.log
mkpx,,65,accuracy,overall,,,1.0,2256.0,6,1,,/home/a61491/CASTOR_KRFE/outputs/mkpx/rep65/run.log
mkpx,,65,macro avg,average,1.0,1.0,1.0,2256.0,6,1,,/home/a61491/CASTOR_KRFE/outputs/mkpx/rep65/run.log
mkpx,,65,weighted avg,average,1.0,1.0,1.0,2256.0,6,1,,/home/a61491/CASTOR_KRFE/outputs/mkpx/rep65/run.log
mkpx,,66,I,class,1.0,1.0,1.0,245.0,6,1,,/home/a61491/CASTOR_KRFE/outputs/mkpx/rep66/run.log
mkpx,,66,II,class,1.0,1.0,1.0,2011.0,6,1,,/home/a61491/CASTOR_KRFE/outputs/mkpx/rep66/run.log
mkpx,,66,accuracy,overall,,,1.0,2256.0,6,1,,/home/a61491/CASTOR_KRFE/outputs/mkpx/rep66/run.log
mkpx,,66,macro avg,average,1.0,1.0,1.0,2256.0,6,1,,/home/a61491/CASTOR_KRFE/outputs/mkpx/rep66/run.log
mkpx,,66,weighted avg,average,1.0,1.0,1.0,2256.0,6,1,,/home/a61491/CASTOR_KRFE/outputs/mkpx/rep66/run.log
mkpx,,67,I,class,0.92,1.0,0.96,245.0,5,1,,/home/a61491/CASTOR_KRFE/outputs/mkpx/rep67/run.log
mkpx,,67,II,class,1.0,0.99,1.0,2011.0,5,1,,/home/a61491/CASTOR_KRFE/outputs/mkpx/rep67/run.log
mkpx,,67,accuracy,overall,,,0.99,2256.0,5,1,,/home/a61491/CASTOR_KRFE/outputs/mkpx/rep67/run.log
mkpx,,67,macro avg,average,0.96,1.0,0.98,2256.0,5,1,,/home/a61491/CASTOR_KRFE/outputs/mkpx/rep67/run.log
mkpx,,67,weighted avg,average,0.99,0.99,0.99,2256.0,5,1,,/home/a61491/CASTOR_KRFE/outputs/mkpx/rep67/run.log
mkpx,,68,I,class,0.93,1.0,0.96,245.0,5,1,,/home/a61491/CASTOR_KRFE/outputs/mkpx/rep68/run.log
mkpx,,68,II,class,1.0,0.99,1.0,2011.0,5,1,,/home/a61491/CASTOR_KRFE/outputs/mkpx/rep68/run.log
mkpx,,68,accuracy,overall,,,0.99,2256.0,5,1,,/home/a61491/CASTOR_KRFE/outputs/mkpx/rep68/run.log
mkpx,,68,macro avg,average,0.96,0.99,0.98,2256.0,5,1,,/home/a61491/CASTOR_KRFE/outputs/mkpx/rep68/run.log
mkpx,,68,weighted avg,average,0.99,0.99,0.99,2256.0,5,1,,/home/a61491/CASTOR_KRFE/outputs/mkpx/rep68/run.log
mkpx,,69,I,class,1.0,1.0,1.0,245.0,6,1,,/home/a61491/CASTOR_KRFE/outputs/mkpx/rep69/run.log
mkpx,,69,II,class,1.0,1.0,1.0,2011.0,6,1,,/home/a61491/CASTOR_KRFE/outputs/mkpx/rep69/run.log
mkpx,,69,accuracy,overall,,,1.0,2256.0,6,1,,/home/a61491/CASTOR_KRFE/outputs/mkpx/rep69/run.log
mkpx,,69,macro avg,average,1.0,1.0,1.0,2256.0,6,1,,/home/a61491/CASTOR_KRFE/outputs/mkpx/rep69/run.log
mkpx,,69,weighted avg,average,1.0,1.0,1.0,2256.0,6,1,,/home/a61491/CASTOR_KRFE/outputs/mkpx/rep69/run.log
mkpx,,7,I,class,0.97,1.0,0.99,245.0,5,1,,/home/a61491/CASTOR_KRFE/outputs/mkpx/rep7/run.log
mkpx,,7,II,class,1.0,1.0,1.0,2011.0,5,1,,/home/a61491/CASTOR_KRFE/outputs/mkpx/rep7/run.log
mkpx,,7,accuracy,overall,,,1.0,2256.0,5,1,,/home/a61491/CASTOR_KRFE/outputs/mkpx/rep7/run.log
mkpx,,7,macro avg,average,0.99,1.0,0.99,2256.0,5,1,,/home/a61491/CASTOR_KRFE/outputs/mkpx/rep7/run.log
mkpx,,7,weighted avg,average,1.0,1.0,1.0,2256.0,5,1,,/home/a61491/CASTOR_KRFE/outputs/mkpx/rep7/run.log
mkpx,,70,I,class,1.0,1.0,1.0,245.0,6,1,,/home/a61491/CASTOR_KRFE/outputs/mkpx/rep70/run.log
mkpx,,70,II,class,1.0,1.0,1.0,2011.0,6,1,,/home/a61491/CASTOR_KRFE/outputs/mkpx/rep70/run.log
mkpx,,70,accuracy,overall,,,1.0,2256.0,6,1,,/home/a61491/CASTOR_KRFE/outputs/mkpx/rep70/run.log
mkpx,,70,macro avg,average,1.0,1.0,1.0,2256.0,6,1,,/home/a61491/CASTOR_KRFE/outputs/mkpx/rep70/run.log
mkpx,,70,weighted avg,average,1.0,1.0,1.0,2256.0,6,1,,/home/a61491/CASTOR_KRFE/outputs/mkpx/rep70/run.log
mkpx,,71,I,class,0.84,1.0,0.91,245.0,5,1,,/home/a61491/CASTOR_KRFE/outputs/mkpx/rep71/run.log
mkpx,,71,II,class,1.0,0.98,0.99,2011.0,5,1,,/home/a61491/CASTOR_KRFE/outputs/mkpx/rep71/run.log
mkpx,,71,accuracy,overall,,,0.98,2256.0,5,1,,/home/a61491/CASTOR_KRFE/outputs/mkpx/rep71/run.log
mkpx,,71,macro avg,average,0.92,0.99,0.95,2256.0,5,1,,/home/a61491/CASTOR_KRFE/outputs/mkpx/rep71/run.log
mkpx,,71,weighted avg,average,0.98,0.98,0.98,2256.0,5,1,,/home/a61491/CASTOR_KRFE/outputs/mkpx/rep71/run.log
mkpx,,72,I,class,1.0,0.99,1.0,245.0,6,1,,/home/a61491/CASTOR_KRFE/outputs/mkpx/rep72/run.log
mkpx,,72,II,class,1.0,1.0,1.0,2011.0,6,1,,/home/a61491/CASTOR_KRFE/outputs/mkpx/rep72/run.log
mkpx,,72,accuracy,overall,,,1.0,2256.0,6,1,,/home/a61491/CASTOR_KRFE/outputs/mkpx/rep72/run.log
mkpx,,72,macro avg,average,1.0,1.0,1.0,2256.0,6,1,,/home/a61491/CASTOR_KRFE/outputs/mkpx/rep72/run.log
mkpx,,72,weighted avg,average,1.0,1.0,1.0,2256.0,6,1,,/home/a61491/CASTOR_KRFE/outputs/mkpx/rep72/run.log
mkpx,,73,I,class,1.0,1.0,1.0,245.0,6,1,,/home/a61491/CASTOR_KRFE/outputs/mkpx/rep73/run.log
mkpx,,73,II,class,1.0,1.0,1.0,2011.0,6,1,,/home/a61491/CASTOR_KRFE/outputs/mkpx/rep73/run.log
mkpx,,73,accuracy,overall,,,1.0,2256.0,6,1,,/home/a61491/CASTOR_KRFE/outputs/mkpx/rep73/run.log
mkpx,,73,macro avg,average,1.0,1.0,1.0,2256.0,6,1,,/home/a61491/CASTOR_KRFE/outputs/mkpx/rep73/run.log
mkpx,,73,weighted avg,average,1.0,1.0,1.0,2256.0,6,1,,/home/a61491/CASTOR_KRFE/outputs/mkpx/rep73/run.log
mkpx,,74,I,class,0.94,1.0,0.97,245.0,6,1,,/home/a61491/CASTOR_KRFE/outputs/mkpx/rep74/run.log
mkpx,,74,II,class,1.0,0.99,1.0,2011.0,6,1,,/home/a61491/CASTOR_KRFE/outputs/mkpx/rep74/run.log
mkpx,,74,accuracy,overall,,,0.99,2256.0,6,1,,/home/a61491/CASTOR_KRFE/outputs/mkpx/rep74/run.log
mkpx,,74,macro avg,average,0.97,1.0,0.98,2256.0,6,1,,/home/a61491/CASTOR_KRFE/outputs/mkpx/rep74/run.log
mkpx,,74,weighted avg,average,0.99,0.99,0.99,2256.0,6,1,,/home/a61491/CASTOR_KRFE/outputs/mkpx/rep74/run.log
mkpx,,75,I,class,1.0,1.0,1.0,245.0,6,1,,/home/a61491/CASTOR_KRFE/outputs/mkpx/rep75/run.log
mkpx,,75,II,class,1.0,1.0,1.0,2011.0,6,1,,/home/a61491/CASTOR_KRFE/outputs/mkpx/rep75/run.log
mkpx,,75,accuracy,overall,,,1.0,2256.0,6,1,,/home/a61491/CASTOR_KRFE/outputs/mkpx/rep75/run.log
mkpx,,75,macro avg,average,1.0,1.0,1.0,2256.0,6,1,,/home/a61491/CASTOR_KRFE/outputs/mkpx/rep75/run.log
mkpx,,75,weighted avg,average,1.0,1.0,1.0,2256.0,6,1,,/home/a61491/CASTOR_KRFE/outputs/mkpx/rep75/run.log
mkpx,,76,I,class,1.0,1.0,1.0,245.0,6,1,,/home/a61491/CASTOR_KRFE/outputs/mkpx/rep76/run.log
mkpx,,76,II,class,1.0,1.0,1.0,2011.0,6,1,,/home/a61491/CASTOR_KRFE/outputs/mkpx/rep76/run.log
mkpx,,76,accuracy,overall,,,1.0,2256.0,6,1,,/home/a61491/CASTOR_KRFE/outputs/mkpx/rep76/run.log
mkpx,,76,macro avg,average,1.0,1.0,1.0,2256.0,6,1,,/home/a61491/CASTOR_KRFE/outputs/mkpx/rep76/run.log
mkpx,,76,weighted avg,average,1.0,1.0,1.0,2256.0,6,1,,/home/a61491/CASTOR_KRFE/outputs/mkpx/rep76/run.log
mkpx,,77,I,class,1.0,1.0,1.0,245.0,6,1,,/home/a61491/CASTOR_KRFE/outputs/mkpx/rep77/run.log
mkpx,,77,II,class,1.0,1.0,1.0,2011.0,6,1,,/home/a61491/CASTOR_KRFE/outputs/mkpx/rep77/run.log
mkpx,,77,accuracy,overall,,,1.0,2256.0,6,1,,/home/a61491/CASTOR_KRFE/outputs/mkpx/rep77/run.log
mkpx,,77,macro avg,average,1.0,1.0,1.0,2256.0,6,1,,/home/a61491/CASTOR_KRFE/outputs/mkpx/rep77/run.log
mkpx,,77,weighted avg,average,1.0,1.0,1.0,2256.0,6,1,,/home/a61491/CASTOR_KRFE/outputs/mkpx/rep77/run.log
mkpx,,78,I,class,0.97,0.99,0.98,245.0,5,1,,/home/a61491/CASTOR_KRFE/outputs/mkpx/rep78/run.log
mkpx,,78,II,class,1.0,1.0,1.0,2011.0,5,1,,/home/a61491/CASTOR_KRFE/outputs/mkpx/rep78/run.log
mkpx,,78,accuracy,overall,,,1.0,2256.0,5,1,,/home/a61491/CASTOR_KRFE/outputs/mkpx/rep78/run.log
mkpx,,78,macro avg,average,0.99,0.99,0.99,2256.0,5,1,,/home/a61491/CASTOR_KRFE/outputs/mkpx/rep78/run.log
mkpx,,78,weighted avg,average,1.0,1.0,1.0,2256.0,5,1,,/home/a61491/CASTOR_KRFE/outputs/mkpx/rep78/run.log
mkpx,,79,I,class,0.82,1.0,0.9,245.0,5,1,,/home/a61491/CASTOR_KRFE/outputs/mkpx/rep79/run.log
mkpx,,79,II,class,1.0,0.97,0.99,2011.0,5,1,,/home/a61491/CASTOR_KRFE/outputs/mkpx/rep79/run.log
mkpx,,79,accuracy,overall,,,0.98,2256.0,5,1,,/home/a61491/CASTOR_KRFE/outputs/mkpx/rep79/run.log
mkpx,,79,macro avg,average,0.91,0.99,0.94,2256.0,5,1,,/home/a61491/CASTOR_KRFE/outputs/mkpx/rep79/run.log
mkpx,,79,weighted avg,average,0.98,0.98,0.98,2256.0,5,1,,/home/a61491/CASTOR_KRFE/outputs/mkpx/rep79/run.log
mkpx,,8,I,class,1.0,1.0,1.0,245.0,6,1,,/home/a61491/CASTOR_KRFE/outputs/mkpx/rep8/run.log
mkpx,,8,II,class,1.0,1.0,1.0,2011.0,6,1,,/home/a61491/CASTOR_KRFE/outputs/mkpx/rep8/run.log
mkpx,,8,accuracy,overall,,,1.0,2256.0,6,1,,/home/a61491/CASTOR_KRFE/outputs/mkpx/rep8/run.log
mkpx,,8,macro avg,average,1.0,1.0,1.0,2256.0,6,1,,/home/a61491/CASTOR_KRFE/outputs/mkpx/rep8/run.log
mkpx,,8,weighted avg,average,1.0,1.0,1.0,2256.0,6,1,,/home/a61491/CASTOR_KRFE/outputs/mkpx/rep8/run.log
mkpx,,80,I,class,0.84,1.0,0.91,245.0,5,1,,/home/a61491/CASTOR_KRFE/outputs/mkpx/rep80/run.log
mkpx,,80,II,class,1.0,0.98,0.99,2011.0,5,1,,/home/a61491/CASTOR_KRFE/outputs/mkpx/rep80/run.log
mkpx,,80,accuracy,overall,,,0.98,2256.0,5,1,,/home/a61491/CASTOR_KRFE/outputs/mkpx/rep80/run.log
mkpx,,80,macro avg,average,0.92,0.99,0.95,2256.0,5,1,,/home/a61491/CASTOR_KRFE/outputs/mkpx/rep80/run.log
mkpx,,80,weighted avg,average,0.98,0.98,0.98,2256.0,5,1,,/home/a61491/CASTOR_KRFE/outputs/mkpx/rep80/run.log
mkpx,,81,I,class,1.0,1.0,1.0,245.0,6,1,,/home/a61491/CASTOR_KRFE/outputs/mkpx/rep81/run.log
mkpx,,81,II,class,1.0,1.0,1.0,2011.0,6,1,,/home/a61491/CASTOR_KRFE/outputs/mkpx/rep81/run.log
mkpx,,81,accuracy,overall,,,1.0,2256.0,6,1,,/home/a61491/CASTOR_KRFE/outputs/mkpx/rep81/run.log
mkpx,,81,macro avg,average,1.0,1.0,1.0,2256.0,6,1,,/home/a61491/CASTOR_KRFE/outputs/mkpx/rep81/run.log
mkpx,,81,weighted avg,average,1.0,1.0,1.0,2256.0,6,1,,/home/a61491/CASTOR_KRFE/outputs/mkpx/rep81/run.log
mkpx,,82,I,class,0.98,1.0,0.99,245.0,6,1,,/home/a61491/CASTOR_KRFE/outputs/mkpx/rep82/run.log
mkpx,,82,II,class,1.0,1.0,1.0,2011.0,6,1,,/home/a61491/CASTOR_KRFE/outputs/mkpx/rep82/run.log
mkpx,,82,accuracy,overall,,,1.0,2256.0,6,1,,/home/a61491/CASTOR_KRFE/outputs/mkpx/rep82/run.log
mkpx,,82,macro avg,average,0.99,1.0,0.99,2256.0,6,1,,/home/a61491/CASTOR_KRFE/outputs/mkpx/rep82/run.log
mkpx,,82,weighted avg,average,1.0,1.0,1.0,2256.0,6,1,,/home/a61491/CASTOR_KRFE/outputs/mkpx/rep82/run.log
mkpx,,83,I,class,1.0,1.0,1.0,245.0,6,1,,/home/a61491/CASTOR_KRFE/outputs/mkpx/rep83/run.log
mkpx,,83,II,class,1.0,1.0,1.0,2011.0,6,1,,/home/a61491/CASTOR_KRFE/outputs/mkpx/rep83/run.log
mkpx,,83,accuracy,overall,,,1.0,2256.0,6,1,,/home/a61491/CASTOR_KRFE/outputs/mkpx/rep83/run.log
mkpx,,83,macro avg,average,1.0,1.0,1.0,2256.0,6,1,,/home/a61491/CASTOR_KRFE/outputs/mkpx/rep83/run.log
mkpx,,83,weighted avg,average,1.0,1.0,1.0,2256.0,6,1,,/home/a61491/CASTOR_KRFE/outputs/mkpx/rep83/run.log
mkpx,,84,I,class,0.98,1.0,0.99,245.0,6,1,,/home/a61491/CASTOR_KRFE/outputs/mkpx/rep84/run.log
mkpx,,84,II,class,1.0,1.0,1.0,2011.0,6,1,,/home/a61491/CASTOR_KRFE/outputs/mkpx/rep84/run.log
mkpx,,84,accuracy,overall,,,1.0,2256.0,6,1,,/home/a61491/CASTOR_KRFE/outputs/mkpx/rep84/run.log
mkpx,,84,macro avg,average,0.99,1.0,0.99,2256.0,6,1,,/home/a61491/CASTOR_KRFE/outputs/mkpx/rep84/run.log
mkpx,,84,weighted avg,average,1.0,1.0,1.0,2256.0,6,1,,/home/a61491/CASTOR_KRFE/outputs/mkpx/rep84/run.log
mkpx,,85,I,class,0.98,1.0,0.99,245.0,6,1,,/home/a61491/CASTOR_KRFE/outputs/mkpx/rep85/run.log
mkpx,,85,II,class,1.0,1.0,1.0,2011.0,6,1,,/home/a61491/CASTOR_KRFE/outputs/mkpx/rep85/run.log
mkpx,,85,accuracy,overall,,,1.0,2256.0,6,1,,/home/a61491/CASTOR_KRFE/outputs/mkpx/rep85/run.log
mkpx,,85,macro avg,average,0.99,1.0,0.99,2256.0,6,1,,/home/a61491/CASTOR_KRFE/outputs/mkpx/rep85/run.log
mkpx,,85,weighted avg,average,1.0,1.0,1.0,2256.0,6,1,,/home/a61491/CASTOR_KRFE/outputs/mkpx/rep85/run.log
mkpx,,86,I,class,0.91,1.0,0.95,245.0,5,1,,/home/a61491/CASTOR_KRFE/outputs/mkpx/rep86/run.log
mkpx,,86,II,class,1.0,0.99,0.99,2011.0,5,1,,/home/a61491/CASTOR_KRFE/outputs/mkpx/rep86/run.log
mkpx,,86,accuracy,overall,,,0.99,2256.0,5,1,,/home/a61491/CASTOR_KRFE/outputs/mkpx/rep86/run.log
mkpx,,86,macro avg,average,0.95,0.99,0.97,2256.0,5,1,,/home/a61491/CASTOR_KRFE/outputs/mkpx/rep86/run.log
mkpx,,86,weighted avg,average,0.99,0.99,0.99,2256.0,5,1,,/home/a61491/CASTOR_KRFE/outputs/mkpx/rep86/run.log
mkpx,,87,I,class,1.0,1.0,1.0,245.0,6,1,,/home/a61491/CASTOR_KRFE/outputs/mkpx/rep87/run.log
mkpx,,87,II,class,1.0,1.0,1.0,2011.0,6,1,,/home/a61491/CASTOR_KRFE/outputs/mkpx/rep87/run.log
mkpx,,87,accuracy,overall,,,1.0,2256.0,6,1,,/home/a61491/CASTOR_KRFE/outputs/mkpx/rep87/run.log
mkpx,,87,macro avg,average,1.0,1.0,1.0,2256.0,6,1,,/home/a61491/CASTOR_KRFE/outputs/mkpx/rep87/run.log
mkpx,,87,weighted avg,average,1.0,1.0,1.0,2256.0,6,1,,/home/a61491/CASTOR_KRFE/outputs/mkpx/rep87/run.log
mkpx,,88,I,class,0.97,0.99,0.98,245.0,5,1,,/home/a61491/CASTOR_KRFE/outputs/mkpx/rep88/run.log
mkpx,,88,II,class,1.0,1.0,1.0,2011.0,5,1,,/home/a61491/CASTOR_KRFE/outputs/mkpx/rep88/run.log
mkpx,,88,accuracy,overall,,,1.0,2256.0,5,1,,/home/a61491/CASTOR_KRFE/outputs/mkpx/rep88/run.log
mkpx,,88,macro avg,average,0.99,0.99,0.99,2256.0,5,1,,/home/a61491/CASTOR_KRFE/outputs/mkpx/rep88/run.log
mkpx,,88,weighted avg,average,1.0,1.0,1.0,2256.0,5,1,,/home/a61491/CASTOR_KRFE/outputs/mkpx/rep88/run.log
mkpx,,89,I,class,0.9,1.0,0.95,245.0,5,1,,/home/a61491/CASTOR_KRFE/outputs/mkpx/rep89/run.log
mkpx,,89,II,class,1.0,0.99,0.99,2011.0,5,1,,/home/a61491/CASTOR_KRFE/outputs/mkpx/rep89/run.log
mkpx,,89,accuracy,overall,,,0.99,2256.0,5,1,,/home/a61491/CASTOR_KRFE/outputs/mkpx/rep89/run.log
mkpx,,89,macro avg,average,0.95,0.99,0.97,2256.0,5,1,,/home/a61491/CASTOR_KRFE/outputs/mkpx/rep89/run.log
mkpx,,89,weighted avg,average,0.99,0.99,0.99,2256.0,5,1,,/home/a61491/CASTOR_KRFE/outputs/mkpx/rep89/run.log
mkpx,,9,I,class,1.0,1.0,1.0,245.0,6,1,,/home/a61491/CASTOR_KRFE/outputs/mkpx/rep9/run.log
mkpx,,9,II,class,1.0,1.0,1.0,2011.0,6,1,,/home/a61491/CASTOR_KRFE/outputs/mkpx/rep9/run.log
mkpx,,9,accuracy,overall,,,1.0,2256.0,6,1,,/home/a61491/CASTOR_KRFE/outputs/mkpx/rep9/run.log
mkpx,,9,macro avg,average,1.0,1.0,1.0,2256.0,6,1,,/home/a61491/CASTOR_KRFE/outputs/mkpx/rep9/run.log
mkpx,,9,weighted avg,average,1.0,1.0,1.0,2256.0,6,1,,/home/a61491/CASTOR_KRFE/outputs/mkpx/rep9/run.log
mkpx,,90,I,class,0.88,1.0,0.94,245.0,5,1,,/home/a61491/CASTOR_KRFE/outputs/mkpx/rep90/run.log
mkpx,,90,II,class,1.0,0.98,0.99,2011.0,5,1,,/home/a61491/CASTOR_KRFE/outputs/mkpx/rep90/run.log
mkpx,,90,accuracy,overall,,,0.99,2256.0,5,1,,/home/a61491/CASTOR_KRFE/outputs/mkpx/rep90/run.log
mkpx,,90,macro avg,average,0.94,0.99,0.96,2256.0,5,1,,/home/a61491/CASTOR_KRFE/outputs/mkpx/rep90/run.log
mkpx,,90,weighted avg,average,0.99,0.99,0.99,2256.0,5,1,,/home/a61491/CASTOR_KRFE/outputs/mkpx/rep90/run.log
mkpx,,91,I,class,0.98,1.0,0.99,245.0,6,1,,/home/a61491/CASTOR_KRFE/outputs/mkpx/rep91/run.log
mkpx,,91,II,class,1.0,1.0,1.0,2011.0,6,1,,/home/a61491/CASTOR_KRFE/outputs/mkpx/rep91/run.log
mkpx,,91,accuracy,overall,,,1.0,2256.0,6,1,,/home/a61491/CASTOR_KRFE/outputs/mkpx/rep91/run.log
mkpx,,91,macro avg,average,0.99,1.0,0.99,2256.0,6,1,,/home/a61491/CASTOR_KRFE/outputs/mkpx/rep91/run.log
mkpx,,91,weighted avg,average,1.0,1.0,1.0,2256.0,6,1,,/home/a61491/CASTOR_KRFE/outputs/mkpx/rep91/run.log
mkpx,,92,I,class,0.79,1.0,0.88,245.0,5,1,,/home/a61491/CASTOR_KRFE/outputs/mkpx/rep92/run.log
mkpx,,92,II,class,1.0,0.97,0.98,2011.0,5,1,,/home/a61491/CASTOR_KRFE/outputs/mkpx/rep92/run.log
mkpx,,92,accuracy,overall,,,0.97,2256.0,5,1,,/home/a61491/CASTOR_KRFE/outputs/mkpx/rep92/run.log
mkpx,,92,macro avg,average,0.9,0.98,0.93,2256.0,5,1,,/home/a61491/CASTOR_KRFE/outputs/mkpx/rep92/run.log
mkpx,,92,weighted avg,average,0.98,0.97,0.97,2256.0,5,1,,/home/a61491/CASTOR_KRFE/outputs/mkpx/rep92/run.log
mkpx,,93,I,class,1.0,1.0,1.0,245.0,6,1,,/home/a61491/CASTOR_KRFE/outputs/mkpx/rep93/run.log
mkpx,,93,II,class,1.0,1.0,1.0,2011.0,6,1,,/home/a61491/CASTOR_KRFE/outputs/mkpx/rep93/run.log
mkpx,,93,accuracy,overall,,,1.0,2256.0,6,1,,/home/a61491/CASTOR_KRFE/outputs/mkpx/rep93/run.log
mkpx,,93,macro avg,average,1.0,1.0,1.0,2256.0,6,1,,/home/a61491/CASTOR_KRFE/outputs/mkpx/rep93/run.log
mkpx,,93,weighted avg,average,1.0,1.0,1.0,2256.0,6,1,,/home/a61491/CASTOR_KRFE/outputs/mkpx/rep93/run.log
mkpx,,94,I,class,1.0,1.0,1.0,245.0,6,1,,/home/a61491/CASTOR_KRFE/outputs/mkpx/rep94/run.log
mkpx,,94,II,class,1.0,1.0,1.0,2011.0,6,1,,/home/a61491/CASTOR_KRFE/outputs/mkpx/rep94/run.log
mkpx,,94,accuracy,overall,,,1.0,2256.0,6,1,,/home/a61491/CASTOR_KRFE/outputs/mkpx/rep94/run.log
mkpx,,94,macro avg,average,1.0,1.0,1.0,2256.0,6,1,,/home/a61491/CASTOR_KRFE/outputs/mkpx/rep94/run.log
mkpx,,94,weighted avg,average,1.0,1.0,1.0,2256.0,6,1,,/home/a61491/CASTOR_KRFE/outputs/mkpx/rep94/run.log
mkpx,,95,I,class,0.85,1.0,0.92,245.0,5,1,,/home/a61491/CASTOR_KRFE/outputs/mkpx/rep95/run.log
mkpx,,95,II,class,1.0,0.98,0.99,2011.0,5,1,,/home/a61491/CASTOR_KRFE/outputs/mkpx/rep95/run.log
mkpx,,95,accuracy,overall,,,0.98,2256.0,5,1,,/home/a61491/CASTOR_KRFE/outputs/mkpx/rep95/run.log
mkpx,,95,macro avg,average,0.93,0.99,0.95,2256.0,5,1,,/home/a61491/CASTOR_KRFE/outputs/mkpx/rep95/run.log
mkpx,,95,weighted avg,average,0.98,0.98,0.98,2256.0,5,1,,/home/a61491/CASTOR_KRFE/outputs/mkpx/rep95/run.log
mkpx,,96,I,class,1.0,0.99,1.0,245.0,6,1,,/home/a61491/CASTOR_KRFE/outputs/mkpx/rep96/run.log
mkpx,,96,II,class,1.0,1.0,1.0,2011.0,6,1,,/home/a61491/CASTOR_KRFE/outputs/mkpx/rep96/run.log
mkpx,,96,accuracy,overall,,,1.0,2256.0,6,1,,/home/a61491/CASTOR_KRFE/outputs/mkpx/rep96/run.log
mkpx,,96,macro avg,average,1.0,1.0,1.0,2256.0,6,1,,/home/a61491/CASTOR_KRFE/outputs/mkpx/rep96/run.log
mkpx,,96,weighted avg,average,1.0,1.0,1.0,2256.0,6,1,,/home/a61491/CASTOR_KRFE/outputs/mkpx/rep96/run.log
mkpx,,97,I,class,0.91,0.99,0.95,245.0,5,1,,/home/a61491/CASTOR_KRFE/outputs/mkpx/rep97/run.log
mkpx,,97,II,class,1.0,0.99,0.99,2011.0,5,1,,/home/a61491/CASTOR_KRFE/outputs/mkpx/rep97/run.log
mkpx,,97,accuracy,overall,,,0.99,2256.0,5,1,,/home/a61491/CASTOR_KRFE/outputs/mkpx/rep97/run.log
mkpx,,97,macro avg,average,0.95,0.99,0.97,2256.0,5,1,,/home/a61491/CASTOR_KRFE/outputs/mkpx/rep97/run.log
mkpx,,97,weighted avg,average,0.99,0.99,0.99,2256.0,5,1,,/home/a61491/CASTOR_KRFE/outputs/mkpx/rep97/run.log
mkpx,,98,I,class,1.0,1.0,1.0,245.0,6,1,,/home/a61491/CASTOR_KRFE/outputs/mkpx/rep98/run.log
mkpx,,98,II,class,1.0,1.0,1.0,2011.0,6,1,,/home/a61491/CASTOR_KRFE/outputs/mkpx/rep98/run.log
mkpx,,98,accuracy,overall,,,1.0,2256.0,6,1,,/home/a61491/CASTOR_KRFE/outputs/mkpx/rep98/run.log
mkpx,,98,macro avg,average,1.0,1.0,1.0,2256.0,6,1,,/home/a61491/CASTOR_KRFE/outputs/mkpx/rep98/run.log
mkpx,,98,weighted avg,average,1.0,1.0,1.0,2256.0,6,1,,/home/a61491/CASTOR_KRFE/outputs/mkpx/rep98/run.log
mkpx,,99,I,class,0.89,1.0,0.94,245.0,5,1,,/home/a61491/CASTOR_KRFE/outputs/mkpx/rep99/run.log
mkpx,,99,II,class,1.0,0.98,0.99,2011.0,5,1,,/home/a61491/CASTOR_KRFE/outputs/mkpx/rep99/run.log
mkpx,,99,accuracy,overall,,,0.99,2256.0,5,1,,/home/a61491/CASTOR_KRFE/outputs/mkpx/rep99/run.log
mkpx,,99,macro avg,average,0.94,0.99,0.97,2256.0,5,1,,/home/a61491/CASTOR_KRFE/outputs/mkpx/rep99/run.log
mkpx,,99,weighted avg,average,0.99,0.99,0.99,2256.0,5,1,,/home/a61491/CASTOR_KRFE/outputs/mkpx/rep99/run.log
mkpx,4,10,,evaluation,,,0.9904012134401285,,,1,,/home/a61491/CASTOR_KRFE/outputs/mkpx/rep10/run.log
mkpx,4,25,,evaluation,,,0.9965095986038395,,,1,,/home/a61491/CASTOR_KRFE/outputs/mkpx/rep25/run.log
mkpx,4,29,,evaluation,,,0.9912738902002589,,,1,,/home/a61491/CASTOR_KRFE/outputs/mkpx/rep29/run.log
mkpx,4,35,,evaluation,,,0.9930190058479532,,,1,,/home/a61491/CASTOR_KRFE/outputs/mkpx/rep35/run.log
mkpx,4,49,,evaluation,,,0.9904012134401285,,,1,,/home/a61491/CASTOR_KRFE/outputs/mkpx/rep49/run.log
mkpx,5,1,,evaluation,,,0.9930190058479532,,,1,,/home/a61491/CASTOR_KRFE/outputs/mkpx/rep1/run.log
mkpx,5,100,,evaluation,,,0.9947642543859649,,,1,,/home/a61491/CASTOR_KRFE/outputs/mkpx/rep100/run.log
mkpx,5,11,,evaluation,,,0.9904008041211207,,,1,,/home/a61491/CASTOR_KRFE/outputs/mkpx/rep11/run.log
mkpx,5,12,,evaluation,,,0.9938915696503453,,,1,,/home/a61491/CASTOR_KRFE/outputs/mkpx/rep12/run.log
mkpx,5,13,,evaluation,,,0.9921463038361582,,,1,,/home/a61491/CASTOR_KRFE/outputs/mkpx/rep13/run.log
mkpx,5,14,,evaluation,,,0.991273332033725,,,1,,/home/a61491/CASTOR_KRFE/outputs/mkpx/rep14/run.log
mkpx,5,15,,evaluation,,,0.9921463038361582,,,1,,/home/a61491/CASTOR_KRFE/outputs/mkpx/rep15/run.log
mkpx,5,18,,evaluation,,,0.9912737573099413,,,1,,/home/a61491/CASTOR_KRFE/outputs/mkpx/rep18/run.log
mkpx,5,19,,evaluation,,,0.9904008041211207,,,1,,/home/a61491/CASTOR_KRFE/outputs/mkpx/rep19/run.log
mkpx,5,2,,evaluation,,,0.9930188570053577,,,1,,/home/a61491/CASTOR_KRFE/outputs/mkpx/rep2/run.log
mkpx,5,20,,evaluation,,,0.9965095560801036,,,1,,/home/a61491/CASTOR_KRFE/outputs/mkpx/rep20/run.log
mkpx,5,21,,evaluation,,,0.9947642543859649,,,1,,/home/a61491/CASTOR_KRFE/outputs/mkpx/rep21/run.log
mkpx,5,22,,evaluation,,,0.9947643341201553,,,1,,/home/a61491/CASTOR_KRFE/outputs/mkpx/rep22/run.log
mkpx,5,23,,evaluation,,,0.9912737573099413,,,1,,/home/a61491/CASTOR_KRFE/outputs/mkpx/rep23/run.log
mkpx,5,24,,evaluation,,,0.9921463038361582,,,1,,/home/a61491/CASTOR_KRFE/outputs/mkpx/rep24/run.log
mkpx,5,28,,evaluation,,,0.9930190058479532,,,1,,/home/a61491/CASTOR_KRFE/outputs/mkpx/rep28/run.log
mkpx,5,3,,evaluation,,,0.9921461124627351,,,1,,/home/a61491/CASTOR_KRFE/outputs/mkpx/rep3/run.log
mkpx,5,33,,evaluation,,,0.9982547939865013,,,1,,/home/a61491/CASTOR_KRFE/outputs/mkpx/rep33/run.log
mkpx,5,36,,evaluation,,,0.9956369152000586,,,1,,/home/a61491/CASTOR_KRFE/outputs/mkpx/rep36/run.log
mkpx,5,37,,evaluation,,,0.9921465430398225,,,1,,/home/a61491/CASTOR_KRFE/outputs/mkpx/rep37/run.log
mkpx,5,38,,evaluation,,,0.9965095560801036,,,1,,/home/a61491/CASTOR_KRFE/outputs/mkpx/rep38/run.log
mkpx,5,40,,evaluation,,,0.9965095560801036,,,1,,/home/a61491/CASTOR_KRFE/outputs/mkpx/rep40/run.log
mkpx,5,42,,evaluation,,,0.991273332033725,,,1,,/home/a61491/CASTOR_KRFE/outputs/mkpx/rep42/run.log
mkpx,5,44,,evaluation,,,0.9921461124627351,,,1,,/home/a61491/CASTOR_KRFE/outputs/mkpx/rep44/run.log
mkpx,5,45,,evaluation,,,0.9904005117290272,,,1,,/home/a61491/CASTOR_KRFE/outputs/mkpx/rep45/run.log
mkpx,5,47,,evaluation,,,0.9982547939865013,,,1,,/home/a61491/CASTOR_KRFE/outputs/mkpx/rep47/run.log
mkpx,5,55,,evaluation,,,0.9912735712566972,,,1,,/home/a61491/CASTOR_KRFE/outputs/mkpx/rep55/run.log
mkpx,5,56,,evaluation,,,0.9956369152000586,,,1,,/home/a61491/CASTOR_KRFE/outputs/mkpx/rep56/run.log
mkpx,5,58,,evaluation,,,0.9921461124627351,,,1,,/home/a61491/CASTOR_KRFE/outputs/mkpx/rep58/run.log
mkpx,5,59,,evaluation,,,0.9921461124627351,,,1,,/home/a61491/CASTOR_KRFE/outputs/mkpx/rep59/run.log
mkpx,5,6,,evaluation,,,0.992146447360105,,,1,,/home/a61491/CASTOR_KRFE/outputs/mkpx/rep6/run.log
mkpx,5,60,,evaluation,,,0.9921463038361582,,,1,,/home/a61491/CASTOR_KRFE/outputs/mkpx/rep60/run.log
mkpx,5,63,,evaluation,,,0.9991273989865341,,,1,,/home/a61491/CASTOR_KRFE/outputs/mkpx/rep63/run.log
mkpx,5,64,,evaluation,,,0.9973821810132741,,,1,,/home/a61491/CASTOR_KRFE/outputs/mkpx/rep64/run.log
mkpx,5,67,,evaluation,,,0.991273332033725,,,1,,/home/a61491/CASTOR_KRFE/outputs/mkpx/rep67/run.log
mkpx,5,68,,evaluation,,,0.9973821810132741,,,1,,/home/a61491/CASTOR_KRFE/outputs/mkpx/rep68/run.log
mkpx,5,7,,evaluation,,,0.9991273989865341,,,1,,/home/a61491/CASTOR_KRFE/outputs/mkpx/rep7/run.log
mkpx,5,71,,evaluation,,,0.991273332033725,,,1,,/home/a61491/CASTOR_KRFE/outputs/mkpx/rep71/run.log
mkpx,5,78,,evaluation,,,0.9991273989865341,,,1,,/home/a61491/CASTOR_KRFE/outputs/mkpx/rep78/run.log
mkpx,5,79,,evaluation,,,0.9947642543859649,,,1,,/home/a61491/CASTOR_KRFE/outputs/mkpx/rep79/run.log
mkpx,5,80,,evaluation,,,0.9930190058479532,,,1,,/home/a61491/CASTOR_KRFE/outputs/mkpx/rep80/run.log
mkpx,5,86,,evaluation,,,0.992146447360105,,,1,,/home/a61491/CASTOR_KRFE/outputs/mkpx/rep86/run.log
mkpx,5,88,,evaluation,,,0.9991273989865341,,,1,,/home/a61491/CASTOR_KRFE/outputs/mkpx/rep88/run.log
mkpx,5,89,,evaluation,,,0.9921461124627351,,,1,,/home/a61491/CASTOR_KRFE/outputs/mkpx/rep89/run.log
mkpx,5,90,,evaluation,,,0.9938915696503453,,,1,,/home/a61491/CASTOR_KRFE/outputs/mkpx/rep90/run.log
mkpx,5,92,,evaluation,,,0.9930191121602071,,,1,,/home/a61491/CASTOR_KRFE/outputs/mkpx/rep92/run.log
mkpx,5,95,,evaluation,,,0.991273332033725,,,1,,/home/a61491/CASTOR_KRFE/outputs/mkpx/rep95/run.log
mkpx,5,97,,evaluation,,,0.9930188570053577,,,1,,/home/a61491/CASTOR_KRFE/outputs/mkpx/rep97/run.log
mkpx,5,99,,evaluation,,,0.995636968355457,,,1,,/home/a61491/CASTOR_KRFE/outputs/mkpx/rep99/run.log
mkpx,6,16,,evaluation,,,1.0,,,1,,/home/a61491/CASTOR_KRFE/outputs/mkpx/rep16/run.log
mkpx,6,17,,evaluation,,,1.0,,,1,,/home/a61491/CASTOR_KRFE/outputs/mkpx/rep17/run.log
mkpx,6,26,,evaluation,,,1.0,,,1,,/home/a61491/CASTOR_KRFE/outputs/mkpx/rep26/run.log
mkpx,6,27,,evaluation,,,0.9982547939865013,,,1,,/home/a61491/CASTOR_KRFE/outputs/mkpx/rep27/run.log
mkpx,6,30,,evaluation,,,1.0,,,1,,/home/a61491/CASTOR_KRFE/outputs/mkpx/rep30/run.log
mkpx,6,31,,evaluation,,,1.0,,,1,,/home/a61491/CASTOR_KRFE/outputs/mkpx/rep31/run.log
mkpx,6,32,,evaluation,,,1.0,,,1,,/home/a61491/CASTOR_KRFE/outputs/mkpx/rep32/run.log
mkpx,6,34,,evaluation,,,1.0,,,1,,/home/a61491/CASTOR_KRFE/outputs/mkpx/rep34/run.log
mkpx,6,39,,evaluation,,,1.0,,,1,,/home/a61491/CASTOR_KRFE/outputs/mkpx/rep39/run.log
mkpx,6,4,,evaluation,,,1.0,,,1,,/home/a61491/CASTOR_KRFE/outputs/mkpx/rep4/run.log
mkpx,6,41,,evaluation,,,1.0,,,1,,/home/a61491/CASTOR_KRFE/outputs/mkpx/rep41/run.log
mkpx,6,43,,evaluation,,,1.0,,,1,,/home/a61491/CASTOR_KRFE/outputs/mkpx/rep43/run.log
mkpx,6,46,,evaluation,,,1.0,,,1,,/home/a61491/CASTOR_KRFE/outputs/mkpx/rep46/run.log
mkpx,6,48,,evaluation,,,1.0,,,1,,/home/a61491/CASTOR_KRFE/outputs/mkpx/rep48/run.log
mkpx,6,5,,evaluation,,,1.0,,,1,,/home/a61491/CASTOR_KRFE/outputs/mkpx/rep5/run.log
mkpx,6,50,,evaluation,,,1.0,,,1,,/home/a61491/CASTOR_KRFE/outputs/mkpx/rep50/run.log
mkpx,6,51,,evaluation,,,1.0,,,1,,/home/a61491/CASTOR_KRFE/outputs/mkpx/rep51/run.log
mkpx,6,52,,evaluation,,,1.0,,,1,,/home/a61491/CASTOR_KRFE/outputs/mkpx/rep52/run.log
mkpx,6,53,,evaluation,,,1.0,,,1,,/home/a61491/CASTOR_KRFE/outputs/mkpx/rep53/run.log
mkpx,6,54,,evaluation,,,1.0,,,1,,/home/a61491/CASTOR_KRFE/outputs/mkpx/rep54/run.log
mkpx,6,57,,evaluation,,,1.0,,,1,,/home/a61491/CASTOR_KRFE/outputs/mkpx/rep57/run.log
mkpx,6,61,,evaluation,,,1.0,,,1,,/home/a61491/CASTOR_KRFE/outputs/mkpx/rep61/run.log
mkpx,6,62,,evaluation,,,0.9965095560801036,,,1,,/home/a61491/CASTOR_KRFE/outputs/mkpx/rep62/run.log
mkpx,6,65,,evaluation,,,1.0,,,1,,/home/a61491/CASTOR_KRFE/outputs/mkpx/rep65/run.log
mkpx,6,66,,evaluation,,,1.0,,,1,,/home/a61491/CASTOR_KRFE/outputs/mkpx/rep66/run.log
mkpx,6,69,,evaluation,,,1.0,,,1,,/home/a61491/CASTOR_KRFE/outputs/mkpx/rep69/run.log
mkpx,6,70,,evaluation,,,1.0,,,1,,/home/a61491/CASTOR_KRFE/outputs/mkpx/rep70/run.log
mkpx,6,72,,evaluation,,,0.9973821810132741,,,1,,/home/a61491/CASTOR_KRFE/outputs/mkpx/rep72/run.log
mkpx,6,73,,evaluation,,,1.0,,,1,,/home/a61491/CASTOR_KRFE/outputs/mkpx/rep73/run.log
mkpx,6,74,,evaluation,,,1.0,,,1,,/home/a61491/CASTOR_KRFE/outputs/mkpx/rep74/run.log
mkpx,6,75,,evaluation,,,1.0,,,1,,/home/a61491/CASTOR_KRFE/outputs/mkpx/rep75/run.log
mkpx,6,76,,evaluation,,,1.0,,,1,,/home/a61491/CASTOR_KRFE/outputs/mkpx/rep76/run.log
mkpx,6,77,,evaluation,,,1.0,,,1,,/home/a61491/CASTOR_KRFE/outputs/mkpx/rep77/run.log
mkpx,6,8,,evaluation,,,1.0,,,1,,/home/a61491/CASTOR_KRFE/outputs/mkpx/rep8/run.log
mkpx,6,81,,evaluation,,,1.0,,,1,,/home/a61491/CASTOR_KRFE/outputs/mkpx/rep81/run.log
mkpx,6,82,,evaluation,,,1.0,,,1,,/home/a61491/CASTOR_KRFE/outputs/mkpx/rep82/run.log
mkpx,6,83,,evaluation,,,1.0,,,1,,/home/a61491/CASTOR_KRFE/outputs/mkpx/rep83/run.log
mkpx,6,84,,evaluation,,,1.0,,,1,,/home/a61491/CASTOR_KRFE/outputs/mkpx/rep84/run.log
mkpx,6,85,,evaluation,,,1.0,,,1,,/home/a61491/CASTOR_KRFE/outputs/mkpx/rep85/run.log
mkpx,6,87,,evaluation,,,1.0,,,1,,/home/a61491/CASTOR_KRFE/outputs/mkpx/rep87/run.log
mkpx,6,9,,evaluation,,,0.9956369152000586,,,1,,/home/a61491/CASTOR_KRFE/outputs/mkpx/rep9/run.log
mkpx,6,91,,evaluation,,,1.0,,,1,,/home/a61491/CASTOR_KRFE/outputs/mkpx/rep91/run.log
mkpx,6,93,,evaluation,,,1.0,,,1,,/home/a61491/CASTOR_KRFE/outputs/mkpx/rep93/run.log
mkpx,6,94,,evaluation,,,1.0,,,1,,/home/a61491/CASTOR_KRFE/outputs/mkpx/rep94/run.log
mkpx,6,96,,evaluation,,,0.9973821810132741,,,1,,/home/a61491/CASTOR_KRFE/outputs/mkpx/rep96/run.log
mkpx,6,98,,evaluation,,,1.0,,,1,,/home/a61491/CASTOR_KRFE/outputs/mkpx/rep98/run.log
sars,,1,SARS-CoV-2|Alpha,class,1.0,0.99,1.0,139421.0,8,6,,/home/a61491/CASTOR_KRFE/outputs/sars/rep1/run.log
sars,,1,SARS-CoV-2|Beta,class,0.75,0.96,0.85,562.0,8,6,,/home/a61491/CASTOR_KRFE/outputs/sars/rep1/run.log
sars,,1,SARS-CoV-2|Delta,class,0.99,0.97,0.98,8339.0,8,6,,/home/a61491/CASTOR_KRFE/outputs/sars/rep1/run.log
sars,,1,SARS-CoV-2|Epsilon,class,0.99,0.99,0.99,13564.0,8,6,,/home/a61491/CASTOR_KRFE/outputs/sars/rep1/run.log
sars,,1,SARS-CoV-2|Eta,class,0.6,0.98,0.74,579.0,8,6,,/home/a61491/CASTOR_KRFE/outputs/sars/rep1/run.log
sars,,1,SARS-CoV-2|Gamma,class,0.95,0.98,0.97,7316.0,8,6,,/home/a61491/CASTOR_KRFE/outputs/sars/rep1/run.log
sars,,1,SARS-CoV-2|Iota,class,0.99,0.98,0.99,17295.0,8,6,,/home/a61491/CASTOR_KRFE/outputs/sars/rep1/run.log
sars,,1,SARS-CoV-2|Kappa,class,0.06,1.0,0.12,36.0,8,6,,/home/a61491/CASTOR_KRFE/outputs/sars/rep1/run.log
sars,,1,SARS-CoV-2|Lambda,class,0.34,0.99,0.51,316.0,8,6,,/home/a61491/CASTOR_KRFE/outputs/sars/rep1/run.log
sars,,1,SARS-CoV-2|Omicron,class,1.0,0.99,1.0,88524.0,8,6,,/home/a61491/CASTOR_KRFE/outputs/sars/rep1/run.log
sars,,1,accuracy,overall,,,0.99,275952.0,8,6,,/home/a61491/CASTOR_KRFE/outputs/sars/rep1/run.log
sars,,1,macro avg,average,0.77,0.99,0.81,275952.0,8,6,,/home/a61491/CASTOR_KRFE/outputs/sars/rep1/run.log
sars,,1,weighted avg,average,0.99,0.99,0.99,275952.0,8,6,,/home/a61491/CASTOR_KRFE/outputs/sars/rep1/run.log
sars,,10,SARS-CoV-2|Alpha,class,0.99,0.99,0.99,139421.0,8,5,,/home/a61491/CASTOR_KRFE/outputs/sars/rep10/run.log
sars,,10,SARS-CoV-2|Beta,class,0.98,0.98,0.98,562.0,8,5,,/home/a61491/CASTOR_KRFE/outputs/sars/rep10/run.log
sars,,10,SARS-CoV-2|Delta,class,0.95,0.97,0.96,8339.0,8,5,,/home/a61491/CASTOR_KRFE/outputs/sars/rep10/run.log
sars,,10,SARS-CoV-2|Epsilon,class,0.99,0.99,0.99,13564.0,8,5,,/home/a61491/CASTOR_KRFE/outputs/sars/rep10/run.log
sars,,10,SARS-CoV-2|Eta,class,0.85,0.99,0.91,579.0,8,5,,/home/a61491/CASTOR_KRFE/outputs/sars/rep10/run.log
sars,,10,SARS-CoV-2|Gamma,class,0.96,0.98,0.97,7316.0,8,5,,/home/a61491/CASTOR_KRFE/outputs/sars/rep10/run.log
sars,,10,SARS-CoV-2|Iota,class,1.0,0.99,0.99,17295.0,8,5,,/home/a61491/CASTOR_KRFE/outputs/sars/rep10/run.log
sars,,10,SARS-CoV-2|Kappa,class,0.13,1.0,0.23,36.0,8,5,,/home/a61491/CASTOR_KRFE/outputs/sars/rep10/run.log
sars,,10,SARS-CoV-2|Lambda,class,0.55,0.99,0.7,316.0,8,5,,/home/a61491/CASTOR_KRFE/outputs/sars/rep10/run.log
sars,,10,SARS-CoV-2|Omicron,class,0.99,0.98,0.98,88524.0,8,5,,/home/a61491/CASTOR_KRFE/outputs/sars/rep10/run.log
sars,,10,accuracy,overall,,,0.99,275952.0,8,5,,/home/a61491/CASTOR_KRFE/outputs/sars/rep10/run.log
sars,,10,macro avg,average,0.84,0.99,0.87,275952.0,8,5,,/home/a61491/CASTOR_KRFE/outputs/sars/rep10/run.log
sars,,10,weighted avg,average,0.99,0.99,0.99,275952.0,8,5,,/home/a61491/CASTOR_KRFE/outputs/sars/rep10/run.log
sars,,100,SARS-CoV-2|Alpha,class,1.0,0.99,0.99,139421.0,7,7,,/home/a61491/CASTOR_KRFE/outputs/sars/rep100/run.log
sars,,100,SARS-CoV-2|Beta,class,0.79,0.98,0.88,562.0,7,7,,/home/a61491/CASTOR_KRFE/outputs/sars/rep100/run.log
sars,,100,SARS-CoV-2|Delta,class,0.93,0.98,0.95,8339.0,7,7,,/home/a61491/CASTOR_KRFE/outputs/sars/rep100/run.log
sars,,100,SARS-CoV-2|Epsilon,class,1.0,0.99,0.99,13564.0,7,7,,/home/a61491/CASTOR_KRFE/outputs/sars/rep100/run.log
sars,,100,SARS-CoV-2|Eta,class,0.58,0.99,0.73,579.0,7,7,,/home/a61491/CASTOR_KRFE/outputs/sars/rep100/run.log
sars,,100,SARS-CoV-2|Gamma,class,0.97,0.99,0.98,7316.0,7,7,,/home/a61491/CASTOR_KRFE/outputs/sars/rep100/run.log
sars,,100,SARS-CoV-2|Iota,class,1.0,1.0,1.0,17295.0,7,7,,/home/a61491/CASTOR_KRFE/outputs/sars/rep100/run.log
sars,,100,SARS-CoV-2|Kappa,class,0.06,1.0,0.11,36.0,7,7,,/home/a61491/CASTOR_KRFE/outputs/sars/rep100/run.log
sars,,100,SARS-CoV-2|Lambda,class,0.9,0.99,0.94,316.0,7,7,,/home/a61491/CASTOR_KRFE/outputs/sars/rep100/run.log
sars,,100,SARS-CoV-2|Omicron,class,1.0,0.99,0.99,88524.0,7,7,,/home/a61491/CASTOR_KRFE/outputs/sars/rep100/run.log
sars,,100,accuracy,overall,,,0.99,275952.0,7,7,,/home/a61491/CASTOR_KRFE/outputs/sars/rep100/run.log
sars,,100,macro avg,average,0.82,0.99,0.86,275952.0,7,7,,/home/a61491/CASTOR_KRFE/outputs/sars/rep100/run.log
sars,,100,weighted avg,average,0.99,0.99,0.99,275952.0,7,7,,/home/a61491/CASTOR_KRFE/outputs/sars/rep100/run.log
sars,,11,SARS-CoV-2|Alpha,class,0.99,1.0,1.0,139421.0,5,8,,/home/a61491/CASTOR_KRFE/outputs/sars/rep11/run.log
sars,,11,SARS-CoV-2|Beta,class,0.61,0.98,0.75,562.0,5,8,,/home/a61491/CASTOR_KRFE/outputs/sars/rep11/run.log
sars,,11,SARS-CoV-2|Delta,class,0.96,0.98,0.97,8339.0,5,8,,/home/a61491/CASTOR_KRFE/outputs/sars/rep11/run.log
sars,,11,SARS-CoV-2|Epsilon,class,0.99,0.98,0.99,13564.0,5,8,,/home/a61491/CASTOR_KRFE/outputs/sars/rep11/run.log
sars,,11,SARS-CoV-2|Eta,class,0.93,1.0,0.96,579.0,5,8,,/home/a61491/CASTOR_KRFE/outputs/sars/rep11/run.log
sars,,11,SARS-CoV-2|Gamma,class,1.0,1.0,1.0,7316.0,5,8,,/home/a61491/CASTOR_KRFE/outputs/sars/rep11/run.log
sars,,11,SARS-CoV-2|Iota,class,1.0,0.99,0.99,17295.0,5,8,,/home/a61491/CASTOR_KRFE/outputs/sars/rep11/run.log
sars,,11,SARS-CoV-2|Kappa,class,0.25,1.0,0.4,36.0,5,8,,/home/a61491/CASTOR_KRFE/outputs/sars/rep11/run.log
sars,,11,SARS-CoV-2|Lambda,class,0.38,1.0,0.55,316.0,5,8,,/home/a61491/CASTOR_KRFE/outputs/sars/rep11/run.log
sars,,11,SARS-CoV-2|Omicron,class,0.99,0.99,0.99,88524.0,5,8,,/home/a61491/CASTOR_KRFE/outputs/sars/rep11/run.log
sars,,11,accuracy,overall,,,0.99,275952.0,5,8,,/home/a61491/CASTOR_KRFE/outputs/sars/rep11/run.log
sars,,11,macro avg,average,0.81,0.99,0.86,275952.0,5,8,,/home/a61491/CASTOR_KRFE/outputs/sars/rep11/run.log
sars,,11,weighted avg,average,0.99,0.99,0.99,275952.0,5,8,,/home/a61491/CASTOR_KRFE/outputs/sars/rep11/run.log
sars,,12,SARS-CoV-2|Alpha,class,1.0,0.99,1.0,139421.0,8,7,,/home/a61491/CASTOR_KRFE/outputs/sars/rep12/run.log
sars,,12,SARS-CoV-2|Beta,class,0.83,0.99,0.9,562.0,8,7,,/home/a61491/CASTOR_KRFE/outputs/sars/rep12/run.log
sars,,12,SARS-CoV-2|Delta,class,0.95,0.96,0.95,8339.0,8,7,,/home/a61491/CASTOR_KRFE/outputs/sars/rep12/run.log
sars,,12,SARS-CoV-2|Epsilon,class,0.99,0.99,0.99,13564.0,8,7,,/home/a61491/CASTOR_KRFE/outputs/sars/rep12/run.log
sars,,12,SARS-CoV-2|Eta,class,0.87,1.0,0.93,579.0,8,7,,/home/a61491/CASTOR_KRFE/outputs/sars/rep12/run.log
sars,,12,SARS-CoV-2|Gamma,class,0.99,0.99,0.99,7316.0,8,7,,/home/a61491/CASTOR_KRFE/outputs/sars/rep12/run.log
sars,,12,SARS-CoV-2|Iota,class,1.0,1.0,1.0,17295.0,8,7,,/home/a61491/CASTOR_KRFE/outputs/sars/rep12/run.log
sars,,12,SARS-CoV-2|Kappa,class,0.07,0.97,0.13,36.0,8,7,,/home/a61491/CASTOR_KRFE/outputs/sars/rep12/run.log
sars,,12,SARS-CoV-2|Lambda,class,0.7,0.99,0.82,316.0,8,7,,/home/a61491/CASTOR_KRFE/outputs/sars/rep12/run.log
sars,,12,SARS-CoV-2|Omicron,class,1.0,0.99,1.0,88524.0,8,7,,/home/a61491/CASTOR_KRFE/outputs/sars/rep12/run.log
sars,,12,accuracy,overall,,,0.99,275952.0,8,7,,/home/a61491/CASTOR_KRFE/outputs/sars/rep12/run.log
sars,,12,macro avg,average,0.84,0.99,0.87,275952.0,8,7,,/home/a61491/CASTOR_KRFE/outputs/sars/rep12/run.log
sars,,12,weighted avg,average,1.0,0.99,0.99,275952.0,8,7,,/home/a61491/CASTOR_KRFE/outputs/sars/rep12/run.log
sars,,13,SARS-CoV-2|Alpha,class,1.0,0.99,0.99,139421.0,8,5,,/home/a61491/CASTOR_KRFE/outputs/sars/rep13/run.log
sars,,13,SARS-CoV-2|Beta,class,0.97,0.96,0.97,562.0,8,5,,/home/a61491/CASTOR_KRFE/outputs/sars/rep13/run.log
sars,,13,SARS-CoV-2|Delta,class,0.99,0.96,0.98,8339.0,8,5,,/home/a61491/CASTOR_KRFE/outputs/sars/rep13/run.log
sars,,13,SARS-CoV-2|Epsilon,class,1.0,0.99,1.0,13564.0,8,5,,/home/a61491/CASTOR_KRFE/outputs/sars/rep13/run.log
sars,,13,SARS-CoV-2|Eta,class,0.84,0.97,0.9,579.0,8,5,,/home/a61491/CASTOR_KRFE/outputs/sars/rep13/run.log
sars,,13,SARS-CoV-2|Gamma,class,0.96,0.99,0.98,7316.0,8,5,,/home/a61491/CASTOR_KRFE/outputs/sars/rep13/run.log
sars,,13,SARS-CoV-2|Iota,class,0.97,0.99,0.98,17295.0,8,5,,/home/a61491/CASTOR_KRFE/outputs/sars/rep13/run.log
sars,,13,SARS-CoV-2|Kappa,class,0.2,0.94,0.33,36.0,8,5,,/home/a61491/CASTOR_KRFE/outputs/sars/rep13/run.log
sars,,13,SARS-CoV-2|Lambda,class,0.78,1.0,0.88,316.0,8,5,,/home/a61491/CASTOR_KRFE/outputs/sars/rep13/run.log
sars,,13,SARS-CoV-2|Omicron,class,0.99,0.98,0.99,88524.0,8,5,,/home/a61491/CASTOR_KRFE/outputs/sars/rep13/run.log
sars,,13,accuracy,overall,,,0.99,275952.0,8,5,,/home/a61491/CASTOR_KRFE/outputs/sars/rep13/run.log
sars,,13,macro avg,average,0.87,0.98,0.9,275952.0,8,5,,/home/a61491/CASTOR_KRFE/outputs/sars/rep13/run.log
sars,,13,weighted avg,average,0.99,0.99,0.99,275952.0,8,5,,/home/a61491/CASTOR_KRFE/outputs/sars/rep13/run.log
sars,,14,SARS-CoV-2|Alpha,class,1.0,0.99,0.99,139421.0,5,6,,/home/a61491/CASTOR_KRFE/outputs/sars/rep14/run.log
sars,,14,SARS-CoV-2|Beta,class,0.5,0.96,0.66,562.0,5,6,,/home/a61491/CASTOR_KRFE/outputs/sars/rep14/run.log
sars,,14,SARS-CoV-2|Delta,class,1.0,0.96,0.98,8339.0,5,6,,/home/a61491/CASTOR_KRFE/outputs/sars/rep14/run.log
sars,,14,SARS-CoV-2|Epsilon,class,1.0,0.97,0.98,13564.0,5,6,,/home/a61491/CASTOR_KRFE/outputs/sars/rep14/run.log
sars,,14,SARS-CoV-2|Eta,class,0.87,0.98,0.92,579.0,5,6,,/home/a61491/CASTOR_KRFE/outputs/sars/rep14/run.log
sars,,14,SARS-CoV-2|Gamma,class,0.97,0.99,0.98,7316.0,5,6,,/home/a61491/CASTOR_KRFE/outputs/sars/rep14/run.log
sars,,14,SARS-CoV-2|Iota,class,0.99,0.99,0.99,17295.0,5,6,,/home/a61491/CASTOR_KRFE/outputs/sars/rep14/run.log
sars,,14,SARS-CoV-2|Kappa,class,0.13,1.0,0.23,36.0,5,6,,/home/a61491/CASTOR_KRFE/outputs/sars/rep14/run.log
sars,,14,SARS-CoV-2|Lambda,class,0.46,0.98,0.63,316.0,5,6,,/home/a61491/CASTOR_KRFE/outputs/sars/rep14/run.log
sars,,14,SARS-CoV-2|Omicron,class,0.99,0.99,0.99,88524.0,5,6,,/home/a61491/CASTOR_KRFE/outputs/sars/rep14/run.log
sars,,14,accuracy,overall,,,0.99,275952.0,5,6,,/home/a61491/CASTOR_KRFE/outputs/sars/rep14/run.log
sars,,14,macro avg,average,0.79,0.98,0.84,275952.0,5,6,,/home/a61491/CASTOR_KRFE/outputs/sars/rep14/run.log
sars,,14,weighted avg,average,0.99,0.99,0.99,275952.0,5,6,,/home/a61491/CASTOR_KRFE/outputs/sars/rep14/run.log
sars,,15,SARS-CoV-2|Alpha,class,1.0,0.99,1.0,139421.0,8,7,,/home/a61491/CASTOR_KRFE/outputs/sars/rep15/run.log
sars,,15,SARS-CoV-2|Beta,class,0.88,0.98,0.93,562.0,8,7,,/home/a61491/CASTOR_KRFE/outputs/sars/rep15/run.log
sars,,15,SARS-CoV-2|Delta,class,0.95,0.98,0.96,8339.0,8,7,,/home/a61491/CASTOR_KRFE/outputs/sars/rep15/run.log
sars,,15,SARS-CoV-2|Epsilon,class,0.99,0.99,0.99,13564.0,8,7,,/home/a61491/CASTOR_KRFE/outputs/sars/rep15/run.log
sars,,15,SARS-CoV-2|Eta,class,0.49,0.99,0.66,579.0,8,7,,/home/a61491/CASTOR_KRFE/outputs/sars/rep15/run.log
sars,,15,SARS-CoV-2|Gamma,class,0.98,1.0,0.99,7316.0,8,7,,/home/a61491/CASTOR_KRFE/outputs/sars/rep15/run.log
sars,,15,SARS-CoV-2|Iota,class,0.99,0.99,0.99,17295.0,8,7,,/home/a61491/CASTOR_KRFE/outputs/sars/rep15/run.log
sars,,15,SARS-CoV-2|Kappa,class,0.25,1.0,0.4,36.0,8,7,,/home/a61491/CASTOR_KRFE/outputs/sars/rep15/run.log
sars,,15,SARS-CoV-2|Lambda,class,0.44,1.0,0.61,316.0,8,7,,/home/a61491/CASTOR_KRFE/outputs/sars/rep15/run.log
sars,,15,SARS-CoV-2|Omicron,class,1.0,0.99,1.0,88524.0,8,7,,/home/a61491/CASTOR_KRFE/outputs/sars/rep15/run.log
sars,,15,accuracy,overall,,,0.99,275952.0,8,7,,/home/a61491/CASTOR_KRFE/outputs/sars/rep15/run.log
sars,,15,macro avg,average,0.8,0.99,0.85,275952.0,8,7,,/home/a61491/CASTOR_KRFE/outputs/sars/rep15/run.log
sars,,15,weighted avg,average,1.0,0.99,0.99,275952.0,8,7,,/home/a61491/CASTOR_KRFE/outputs/sars/rep15/run.log
sars,,16,SARS-CoV-2|Alpha,class,1.0,0.98,0.99,139421.0,6,8,,/home/a61491/CASTOR_KRFE/outputs/sars/rep16/run.log
sars,,16,SARS-CoV-2|Beta,class,0.33,1.0,0.5,562.0,6,8,,/home/a61491/CASTOR_KRFE/outputs/sars/rep16/run.log
sars,,16,SARS-CoV-2|Delta,class,0.93,0.97,0.95,8339.0,6,8,,/home/a61491/CASTOR_KRFE/outputs/sars/rep16/run.log
sars,,16,SARS-CoV-2|Epsilon,class,0.98,0.99,0.98,13564.0,6,8,,/home/a61491/CASTOR_KRFE/outputs/sars/rep16/run.log
sars,,16,SARS-CoV-2|Eta,class,0.44,1.0,0.61,579.0,6,8,,/home/a61491/CASTOR_KRFE/outputs/sars/rep16/run.log
sars,,16,SARS-CoV-2|Gamma,class,1.0,0.99,0.99,7316.0,6,8,,/home/a61491/CASTOR_KRFE/outputs/sars/rep16/run.log
sars,,16,SARS-CoV-2|Iota,class,1.0,0.99,1.0,17295.0,6,8,,/home/a61491/CASTOR_KRFE/outputs/sars/rep16/run.log
sars,,16,SARS-CoV-2|Kappa,class,0.43,0.97,0.6,36.0,6,8,,/home/a61491/CASTOR_KRFE/outputs/sars/rep16/run.log
sars,,16,SARS-CoV-2|Lambda,class,0.99,0.99,0.99,316.0,6,8,,/home/a61491/CASTOR_KRFE/outputs/sars/rep16/run.log
sars,,16,SARS-CoV-2|Omicron,class,0.99,0.98,0.99,88524.0,6,8,,/home/a61491/CASTOR_KRFE/outputs/sars/rep16/run.log
sars,,16,accuracy,overall,,,0.98,275952.0,6,8,,/home/a61491/CASTOR_KRFE/outputs/sars/rep16/run.log
sars,,16,macro avg,average,0.81,0.99,0.86,275952.0,6,8,,/home/a61491/CASTOR_KRFE/outputs/sars/rep16/run.log
sars,,16,weighted avg,average,0.99,0.98,0.99,275952.0,6,8,,/home/a61491/CASTOR_KRFE/outputs/sars/rep16/run.log
sars,,17,SARS-CoV-2|Alpha,class,1.0,0.99,0.99,139421.0,7,6,,/home/a61491/CASTOR_KRFE/outputs/sars/rep17/run.log
sars,,17,SARS-CoV-2|Beta,class,0.56,0.98,0.71,562.0,7,6,,/home/a61491/CASTOR_KRFE/outputs/sars/rep17/run.log
sars,,17,SARS-CoV-2|Delta,class,1.0,0.95,0.98,8339.0,7,6,,/home/a61491/CASTOR_KRFE/outputs/sars/rep17/run.log
sars,,17,SARS-CoV-2|Epsilon,class,1.0,0.99,0.99,13564.0,7,6,,/home/a61491/CASTOR_KRFE/outputs/sars/rep17/run.log
sars,,17,SARS-CoV-2|Eta,class,0.89,0.98,0.94,579.0,7,6,,/home/a61491/CASTOR_KRFE/outputs/sars/rep17/run.log
sars,,17,SARS-CoV-2|Gamma,class,0.83,0.95,0.89,7316.0,7,6,,/home/a61491/CASTOR_KRFE/outputs/sars/rep17/run.log
sars,,17,SARS-CoV-2|Iota,class,1.0,0.99,1.0,17295.0,7,6,,/home/a61491/CASTOR_KRFE/outputs/sars/rep17/run.log
sars,,17,SARS-CoV-2|Kappa,class,0.16,1.0,0.28,36.0,7,6,,/home/a61491/CASTOR_KRFE/outputs/sars/rep17/run.log
sars,,17,SARS-CoV-2|Lambda,class,0.71,0.98,0.82,316.0,7,6,,/home/a61491/CASTOR_KRFE/outputs/sars/rep17/run.log
sars,,17,SARS-CoV-2|Omicron,class,0.98,0.98,0.98,88524.0,7,6,,/home/a61491/CASTOR_KRFE/outputs/sars/rep17/run.log
sars,,17,accuracy,overall,,,0.98,275952.0,7,6,,/home/a61491/CASTOR_KRFE/outputs/sars/rep17/run.log
sars,,17,macro avg,average,0.81,0.98,0.86,275952.0,7,6,,/home/a61491/CASTOR_KRFE/outputs/sars/rep17/run.log
sars,,17,weighted avg,average,0.99,0.98,0.99,275952.0,7,6,,/home/a61491/CASTOR_KRFE/outputs/sars/rep17/run.log
sars,,18,SARS-CoV-2|Alpha,class,0.99,0.99,0.99,139421.0,7,6,,/home/a61491/CASTOR_KRFE/outputs/sars/rep18/run.log
sars,,18,SARS-CoV-2|Beta,class,0.5,0.98,0.66,562.0,7,6,,/home/a61491/CASTOR_KRFE/outputs/sars/rep18/run.log
sars,,18,SARS-CoV-2|Delta,class,1.0,0.97,0.99,8339.0,7,6,,/home/a61491/CASTOR_KRFE/outputs/sars/rep18/run.log
sars,,18,SARS-CoV-2|Epsilon,class,0.99,0.99,0.99,13564.0,7,6,,/home/a61491/CASTOR_KRFE/outputs/sars/rep18/run.log
sars,,18,SARS-CoV-2|Eta,class,0.96,0.99,0.97,579.0,7,6,,/home/a61491/CASTOR_KRFE/outputs/sars/rep18/run.log
sars,,18,SARS-CoV-2|Gamma,class,0.95,0.98,0.97,7316.0,7,6,,/home/a61491/CASTOR_KRFE/outputs/sars/rep18/run.log
sars,,18,SARS-CoV-2|Iota,class,0.99,0.98,0.99,17295.0,7,6,,/home/a61491/CASTOR_KRFE/outputs/sars/rep18/run.log
sars,,18,SARS-CoV-2|Kappa,class,0.1,1.0,0.19,36.0,7,6,,/home/a61491/CASTOR_KRFE/outputs/sars/rep18/run.log
sars,,18,SARS-CoV-2|Lambda,class,0.23,0.99,0.37,316.0,7,6,,/home/a61491/CASTOR_KRFE/outputs/sars/rep18/run.log
sars,,18,SARS-CoV-2|Omicron,class,1.0,0.98,0.99,88524.0,7,6,,/home/a61491/CASTOR_KRFE/outputs/sars/rep18/run.log
sars,,18,accuracy,overall,,,0.99,275952.0,7,6,,/home/a61491/CASTOR_KRFE/outputs/sars/rep18/run.log
sars,,18,macro avg,average,0.77,0.99,0.81,275952.0,7,6,,/home/a61491/CASTOR_KRFE/outputs/sars/rep18/run.log
sars,,18,weighted avg,average,0.99,0.99,0.99,275952.0,7,6,,/home/a61491/CASTOR_KRFE/outputs/sars/rep18/run.log
sars,,19,SARS-CoV-2|Alpha,class,1.0,0.98,0.99,139421.0,8,5,,/home/a61491/CASTOR_KRFE/outputs/sars/rep19/run.log
sars,,19,SARS-CoV-2|Beta,class,0.43,0.94,0.59,562.0,8,5,,/home/a61491/CASTOR_KRFE/outputs/sars/rep19/run.log
sars,,19,SARS-CoV-2|Delta,class,0.97,0.97,0.97,8339.0,8,5,,/home/a61491/CASTOR_KRFE/outputs/sars/rep19/run.log
sars,,19,SARS-CoV-2|Epsilon,class,1.0,0.97,0.99,13564.0,8,5,,/home/a61491/CASTOR_KRFE/outputs/sars/rep19/run.log
sars,,19,SARS-CoV-2|Eta,class,0.54,0.97,0.69,579.0,8,5,,/home/a61491/CASTOR_KRFE/outputs/sars/rep19/run.log
sars,,19,SARS-CoV-2|Gamma,class,0.89,0.98,0.94,7316.0,8,5,,/home/a61491/CASTOR_KRFE/outputs/sars/rep19/run.log
sars,,19,SARS-CoV-2|Iota,class,1.0,0.99,1.0,17295.0,8,5,,/home/a61491/CASTOR_KRFE/outputs/sars/rep19/run.log
sars,,19,SARS-CoV-2|Kappa,class,0.04,1.0,0.08,36.0,8,5,,/home/a61491/CASTOR_KRFE/outputs/sars/rep19/run.log
sars,,19,SARS-CoV-2|Lambda,class,0.79,0.99,0.88,316.0,8,5,,/home/a61491/CASTOR_KRFE/outputs/sars/rep19/run.log
sars,,19,SARS-CoV-2|Omicron,class,1.0,1.0,1.0,88524.0,8,5,,/home/a61491/CASTOR_KRFE/outputs/sars/rep19/run.log
sars,,19,accuracy,overall,,,0.99,275952.0,8,5,,/home/a61491/CASTOR_KRFE/outputs/sars/rep19/run.log
sars,,19,macro avg,average,0.77,0.98,0.81,275952.0,8,5,,/home/a61491/CASTOR_KRFE/outputs/sars/rep19/run.log
sars,,19,weighted avg,average,0.99,0.99,0.99,275952.0,8,5,,/home/a61491/CASTOR_KRFE/outputs/sars/rep19/run.log
sars,,2,SARS-CoV-2|Alpha,class,1.0,0.99,0.99,139421.0,5,6,,/home/a61491/CASTOR_KRFE/outputs/sars/rep2/run.log
sars,,2,SARS-CoV-2|Beta,class,0.63,0.99,0.77,562.0,5,6,,/home/a61491/CASTOR_KRFE/outputs/sars/rep2/run.log
sars,,2,SARS-CoV-2|Delta,class,0.98,0.98,0.98,8339.0,5,6,,/home/a61491/CASTOR_KRFE/outputs/sars/rep2/run.log
sars,,2,SARS-CoV-2|Epsilon,class,0.98,0.98,0.98,13564.0,5,6,,/home/a61491/CASTOR_KRFE/outputs/sars/rep2/run.log
sars,,2,SARS-CoV-2|Eta,class,0.93,0.99,0.96,579.0,5,6,,/home/a61491/CASTOR_KRFE/outputs/sars/rep2/run.log
sars,,2,SARS-CoV-2|Gamma,class,0.95,1.0,0.97,7316.0,5,6,,/home/a61491/CASTOR_KRFE/outputs/sars/rep2/run.log
sars,,2,SARS-CoV-2|Iota,class,1.0,0.99,1.0,17295.0,5,6,,/home/a61491/CASTOR_KRFE/outputs/sars/rep2/run.log
sars,,2,SARS-CoV-2|Kappa,class,0.14,1.0,0.25,36.0,5,6,,/home/a61491/CASTOR_KRFE/outputs/sars/rep2/run.log
sars,,2,SARS-CoV-2|Lambda,class,0.43,0.99,0.6,316.0,5,6,,/home/a61491/CASTOR_KRFE/outputs/sars/rep2/run.log
sars,,2,SARS-CoV-2|Omicron,class,0.99,1.0,1.0,88524.0,5,6,,/home/a61491/CASTOR_KRFE/outputs/sars/rep2/run.log
sars,,2,accuracy,overall,,,0.99,275952.0,5,6,,/home/a61491/CASTOR_KRFE/outputs/sars/rep2/run.log
sars,,2,macro avg,average,0.8,0.99,0.85,275952.0,5,6,,/home/a61491/CASTOR_KRFE/outputs/sars/rep2/run.log
sars,,2,weighted avg,average,0.99,0.99,0.99,275952.0,5,6,,/home/a61491/CASTOR_KRFE/outputs/sars/rep2/run.log
sars,,20,SARS-CoV-2|Alpha,class,1.0,0.99,1.0,139421.0,8,6,,/home/a61491/CASTOR_KRFE/outputs/sars/rep20/run.log
sars,,20,SARS-CoV-2|Beta,class,0.97,0.97,0.97,562.0,8,6,,/home/a61491/CASTOR_KRFE/outputs/sars/rep20/run.log
sars,,20,SARS-CoV-2|Delta,class,0.98,0.98,0.98,8339.0,8,6,,/home/a61491/CASTOR_KRFE/outputs/sars/rep20/run.log
sars,,20,SARS-CoV-2|Epsilon,class,0.99,0.99,0.99,13564.0,8,6,,/home/a61491/CASTOR_KRFE/outputs/sars/rep20/run.log
sars,,20,SARS-CoV-2|Eta,class,0.98,0.97,0.98,579.0,8,6,,/home/a61491/CASTOR_KRFE/outputs/sars/rep20/run.log
sars,,20,SARS-CoV-2|Gamma,class,0.9,0.99,0.94,7316.0,8,6,,/home/a61491/CASTOR_KRFE/outputs/sars/rep20/run.log
sars,,20,SARS-CoV-2|Iota,class,0.92,0.99,0.95,17295.0,8,6,,/home/a61491/CASTOR_KRFE/outputs/sars/rep20/run.log
sars,,20,SARS-CoV-2|Kappa,class,0.05,1.0,0.1,36.0,8,6,,/home/a61491/CASTOR_KRFE/outputs/sars/rep20/run.log
sars,,20,SARS-CoV-2|Lambda,class,0.93,0.99,0.96,316.0,8,6,,/home/a61491/CASTOR_KRFE/outputs/sars/rep20/run.log
sars,,20,SARS-CoV-2|Omicron,class,1.0,0.98,0.99,88524.0,8,6,,/home/a61491/CASTOR_KRFE/outputs/sars/rep20/run.log
sars,,20,accuracy,overall,,,0.99,275952.0,8,6,,/home/a61491/CASTOR_KRFE/outputs/sars/rep20/run.log
sars,,20,macro avg,average,0.87,0.99,0.89,275952.0,8,6,,/home/a61491/CASTOR_KRFE/outputs/sars/rep20/run.log
sars,,20,weighted avg,average,0.99,0.99,0.99,275952.0,8,6,,/home/a61491/CASTOR_KRFE/outputs/sars/rep20/run.log
sars,,21,SARS-CoV-2|Alpha,class,1.0,0.99,0.99,139421.0,8,6,,/home/a61491/CASTOR_KRFE/outputs/sars/rep21/run.log
sars,,21,SARS-CoV-2|Beta,class,0.95,0.99,0.97,562.0,8,6,,/home/a61491/CASTOR_KRFE/outputs/sars/rep21/run.log
sars,,21,SARS-CoV-2|Delta,class,0.96,0.99,0.98,8339.0,8,6,,/home/a61491/CASTOR_KRFE/outputs/sars/rep21/run.log
sars,,21,SARS-CoV-2|Epsilon,class,1.0,0.99,1.0,13564.0,8,6,,/home/a61491/CASTOR_KRFE/outputs/sars/rep21/run.log
sars,,21,SARS-CoV-2|Eta,class,0.81,0.98,0.88,579.0,8,6,,/home/a61491/CASTOR_KRFE/outputs/sars/rep21/run.log
sars,,21,SARS-CoV-2|Gamma,class,0.81,0.98,0.89,7316.0,8,6,,/home/a61491/CASTOR_KRFE/outputs/sars/rep21/run.log
sars,,21,SARS-CoV-2|Iota,class,0.94,1.0,0.97,17295.0,8,6,,/home/a61491/CASTOR_KRFE/outputs/sars/rep21/run.log
sars,,21,SARS-CoV-2|Kappa,class,0.53,1.0,0.69,36.0,8,6,,/home/a61491/CASTOR_KRFE/outputs/sars/rep21/run.log
sars,,21,SARS-CoV-2|Lambda,class,0.39,1.0,0.56,316.0,8,6,,/home/a61491/CASTOR_KRFE/outputs/sars/rep21/run.log
sars,,21,SARS-CoV-2|Omicron,class,1.0,0.98,0.99,88524.0,8,6,,/home/a61491/CASTOR_KRFE/outputs/sars/rep21/run.log
sars,,21,accuracy,overall,,,0.99,275952.0,8,6,,/home/a61491/CASTOR_KRFE/outputs/sars/rep21/run.log
sars,,21,macro avg,average,0.84,0.99,0.89,275952.0,8,6,,/home/a61491/CASTOR_KRFE/outputs/sars/rep21/run.log
sars,,21,weighted avg,average,0.99,0.99,0.99,275952.0,8,6,,/home/a61491/CASTOR_KRFE/outputs/sars/rep21/run.log
sars,,22,SARS-CoV-2|Alpha,class,1.0,0.99,0.99,139421.0,9,5,,/home/a61491/CASTOR_KRFE/outputs/sars/rep22/run.log
sars,,22,SARS-CoV-2|Beta,class,0.57,0.98,0.72,562.0,9,5,,/home/a61491/CASTOR_KRFE/outputs/sars/rep22/run.log
sars,,22,SARS-CoV-2|Delta,class,0.99,0.98,0.99,8339.0,9,5,,/home/a61491/CASTOR_KRFE/outputs/sars/rep22/run.log
sars,,22,SARS-CoV-2|Epsilon,class,1.0,0.99,0.99,13564.0,9,5,,/home/a61491/CASTOR_KRFE/outputs/sars/rep22/run.log
sars,,22,SARS-CoV-2|Eta,class,0.98,1.0,0.99,579.0,9,5,,/home/a61491/CASTOR_KRFE/outputs/sars/rep22/run.log
sars,,22,SARS-CoV-2|Gamma,class,0.98,0.99,0.99,7316.0,9,5,,/home/a61491/CASTOR_KRFE/outputs/sars/rep22/run.log
sars,,22,SARS-CoV-2|Iota,class,0.99,1.0,0.99,17295.0,9,5,,/home/a61491/CASTOR_KRFE/outputs/sars/rep22/run.log
sars,,22,SARS-CoV-2|Kappa,class,0.07,0.94,0.13,36.0,9,5,,/home/a61491/CASTOR_KRFE/outputs/sars/rep22/run.log
sars,,22,SARS-CoV-2|Lambda,class,0.93,0.97,0.95,316.0,9,5,,/home/a61491/CASTOR_KRFE/outputs/sars/rep22/run.log
sars,,22,SARS-CoV-2|Omicron,class,0.99,0.99,0.99,88524.0,9,5,,/home/a61491/CASTOR_KRFE/outputs/sars/rep22/run.log
sars,,22,accuracy,overall,,,0.99,275952.0,9,5,,/home/a61491/CASTOR_KRFE/outputs/sars/rep22/run.log
sars,,22,macro avg,average,0.85,0.98,0.87,275952.0,9,5,,/home/a61491/CASTOR_KRFE/outputs/sars/rep22/run.log
sars,,22,weighted avg,average,0.99,0.99,0.99,275952.0,9,5,,/home/a61491/CASTOR_KRFE/outputs/sars/rep22/run.log
sars,,23,SARS-CoV-2|Alpha,class,1.0,0.98,0.99,139421.0,8,6,,/home/a61491/CASTOR_KRFE/outputs/sars/rep23/run.log
sars,,23,SARS-CoV-2|Beta,class,0.88,0.99,0.93,562.0,8,6,,/home/a61491/CASTOR_KRFE/outputs/sars/rep23/run.log
sars,,23,SARS-CoV-2|Delta,class,1.0,0.98,0.99,8339.0,8,6,,/home/a61491/CASTOR_KRFE/outputs/sars/rep23/run.log
sars,,23,SARS-CoV-2|Epsilon,class,1.0,1.0,1.0,13564.0,8,6,,/home/a61491/CASTOR_KRFE/outputs/sars/rep23/run.log
sars,,23,SARS-CoV-2|Eta,class,0.92,0.99,0.96,579.0,8,6,,/home/a61491/CASTOR_KRFE/outputs/sars/rep23/run.log
sars,,23,SARS-CoV-2|Gamma,class,0.94,0.97,0.96,7316.0,8,6,,/home/a61491/CASTOR_KRFE/outputs/sars/rep23/run.log
sars,,23,SARS-CoV-2|Iota,class,1.0,1.0,1.0,17295.0,8,6,,/home/a61491/CASTOR_KRFE/outputs/sars/rep23/run.log
sars,,23,SARS-CoV-2|Kappa,class,0.04,0.89,0.07,36.0,8,6,,/home/a61491/CASTOR_KRFE/outputs/sars/rep23/run.log
sars,,23,SARS-CoV-2|Lambda,class,0.98,0.98,0.98,316.0,8,6,,/home/a61491/CASTOR_KRFE/outputs/sars/rep23/run.log
sars,,23,SARS-CoV-2|Omicron,class,0.98,0.99,0.99,88524.0,8,6,,/home/a61491/CASTOR_KRFE/outputs/sars/rep23/run.log
sars,,23,accuracy,overall,,,0.99,275952.0,8,6,,/home/a61491/CASTOR_KRFE/outputs/sars/rep23/run.log
sars,,23,macro avg,average,0.87,0.98,0.89,275952.0,8,6,,/home/a61491/CASTOR_KRFE/outputs/sars/rep23/run.log
sars,,23,weighted avg,average,0.99,0.99,0.99,275952.0,8,6,,/home/a61491/CASTOR_KRFE/outputs/sars/rep23/run.log
sars,,24,SARS-CoV-2|Alpha,class,1.0,0.99,0.99,139421.0,9,5,,/home/a61491/CASTOR_KRFE/outputs/sars/rep24/run.log
sars,,24,SARS-CoV-2|Beta,class,0.51,0.98,0.67,562.0,9,5,,/home/a61491/CASTOR_KRFE/outputs/sars/rep24/run.log
sars,,24,SARS-CoV-2|Delta,class,0.94,0.98,0.96,8339.0,9,5,,/home/a61491/CASTOR_KRFE/outputs/sars/rep24/run.log
sars,,24,SARS-CoV-2|Epsilon,class,1.0,0.99,0.99,13564.0,9,5,,/home/a61491/CASTOR_KRFE/outputs/sars/rep24/run.log
sars,,24,SARS-CoV-2|Eta,class,0.56,0.97,0.71,579.0,9,5,,/home/a61491/CASTOR_KRFE/outputs/sars/rep24/run.log
sars,,24,SARS-CoV-2|Gamma,class,0.96,0.99,0.98,7316.0,9,5,,/home/a61491/CASTOR_KRFE/outputs/sars/rep24/run.log
sars,,24,SARS-CoV-2|Iota,class,0.99,0.99,0.99,17295.0,9,5,,/home/a61491/CASTOR_KRFE/outputs/sars/rep24/run.log
sars,,24,SARS-CoV-2|Kappa,class,0.15,1.0,0.25,36.0,9,5,,/home/a61491/CASTOR_KRFE/outputs/sars/rep24/run.log
sars,,24,SARS-CoV-2|Lambda,class,0.39,0.99,0.56,316.0,9,5,,/home/a61491/CASTOR_KRFE/outputs/sars/rep24/run.log
sars,,24,SARS-CoV-2|Omicron,class,1.0,0.99,1.0,88524.0,9,5,,/home/a61491/CASTOR_KRFE/outputs/sars/rep24/run.log
sars,,24,accuracy,overall,,,0.99,275952.0,9,5,,/home/a61491/CASTOR_KRFE/outputs/sars/rep24/run.log
sars,,24,macro avg,average,0.75,0.99,0.81,275952.0,9,5,,/home/a61491/CASTOR_KRFE/outputs/sars/rep24/run.log
sars,,24,weighted avg,average,0.99,0.99,0.99,275952.0,9,5,,/home/a61491/CASTOR_KRFE/outputs/sars/rep24/run.log
sars,,25,SARS-CoV-2|Alpha,class,1.0,0.98,0.99,139421.0,8,6,,/home/a61491/CASTOR_KRFE/outputs/sars/rep25/run.log
sars,,25,SARS-CoV-2|Beta,class,0.85,0.98,0.91,562.0,8,6,,/home/a61491/CASTOR_KRFE/outputs/sars/rep25/run.log
sars,,25,SARS-CoV-2|Delta,class,1.0,0.98,0.99,8339.0,8,6,,/home/a61491/CASTOR_KRFE/outputs/sars/rep25/run.log
sars,,25,SARS-CoV-2|Epsilon,class,1.0,0.99,0.99,13564.0,8,6,,/home/a61491/CASTOR_KRFE/outputs/sars/rep25/run.log
sars,,25,SARS-CoV-2|Eta,class,0.89,1.0,0.94,579.0,8,6,,/home/a61491/CASTOR_KRFE/outputs/sars/rep25/run.log
sars,,25,SARS-CoV-2|Gamma,class,0.8,1.0,0.89,7316.0,8,6,,/home/a61491/CASTOR_KRFE/outputs/sars/rep25/run.log
sars,,25,SARS-CoV-2|Iota,class,0.99,0.99,0.99,17295.0,8,6,,/home/a61491/CASTOR_KRFE/outputs/sars/rep25/run.log
sars,,25,SARS-CoV-2|Kappa,class,0.07,1.0,0.12,36.0,8,6,,/home/a61491/CASTOR_KRFE/outputs/sars/rep25/run.log
sars,,25,SARS-CoV-2|Lambda,class,0.33,1.0,0.5,316.0,8,6,,/home/a61491/CASTOR_KRFE/outputs/sars/rep25/run.log
sars,,25,SARS-CoV-2|Omicron,class,0.99,0.99,0.99,88524.0,8,6,,/home/a61491/CASTOR_KRFE/outputs/sars/rep25/run.log
sars,,25,accuracy,overall,,,0.99,275952.0,8,6,,/home/a61491/CASTOR_KRFE/outputs/sars/rep25/run.log
sars,,25,macro avg,average,0.79,0.99,0.83,275952.0,8,6,,/home/a61491/CASTOR_KRFE/outputs/sars/rep25/run.log
sars,,25,weighted avg,average,0.99,0.99,0.99,275952.0,8,6,,/home/a61491/CASTOR_KRFE/outputs/sars/rep25/run.log
sars,,26,SARS-CoV-2|Alpha,class,1.0,0.98,0.99,139421.0,8,7,,/home/a61491/CASTOR_KRFE/outputs/sars/rep26/run.log
sars,,26,SARS-CoV-2|Beta,class,0.94,0.96,0.95,562.0,8,7,,/home/a61491/CASTOR_KRFE/outputs/sars/rep26/run.log
sars,,26,SARS-CoV-2|Delta,class,0.99,0.98,0.98,8339.0,8,7,,/home/a61491/CASTOR_KRFE/outputs/sars/rep26/run.log
sars,,26,SARS-CoV-2|Epsilon,class,0.95,0.99,0.97,13564.0,8,7,,/home/a61491/CASTOR_KRFE/outputs/sars/rep26/run.log
sars,,26,SARS-CoV-2|Eta,class,0.26,1.0,0.41,579.0,8,7,,/home/a61491/CASTOR_KRFE/outputs/sars/rep26/run.log
sars,,26,SARS-CoV-2|Gamma,class,0.93,1.0,0.96,7316.0,8,7,,/home/a61491/CASTOR_KRFE/outputs/sars/rep26/run.log
sars,,26,SARS-CoV-2|Iota,class,1.0,1.0,1.0,17295.0,8,7,,/home/a61491/CASTOR_KRFE/outputs/sars/rep26/run.log
sars,,26,SARS-CoV-2|Kappa,class,0.42,1.0,0.6,36.0,8,7,,/home/a61491/CASTOR_KRFE/outputs/sars/rep26/run.log
sars,,26,SARS-CoV-2|Lambda,class,0.41,1.0,0.59,316.0,8,7,,/home/a61491/CASTOR_KRFE/outputs/sars/rep26/run.log
sars,,26,SARS-CoV-2|Omicron,class,1.0,0.99,1.0,88524.0,8,7,,/home/a61491/CASTOR_KRFE/outputs/sars/rep26/run.log
sars,,26,accuracy,overall,,,0.99,275952.0,8,7,,/home/a61491/CASTOR_KRFE/outputs/sars/rep26/run.log
sars,,26,macro avg,average,0.79,0.99,0.84,275952.0,8,7,,/home/a61491/CASTOR_KRFE/outputs/sars/rep26/run.log
sars,,26,weighted avg,average,0.99,0.99,0.99,275952.0,8,7,,/home/a61491/CASTOR_KRFE/outputs/sars/rep26/run.log
sars,,27,SARS-CoV-2|Alpha,class,1.0,0.98,0.99,139421.0,9,5,,/home/a61491/CASTOR_KRFE/outputs/sars/rep27/run.log
sars,,27,SARS-CoV-2|Beta,class,0.26,0.97,0.41,562.0,9,5,,/home/a61491/CASTOR_KRFE/outputs/sars/rep27/run.log
sars,,27,SARS-CoV-2|Delta,class,1.0,0.98,0.99,8339.0,9,5,,/home/a61491/CASTOR_KRFE/outputs/sars/rep27/run.log
sars,,27,SARS-CoV-2|Epsilon,class,1.0,0.99,1.0,13564.0,9,5,,/home/a61491/CASTOR_KRFE/outputs/sars/rep27/run.log
sars,,27,SARS-CoV-2|Eta,class,0.92,0.98,0.95,579.0,9,5,,/home/a61491/CASTOR_KRFE/outputs/sars/rep27/run.log
sars,,27,SARS-CoV-2|Gamma,class,0.92,0.99,0.96,7316.0,9,5,,/home/a61491/CASTOR_KRFE/outputs/sars/rep27/run.log
sars,,27,SARS-CoV-2|Iota,class,1.0,0.99,0.99,17295.0,9,5,,/home/a61491/CASTOR_KRFE/outputs/sars/rep27/run.log
sars,,27,SARS-CoV-2|Kappa,class,0.07,1.0,0.14,36.0,9,5,,/home/a61491/CASTOR_KRFE/outputs/sars/rep27/run.log
sars,,27,SARS-CoV-2|Lambda,class,0.28,1.0,0.44,316.0,9,5,,/home/a61491/CASTOR_KRFE/outputs/sars/rep27/run.log
sars,,27,SARS-CoV-2|Omicron,class,1.0,0.99,1.0,88524.0,9,5,,/home/a61491/CASTOR_KRFE/outputs/sars/rep27/run.log
sars,,27,accuracy,overall,,,0.99,275952.0,9,5,,/home/a61491/CASTOR_KRFE/outputs/sars/rep27/run.log
sars,,27,macro avg,average,0.74,0.99,0.78,275952.0,9,5,,/home/a61491/CASTOR_KRFE/outputs/sars/rep27/run.log
sars,,27,weighted avg,average,0.99,0.99,0.99,275952.0,9,5,,/home/a61491/CASTOR_KRFE/outputs/sars/rep27/run.log
sars,,28,SARS-CoV-2|Alpha,class,1.0,0.99,1.0,139421.0,8,6,,/home/a61491/CASTOR_KRFE/outputs/sars/rep28/run.log
sars,,28,SARS-CoV-2|Beta,class,0.56,0.99,0.72,562.0,8,6,,/home/a61491/CASTOR_KRFE/outputs/sars/rep28/run.log
sars,,28,SARS-CoV-2|Delta,class,0.98,0.98,0.98,8339.0,8,6,,/home/a61491/CASTOR_KRFE/outputs/sars/rep28/run.log
sars,,28,SARS-CoV-2|Epsilon,class,1.0,0.99,1.0,13564.0,8,6,,/home/a61491/CASTOR_KRFE/outputs/sars/rep28/run.log
sars,,28,SARS-CoV-2|Eta,class,0.95,0.99,0.97,579.0,8,6,,/home/a61491/CASTOR_KRFE/outputs/sars/rep28/run.log
sars,,28,SARS-CoV-2|Gamma,class,1.0,0.97,0.98,7316.0,8,6,,/home/a61491/CASTOR_KRFE/outputs/sars/rep28/run.log
sars,,28,SARS-CoV-2|Iota,class,1.0,0.98,0.99,17295.0,8,6,,/home/a61491/CASTOR_KRFE/outputs/sars/rep28/run.log
sars,,28,SARS-CoV-2|Kappa,class,0.18,1.0,0.3,36.0,8,6,,/home/a61491/CASTOR_KRFE/outputs/sars/rep28/run.log
sars,,28,SARS-CoV-2|Lambda,class,0.76,0.98,0.86,316.0,8,6,,/home/a61491/CASTOR_KRFE/outputs/sars/rep28/run.log
sars,,28,SARS-CoV-2|Omicron,class,0.99,1.0,1.0,88524.0,8,6,,/home/a61491/CASTOR_KRFE/outputs/sars/rep28/run.log
sars,,28,accuracy,overall,,,0.99,275952.0,8,6,,/home/a61491/CASTOR_KRFE/outputs/sars/rep28/run.log
sars,,28,macro avg,average,0.84,0.99,0.88,275952.0,8,6,,/home/a61491/CASTOR_KRFE/outputs/sars/rep28/run.log
sars,,28,weighted avg,average,1.0,0.99,0.99,275952.0,8,6,,/home/a61491/CASTOR_KRFE/outputs/sars/rep28/run.log
sars,,29,SARS-CoV-2|Alpha,class,1.0,1.0,1.0,139421.0,8,5,,/home/a61491/CASTOR_KRFE/outputs/sars/rep29/run.log
sars,,29,SARS-CoV-2|Beta,class,0.84,0.98,0.91,562.0,8,5,,/home/a61491/CASTOR_KRFE/outputs/sars/rep29/run.log
sars,,29,SARS-CoV-2|Delta,class,0.99,0.98,0.98,8339.0,8,5,,/home/a61491/CASTOR_KRFE/outputs/sars/rep29/run.log
sars,,29,SARS-CoV-2|Epsilon,class,1.0,0.99,1.0,13564.0,8,5,,/home/a61491/CASTOR_KRFE/outputs/sars/rep29/run.log
sars,,29,SARS-CoV-2|Eta,class,1.0,0.98,0.99,579.0,8,5,,/home/a61491/CASTOR_KRFE/outputs/sars/rep29/run.log
sars,,29,SARS-CoV-2|Gamma,class,0.99,0.99,0.99,7316.0,8,5,,/home/a61491/CASTOR_KRFE/outputs/sars/rep29/run.log
sars,,29,SARS-CoV-2|Iota,class,0.98,0.99,0.99,17295.0,8,5,,/home/a61491/CASTOR_KRFE/outputs/sars/rep29/run.log
sars,,29,SARS-CoV-2|Kappa,class,0.07,1.0,0.13,36.0,8,5,,/home/a61491/CASTOR_KRFE/outputs/sars/rep29/run.log
sars,,29,SARS-CoV-2|Lambda,class,0.73,1.0,0.84,316.0,8,5,,/home/a61491/CASTOR_KRFE/outputs/sars/rep29/run.log
sars,,29,SARS-CoV-2|Omicron,class,1.0,0.99,1.0,88524.0,8,5,,/home/a61491/CASTOR_KRFE/outputs/sars/rep29/run.log
sars,,29,accuracy,overall,,,0.99,275952.0,8,5,,/home/a61491/CASTOR_KRFE/outputs/sars/rep29/run.log
sars,,29,macro avg,average,0.86,0.99,0.88,275952.0,8,5,,/home/a61491/CASTOR_KRFE/outputs/sars/rep29/run.log
sars,,29,weighted avg,average,1.0,0.99,0.99,275952.0,8,5,,/home/a61491/CASTOR_KRFE/outputs/sars/rep29/run.log
sars,,3,SARS-CoV-2|Alpha,class,1.0,0.99,0.99,139421.0,7,6,,/home/a61491/CASTOR_KRFE/outputs/sars/rep3/run.log
sars,,3,SARS-CoV-2|Beta,class,0.72,0.98,0.83,562.0,7,6,,/home/a61491/CASTOR_KRFE/outputs/sars/rep3/run.log
sars,,3,SARS-CoV-2|Delta,class,0.93,0.98,0.95,8339.0,7,6,,/home/a61491/CASTOR_KRFE/outputs/sars/rep3/run.log
sars,,3,SARS-CoV-2|Epsilon,class,1.0,0.99,0.99,13564.0,7,6,,/home/a61491/CASTOR_KRFE/outputs/sars/rep3/run.log
sars,,3,SARS-CoV-2|Eta,class,0.22,1.0,0.36,579.0,7,6,,/home/a61491/CASTOR_KRFE/outputs/sars/rep3/run.log
sars,,3,SARS-CoV-2|Gamma,class,0.99,0.99,0.99,7316.0,7,6,,/home/a61491/CASTOR_KRFE/outputs/sars/rep3/run.log
sars,,3,SARS-CoV-2|Iota,class,1.0,0.99,1.0,17295.0,7,6,,/home/a61491/CASTOR_KRFE/outputs/sars/rep3/run.log
sars,,3,SARS-CoV-2|Kappa,class,0.22,0.97,0.36,36.0,7,6,,/home/a61491/CASTOR_KRFE/outputs/sars/rep3/run.log
sars,,3,SARS-CoV-2|Lambda,class,0.64,0.99,0.78,316.0,7,6,,/home/a61491/CASTOR_KRFE/outputs/sars/rep3/run.log
sars,,3,SARS-CoV-2|Omicron,class,1.0,0.98,0.99,88524.0,7,6,,/home/a61491/CASTOR_KRFE/outputs/sars/rep3/run.log
sars,,3,accuracy,overall,,,0.99,275952.0,7,6,,/home/a61491/CASTOR_KRFE/outputs/sars/rep3/run.log
sars,,3,macro avg,average,0.77,0.99,0.82,275952.0,7,6,,/home/a61491/CASTOR_KRFE/outputs/sars/rep3/run.log
sars,,3,weighted avg,average,0.99,0.99,0.99,275952.0,7,6,,/home/a61491/CASTOR_KRFE/outputs/sars/rep3/run.log
sars,,30,SARS-CoV-2|Alpha,class,1.0,0.98,0.99,139421.0,7,6,,/home/a61491/CASTOR_KRFE/outputs/sars/rep30/run.log
sars,,30,SARS-CoV-2|Beta,class,0.87,0.99,0.92,562.0,7,6,,/home/a61491/CASTOR_KRFE/outputs/sars/rep30/run.log
sars,,30,SARS-CoV-2|Delta,class,0.99,0.98,0.98,8339.0,7,6,,/home/a61491/CASTOR_KRFE/outputs/sars/rep30/run.log
sars,,30,SARS-CoV-2|Epsilon,class,0.99,0.99,0.99,13564.0,7,6,,/home/a61491/CASTOR_KRFE/outputs/sars/rep30/run.log
sars,,30,SARS-CoV-2|Eta,class,0.48,0.99,0.64,579.0,7,6,,/home/a61491/CASTOR_KRFE/outputs/sars/rep30/run.log
sars,,30,SARS-CoV-2|Gamma,class,0.75,0.99,0.85,7316.0,7,6,,/home/a61491/CASTOR_KRFE/outputs/sars/rep30/run.log
sars,,30,SARS-CoV-2|Iota,class,0.99,0.99,0.99,17295.0,7,6,,/home/a61491/CASTOR_KRFE/outputs/sars/rep30/run.log
sars,,30,SARS-CoV-2|Kappa,class,0.04,1.0,0.08,36.0,7,6,,/home/a61491/CASTOR_KRFE/outputs/sars/rep30/run.log
sars,,30,SARS-CoV-2|Lambda,class,0.33,0.97,0.49,316.0,7,6,,/home/a61491/CASTOR_KRFE/outputs/sars/rep30/run.log
sars,,30,SARS-CoV-2|Omicron,class,1.0,0.98,0.99,88524.0,7,6,,/home/a61491/CASTOR_KRFE/outputs/sars/rep30/run.log
sars,,30,accuracy,overall,,,0.98,275952.0,7,6,,/home/a61491/CASTOR_KRFE/outputs/sars/rep30/run.log
sars,,30,macro avg,average,0.74,0.98,0.79,275952.0,7,6,,/home/a61491/CASTOR_KRFE/outputs/sars/rep30/run.log
sars,,30,weighted avg,average,0.99,0.98,0.98,275952.0,7,6,,/home/a61491/CASTOR_KRFE/outputs/sars/rep30/run.log
sars,,31,SARS-CoV-2|Alpha,class,1.0,0.99,1.0,139421.0,9,6,,/home/a61491/CASTOR_KRFE/outputs/sars/rep31/run.log
sars,,31,SARS-CoV-2|Beta,class,0.97,0.97,0.97,562.0,9,6,,/home/a61491/CASTOR_KRFE/outputs/sars/rep31/run.log
sars,,31,SARS-CoV-2|Delta,class,0.82,0.99,0.9,8339.0,9,6,,/home/a61491/CASTOR_KRFE/outputs/sars/rep31/run.log
sars,,31,SARS-CoV-2|Epsilon,class,0.99,0.99,0.99,13564.0,9,6,,/home/a61491/CASTOR_KRFE/outputs/sars/rep31/run.log
sars,,31,SARS-CoV-2|Eta,class,0.66,0.97,0.79,579.0,9,6,,/home/a61491/CASTOR_KRFE/outputs/sars/rep31/run.log
sars,,31,SARS-CoV-2|Gamma,class,0.98,0.99,0.99,7316.0,9,6,,/home/a61491/CASTOR_KRFE/outputs/sars/rep31/run.log
sars,,31,SARS-CoV-2|Iota,class,1.0,1.0,1.0,17295.0,9,6,,/home/a61491/CASTOR_KRFE/outputs/sars/rep31/run.log
sars,,31,SARS-CoV-2|Kappa,class,0.14,1.0,0.24,36.0,9,6,,/home/a61491/CASTOR_KRFE/outputs/sars/rep31/run.log
sars,,31,SARS-CoV-2|Lambda,class,0.74,0.99,0.85,316.0,9,6,,/home/a61491/CASTOR_KRFE/outputs/sars/rep31/run.log
sars,,31,SARS-CoV-2|Omicron,class,1.0,0.98,0.99,88524.0,9,6,,/home/a61491/CASTOR_KRFE/outputs/sars/rep31/run.log
sars,,31,accuracy,overall,,,0.99,275952.0,9,6,,/home/a61491/CASTOR_KRFE/outputs/sars/rep31/run.log
sars,,31,macro avg,average,0.83,0.99,0.87,275952.0,9,6,,/home/a61491/CASTOR_KRFE/outputs/sars/rep31/run.log
sars,,31,weighted avg,average,0.99,0.99,0.99,275952.0,9,6,,/home/a61491/CASTOR_KRFE/outputs/sars/rep31/run.log
sars,,32,SARS-CoV-2|Alpha,class,1.0,0.99,1.0,139421.0,10,7,,/home/a61491/CASTOR_KRFE/outputs/sars/rep32/run.log
sars,,32,SARS-CoV-2|Beta,class,0.81,0.98,0.89,562.0,10,7,,/home/a61491/CASTOR_KRFE/outputs/sars/rep32/run.log
sars,,32,SARS-CoV-2|Delta,class,1.0,0.98,0.99,8339.0,10,7,,/home/a61491/CASTOR_KRFE/outputs/sars/rep32/run.log
sars,,32,SARS-CoV-2|Epsilon,class,1.0,1.0,1.0,13564.0,10,7,,/home/a61491/CASTOR_KRFE/outputs/sars/rep32/run.log
sars,,32,SARS-CoV-2|Eta,class,0.92,0.99,0.95,579.0,10,7,,/home/a61491/CASTOR_KRFE/outputs/sars/rep32/run.log
sars,,32,SARS-CoV-2|Gamma,class,0.97,0.99,0.98,7316.0,10,7,,/home/a61491/CASTOR_KRFE/outputs/sars/rep32/run.log
sars,,32,SARS-CoV-2|Iota,class,0.99,1.0,1.0,17295.0,10,7,,/home/a61491/CASTOR_KRFE/outputs/sars/rep32/run.log
sars,,32,SARS-CoV-2|Kappa,class,0.05,1.0,0.09,36.0,10,7,,/home/a61491/CASTOR_KRFE/outputs/sars/rep32/run.log
sars,,32,SARS-CoV-2|Lambda,class,0.71,1.0,0.83,316.0,10,7,,/home/a61491/CASTOR_KRFE/outputs/sars/rep32/run.log
sars,,32,SARS-CoV-2|Omicron,class,1.0,1.0,1.0,88524.0,10,7,,/home/a61491/CASTOR_KRFE/outputs/sars/rep32/run.log
sars,,32,accuracy,overall,,,1.0,275952.0,10,7,,/home/a61491/CASTOR_KRFE/outputs/sars/rep32/run.log
sars,,32,macro avg,average,0.85,0.99,0.87,275952.0,10,7,,/home/a61491/CASTOR_KRFE/outputs/sars/rep32/run.log
sars,,32,weighted avg,average,1.0,1.0,1.0,275952.0,10,7,,/home/a61491/CASTOR_KRFE/outputs/sars/rep32/run.log
sars,,33,SARS-CoV-2|Alpha,class,1.0,0.97,0.99,139421.0,10,6,,/home/a61491/CASTOR_KRFE/outputs/sars/rep33/run.log
sars,,33,SARS-CoV-2|Beta,class,0.63,0.99,0.77,562.0,10,6,,/home/a61491/CASTOR_KRFE/outputs/sars/rep33/run.log
sars,,33,SARS-CoV-2|Delta,class,1.0,0.98,0.99,8339.0,10,6,,/home/a61491/CASTOR_KRFE/outputs/sars/rep33/run.log
sars,,33,SARS-CoV-2|Epsilon,class,1.0,0.99,1.0,13564.0,10,6,,/home/a61491/CASTOR_KRFE/outputs/sars/rep33/run.log
sars,,33,SARS-CoV-2|Eta,class,0.15,0.98,0.26,579.0,10,6,,/home/a61491/CASTOR_KRFE/outputs/sars/rep33/run.log
sars,,33,SARS-CoV-2|Gamma,class,1.0,0.96,0.98,7316.0,10,6,,/home/a61491/CASTOR_KRFE/outputs/sars/rep33/run.log
sars,,33,SARS-CoV-2|Iota,class,0.99,1.0,0.99,17295.0,10,6,,/home/a61491/CASTOR_KRFE/outputs/sars/rep33/run.log
sars,,33,SARS-CoV-2|Kappa,class,0.12,0.97,0.21,36.0,10,6,,/home/a61491/CASTOR_KRFE/outputs/sars/rep33/run.log
sars,,33,SARS-CoV-2|Lambda,class,0.65,1.0,0.79,316.0,10,6,,/home/a61491/CASTOR_KRFE/outputs/sars/rep33/run.log
sars,,33,SARS-CoV-2|Omicron,class,1.0,0.99,1.0,88524.0,10,6,,/home/a61491/CASTOR_KRFE/outputs/sars/rep33/run.log
sars,,33,accuracy,overall,,,0.98,275952.0,10,6,,/home/a61491/CASTOR_KRFE/outputs/sars/rep33/run.log
sars,,33,macro avg,average,0.75,0.98,0.8,275952.0,10,6,,/home/a61491/CASTOR_KRFE/outputs/sars/rep33/run.log
sars,,33,weighted avg,average,1.0,0.98,0.99,275952.0,10,6,,/home/a61491/CASTOR_KRFE/outputs/sars/rep33/run.log
sars,,34,SARS-CoV-2|Alpha,class,1.0,0.99,1.0,139421.0,8,8,,/home/a61491/CASTOR_KRFE/outputs/sars/rep34/run.log
sars,,34,SARS-CoV-2|Beta,class,0.89,0.99,0.94,562.0,8,8,,/home/a61491/CASTOR_KRFE/outputs/sars/rep34/run.log
sars,,34,SARS-CoV-2|Delta,class,1.0,0.99,0.99,8339.0,8,8,,/home/a61491/CASTOR_KRFE/outputs/sars/rep34/run.log
sars,,34,SARS-CoV-2|Epsilon,class,1.0,0.99,1.0,13564.0,8,8,,/home/a61491/CASTOR_KRFE/outputs/sars/rep34/run.log
sars,,34,SARS-CoV-2|Eta,class,0.41,1.0,0.58,579.0,8,8,,/home/a61491/CASTOR_KRFE/outputs/sars/rep34/run.log
sars,,34,SARS-CoV-2|Gamma,class,0.96,0.99,0.97,7316.0,8,8,,/home/a61491/CASTOR_KRFE/outputs/sars/rep34/run.log
sars,,34,SARS-CoV-2|Iota,class,1.0,1.0,1.0,17295.0,8,8,,/home/a61491/CASTOR_KRFE/outputs/sars/rep34/run.log
sars,,34,SARS-CoV-2|Kappa,class,0.64,1.0,0.78,36.0,8,8,,/home/a61491/CASTOR_KRFE/outputs/sars/rep34/run.log
sars,,34,SARS-CoV-2|Lambda,class,0.41,0.99,0.58,316.0,8,8,,/home/a61491/CASTOR_KRFE/outputs/sars/rep34/run.log
sars,,34,SARS-CoV-2|Omicron,class,0.99,0.99,0.99,88524.0,8,8,,/home/a61491/CASTOR_KRFE/outputs/sars/rep34/run.log
sars,,34,accuracy,overall,,,0.99,275952.0,8,8,,/home/a61491/CASTOR_KRFE/outputs/sars/rep34/run.log
sars,,34,macro avg,average,0.83,0.99,0.88,275952.0,8,8,,/home/a61491/CASTOR_KRFE/outputs/sars/rep34/run.log
sars,,34,weighted avg,average,0.99,0.99,0.99,275952.0,8,8,,/home/a61491/CASTOR_KRFE/outputs/sars/rep34/run.log
sars,,35,SARS-CoV-2|Alpha,class,1.0,0.99,0.99,139421.0,8,7,,/home/a61491/CASTOR_KRFE/outputs/sars/rep35/run.log
sars,,35,SARS-CoV-2|Beta,class,0.96,0.99,0.97,562.0,8,7,,/home/a61491/CASTOR_KRFE/outputs/sars/rep35/run.log
sars,,35,SARS-CoV-2|Delta,class,0.89,0.98,0.93,8339.0,8,7,,/home/a61491/CASTOR_KRFE/outputs/sars/rep35/run.log
sars,,35,SARS-CoV-2|Epsilon,class,0.97,0.99,0.98,13564.0,8,7,,/home/a61491/CASTOR_KRFE/outputs/sars/rep35/run.log
sars,,35,SARS-CoV-2|Eta,class,0.87,0.99,0.92,579.0,8,7,,/home/a61491/CASTOR_KRFE/outputs/sars/rep35/run.log
sars,,35,SARS-CoV-2|Gamma,class,0.76,1.0,0.86,7316.0,8,7,,/home/a61491/CASTOR_KRFE/outputs/sars/rep35/run.log
sars,,35,SARS-CoV-2|Iota,class,0.99,0.99,0.99,17295.0,8,7,,/home/a61491/CASTOR_KRFE/outputs/sars/rep35/run.log
sars,,35,SARS-CoV-2|Kappa,class,0.19,0.97,0.31,36.0,8,7,,/home/a61491/CASTOR_KRFE/outputs/sars/rep35/run.log
sars,,35,SARS-CoV-2|Lambda,class,0.47,0.99,0.64,316.0,8,7,,/home/a61491/CASTOR_KRFE/outputs/sars/rep35/run.log
sars,,35,SARS-CoV-2|Omicron,class,1.0,0.97,0.99,88524.0,8,7,,/home/a61491/CASTOR_KRFE/outputs/sars/rep35/run.log
sars,,35,accuracy,overall,,,0.98,275952.0,8,7,,/home/a61491/CASTOR_KRFE/outputs/sars/rep35/run.log
sars,,35,macro avg,average,0.81,0.99,0.86,275952.0,8,7,,/home/a61491/CASTOR_KRFE/outputs/sars/rep35/run.log
sars,,35,weighted avg,average,0.99,0.98,0.98,275952.0,8,7,,/home/a61491/CASTOR_KRFE/outputs/sars/rep35/run.log
sars,,36,SARS-CoV-2|Alpha,class,1.0,0.96,0.98,139421.0,7,7,,/home/a61491/CASTOR_KRFE/outputs/sars/rep36/run.log
sars,,36,SARS-CoV-2|Beta,class,0.87,0.98,0.92,562.0,7,7,,/home/a61491/CASTOR_KRFE/outputs/sars/rep36/run.log
sars,,36,SARS-CoV-2|Delta,class,1.0,0.97,0.98,8339.0,7,7,,/home/a61491/CASTOR_KRFE/outputs/sars/rep36/run.log
sars,,36,SARS-CoV-2|Epsilon,class,1.0,0.99,0.99,13564.0,7,7,,/home/a61491/CASTOR_KRFE/outputs/sars/rep36/run.log
sars,,36,SARS-CoV-2|Eta,class,0.86,0.99,0.92,579.0,7,7,,/home/a61491/CASTOR_KRFE/outputs/sars/rep36/run.log
sars,,36,SARS-CoV-2|Gamma,class,0.59,0.99,0.74,7316.0,7,7,,/home/a61491/CASTOR_KRFE/outputs/sars/rep36/run.log
sars,,36,SARS-CoV-2|Iota,class,1.0,1.0,1.0,17295.0,7,7,,/home/a61491/CASTOR_KRFE/outputs/sars/rep36/run.log
sars,,36,SARS-CoV-2|Kappa,class,0.26,1.0,0.42,36.0,7,7,,/home/a61491/CASTOR_KRFE/outputs/sars/rep36/run.log
sars,,36,SARS-CoV-2|Lambda,class,0.54,0.99,0.7,316.0,7,7,,/home/a61491/CASTOR_KRFE/outputs/sars/rep36/run.log
sars,,36,SARS-CoV-2|Omicron,class,0.99,0.99,0.99,88524.0,7,7,,/home/a61491/CASTOR_KRFE/outputs/sars/rep36/run.log
sars,,36,accuracy,overall,,,0.98,275952.0,7,7,,/home/a61491/CASTOR_KRFE/outputs/sars/rep36/run.log
sars,,36,macro avg,average,0.81,0.99,0.86,275952.0,7,7,,/home/a61491/CASTOR_KRFE/outputs/sars/rep36/run.log
sars,,36,weighted avg,average,0.98,0.98,0.98,275952.0,7,7,,/home/a61491/CASTOR_KRFE/outputs/sars/rep36/run.log
sars,,37,SARS-CoV-2|Alpha,class,1.0,0.98,0.99,139421.0,7,7,,/home/a61491/CASTOR_KRFE/outputs/sars/rep37/run.log
sars,,37,SARS-CoV-2|Beta,class,0.93,0.94,0.94,562.0,7,7,,/home/a61491/CASTOR_KRFE/outputs/sars/rep37/run.log
sars,,37,SARS-CoV-2|Delta,class,0.92,0.99,0.95,8339.0,7,7,,/home/a61491/CASTOR_KRFE/outputs/sars/rep37/run.log
sars,,37,SARS-CoV-2|Epsilon,class,1.0,0.99,0.99,13564.0,7,7,,/home/a61491/CASTOR_KRFE/outputs/sars/rep37/run.log
sars,,37,SARS-CoV-2|Eta,class,0.62,0.99,0.76,579.0,7,7,,/home/a61491/CASTOR_KRFE/outputs/sars/rep37/run.log
sars,,37,SARS-CoV-2|Gamma,class,0.98,0.98,0.98,7316.0,7,7,,/home/a61491/CASTOR_KRFE/outputs/sars/rep37/run.log
sars,,37,SARS-CoV-2|Iota,class,0.99,1.0,1.0,17295.0,7,7,,/home/a61491/CASTOR_KRFE/outputs/sars/rep37/run.log
sars,,37,SARS-CoV-2|Kappa,class,0.16,0.97,0.27,36.0,7,7,,/home/a61491/CASTOR_KRFE/outputs/sars/rep37/run.log
sars,,37,SARS-CoV-2|Lambda,class,0.33,0.96,0.49,316.0,7,7,,/home/a61491/CASTOR_KRFE/outputs/sars/rep37/run.log
sars,,37,SARS-CoV-2|Omicron,class,0.99,1.0,0.99,88524.0,7,7,,/home/a61491/CASTOR_KRFE/outputs/sars/rep37/run.log
sars,,37,accuracy,overall,,,0.99,275952.0,7,7,,/home/a61491/CASTOR_KRFE/outputs/sars/rep37/run.log
sars,,37,macro avg,average,0.79,0.98,0.84,275952.0,7,7,,/home/a61491/CASTOR_KRFE/outputs/sars/rep37/run.log
sars,,37,weighted avg,average,0.99,0.99,0.99,275952.0,7,7,,/home/a61491/CASTOR_KRFE/outputs/sars/rep37/run.log
sars,,38,SARS-CoV-2|Alpha,class,1.0,0.97,0.99,139421.0,10,6,,/home/a61491/CASTOR_KRFE/outputs/sars/rep38/run.log
sars,,38,SARS-CoV-2|Beta,class,0.79,0.99,0.88,562.0,10,6,,/home/a61491/CASTOR_KRFE/outputs/sars/rep38/run.log
sars,,38,SARS-CoV-2|Delta,class,0.92,1.0,0.96,8339.0,10,6,,/home/a61491/CASTOR_KRFE/outputs/sars/rep38/run.log
sars,,38,SARS-CoV-2|Epsilon,class,1.0,0.99,1.0,13564.0,10,6,,/home/a61491/CASTOR_KRFE/outputs/sars/rep38/run.log
sars,,38,SARS-CoV-2|Eta,class,0.95,1.0,0.98,579.0,10,6,,/home/a61491/CASTOR_KRFE/outputs/sars/rep38/run.log
sars,,38,SARS-CoV-2|Gamma,class,0.81,0.99,0.89,7316.0,10,6,,/home/a61491/CASTOR_KRFE/outputs/sars/rep38/run.log
sars,,38,SARS-CoV-2|Iota,class,0.99,0.98,0.99,17295.0,10,6,,/home/a61491/CASTOR_KRFE/outputs/sars/rep38/run.log
sars,,38,SARS-CoV-2|Kappa,class,0.13,1.0,0.23,36.0,10,6,,/home/a61491/CASTOR_KRFE/outputs/sars/rep38/run.log
sars,,38,SARS-CoV-2|Lambda,class,0.4,1.0,0.57,316.0,10,6,,/home/a61491/CASTOR_KRFE/outputs/sars/rep38/run.log
sars,,38,SARS-CoV-2|Omicron,class,0.99,0.99,0.99,88524.0,10,6,,/home/a61491/CASTOR_KRFE/outputs/sars/rep38/run.log
sars,,38,accuracy,overall,,,0.98,275952.0,10,6,,/home/a61491/CASTOR_KRFE/outputs/sars/rep38/run.log
sars,,38,macro avg,average,0.8,0.99,0.85,275952.0,10,6,,/home/a61491/CASTOR_KRFE/outputs/sars/rep38/run.log
sars,,38,weighted avg,average,0.99,0.98,0.98,275952.0,10,6,,/home/a61491/CASTOR_KRFE/outputs/sars/rep38/run.log
sars,,39,SARS-CoV-2|Alpha,class,1.0,0.99,0.99,139421.0,7,6,,/home/a61491/CASTOR_KRFE/outputs/sars/rep39/run.log
sars,,39,SARS-CoV-2|Beta,class,0.48,0.99,0.65,562.0,7,6,,/home/a61491/CASTOR_KRFE/outputs/sars/rep39/run.log
sars,,39,SARS-CoV-2|Delta,class,1.0,0.97,0.98,8339.0,7,6,,/home/a61491/CASTOR_KRFE/outputs/sars/rep39/run.log
sars,,39,SARS-CoV-2|Epsilon,class,1.0,0.99,0.99,13564.0,7,6,,/home/a61491/CASTOR_KRFE/outputs/sars/rep39/run.log
sars,,39,SARS-CoV-2|Eta,class,0.93,1.0,0.96,579.0,7,6,,/home/a61491/CASTOR_KRFE/outputs/sars/rep39/run.log
sars,,39,SARS-CoV-2|Gamma,class,0.8,0.99,0.88,7316.0,7,6,,/home/a61491/CASTOR_KRFE/outputs/sars/rep39/run.log
sars,,39,SARS-CoV-2|Iota,class,0.98,0.99,0.99,17295.0,7,6,,/home/a61491/CASTOR_KRFE/outputs/sars/rep39/run.log
sars,,39,SARS-CoV-2|Kappa,class,0.24,1.0,0.38,36.0,7,6,,/home/a61491/CASTOR_KRFE/outputs/sars/rep39/run.log
sars,,39,SARS-CoV-2|Lambda,class,0.59,0.99,0.74,316.0,7,6,,/home/a61491/CASTOR_KRFE/outputs/sars/rep39/run.log
sars,,39,SARS-CoV-2|Omicron,class,1.0,0.99,0.99,88524.0,7,6,,/home/a61491/CASTOR_KRFE/outputs/sars/rep39/run.log
sars,,39,accuracy,overall,,,0.99,275952.0,7,6,,/home/a61491/CASTOR_KRFE/outputs/sars/rep39/run.log
sars,,39,macro avg,average,0.8,0.99,0.86,275952.0,7,6,,/home/a61491/CASTOR_KRFE/outputs/sars/rep39/run.log
sars,,39,weighted avg,average,0.99,0.99,0.99,275952.0,7,6,,/home/a61491/CASTOR_KRFE/outputs/sars/rep39/run.log
sars,,4,SARS-CoV-2|Alpha,class,1.0,0.99,1.0,139421.0,8,5,,/home/a61491/CASTOR_KRFE/outputs/sars/rep4/run.log
sars,,4,SARS-CoV-2|Beta,class,0.64,0.99,0.78,562.0,8,5,,/home/a61491/CASTOR_KRFE/outputs/sars/rep4/run.log
sars,,4,SARS-CoV-2|Delta,class,0.56,0.99,0.72,8339.0,8,5,,/home/a61491/CASTOR_KRFE/outputs/sars/rep4/run.log
sars,,4,SARS-CoV-2|Epsilon,class,1.0,0.99,1.0,13564.0,8,5,,/home/a61491/CASTOR_KRFE/outputs/sars/rep4/run.log
sars,,4,SARS-CoV-2|Eta,class,0.75,0.99,0.85,579.0,8,5,,/home/a61491/CASTOR_KRFE/outputs/sars/rep4/run.log
sars,,4,SARS-CoV-2|Gamma,class,0.81,0.99,0.89,7316.0,8,5,,/home/a61491/CASTOR_KRFE/outputs/sars/rep4/run.log
sars,,4,SARS-CoV-2|Iota,class,0.99,1.0,1.0,17295.0,8,5,,/home/a61491/CASTOR_KRFE/outputs/sars/rep4/run.log
sars,,4,SARS-CoV-2|Kappa,class,0.23,1.0,0.38,36.0,8,5,,/home/a61491/CASTOR_KRFE/outputs/sars/rep4/run.log
sars,,4,SARS-CoV-2|Lambda,class,0.92,1.0,0.96,316.0,8,5,,/home/a61491/CASTOR_KRFE/outputs/sars/rep4/run.log
sars,,4,SARS-CoV-2|Omicron,class,1.0,0.91,0.95,88524.0,8,5,,/home/a61491/CASTOR_KRFE/outputs/sars/rep4/run.log
sars,,4,accuracy,overall,,,0.97,275952.0,8,5,,/home/a61491/CASTOR_KRFE/outputs/sars/rep4/run.log
sars,,4,macro avg,average,0.79,0.98,0.85,275952.0,8,5,,/home/a61491/CASTOR_KRFE/outputs/sars/rep4/run.log
sars,,4,weighted avg,average,0.98,0.97,0.97,275952.0,8,5,,/home/a61491/CASTOR_KRFE/outputs/sars/rep4/run.log
sars,,40,SARS-CoV-2|Alpha,class,1.0,0.99,0.99,139421.0,8,6,,/home/a61491/CASTOR_KRFE/outputs/sars/rep40/run.log
sars,,40,SARS-CoV-2|Beta,class,0.68,1.0,0.81,562.0,8,6,,/home/a61491/CASTOR_KRFE/outputs/sars/rep40/run.log
sars,,40,SARS-CoV-2|Delta,class,0.96,0.97,0.97,8339.0,8,6,,/home/a61491/CASTOR_KRFE/outputs/sars/rep40/run.log
sars,,40,SARS-CoV-2|Epsilon,class,1.0,0.99,0.99,13564.0,8,6,,/home/a61491/CASTOR_KRFE/outputs/sars/rep40/run.log
sars,,40,SARS-CoV-2|Eta,class,0.88,0.98,0.92,579.0,8,6,,/home/a61491/CASTOR_KRFE/outputs/sars/rep40/run.log
sars,,40,SARS-CoV-2|Gamma,class,0.96,0.97,0.97,7316.0,8,6,,/home/a61491/CASTOR_KRFE/outputs/sars/rep40/run.log
sars,,40,SARS-CoV-2|Iota,class,1.0,0.99,0.99,17295.0,8,6,,/home/a61491/CASTOR_KRFE/outputs/sars/rep40/run.log
sars,,40,SARS-CoV-2|Kappa,class,0.16,0.94,0.27,36.0,8,6,,/home/a61491/CASTOR_KRFE/outputs/sars/rep40/run.log
sars,,40,SARS-CoV-2|Lambda,class,0.22,0.98,0.36,316.0,8,6,,/home/a61491/CASTOR_KRFE/outputs/sars/rep40/run.log
sars,,40,SARS-CoV-2|Omicron,class,1.0,0.99,0.99,88524.0,8,6,,/home/a61491/CASTOR_KRFE/outputs/sars/rep40/run.log
sars,,40,accuracy,overall,,,0.99,275952.0,8,6,,/home/a61491/CASTOR_KRFE/outputs/sars/rep40/run.log
sars,,40,macro avg,average,0.78,0.98,0.83,275952.0,8,6,,/home/a61491/CASTOR_KRFE/outputs/sars/rep40/run.log
sars,,40,weighted avg,average,0.99,0.99,0.99,275952.0,8,6,,/home/a61491/CASTOR_KRFE/outputs/sars/rep40/run.log
sars,,41,SARS-CoV-2|Alpha,class,1.0,0.98,0.99,139421.0,7,6,,/home/a61491/CASTOR_KRFE/outputs/sars/rep41/run.log
sars,,41,SARS-CoV-2|Beta,class,0.53,0.99,0.69,562.0,7,6,,/home/a61491/CASTOR_KRFE/outputs/sars/rep41/run.log
sars,,41,SARS-CoV-2|Delta,class,0.97,0.96,0.97,8339.0,7,6,,/home/a61491/CASTOR_KRFE/outputs/sars/rep41/run.log
sars,,41,SARS-CoV-2|Epsilon,class,1.0,0.99,0.99,13564.0,7,6,,/home/a61491/CASTOR_KRFE/outputs/sars/rep41/run.log
sars,,41,SARS-CoV-2|Eta,class,0.36,0.97,0.52,579.0,7,6,,/home/a61491/CASTOR_KRFE/outputs/sars/rep41/run.log
sars,,41,SARS-CoV-2|Gamma,class,0.99,0.99,0.99,7316.0,7,6,,/home/a61491/CASTOR_KRFE/outputs/sars/rep41/run.log
sars,,41,SARS-CoV-2|Iota,class,1.0,0.99,1.0,17295.0,7,6,,/home/a61491/CASTOR_KRFE/outputs/sars/rep41/run.log
sars,,41,SARS-CoV-2|Kappa,class,0.02,1.0,0.04,36.0,7,6,,/home/a61491/CASTOR_KRFE/outputs/sars/rep41/run.log
sars,,41,SARS-CoV-2|Lambda,class,0.84,0.99,0.91,316.0,7,6,,/home/a61491/CASTOR_KRFE/outputs/sars/rep41/run.log
sars,,41,SARS-CoV-2|Omicron,class,0.99,0.98,0.98,88524.0,7,6,,/home/a61491/CASTOR_KRFE/outputs/sars/rep41/run.log
sars,,41,accuracy,overall,,,0.98,275952.0,7,6,,/home/a61491/CASTOR_KRFE/outputs/sars/rep41/run.log
sars,,41,macro avg,average,0.77,0.98,0.81,275952.0,7,6,,/home/a61491/CASTOR_KRFE/outputs/sars/rep41/run.log
sars,,41,weighted avg,average,0.99,0.98,0.99,275952.0,7,6,,/home/a61491/CASTOR_KRFE/outputs/sars/rep41/run.log
sars,,42,SARS-CoV-2|Alpha,class,1.0,0.99,0.99,139421.0,8,6,,/home/a61491/CASTOR_KRFE/outputs/sars/rep42/run.log
sars,,42,SARS-CoV-2|Beta,class,0.49,1.0,0.66,562.0,8,6,,/home/a61491/CASTOR_KRFE/outputs/sars/rep42/run.log
sars,,42,SARS-CoV-2|Delta,class,1.0,0.97,0.99,8339.0,8,6,,/home/a61491/CASTOR_KRFE/outputs/sars/rep42/run.log
sars,,42,SARS-CoV-2|Epsilon,class,0.97,1.0,0.98,13564.0,8,6,,/home/a61491/CASTOR_KRFE/outputs/sars/rep42/run.log
sars,,42,SARS-CoV-2|Eta,class,0.84,0.99,0.91,579.0,8,6,,/home/a61491/CASTOR_KRFE/outputs/sars/rep42/run.log
sars,,42,SARS-CoV-2|Gamma,class,0.98,0.99,0.98,7316.0,8,6,,/home/a61491/CASTOR_KRFE/outputs/sars/rep42/run.log
sars,,42,SARS-CoV-2|Iota,class,0.97,0.99,0.98,17295.0,8,6,,/home/a61491/CASTOR_KRFE/outputs/sars/rep42/run.log
sars,,42,SARS-CoV-2|Kappa,class,0.17,1.0,0.29,36.0,8,6,,/home/a61491/CASTOR_KRFE/outputs/sars/rep42/run.log
sars,,42,SARS-CoV-2|Lambda,class,0.45,1.0,0.62,316.0,8,6,,/home/a61491/CASTOR_KRFE/outputs/sars/rep42/run.log
sars,,42,SARS-CoV-2|Omicron,class,1.0,1.0,1.0,88524.0,8,6,,/home/a61491/CASTOR_KRFE/outputs/sars/rep42/run.log
sars,,42,accuracy,overall,,,0.99,275952.0,8,6,,/home/a61491/CASTOR_KRFE/outputs/sars/rep42/run.log
sars,,42,macro avg,average,0.79,0.99,0.84,275952.0,8,6,,/home/a61491/CASTOR_KRFE/outputs/sars/rep42/run.log
sars,,42,weighted avg,average,0.99,0.99,0.99,275952.0,8,6,,/home/a61491/CASTOR_KRFE/outputs/sars/rep42/run.log
sars,,43,SARS-CoV-2|Alpha,class,1.0,0.99,0.99,139421.0,7,7,,/home/a61491/CASTOR_KRFE/outputs/sars/rep43/run.log
sars,,43,SARS-CoV-2|Beta,class,0.92,0.98,0.95,562.0,7,7,,/home/a61491/CASTOR_KRFE/outputs/sars/rep43/run.log
sars,,43,SARS-CoV-2|Delta,class,0.92,0.99,0.95,8339.0,7,7,,/home/a61491/CASTOR_KRFE/outputs/sars/rep43/run.log
sars,,43,SARS-CoV-2|Epsilon,class,0.98,0.99,0.99,13564.0,7,7,,/home/a61491/CASTOR_KRFE/outputs/sars/rep43/run.log
sars,,43,SARS-CoV-2|Eta,class,0.36,0.99,0.53,579.0,7,7,,/home/a61491/CASTOR_KRFE/outputs/sars/rep43/run.log
sars,,43,SARS-CoV-2|Gamma,class,1.0,0.99,1.0,7316.0,7,7,,/home/a61491/CASTOR_KRFE/outputs/sars/rep43/run.log
sars,,43,SARS-CoV-2|Iota,class,1.0,0.99,1.0,17295.0,7,7,,/home/a61491/CASTOR_KRFE/outputs/sars/rep43/run.log
sars,,43,SARS-CoV-2|Kappa,class,0.04,1.0,0.09,36.0,7,7,,/home/a61491/CASTOR_KRFE/outputs/sars/rep43/run.log
sars,,43,SARS-CoV-2|Lambda,class,0.78,0.99,0.87,316.0,7,7,,/home/a61491/CASTOR_KRFE/outputs/sars/rep43/run.log
sars,,43,SARS-CoV-2|Omicron,class,1.0,0.99,0.99,88524.0,7,7,,/home/a61491/CASTOR_KRFE/outputs/sars/rep43/run.log
sars,,43,accuracy,overall,,,0.99,275952.0,7,7,,/home/a61491/CASTOR_KRFE/outputs/sars/rep43/run.log
sars,,43,macro avg,average,0.8,0.99,0.84,275952.0,7,7,,/home/a61491/CASTOR_KRFE/outputs/sars/rep43/run.log
sars,,43,weighted avg,average,0.99,0.99,0.99,275952.0,7,7,,/home/a61491/CASTOR_KRFE/outputs/sars/rep43/run.log
sars,,44,SARS-CoV-2|Alpha,class,0.99,0.99,0.99,139421.0,6,7,,/home/a61491/CASTOR_KRFE/outputs/sars/rep44/run.log
sars,,44,SARS-CoV-2|Beta,class,0.96,0.97,0.96,562.0,6,7,,/home/a61491/CASTOR_KRFE/outputs/sars/rep44/run.log
sars,,44,SARS-CoV-2|Delta,class,0.97,0.97,0.97,8339.0,6,7,,/home/a61491/CASTOR_KRFE/outputs/sars/rep44/run.log
sars,,44,SARS-CoV-2|Epsilon,class,0.99,0.98,0.99,13564.0,6,7,,/home/a61491/CASTOR_KRFE/outputs/sars/rep44/run.log
sars,,44,SARS-CoV-2|Eta,class,0.99,1.0,0.99,579.0,6,7,,/home/a61491/CASTOR_KRFE/outputs/sars/rep44/run.log
sars,,44,SARS-CoV-2|Gamma,class,0.99,0.98,0.99,7316.0,6,7,,/home/a61491/CASTOR_KRFE/outputs/sars/rep44/run.log
sars,,44,SARS-CoV-2|Iota,class,0.96,0.99,0.98,17295.0,6,7,,/home/a61491/CASTOR_KRFE/outputs/sars/rep44/run.log
sars,,44,SARS-CoV-2|Kappa,class,0.21,1.0,0.34,36.0,6,7,,/home/a61491/CASTOR_KRFE/outputs/sars/rep44/run.log
sars,,44,SARS-CoV-2|Lambda,class,0.44,0.99,0.61,316.0,6,7,,/home/a61491/CASTOR_KRFE/outputs/sars/rep44/run.log
sars,,44,SARS-CoV-2|Omicron,class,1.0,0.98,0.99,88524.0,6,7,,/home/a61491/CASTOR_KRFE/outputs/sars/rep44/run.log
sars,,44,accuracy,overall,,,0.99,275952.0,6,7,,/home/a61491/CASTOR_KRFE/outputs/sars/rep44/run.log
sars,,44,macro avg,average,0.85,0.99,0.88,275952.0,6,7,,/home/a61491/CASTOR_KRFE/outputs/sars/rep44/run.log
sars,,44,weighted avg,average,0.99,0.99,0.99,275952.0,6,7,,/home/a61491/CASTOR_KRFE/outputs/sars/rep44/run.log
sars,,45,SARS-CoV-2|Alpha,class,0.99,0.97,0.98,139421.0,6,7,,/home/a61491/CASTOR_KRFE/outputs/sars/rep45/run.log
sars,,45,SARS-CoV-2|Beta,class,0.42,0.99,0.59,562.0,6,7,,/home/a61491/CASTOR_KRFE/outputs/sars/rep45/run.log
sars,,45,SARS-CoV-2|Delta,class,0.95,0.97,0.96,8339.0,6,7,,/home/a61491/CASTOR_KRFE/outputs/sars/rep45/run.log
sars,,45,SARS-CoV-2|Epsilon,class,1.0,0.99,0.99,13564.0,6,7,,/home/a61491/CASTOR_KRFE/outputs/sars/rep45/run.log
sars,,45,SARS-CoV-2|Eta,class,0.23,0.98,0.37,579.0,6,7,,/home/a61491/CASTOR_KRFE/outputs/sars/rep45/run.log
sars,,45,SARS-CoV-2|Gamma,class,0.97,0.98,0.98,7316.0,6,7,,/home/a61491/CASTOR_KRFE/outputs/sars/rep45/run.log
sars,,45,SARS-CoV-2|Iota,class,1.0,0.99,1.0,17295.0,6,7,,/home/a61491/CASTOR_KRFE/outputs/sars/rep45/run.log
sars,,45,SARS-CoV-2|Kappa,class,0.03,1.0,0.05,36.0,6,7,,/home/a61491/CASTOR_KRFE/outputs/sars/rep45/run.log
sars,,45,SARS-CoV-2|Lambda,class,0.4,0.97,0.57,316.0,6,7,,/home/a61491/CASTOR_KRFE/outputs/sars/rep45/run.log
sars,,45,SARS-CoV-2|Omicron,class,0.99,0.98,0.99,88524.0,6,7,,/home/a61491/CASTOR_KRFE/outputs/sars/rep45/run.log
sars,,45,accuracy,overall,,,0.98,275952.0,6,7,,/home/a61491/CASTOR_KRFE/outputs/sars/rep45/run.log
sars,,45,macro avg,average,0.7,0.98,0.75,275952.0,6,7,,/home/a61491/CASTOR_KRFE/outputs/sars/rep45/run.log
sars,,45,weighted avg,average,0.99,0.98,0.98,275952.0,6,7,,/home/a61491/CASTOR_KRFE/outputs/sars/rep45/run.log
sars,,46,SARS-CoV-2|Alpha,class,1.0,0.99,0.99,139421.0,8,6,,/home/a61491/CASTOR_KRFE/outputs/sars/rep46/run.log
sars,,46,SARS-CoV-2|Beta,class,0.86,0.97,0.91,562.0,8,6,,/home/a61491/CASTOR_KRFE/outputs/sars/rep46/run.log
sars,,46,SARS-CoV-2|Delta,class,1.0,0.98,0.99,8339.0,8,6,,/home/a61491/CASTOR_KRFE/outputs/sars/rep46/run.log
sars,,46,SARS-CoV-2|Epsilon,class,0.99,0.99,0.99,13564.0,8,6,,/home/a61491/CASTOR_KRFE/outputs/sars/rep46/run.log
sars,,46,SARS-CoV-2|Eta,class,0.63,1.0,0.77,579.0,8,6,,/home/a61491/CASTOR_KRFE/outputs/sars/rep46/run.log
sars,,46,SARS-CoV-2|Gamma,class,0.93,0.99,0.96,7316.0,8,6,,/home/a61491/CASTOR_KRFE/outputs/sars/rep46/run.log
sars,,46,SARS-CoV-2|Iota,class,1.0,0.99,0.99,17295.0,8,6,,/home/a61491/CASTOR_KRFE/outputs/sars/rep46/run.log
sars,,46,SARS-CoV-2|Kappa,class,0.03,1.0,0.06,36.0,8,6,,/home/a61491/CASTOR_KRFE/outputs/sars/rep46/run.log
sars,,46,SARS-CoV-2|Lambda,class,0.16,1.0,0.28,316.0,8,6,,/home/a61491/CASTOR_KRFE/outputs/sars/rep46/run.log
sars,,46,SARS-CoV-2|Omicron,class,1.0,0.98,0.99,88524.0,8,6,,/home/a61491/CASTOR_KRFE/outputs/sars/rep46/run.log
sars,,46,accuracy,overall,,,0.99,275952.0,8,6,,/home/a61491/CASTOR_KRFE/outputs/sars/rep46/run.log
sars,,46,macro avg,average,0.76,0.99,0.79,275952.0,8,6,,/home/a61491/CASTOR_KRFE/outputs/sars/rep46/run.log
sars,,46,weighted avg,average,0.99,0.99,0.99,275952.0,8,6,,/home/a61491/CASTOR_KRFE/outputs/sars/rep46/run.log
sars,,47,SARS-CoV-2|Alpha,class,1.0,0.99,1.0,139421.0,8,6,,/home/a61491/CASTOR_KRFE/outputs/sars/rep47/run.log
sars,,47,SARS-CoV-2|Beta,class,0.92,0.98,0.95,562.0,8,6,,/home/a61491/CASTOR_KRFE/outputs/sars/rep47/run.log
sars,,47,SARS-CoV-2|Delta,class,0.94,0.98,0.96,8339.0,8,6,,/home/a61491/CASTOR_KRFE/outputs/sars/rep47/run.log
sars,,47,SARS-CoV-2|Epsilon,class,0.99,1.0,0.99,13564.0,8,6,,/home/a61491/CASTOR_KRFE/outputs/sars/rep47/run.log
sars,,47,SARS-CoV-2|Eta,class,0.71,1.0,0.83,579.0,8,6,,/home/a61491/CASTOR_KRFE/outputs/sars/rep47/run.log
sars,,47,SARS-CoV-2|Gamma,class,0.97,0.99,0.98,7316.0,8,6,,/home/a61491/CASTOR_KRFE/outputs/sars/rep47/run.log
sars,,47,SARS-CoV-2|Iota,class,1.0,1.0,1.0,17295.0,8,6,,/home/a61491/CASTOR_KRFE/outputs/sars/rep47/run.log
sars,,47,SARS-CoV-2|Kappa,class,0.24,1.0,0.39,36.0,8,6,,/home/a61491/CASTOR_KRFE/outputs/sars/rep47/run.log
sars,,47,SARS-CoV-2|Lambda,class,0.95,0.99,0.97,316.0,8,6,,/home/a61491/CASTOR_KRFE/outputs/sars/rep47/run.log
sars,,47,SARS-CoV-2|Omicron,class,1.0,1.0,1.0,88524.0,8,6,,/home/a61491/CASTOR_KRFE/outputs/sars/rep47/run.log
sars,,47,accuracy,overall,,,0.99,275952.0,8,6,,/home/a61491/CASTOR_KRFE/outputs/sars/rep47/run.log
sars,,47,macro avg,average,0.87,0.99,0.91,275952.0,8,6,,/home/a61491/CASTOR_KRFE/outputs/sars/rep47/run.log
sars,,47,weighted avg,average,1.0,0.99,0.99,275952.0,8,6,,/home/a61491/CASTOR_KRFE/outputs/sars/rep47/run.log
sars,,48,SARS-CoV-2|Alpha,class,1.0,0.99,1.0,139421.0,8,6,,/home/a61491/CASTOR_KRFE/outputs/sars/rep48/run.log
sars,,48,SARS-CoV-2|Beta,class,0.77,0.97,0.86,562.0,8,6,,/home/a61491/CASTOR_KRFE/outputs/sars/rep48/run.log
sars,,48,SARS-CoV-2|Delta,class,1.0,0.97,0.99,8339.0,8,6,,/home/a61491/CASTOR_KRFE/outputs/sars/rep48/run.log
sars,,48,SARS-CoV-2|Epsilon,class,0.96,0.99,0.97,13564.0,8,6,,/home/a61491/CASTOR_KRFE/outputs/sars/rep48/run.log
sars,,48,SARS-CoV-2|Eta,class,0.6,0.99,0.74,579.0,8,6,,/home/a61491/CASTOR_KRFE/outputs/sars/rep48/run.log
sars,,48,SARS-CoV-2|Gamma,class,0.98,0.99,0.99,7316.0,8,6,,/home/a61491/CASTOR_KRFE/outputs/sars/rep48/run.log
sars,,48,SARS-CoV-2|Iota,class,0.97,0.99,0.98,17295.0,8,6,,/home/a61491/CASTOR_KRFE/outputs/sars/rep48/run.log
sars,,48,SARS-CoV-2|Kappa,class,0.2,0.89,0.32,36.0,8,6,,/home/a61491/CASTOR_KRFE/outputs/sars/rep48/run.log
sars,,48,SARS-CoV-2|Lambda,class,0.39,1.0,0.56,316.0,8,6,,/home/a61491/CASTOR_KRFE/outputs/sars/rep48/run.log
sars,,48,SARS-CoV-2|Omicron,class,1.0,0.99,1.0,88524.0,8,6,,/home/a61491/CASTOR_KRFE/outputs/sars/rep48/run.log
sars,,48,accuracy,overall,,,0.99,275952.0,8,6,,/home/a61491/CASTOR_KRFE/outputs/sars/rep48/run.log
sars,,48,macro avg,average,0.79,0.98,0.84,275952.0,8,6,,/home/a61491/CASTOR_KRFE/outputs/sars/rep48/run.log
sars,,48,weighted avg,average,0.99,0.99,0.99,275952.0,8,6,,/home/a61491/CASTOR_KRFE/outputs/sars/rep48/run.log
sars,,49,SARS-CoV-2|Alpha,class,1.0,0.98,0.99,139421.0,8,6,,/home/a61491/CASTOR_KRFE/outputs/sars/rep49/run.log
sars,,49,SARS-CoV-2|Beta,class,0.7,0.98,0.82,562.0,8,6,,/home/a61491/CASTOR_KRFE/outputs/sars/rep49/run.log
sars,,49,SARS-CoV-2|Delta,class,0.94,0.99,0.97,8339.0,8,6,,/home/a61491/CASTOR_KRFE/outputs/sars/rep49/run.log
sars,,49,SARS-CoV-2|Epsilon,class,1.0,0.99,1.0,13564.0,8,6,,/home/a61491/CASTOR_KRFE/outputs/sars/rep49/run.log
sars,,49,SARS-CoV-2|Eta,class,0.95,1.0,0.97,579.0,8,6,,/home/a61491/CASTOR_KRFE/outputs/sars/rep49/run.log
sars,,49,SARS-CoV-2|Gamma,class,0.95,0.97,0.96,7316.0,8,6,,/home/a61491/CASTOR_KRFE/outputs/sars/rep49/run.log
sars,,49,SARS-CoV-2|Iota,class,1.0,0.99,0.99,17295.0,8,6,,/home/a61491/CASTOR_KRFE/outputs/sars/rep49/run.log
sars,,49,SARS-CoV-2|Kappa,class,0.48,1.0,0.65,36.0,8,6,,/home/a61491/CASTOR_KRFE/outputs/sars/rep49/run.log
sars,,49,SARS-CoV-2|Lambda,class,0.57,0.99,0.73,316.0,8,6,,/home/a61491/CASTOR_KRFE/outputs/sars/rep49/run.log
sars,,49,SARS-CoV-2|Omicron,class,0.98,0.99,0.98,88524.0,8,6,,/home/a61491/CASTOR_KRFE/outputs/sars/rep49/run.log
sars,,49,accuracy,overall,,,0.99,275952.0,8,6,,/home/a61491/CASTOR_KRFE/outputs/sars/rep49/run.log
sars,,49,macro avg,average,0.86,0.99,0.91,275952.0,8,6,,/home/a61491/CASTOR_KRFE/outputs/sars/rep49/run.log
sars,,49,weighted avg,average,0.99,0.99,0.99,275952.0,8,6,,/home/a61491/CASTOR_KRFE/outputs/sars/rep49/run.log
sars,,5,SARS-CoV-2|Alpha,class,1.0,1.0,1.0,139421.0,8,7,,/home/a61491/CASTOR_KRFE/outputs/sars/rep5/run.log
sars,,5,SARS-CoV-2|Beta,class,0.99,0.99,0.99,562.0,8,7,,/home/a61491/CASTOR_KRFE/outputs/sars/rep5/run.log
sars,,5,SARS-CoV-2|Delta,class,0.99,0.97,0.98,8339.0,8,7,,/home/a61491/CASTOR_KRFE/outputs/sars/rep5/run.log
sars,,5,SARS-CoV-2|Epsilon,class,1.0,0.99,0.99,13564.0,8,7,,/home/a61491/CASTOR_KRFE/outputs/sars/rep5/run.log
sars,,5,SARS-CoV-2|Eta,class,0.97,0.98,0.98,579.0,8,7,,/home/a61491/CASTOR_KRFE/outputs/sars/rep5/run.log
sars,,5,SARS-CoV-2|Gamma,class,0.98,1.0,0.99,7316.0,8,7,,/home/a61491/CASTOR_KRFE/outputs/sars/rep5/run.log
sars,,5,SARS-CoV-2|Iota,class,0.96,1.0,0.98,17295.0,8,7,,/home/a61491/CASTOR_KRFE/outputs/sars/rep5/run.log
sars,,5,SARS-CoV-2|Kappa,class,0.25,1.0,0.4,36.0,8,7,,/home/a61491/CASTOR_KRFE/outputs/sars/rep5/run.log
sars,,5,SARS-CoV-2|Lambda,class,0.52,1.0,0.68,316.0,8,7,,/home/a61491/CASTOR_KRFE/outputs/sars/rep5/run.log
sars,,5,SARS-CoV-2|Omicron,class,1.0,1.0,1.0,88524.0,8,7,,/home/a61491/CASTOR_KRFE/outputs/sars/rep5/run.log
sars,,5,accuracy,overall,,,1.0,275952.0,8,7,,/home/a61491/CASTOR_KRFE/outputs/sars/rep5/run.log
sars,,5,macro avg,average,0.87,0.99,0.9,275952.0,8,7,,/home/a61491/CASTOR_KRFE/outputs/sars/rep5/run.log
sars,,5,weighted avg,average,1.0,1.0,1.0,275952.0,8,7,,/home/a61491/CASTOR_KRFE/outputs/sars/rep5/run.log
sars,,50,SARS-CoV-2|Alpha,class,1.0,0.99,1.0,139421.0,8,6,,/home/a61491/CASTOR_KRFE/outputs/sars/rep50/run.log
sars,,50,SARS-CoV-2|Beta,class,0.92,0.98,0.95,562.0,8,6,,/home/a61491/CASTOR_KRFE/outputs/sars/rep50/run.log
sars,,50,SARS-CoV-2|Delta,class,1.0,0.96,0.98,8339.0,8,6,,/home/a61491/CASTOR_KRFE/outputs/sars/rep50/run.log
sars,,50,SARS-CoV-2|Epsilon,class,0.99,1.0,0.99,13564.0,8,6,,/home/a61491/CASTOR_KRFE/outputs/sars/rep50/run.log
sars,,50,SARS-CoV-2|Eta,class,0.75,0.99,0.86,579.0,8,6,,/home/a61491/CASTOR_KRFE/outputs/sars/rep50/run.log
sars,,50,SARS-CoV-2|Gamma,class,0.97,0.99,0.98,7316.0,8,6,,/home/a61491/CASTOR_KRFE/outputs/sars/rep50/run.log
sars,,50,SARS-CoV-2|Iota,class,0.97,0.99,0.98,17295.0,8,6,,/home/a61491/CASTOR_KRFE/outputs/sars/rep50/run.log
sars,,50,SARS-CoV-2|Kappa,class,0.1,1.0,0.18,36.0,8,6,,/home/a61491/CASTOR_KRFE/outputs/sars/rep50/run.log
sars,,50,SARS-CoV-2|Lambda,class,0.9,1.0,0.94,316.0,8,6,,/home/a61491/CASTOR_KRFE/outputs/sars/rep50/run.log
sars,,50,SARS-CoV-2|Omicron,class,1.0,1.0,1.0,88524.0,8,6,,/home/a61491/CASTOR_KRFE/outputs/sars/rep50/run.log
sars,,50,accuracy,overall,,,0.99,275952.0,8,6,,/home/a61491/CASTOR_KRFE/outputs/sars/rep50/run.log
sars,,50,macro avg,average,0.86,0.99,0.89,275952.0,8,6,,/home/a61491/CASTOR_KRFE/outputs/sars/rep50/run.log
sars,,50,weighted avg,average,1.0,0.99,0.99,275952.0,8,6,,/home/a61491/CASTOR_KRFE/outputs/sars/rep50/run.log
sars,,51,SARS-CoV-2|Alpha,class,1.0,0.99,0.99,139421.0,9,6,,/home/a61491/CASTOR_KRFE/outputs/sars/rep51/run.log
sars,,51,SARS-CoV-2|Beta,class,0.89,0.98,0.93,562.0,9,6,,/home/a61491/CASTOR_KRFE/outputs/sars/rep51/run.log
sars,,51,SARS-CoV-2|Delta,class,0.99,0.97,0.98,8339.0,9,6,,/home/a61491/CASTOR_KRFE/outputs/sars/rep51/run.log
sars,,51,SARS-CoV-2|Epsilon,class,1.0,0.99,0.99,13564.0,9,6,,/home/a61491/CASTOR_KRFE/outputs/sars/rep51/run.log
sars,,51,SARS-CoV-2|Eta,class,0.45,0.96,0.61,579.0,9,6,,/home/a61491/CASTOR_KRFE/outputs/sars/rep51/run.log
sars,,51,SARS-CoV-2|Gamma,class,0.97,0.98,0.98,7316.0,9,6,,/home/a61491/CASTOR_KRFE/outputs/sars/rep51/run.log
sars,,51,SARS-CoV-2|Iota,class,1.0,0.99,0.99,17295.0,9,6,,/home/a61491/CASTOR_KRFE/outputs/sars/rep51/run.log
sars,,51,SARS-CoV-2|Kappa,class,0.2,1.0,0.34,36.0,9,6,,/home/a61491/CASTOR_KRFE/outputs/sars/rep51/run.log
sars,,51,SARS-CoV-2|Lambda,class,0.23,0.99,0.38,316.0,9,6,,/home/a61491/CASTOR_KRFE/outputs/sars/rep51/run.log
sars,,51,SARS-CoV-2|Omicron,class,1.0,1.0,1.0,88524.0,9,6,,/home/a61491/CASTOR_KRFE/outputs/sars/rep51/run.log
sars,,51,accuracy,overall,,,0.99,275952.0,9,6,,/home/a61491/CASTOR_KRFE/outputs/sars/rep51/run.log
sars,,51,macro avg,average,0.77,0.98,0.82,275952.0,9,6,,/home/a61491/CASTOR_KRFE/outputs/sars/rep51/run.log
sars,,51,weighted avg,average,0.99,0.99,0.99,275952.0,9,6,,/home/a61491/CASTOR_KRFE/outputs/sars/rep51/run.log
sars,,52,SARS-CoV-2|Alpha,class,1.0,0.97,0.98,139421.0,8,6,,/home/a61491/CASTOR_KRFE/outputs/sars/rep52/run.log
sars,,52,SARS-CoV-2|Beta,class,0.24,0.99,0.39,562.0,8,6,,/home/a61491/CASTOR_KRFE/outputs/sars/rep52/run.log
sars,,52,SARS-CoV-2|Delta,class,0.94,0.99,0.96,8339.0,8,6,,/home/a61491/CASTOR_KRFE/outputs/sars/rep52/run.log
sars,,52,SARS-CoV-2|Epsilon,class,1.0,0.99,1.0,13564.0,8,6,,/home/a61491/CASTOR_KRFE/outputs/sars/rep52/run.log
sars,,52,SARS-CoV-2|Eta,class,0.96,1.0,0.98,579.0,8,6,,/home/a61491/CASTOR_KRFE/outputs/sars/rep52/run.log
sars,,52,SARS-CoV-2|Gamma,class,0.98,0.99,0.98,7316.0,8,6,,/home/a61491/CASTOR_KRFE/outputs/sars/rep52/run.log
sars,,52,SARS-CoV-2|Iota,class,1.0,0.99,1.0,17295.0,8,6,,/home/a61491/CASTOR_KRFE/outputs/sars/rep52/run.log
sars,,52,SARS-CoV-2|Kappa,class,0.13,1.0,0.22,36.0,8,6,,/home/a61491/CASTOR_KRFE/outputs/sars/rep52/run.log
sars,,52,SARS-CoV-2|Lambda,class,0.86,0.99,0.92,316.0,8,6,,/home/a61491/CASTOR_KRFE/outputs/sars/rep52/run.log
sars,,52,SARS-CoV-2|Omicron,class,0.98,1.0,0.99,88524.0,8,6,,/home/a61491/CASTOR_KRFE/outputs/sars/rep52/run.log
sars,,52,accuracy,overall,,,0.98,275952.0,8,6,,/home/a61491/CASTOR_KRFE/outputs/sars/rep52/run.log
sars,,52,macro avg,average,0.81,0.99,0.84,275952.0,8,6,,/home/a61491/CASTOR_KRFE/outputs/sars/rep52/run.log
sars,,52,weighted avg,average,0.99,0.98,0.99,275952.0,8,6,,/home/a61491/CASTOR_KRFE/outputs/sars/rep52/run.log
sars,,53,SARS-CoV-2|Alpha,class,1.0,0.99,1.0,139421.0,8,5,,/home/a61491/CASTOR_KRFE/outputs/sars/rep53/run.log
sars,,53,SARS-CoV-2|Beta,class,0.65,0.96,0.77,562.0,8,5,,/home/a61491/CASTOR_KRFE/outputs/sars/rep53/run.log
sars,,53,SARS-CoV-2|Delta,class,0.97,0.97,0.97,8339.0,8,5,,/home/a61491/CASTOR_KRFE/outputs/sars/rep53/run.log
sars,,53,SARS-CoV-2|Epsilon,class,0.99,1.0,0.99,13564.0,8,5,,/home/a61491/CASTOR_KRFE/outputs/sars/rep53/run.log
sars,,53,SARS-CoV-2|Eta,class,0.63,0.98,0.77,579.0,8,5,,/home/a61491/CASTOR_KRFE/outputs/sars/rep53/run.log
sars,,53,SARS-CoV-2|Gamma,class,0.88,0.98,0.93,7316.0,8,5,,/home/a61491/CASTOR_KRFE/outputs/sars/rep53/run.log
sars,,53,SARS-CoV-2|Iota,class,1.0,0.99,1.0,17295.0,8,5,,/home/a61491/CASTOR_KRFE/outputs/sars/rep53/run.log
sars,,53,SARS-CoV-2|Kappa,class,0.11,1.0,0.2,36.0,8,5,,/home/a61491/CASTOR_KRFE/outputs/sars/rep53/run.log
sars,,53,SARS-CoV-2|Lambda,class,0.25,0.99,0.39,316.0,8,5,,/home/a61491/CASTOR_KRFE/outputs/sars/rep53/run.log
sars,,53,SARS-CoV-2|Omicron,class,0.99,0.98,0.99,88524.0,8,5,,/home/a61491/CASTOR_KRFE/outputs/sars/rep53/run.log
sars,,53,accuracy,overall,,,0.99,275952.0,8,5,,/home/a61491/CASTOR_KRFE/outputs/sars/rep53/run.log
sars,,53,macro avg,average,0.75,0.98,0.8,275952.0,8,5,,/home/a61491/CASTOR_KRFE/outputs/sars/rep53/run.log
sars,,53,weighted avg,average,0.99,0.99,0.99,275952.0,8,5,,/home/a61491/CASTOR_KRFE/outputs/sars/rep53/run.log
sars,,54,SARS-CoV-2|Alpha,class,1.0,0.98,0.99,139421.0,8,7,,/home/a61491/CASTOR_KRFE/outputs/sars/rep54/run.log
sars,,54,SARS-CoV-2|Beta,class,0.75,0.99,0.85,562.0,8,7,,/home/a61491/CASTOR_KRFE/outputs/sars/rep54/run.log
sars,,54,SARS-CoV-2|Delta,class,0.95,0.99,0.97,8339.0,8,7,,/home/a61491/CASTOR_KRFE/outputs/sars/rep54/run.log
sars,,54,SARS-CoV-2|Epsilon,class,0.98,0.99,0.99,13564.0,8,7,,/home/a61491/CASTOR_KRFE/outputs/sars/rep54/run.log
sars,,54,SARS-CoV-2|Eta,class,0.9,1.0,0.95,579.0,8,7,,/home/a61491/CASTOR_KRFE/outputs/sars/rep54/run.log
sars,,54,SARS-CoV-2|Gamma,class,0.98,0.99,0.99,7316.0,8,7,,/home/a61491/CASTOR_KRFE/outputs/sars/rep54/run.log
sars,,54,SARS-CoV-2|Iota,class,1.0,1.0,1.0,17295.0,8,7,,/home/a61491/CASTOR_KRFE/outputs/sars/rep54/run.log
sars,,54,SARS-CoV-2|Kappa,class,0.62,1.0,0.77,36.0,8,7,,/home/a61491/CASTOR_KRFE/outputs/sars/rep54/run.log
sars,,54,SARS-CoV-2|Lambda,class,0.98,0.99,0.98,316.0,8,7,,/home/a61491/CASTOR_KRFE/outputs/sars/rep54/run.log
sars,,54,SARS-CoV-2|Omicron,class,0.98,1.0,0.99,88524.0,8,7,,/home/a61491/CASTOR_KRFE/outputs/sars/rep54/run.log
sars,,54,accuracy,overall,,,0.99,275952.0,8,7,,/home/a61491/CASTOR_KRFE/outputs/sars/rep54/run.log
sars,,54,macro avg,average,0.91,0.99,0.95,275952.0,8,7,,/home/a61491/CASTOR_KRFE/outputs/sars/rep54/run.log
sars,,54,weighted avg,average,0.99,0.99,0.99,275952.0,8,7,,/home/a61491/CASTOR_KRFE/outputs/sars/rep54/run.log
sars,,55,SARS-CoV-2|Alpha,class,1.0,0.99,0.99,139421.0,8,5,,/home/a61491/CASTOR_KRFE/outputs/sars/rep55/run.log
sars,,55,SARS-CoV-2|Beta,class,0.63,0.99,0.77,562.0,8,5,,/home/a61491/CASTOR_KRFE/outputs/sars/rep55/run.log
sars,,55,SARS-CoV-2|Delta,class,1.0,0.98,0.99,8339.0,8,5,,/home/a61491/CASTOR_KRFE/outputs/sars/rep55/run.log
sars,,55,SARS-CoV-2|Epsilon,class,1.0,0.99,0.99,13564.0,8,5,,/home/a61491/CASTOR_KRFE/outputs/sars/rep55/run.log
sars,,55,SARS-CoV-2|Eta,class,0.97,1.0,0.98,579.0,8,5,,/home/a61491/CASTOR_KRFE/outputs/sars/rep55/run.log
sars,,55,SARS-CoV-2|Gamma,class,0.95,0.97,0.96,7316.0,8,5,,/home/a61491/CASTOR_KRFE/outputs/sars/rep55/run.log
sars,,55,SARS-CoV-2|Iota,class,1.0,0.99,1.0,17295.0,8,5,,/home/a61491/CASTOR_KRFE/outputs/sars/rep55/run.log
sars,,55,SARS-CoV-2|Kappa,class,0.05,1.0,0.1,36.0,8,5,,/home/a61491/CASTOR_KRFE/outputs/sars/rep55/run.log
sars,,55,SARS-CoV-2|Lambda,class,0.82,0.98,0.89,316.0,8,5,,/home/a61491/CASTOR_KRFE/outputs/sars/rep55/run.log
sars,,55,SARS-CoV-2|Omicron,class,0.98,0.99,0.99,88524.0,8,5,,/home/a61491/CASTOR_KRFE/outputs/sars/rep55/run.log
sars,,55,accuracy,overall,,,0.99,275952.0,8,5,,/home/a61491/CASTOR_KRFE/outputs/sars/rep55/run.log
sars,,55,macro avg,average,0.84,0.99,0.87,275952.0,8,5,,/home/a61491/CASTOR_KRFE/outputs/sars/rep55/run.log
sars,,55,weighted avg,average,0.99,0.99,0.99,275952.0,8,5,,/home/a61491/CASTOR_KRFE/outputs/sars/rep55/run.log
sars,,56,SARS-CoV-2|Alpha,class,1.0,0.98,0.99,139421.0,10,6,,/home/a61491/CASTOR_KRFE/outputs/sars/rep56/run.log
sars,,56,SARS-CoV-2|Beta,class,0.9,0.99,0.94,562.0,10,6,,/home/a61491/CASTOR_KRFE/outputs/sars/rep56/run.log
sars,,56,SARS-CoV-2|Delta,class,1.0,0.98,0.99,8339.0,10,6,,/home/a61491/CASTOR_KRFE/outputs/sars/rep56/run.log
sars,,56,SARS-CoV-2|Epsilon,class,0.92,0.99,0.96,13564.0,10,6,,/home/a61491/CASTOR_KRFE/outputs/sars/rep56/run.log
sars,,56,SARS-CoV-2|Eta,class,0.87,0.99,0.92,579.0,10,6,,/home/a61491/CASTOR_KRFE/outputs/sars/rep56/run.log
sars,,56,SARS-CoV-2|Gamma,class,0.86,0.99,0.92,7316.0,10,6,,/home/a61491/CASTOR_KRFE/outputs/sars/rep56/run.log
sars,,56,SARS-CoV-2|Iota,class,1.0,1.0,1.0,17295.0,10,6,,/home/a61491/CASTOR_KRFE/outputs/sars/rep56/run.log
sars,,56,SARS-CoV-2|Kappa,class,0.12,1.0,0.22,36.0,10,6,,/home/a61491/CASTOR_KRFE/outputs/sars/rep56/run.log
sars,,56,SARS-CoV-2|Lambda,class,0.41,0.98,0.58,316.0,10,6,,/home/a61491/CASTOR_KRFE/outputs/sars/rep56/run.log
sars,,56,SARS-CoV-2|Omicron,class,0.99,0.98,0.99,88524.0,10,6,,/home/a61491/CASTOR_KRFE/outputs/sars/rep56/run.log
sars,,56,accuracy,overall,,,0.99,275952.0,10,6,,/home/a61491/CASTOR_KRFE/outputs/sars/rep56/run.log
sars,,56,macro avg,average,0.81,0.99,0.85,275952.0,10,6,,/home/a61491/CASTOR_KRFE/outputs/sars/rep56/run.log
sars,,56,weighted avg,average,0.99,0.99,0.99,275952.0,10,6,,/home/a61491/CASTOR_KRFE/outputs/sars/rep56/run.log
sars,,57,SARS-CoV-2|Alpha,class,1.0,0.99,0.99,139421.0,10,6,,/home/a61491/CASTOR_KRFE/outputs/sars/rep57/run.log
sars,,57,SARS-CoV-2|Beta,class,0.85,1.0,0.92,562.0,10,6,,/home/a61491/CASTOR_KRFE/outputs/sars/rep57/run.log
sars,,57,SARS-CoV-2|Delta,class,1.0,0.98,0.99,8339.0,10,6,,/home/a61491/CASTOR_KRFE/outputs/sars/rep57/run.log
sars,,57,SARS-CoV-2|Epsilon,class,0.93,1.0,0.96,13564.0,10,6,,/home/a61491/CASTOR_KRFE/outputs/sars/rep57/run.log
sars,,57,SARS-CoV-2|Eta,class,0.46,0.96,0.62,579.0,10,6,,/home/a61491/CASTOR_KRFE/outputs/sars/rep57/run.log
sars,,57,SARS-CoV-2|Gamma,class,0.99,0.99,0.99,7316.0,10,6,,/home/a61491/CASTOR_KRFE/outputs/sars/rep57/run.log
sars,,57,SARS-CoV-2|Iota,class,1.0,1.0,1.0,17295.0,10,6,,/home/a61491/CASTOR_KRFE/outputs/sars/rep57/run.log
sars,,57,SARS-CoV-2|Kappa,class,0.17,1.0,0.3,36.0,10,6,,/home/a61491/CASTOR_KRFE/outputs/sars/rep57/run.log
sars,,57,SARS-CoV-2|Lambda,class,0.88,1.0,0.94,316.0,10,6,,/home/a61491/CASTOR_KRFE/outputs/sars/rep57/run.log
sars,,57,SARS-CoV-2|Omicron,class,1.0,1.0,1.0,88524.0,10,6,,/home/a61491/CASTOR_KRFE/outputs/sars/rep57/run.log
sars,,57,accuracy,overall,,,0.99,275952.0,10,6,,/home/a61491/CASTOR_KRFE/outputs/sars/rep57/run.log
sars,,57,macro avg,average,0.83,0.99,0.87,275952.0,10,6,,/home/a61491/CASTOR_KRFE/outputs/sars/rep57/run.log
sars,,57,weighted avg,average,0.99,0.99,0.99,275952.0,10,6,,/home/a61491/CASTOR_KRFE/outputs/sars/rep57/run.log
sars,,58,SARS-CoV-2|Alpha,class,1.0,0.99,1.0,139421.0,9,5,,/home/a61491/CASTOR_KRFE/outputs/sars/rep58/run.log
sars,,58,SARS-CoV-2|Beta,class,0.75,0.97,0.85,562.0,9,5,,/home/a61491/CASTOR_KRFE/outputs/sars/rep58/run.log
sars,,58,SARS-CoV-2|Delta,class,0.97,0.97,0.97,8339.0,9,5,,/home/a61491/CASTOR_KRFE/outputs/sars/rep58/run.log
sars,,58,SARS-CoV-2|Epsilon,class,0.99,1.0,0.99,13564.0,9,5,,/home/a61491/CASTOR_KRFE/outputs/sars/rep58/run.log
sars,,58,SARS-CoV-2|Eta,class,0.69,0.99,0.81,579.0,9,5,,/home/a61491/CASTOR_KRFE/outputs/sars/rep58/run.log
sars,,58,SARS-CoV-2|Gamma,class,1.0,0.99,0.99,7316.0,9,5,,/home/a61491/CASTOR_KRFE/outputs/sars/rep58/run.log
sars,,58,SARS-CoV-2|Iota,class,0.98,0.99,0.99,17295.0,9,5,,/home/a61491/CASTOR_KRFE/outputs/sars/rep58/run.log
sars,,58,SARS-CoV-2|Kappa,class,0.03,1.0,0.06,36.0,9,5,,/home/a61491/CASTOR_KRFE/outputs/sars/rep58/run.log
sars,,58,SARS-CoV-2|Lambda,class,0.78,0.98,0.87,316.0,9,5,,/home/a61491/CASTOR_KRFE/outputs/sars/rep58/run.log
sars,,58,SARS-CoV-2|Omicron,class,1.0,0.99,1.0,88524.0,9,5,,/home/a61491/CASTOR_KRFE/outputs/sars/rep58/run.log
sars,,58,accuracy,overall,,,0.99,275952.0,9,5,,/home/a61491/CASTOR_KRFE/outputs/sars/rep58/run.log
sars,,58,macro avg,average,0.82,0.99,0.85,275952.0,9,5,,/home/a61491/CASTOR_KRFE/outputs/sars/rep58/run.log
sars,,58,weighted avg,average,1.0,0.99,0.99,275952.0,9,5,,/home/a61491/CASTOR_KRFE/outputs/sars/rep58/run.log
sars,,59,SARS-CoV-2|Alpha,class,1.0,1.0,1.0,139421.0,10,5,,/home/a61491/CASTOR_KRFE/outputs/sars/rep59/run.log
sars,,59,SARS-CoV-2|Beta,class,0.63,0.97,0.76,562.0,10,5,,/home/a61491/CASTOR_KRFE/outputs/sars/rep59/run.log
sars,,59,SARS-CoV-2|Delta,class,0.98,0.98,0.98,8339.0,10,5,,/home/a61491/CASTOR_KRFE/outputs/sars/rep59/run.log
sars,,59,SARS-CoV-2|Epsilon,class,1.0,0.99,1.0,13564.0,10,5,,/home/a61491/CASTOR_KRFE/outputs/sars/rep59/run.log
sars,,59,SARS-CoV-2|Eta,class,0.77,0.97,0.86,579.0,10,5,,/home/a61491/CASTOR_KRFE/outputs/sars/rep59/run.log
sars,,59,SARS-CoV-2|Gamma,class,0.86,0.95,0.91,7316.0,10,5,,/home/a61491/CASTOR_KRFE/outputs/sars/rep59/run.log
sars,,59,SARS-CoV-2|Iota,class,1.0,1.0,1.0,17295.0,10,5,,/home/a61491/CASTOR_KRFE/outputs/sars/rep59/run.log
sars,,59,SARS-CoV-2|Kappa,class,0.07,1.0,0.14,36.0,10,5,,/home/a61491/CASTOR_KRFE/outputs/sars/rep59/run.log
sars,,59,SARS-CoV-2|Lambda,class,0.24,1.0,0.39,316.0,10,5,,/home/a61491/CASTOR_KRFE/outputs/sars/rep59/run.log
sars,,59,SARS-CoV-2|Omicron,class,1.0,0.98,0.99,88524.0,10,5,,/home/a61491/CASTOR_KRFE/outputs/sars/rep59/run.log
sars,,59,accuracy,overall,,,0.99,275952.0,10,5,,/home/a61491/CASTOR_KRFE/outputs/sars/rep59/run.log
sars,,59,macro avg,average,0.75,0.98,0.8,275952.0,10,5,,/home/a61491/CASTOR_KRFE/outputs/sars/rep59/run.log
sars,,59,weighted avg,average,0.99,0.99,0.99,275952.0,10,5,,/home/a61491/CASTOR_KRFE/outputs/sars/rep59/run.log
sars,,6,SARS-CoV-2|Alpha,class,1.0,0.99,1.0,139421.0,8,6,,/home/a61491/CASTOR_KRFE/outputs/sars/rep6/run.log
sars,,6,SARS-CoV-2|Beta,class,0.63,0.96,0.76,562.0,8,6,,/home/a61491/CASTOR_KRFE/outputs/sars/rep6/run.log
sars,,6,SARS-CoV-2|Delta,class,1.0,0.97,0.98,8339.0,8,6,,/home/a61491/CASTOR_KRFE/outputs/sars/rep6/run.log
sars,,6,SARS-CoV-2|Epsilon,class,1.0,0.99,0.99,13564.0,8,6,,/home/a61491/CASTOR_KRFE/outputs/sars/rep6/run.log
sars,,6,SARS-CoV-2|Eta,class,0.86,1.0,0.92,579.0,8,6,,/home/a61491/CASTOR_KRFE/outputs/sars/rep6/run.log
sars,,6,SARS-CoV-2|Gamma,class,0.98,0.99,0.99,7316.0,8,6,,/home/a61491/CASTOR_KRFE/outputs/sars/rep6/run.log
sars,,6,SARS-CoV-2|Iota,class,1.0,1.0,1.0,17295.0,8,6,,/home/a61491/CASTOR_KRFE/outputs/sars/rep6/run.log
sars,,6,SARS-CoV-2|Kappa,class,0.06,1.0,0.12,36.0,8,6,,/home/a61491/CASTOR_KRFE/outputs/sars/rep6/run.log
sars,,6,SARS-CoV-2|Lambda,class,0.5,0.99,0.67,316.0,8,6,,/home/a61491/CASTOR_KRFE/outputs/sars/rep6/run.log
sars,,6,SARS-CoV-2|Omicron,class,1.0,0.99,1.0,88524.0,8,6,,/home/a61491/CASTOR_KRFE/outputs/sars/rep6/run.log
sars,,6,accuracy,overall,,,0.99,275952.0,8,6,,/home/a61491/CASTOR_KRFE/outputs/sars/rep6/run.log
sars,,6,macro avg,average,0.8,0.99,0.84,275952.0,8,6,,/home/a61491/CASTOR_KRFE/outputs/sars/rep6/run.log
sars,,6,weighted avg,average,1.0,0.99,0.99,275952.0,8,6,,/home/a61491/CASTOR_KRFE/outputs/sars/rep6/run.log
sars,,60,SARS-CoV-2|Alpha,class,1.0,0.99,1.0,139421.0,10,6,,/home/a61491/CASTOR_KRFE/outputs/sars/rep60/run.log
sars,,60,SARS-CoV-2|Beta,class,0.97,0.99,0.98,562.0,10,6,,/home/a61491/CASTOR_KRFE/outputs/sars/rep60/run.log
sars,,60,SARS-CoV-2|Delta,class,0.98,0.98,0.98,8339.0,10,6,,/home/a61491/CASTOR_KRFE/outputs/sars/rep60/run.log
sars,,60,SARS-CoV-2|Epsilon,class,0.98,1.0,0.99,13564.0,10,6,,/home/a61491/CASTOR_KRFE/outputs/sars/rep60/run.log
sars,,60,SARS-CoV-2|Eta,class,0.44,0.98,0.6,579.0,10,6,,/home/a61491/CASTOR_KRFE/outputs/sars/rep60/run.log
sars,,60,SARS-CoV-2|Gamma,class,0.94,1.0,0.97,7316.0,10,6,,/home/a61491/CASTOR_KRFE/outputs/sars/rep60/run.log
sars,,60,SARS-CoV-2|Iota,class,1.0,1.0,1.0,17295.0,10,6,,/home/a61491/CASTOR_KRFE/outputs/sars/rep60/run.log
sars,,60,SARS-CoV-2|Kappa,class,0.09,1.0,0.17,36.0,10,6,,/home/a61491/CASTOR_KRFE/outputs/sars/rep60/run.log
sars,,60,SARS-CoV-2|Lambda,class,1.0,0.99,1.0,316.0,10,6,,/home/a61491/CASTOR_KRFE/outputs/sars/rep60/run.log
sars,,60,SARS-CoV-2|Omicron,class,1.0,0.99,1.0,88524.0,10,6,,/home/a61491/CASTOR_KRFE/outputs/sars/rep60/run.log
sars,,60,accuracy,overall,,,0.99,275952.0,10,6,,/home/a61491/CASTOR_KRFE/outputs/sars/rep60/run.log
sars,,60,macro avg,average,0.84,0.99,0.87,275952.0,10,6,,/home/a61491/CASTOR_KRFE/outputs/sars/rep60/run.log
sars,,60,weighted avg,average,1.0,0.99,0.99,275952.0,10,6,,/home/a61491/CASTOR_KRFE/outputs/sars/rep60/run.log
sars,,61,SARS-CoV-2|Alpha,class,1.0,1.0,1.0,139421.0,6,7,,/home/a61491/CASTOR_KRFE/outputs/sars/rep61/run.log
sars,,61,SARS-CoV-2|Beta,class,0.41,0.98,0.58,562.0,6,7,,/home/a61491/CASTOR_KRFE/outputs/sars/rep61/run.log
sars,,61,SARS-CoV-2|Delta,class,0.95,0.96,0.95,8339.0,6,7,,/home/a61491/CASTOR_KRFE/outputs/sars/rep61/run.log
sars,,61,SARS-CoV-2|Epsilon,class,1.0,0.98,0.99,13564.0,6,7,,/home/a61491/CASTOR_KRFE/outputs/sars/rep61/run.log
sars,,61,SARS-CoV-2|Eta,class,0.96,0.98,0.97,579.0,6,7,,/home/a61491/CASTOR_KRFE/outputs/sars/rep61/run.log
sars,,61,SARS-CoV-2|Gamma,class,1.0,0.98,0.99,7316.0,6,7,,/home/a61491/CASTOR_KRFE/outputs/sars/rep61/run.log
sars,,61,SARS-CoV-2|Iota,class,1.0,0.99,0.99,17295.0,6,7,,/home/a61491/CASTOR_KRFE/outputs/sars/rep61/run.log
sars,,61,SARS-CoV-2|Kappa,class,0.4,0.92,0.56,36.0,6,7,,/home/a61491/CASTOR_KRFE/outputs/sars/rep61/run.log
sars,,61,SARS-CoV-2|Lambda,class,0.66,1.0,0.79,316.0,6,7,,/home/a61491/CASTOR_KRFE/outputs/sars/rep61/run.log
sars,,61,SARS-CoV-2|Omicron,class,0.99,0.99,0.99,88524.0,6,7,,/home/a61491/CASTOR_KRFE/outputs/sars/rep61/run.log
sars,,61,accuracy,overall,,,0.99,275952.0,6,7,,/home/a61491/CASTOR_KRFE/outputs/sars/rep61/run.log
sars,,61,macro avg,average,0.84,0.98,0.88,275952.0,6,7,,/home/a61491/CASTOR_KRFE/outputs/sars/rep61/run.log
sars,,61,weighted avg,average,0.99,0.99,0.99,275952.0,6,7,,/home/a61491/CASTOR_KRFE/outputs/sars/rep61/run.log
sars,,62,SARS-CoV-2|Alpha,class,1.0,0.99,0.99,139421.0,7,6,,/home/a61491/CASTOR_KRFE/outputs/sars/rep62/run.log
sars,,62,SARS-CoV-2|Beta,class,0.72,0.99,0.83,562.0,7,6,,/home/a61491/CASTOR_KRFE/outputs/sars/rep62/run.log
sars,,62,SARS-CoV-2|Delta,class,1.0,0.97,0.99,8339.0,7,6,,/home/a61491/CASTOR_KRFE/outputs/sars/rep62/run.log
sars,,62,SARS-CoV-2|Epsilon,class,1.0,0.99,0.99,13564.0,7,6,,/home/a61491/CASTOR_KRFE/outputs/sars/rep62/run.log
sars,,62,SARS-CoV-2|Eta,class,0.78,1.0,0.88,579.0,7,6,,/home/a61491/CASTOR_KRFE/outputs/sars/rep62/run.log
sars,,62,SARS-CoV-2|Gamma,class,0.9,0.98,0.94,7316.0,7,6,,/home/a61491/CASTOR_KRFE/outputs/sars/rep62/run.log
sars,,62,SARS-CoV-2|Iota,class,1.0,1.0,1.0,17295.0,7,6,,/home/a61491/CASTOR_KRFE/outputs/sars/rep62/run.log
sars,,62,SARS-CoV-2|Kappa,class,0.12,0.97,0.22,36.0,7,6,,/home/a61491/CASTOR_KRFE/outputs/sars/rep62/run.log
sars,,62,SARS-CoV-2|Lambda,class,0.38,1.0,0.55,316.0,7,6,,/home/a61491/CASTOR_KRFE/outputs/sars/rep62/run.log
sars,,62,SARS-CoV-2|Omicron,class,0.99,0.99,0.99,88524.0,7,6,,/home/a61491/CASTOR_KRFE/outputs/sars/rep62/run.log
sars,,62,accuracy,overall,,,0.99,275952.0,7,6,,/home/a61491/CASTOR_KRFE/outputs/sars/rep62/run.log
sars,,62,macro avg,average,0.79,0.99,0.84,275952.0,7,6,,/home/a61491/CASTOR_KRFE/outputs/sars/rep62/run.log
sars,,62,weighted avg,average,0.99,0.99,0.99,275952.0,7,6,,/home/a61491/CASTOR_KRFE/outputs/sars/rep62/run.log
sars,,63,SARS-CoV-2|Alpha,class,1.0,0.99,1.0,139421.0,8,6,,/home/a61491/CASTOR_KRFE/outputs/sars/rep63/run.log
sars,,63,SARS-CoV-2|Beta,class,0.35,0.97,0.51,562.0,8,6,,/home/a61491/CASTOR_KRFE/outputs/sars/rep63/run.log
sars,,63,SARS-CoV-2|Delta,class,1.0,0.98,0.99,8339.0,8,6,,/home/a61491/CASTOR_KRFE/outputs/sars/rep63/run.log
sars,,63,SARS-CoV-2|Epsilon,class,1.0,0.99,0.99,13564.0,8,6,,/home/a61491/CASTOR_KRFE/outputs/sars/rep63/run.log
sars,,63,SARS-CoV-2|Eta,class,0.88,0.99,0.93,579.0,8,6,,/home/a61491/CASTOR_KRFE/outputs/sars/rep63/run.log
sars,,63,SARS-CoV-2|Gamma,class,0.98,0.99,0.99,7316.0,8,6,,/home/a61491/CASTOR_KRFE/outputs/sars/rep63/run.log
sars,,63,SARS-CoV-2|Iota,class,1.0,0.98,0.99,17295.0,8,6,,/home/a61491/CASTOR_KRFE/outputs/sars/rep63/run.log
sars,,63,SARS-CoV-2|Kappa,class,0.1,0.97,0.18,36.0,8,6,,/home/a61491/CASTOR_KRFE/outputs/sars/rep63/run.log
sars,,63,SARS-CoV-2|Lambda,class,0.55,0.99,0.71,316.0,8,6,,/home/a61491/CASTOR_KRFE/outputs/sars/rep63/run.log
sars,,63,SARS-CoV-2|Omicron,class,1.0,0.99,0.99,88524.0,8,6,,/home/a61491/CASTOR_KRFE/outputs/sars/rep63/run.log
sars,,63,accuracy,overall,,,0.99,275952.0,8,6,,/home/a61491/CASTOR_KRFE/outputs/sars/rep63/run.log
sars,,63,macro avg,average,0.79,0.99,0.83,275952.0,8,6,,/home/a61491/CASTOR_KRFE/outputs/sars/rep63/run.log
sars,,63,weighted avg,average,1.0,0.99,0.99,275952.0,8,6,,/home/a61491/CASTOR_KRFE/outputs/sars/rep63/run.log
sars,,64,SARS-CoV-2|Alpha,class,1.0,0.99,1.0,139421.0,8,7,,/home/a61491/CASTOR_KRFE/outputs/sars/rep64/run.log
sars,,64,SARS-CoV-2|Beta,class,0.52,0.99,0.68,562.0,8,7,,/home/a61491/CASTOR_KRFE/outputs/sars/rep64/run.log
sars,,64,SARS-CoV-2|Delta,class,0.92,0.99,0.95,8339.0,8,7,,/home/a61491/CASTOR_KRFE/outputs/sars/rep64/run.log
sars,,64,SARS-CoV-2|Epsilon,class,1.0,0.98,0.99,13564.0,8,7,,/home/a61491/CASTOR_KRFE/outputs/sars/rep64/run.log
sars,,64,SARS-CoV-2|Eta,class,0.79,0.99,0.88,579.0,8,7,,/home/a61491/CASTOR_KRFE/outputs/sars/rep64/run.log
sars,,64,SARS-CoV-2|Gamma,class,0.99,0.99,0.99,7316.0,8,7,,/home/a61491/CASTOR_KRFE/outputs/sars/rep64/run.log
sars,,64,SARS-CoV-2|Iota,class,1.0,1.0,1.0,17295.0,8,7,,/home/a61491/CASTOR_KRFE/outputs/sars/rep64/run.log
sars,,64,SARS-CoV-2|Kappa,class,0.45,1.0,0.62,36.0,8,7,,/home/a61491/CASTOR_KRFE/outputs/sars/rep64/run.log
sars,,64,SARS-CoV-2|Lambda,class,0.93,0.99,0.96,316.0,8,7,,/home/a61491/CASTOR_KRFE/outputs/sars/rep64/run.log
sars,,64,SARS-CoV-2|Omicron,class,1.0,1.0,1.0,88524.0,8,7,,/home/a61491/CASTOR_KRFE/outputs/sars/rep64/run.log
sars,,64,accuracy,overall,,,0.99,275952.0,8,7,,/home/a61491/CASTOR_KRFE/outputs/sars/rep64/run.log
sars,,64,macro avg,average,0.86,0.99,0.91,275952.0,8,7,,/home/a61491/CASTOR_KRFE/outputs/sars/rep64/run.log
sars,,64,weighted avg,average,1.0,0.99,0.99,275952.0,8,7,,/home/a61491/CASTOR_KRFE/outputs/sars/rep64/run.log
sars,,65,SARS-CoV-2|Alpha,class,1.0,0.99,1.0,139421.0,9,5,,/home/a61491/CASTOR_KRFE/outputs/sars/rep65/run.log
sars,,65,SARS-CoV-2|Beta,class,0.85,0.98,0.91,562.0,9,5,,/home/a61491/CASTOR_KRFE/outputs/sars/rep65/run.log
sars,,65,SARS-CoV-2|Delta,class,0.93,0.97,0.95,8339.0,9,5,,/home/a61491/CASTOR_KRFE/outputs/sars/rep65/run.log
sars,,65,SARS-CoV-2|Epsilon,class,0.99,0.99,0.99,13564.0,9,5,,/home/a61491/CASTOR_KRFE/outputs/sars/rep65/run.log
sars,,65,SARS-CoV-2|Eta,class,0.72,0.97,0.83,579.0,9,5,,/home/a61491/CASTOR_KRFE/outputs/sars/rep65/run.log
sars,,65,SARS-CoV-2|Gamma,class,0.94,0.99,0.96,7316.0,9,5,,/home/a61491/CASTOR_KRFE/outputs/sars/rep65/run.log
sars,,65,SARS-CoV-2|Iota,class,1.0,0.99,1.0,17295.0,9,5,,/home/a61491/CASTOR_KRFE/outputs/sars/rep65/run.log
sars,,65,SARS-CoV-2|Kappa,class,0.02,1.0,0.04,36.0,9,5,,/home/a61491/CASTOR_KRFE/outputs/sars/rep65/run.log
sars,,65,SARS-CoV-2|Lambda,class,0.44,0.98,0.61,316.0,9,5,,/home/a61491/CASTOR_KRFE/outputs/sars/rep65/run.log
sars,,65,SARS-CoV-2|Omicron,class,0.99,0.98,0.98,88524.0,9,5,,/home/a61491/CASTOR_KRFE/outputs/sars/rep65/run.log
sars,,65,accuracy,overall,,,0.98,275952.0,9,5,,/home/a61491/CASTOR_KRFE/outputs/sars/rep65/run.log
sars,,65,macro avg,average,0.79,0.98,0.83,275952.0,9,5,,/home/a61491/CASTOR_KRFE/outputs/sars/rep65/run.log
sars,,65,weighted avg,average,0.99,0.98,0.99,275952.0,9,5,,/home/a61491/CASTOR_KRFE/outputs/sars/rep65/run.log
sars,,66,SARS-CoV-2|Alpha,class,1.0,0.99,1.0,139421.0,8,5,,/home/a61491/CASTOR_KRFE/outputs/sars/rep66/run.log
sars,,66,SARS-CoV-2|Beta,class,0.84,0.99,0.91,562.0,8,5,,/home/a61491/CASTOR_KRFE/outputs/sars/rep66/run.log
sars,,66,SARS-CoV-2|Delta,class,0.94,0.97,0.95,8339.0,8,5,,/home/a61491/CASTOR_KRFE/outputs/sars/rep66/run.log
sars,,66,SARS-CoV-2|Epsilon,class,0.98,0.99,0.98,13564.0,8,5,,/home/a61491/CASTOR_KRFE/outputs/sars/rep66/run.log
sars,,66,SARS-CoV-2|Eta,class,0.87,1.0,0.93,579.0,8,5,,/home/a61491/CASTOR_KRFE/outputs/sars/rep66/run.log
sars,,66,SARS-CoV-2|Gamma,class,0.99,0.99,0.99,7316.0,8,5,,/home/a61491/CASTOR_KRFE/outputs/sars/rep66/run.log
sars,,66,SARS-CoV-2|Iota,class,1.0,0.99,0.99,17295.0,8,5,,/home/a61491/CASTOR_KRFE/outputs/sars/rep66/run.log
sars,,66,SARS-CoV-2|Kappa,class,0.04,0.97,0.08,36.0,8,5,,/home/a61491/CASTOR_KRFE/outputs/sars/rep66/run.log
sars,,66,SARS-CoV-2|Lambda,class,0.63,0.98,0.77,316.0,8,5,,/home/a61491/CASTOR_KRFE/outputs/sars/rep66/run.log
sars,,66,SARS-CoV-2|Omicron,class,1.0,0.99,0.99,88524.0,8,5,,/home/a61491/CASTOR_KRFE/outputs/sars/rep66/run.log
sars,,66,accuracy,overall,,,0.99,275952.0,8,5,,/home/a61491/CASTOR_KRFE/outputs/sars/rep66/run.log
sars,,66,macro avg,average,0.83,0.99,0.86,275952.0,8,5,,/home/a61491/CASTOR_KRFE/outputs/sars/rep66/run.log
sars,,66,weighted avg,average,0.99,0.99,0.99,275952.0,8,5,,/home/a61491/CASTOR_KRFE/outputs/sars/rep66/run.log
sars,,67,SARS-CoV-2|Alpha,class,1.0,0.98,0.99,139421.0,7,6,,/home/a61491/CASTOR_KRFE/outputs/sars/rep67/run.log
sars,,67,SARS-CoV-2|Beta,class,0.72,0.99,0.83,562.0,7,6,,/home/a61491/CASTOR_KRFE/outputs/sars/rep67/run.log
sars,,67,SARS-CoV-2|Delta,class,1.0,0.97,0.99,8339.0,7,6,,/home/a61491/CASTOR_KRFE/outputs/sars/rep67/run.log
sars,,67,SARS-CoV-2|Epsilon,class,1.0,0.99,0.99,13564.0,7,6,,/home/a61491/CASTOR_KRFE/outputs/sars/rep67/run.log
sars,,67,SARS-CoV-2|Eta,class,0.7,0.99,0.82,579.0,7,6,,/home/a61491/CASTOR_KRFE/outputs/sars/rep67/run.log
sars,,67,SARS-CoV-2|Gamma,class,0.9,0.99,0.94,7316.0,7,6,,/home/a61491/CASTOR_KRFE/outputs/sars/rep67/run.log
sars,,67,SARS-CoV-2|Iota,class,1.0,0.99,1.0,17295.0,7,6,,/home/a61491/CASTOR_KRFE/outputs/sars/rep67/run.log
sars,,67,SARS-CoV-2|Kappa,class,0.13,0.97,0.23,36.0,7,6,,/home/a61491/CASTOR_KRFE/outputs/sars/rep67/run.log
sars,,67,SARS-CoV-2|Lambda,class,0.65,0.99,0.79,316.0,7,6,,/home/a61491/CASTOR_KRFE/outputs/sars/rep67/run.log
sars,,67,SARS-CoV-2|Omicron,class,0.97,0.99,0.98,88524.0,7,6,,/home/a61491/CASTOR_KRFE/outputs/sars/rep67/run.log
sars,,67,accuracy,overall,,,0.99,275952.0,7,6,,/home/a61491/CASTOR_KRFE/outputs/sars/rep67/run.log
sars,,67,macro avg,average,0.81,0.98,0.86,275952.0,7,6,,/home/a61491/CASTOR_KRFE/outputs/sars/rep67/run.log
sars,,67,weighted avg,average,0.99,0.99,0.99,275952.0,7,6,,/home/a61491/CASTOR_KRFE/outputs/sars/rep67/run.log
sars,,68,SARS-CoV-2|Alpha,class,1.0,0.98,0.99,139421.0,8,6,,/home/a61491/CASTOR_KRFE/outputs/sars/rep68/run.log
sars,,68,SARS-CoV-2|Beta,class,0.95,0.97,0.96,562.0,8,6,,/home/a61491/CASTOR_KRFE/outputs/sars/rep68/run.log
sars,,68,SARS-CoV-2|Delta,class,1.0,0.99,0.99,8339.0,8,6,,/home/a61491/CASTOR_KRFE/outputs/sars/rep68/run.log
sars,,68,SARS-CoV-2|Epsilon,class,1.0,0.99,0.99,13564.0,8,6,,/home/a61491/CASTOR_KRFE/outputs/sars/rep68/run.log
sars,,68,SARS-CoV-2|Eta,class,0.53,0.98,0.69,579.0,8,6,,/home/a61491/CASTOR_KRFE/outputs/sars/rep68/run.log
sars,,68,SARS-CoV-2|Gamma,class,0.97,0.99,0.98,7316.0,8,6,,/home/a61491/CASTOR_KRFE/outputs/sars/rep68/run.log
sars,,68,SARS-CoV-2|Iota,class,0.91,0.99,0.95,17295.0,8,6,,/home/a61491/CASTOR_KRFE/outputs/sars/rep68/run.log
sars,,68,SARS-CoV-2|Kappa,class,0.05,1.0,0.1,36.0,8,6,,/home/a61491/CASTOR_KRFE/outputs/sars/rep68/run.log
sars,,68,SARS-CoV-2|Lambda,class,0.15,1.0,0.27,316.0,8,6,,/home/a61491/CASTOR_KRFE/outputs/sars/rep68/run.log
sars,,68,SARS-CoV-2|Omicron,class,1.0,0.98,0.99,88524.0,8,6,,/home/a61491/CASTOR_KRFE/outputs/sars/rep68/run.log
sars,,68,accuracy,overall,,,0.98,275952.0,8,6,,/home/a61491/CASTOR_KRFE/outputs/sars/rep68/run.log
sars,,68,macro avg,average,0.76,0.99,0.79,275952.0,8,6,,/home/a61491/CASTOR_KRFE/outputs/sars/rep68/run.log
sars,,68,weighted avg,average,0.99,0.98,0.99,275952.0,8,6,,/home/a61491/CASTOR_KRFE/outputs/sars/rep68/run.log
sars,,69,SARS-CoV-2|Alpha,class,1.0,0.99,1.0,139421.0,7,7,,/home/a61491/CASTOR_KRFE/outputs/sars/rep69/run.log
sars,,69,SARS-CoV-2|Beta,class,0.79,0.99,0.88,562.0,7,7,,/home/a61491/CASTOR_KRFE/outputs/sars/rep69/run.log
sars,,69,SARS-CoV-2|Delta,class,0.88,0.97,0.93,8339.0,7,7,,/home/a61491/CASTOR_KRFE/outputs/sars/rep69/run.log
sars,,69,SARS-CoV-2|Epsilon,class,0.99,0.98,0.99,13564.0,7,7,,/home/a61491/CASTOR_KRFE/outputs/sars/rep69/run.log
sars,,69,SARS-CoV-2|Eta,class,0.59,0.97,0.74,579.0,7,7,,/home/a61491/CASTOR_KRFE/outputs/sars/rep69/run.log
sars,,69,SARS-CoV-2|Gamma,class,1.0,0.99,0.99,7316.0,7,7,,/home/a61491/CASTOR_KRFE/outputs/sars/rep69/run.log
sars,,69,SARS-CoV-2|Iota,class,0.98,0.99,0.98,17295.0,7,7,,/home/a61491/CASTOR_KRFE/outputs/sars/rep69/run.log
sars,,69,SARS-CoV-2|Kappa,class,0.06,0.97,0.12,36.0,7,7,,/home/a61491/CASTOR_KRFE/outputs/sars/rep69/run.log
sars,,69,SARS-CoV-2|Lambda,class,0.92,0.98,0.95,316.0,7,7,,/home/a61491/CASTOR_KRFE/outputs/sars/rep69/run.log
sars,,69,SARS-CoV-2|Omicron,class,0.99,0.98,0.99,88524.0,7,7,,/home/a61491/CASTOR_KRFE/outputs/sars/rep69/run.log
sars,,69,accuracy,overall,,,0.99,275952.0,7,7,,/home/a61491/CASTOR_KRFE/outputs/sars/rep69/run.log
sars,,69,macro avg,average,0.82,0.98,0.86,275952.0,7,7,,/home/a61491/CASTOR_KRFE/outputs/sars/rep69/run.log
sars,,69,weighted avg,average,0.99,0.99,0.99,275952.0,7,7,,/home/a61491/CASTOR_KRFE/outputs/sars/rep69/run.log
sars,,7,SARS-CoV-2|Alpha,class,1.0,0.99,1.0,139421.0,8,6,,/home/a61491/CASTOR_KRFE/outputs/sars/rep7/run.log
sars,,7,SARS-CoV-2|Beta,class,0.95,0.98,0.97,562.0,8,6,,/home/a61491/CASTOR_KRFE/outputs/sars/rep7/run.log
sars,,7,SARS-CoV-2|Delta,class,1.0,0.97,0.98,8339.0,8,6,,/home/a61491/CASTOR_KRFE/outputs/sars/rep7/run.log
sars,,7,SARS-CoV-2|Epsilon,class,0.99,0.99,0.99,13564.0,8,6,,/home/a61491/CASTOR_KRFE/outputs/sars/rep7/run.log
sars,,7,SARS-CoV-2|Eta,class,0.8,0.99,0.89,579.0,8,6,,/home/a61491/CASTOR_KRFE/outputs/sars/rep7/run.log
sars,,7,SARS-CoV-2|Gamma,class,0.99,0.99,0.99,7316.0,8,6,,/home/a61491/CASTOR_KRFE/outputs/sars/rep7/run.log
sars,,7,SARS-CoV-2|Iota,class,0.99,0.99,0.99,17295.0,8,6,,/home/a61491/CASTOR_KRFE/outputs/sars/rep7/run.log
sars,,7,SARS-CoV-2|Kappa,class,0.04,1.0,0.08,36.0,8,6,,/home/a61491/CASTOR_KRFE/outputs/sars/rep7/run.log
sars,,7,SARS-CoV-2|Lambda,class,0.38,0.99,0.55,316.0,8,6,,/home/a61491/CASTOR_KRFE/outputs/sars/rep7/run.log
sars,,7,SARS-CoV-2|Omicron,class,1.0,0.99,1.0,88524.0,8,6,,/home/a61491/CASTOR_KRFE/outputs/sars/rep7/run.log
sars,,7,accuracy,overall,,,0.99,275952.0,8,6,,/home/a61491/CASTOR_KRFE/outputs/sars/rep7/run.log
sars,,7,macro avg,average,0.82,0.99,0.84,275952.0,8,6,,/home/a61491/CASTOR_KRFE/outputs/sars/rep7/run.log
sars,,7,weighted avg,average,1.0,0.99,0.99,275952.0,8,6,,/home/a61491/CASTOR_KRFE/outputs/sars/rep7/run.log
sars,,70,SARS-CoV-2|Alpha,class,1.0,1.0,1.0,139421.0,10,5,,/home/a61491/CASTOR_KRFE/outputs/sars/rep70/run.log
sars,,70,SARS-CoV-2|Beta,class,0.84,0.99,0.91,562.0,10,5,,/home/a61491/CASTOR_KRFE/outputs/sars/rep70/run.log
sars,,70,SARS-CoV-2|Delta,class,1.0,0.96,0.98,8339.0,10,5,,/home/a61491/CASTOR_KRFE/outputs/sars/rep70/run.log
sars,,70,SARS-CoV-2|Epsilon,class,0.98,0.99,0.99,13564.0,10,5,,/home/a61491/CASTOR_KRFE/outputs/sars/rep70/run.log
sars,,70,SARS-CoV-2|Eta,class,0.99,0.99,0.99,579.0,10,5,,/home/a61491/CASTOR_KRFE/outputs/sars/rep70/run.log
sars,,70,SARS-CoV-2|Gamma,class,0.96,0.97,0.96,7316.0,10,5,,/home/a61491/CASTOR_KRFE/outputs/sars/rep70/run.log
sars,,70,SARS-CoV-2|Iota,class,1.0,0.98,0.99,17295.0,10,5,,/home/a61491/CASTOR_KRFE/outputs/sars/rep70/run.log
sars,,70,SARS-CoV-2|Kappa,class,0.04,0.97,0.07,36.0,10,5,,/home/a61491/CASTOR_KRFE/outputs/sars/rep70/run.log
sars,,70,SARS-CoV-2|Lambda,class,0.52,0.99,0.68,316.0,10,5,,/home/a61491/CASTOR_KRFE/outputs/sars/rep70/run.log
sars,,70,SARS-CoV-2|Omicron,class,0.99,0.99,0.99,88524.0,10,5,,/home/a61491/CASTOR_KRFE/outputs/sars/rep70/run.log
sars,,70,accuracy,overall,,,0.99,275952.0,10,5,,/home/a61491/CASTOR_KRFE/outputs/sars/rep70/run.log
sars,,70,macro avg,average,0.83,0.98,0.86,275952.0,10,5,,/home/a61491/CASTOR_KRFE/outputs/sars/rep70/run.log
sars,,70,weighted avg,average,1.0,0.99,0.99,275952.0,10,5,,/home/a61491/CASTOR_KRFE/outputs/sars/rep70/run.log
sars,,71,SARS-CoV-2|Alpha,class,1.0,0.99,1.0,139421.0,8,6,,/home/a61491/CASTOR_KRFE/outputs/sars/rep71/run.log
sars,,71,SARS-CoV-2|Beta,class,0.61,0.98,0.75,562.0,8,6,,/home/a61491/CASTOR_KRFE/outputs/sars/rep71/run.log
sars,,71,SARS-CoV-2|Delta,class,0.98,0.99,0.98,8339.0,8,6,,/home/a61491/CASTOR_KRFE/outputs/sars/rep71/run.log
sars,,71,SARS-CoV-2|Epsilon,class,1.0,0.99,0.99,13564.0,8,6,,/home/a61491/CASTOR_KRFE/outputs/sars/rep71/run.log
sars,,71,SARS-CoV-2|Eta,class,0.54,1.0,0.7,579.0,8,6,,/home/a61491/CASTOR_KRFE/outputs/sars/rep71/run.log
sars,,71,SARS-CoV-2|Gamma,class,0.97,0.95,0.96,7316.0,8,6,,/home/a61491/CASTOR_KRFE/outputs/sars/rep71/run.log
sars,,71,SARS-CoV-2|Iota,class,0.99,1.0,0.99,17295.0,8,6,,/home/a61491/CASTOR_KRFE/outputs/sars/rep71/run.log
sars,,71,SARS-CoV-2|Kappa,class,0.1,1.0,0.19,36.0,8,6,,/home/a61491/CASTOR_KRFE/outputs/sars/rep71/run.log
sars,,71,SARS-CoV-2|Lambda,class,0.91,1.0,0.95,316.0,8,6,,/home/a61491/CASTOR_KRFE/outputs/sars/rep71/run.log
sars,,71,SARS-CoV-2|Omicron,class,1.0,1.0,1.0,88524.0,8,6,,/home/a61491/CASTOR_KRFE/outputs/sars/rep71/run.log
sars,,71,accuracy,overall,,,0.99,275952.0,8,6,,/home/a61491/CASTOR_KRFE/outputs/sars/rep71/run.log
sars,,71,macro avg,average,0.81,0.99,0.85,275952.0,8,6,,/home/a61491/CASTOR_KRFE/outputs/sars/rep71/run.log
sars,,71,weighted avg,average,1.0,0.99,0.99,275952.0,8,6,,/home/a61491/CASTOR_KRFE/outputs/sars/rep71/run.log
sars,,72,SARS-CoV-2|Alpha,class,1.0,0.99,0.99,139421.0,7,5,,/home/a61491/CASTOR_KRFE/outputs/sars/rep72/run.log
sars,,72,SARS-CoV-2|Beta,class,0.73,0.97,0.83,562.0,7,5,,/home/a61491/CASTOR_KRFE/outputs/sars/rep72/run.log
sars,,72,SARS-CoV-2|Delta,class,0.99,0.98,0.99,8339.0,7,5,,/home/a61491/CASTOR_KRFE/outputs/sars/rep72/run.log
sars,,72,SARS-CoV-2|Epsilon,class,1.0,0.99,0.99,13564.0,7,5,,/home/a61491/CASTOR_KRFE/outputs/sars/rep72/run.log
sars,,72,SARS-CoV-2|Eta,class,0.97,0.99,0.98,579.0,7,5,,/home/a61491/CASTOR_KRFE/outputs/sars/rep72/run.log
sars,,72,SARS-CoV-2|Gamma,class,0.98,0.98,0.98,7316.0,7,5,,/home/a61491/CASTOR_KRFE/outputs/sars/rep72/run.log
sars,,72,SARS-CoV-2|Iota,class,0.98,0.99,0.99,17295.0,7,5,,/home/a61491/CASTOR_KRFE/outputs/sars/rep72/run.log
sars,,72,SARS-CoV-2|Kappa,class,0.07,1.0,0.13,36.0,7,5,,/home/a61491/CASTOR_KRFE/outputs/sars/rep72/run.log
sars,,72,SARS-CoV-2|Lambda,class,0.83,0.99,0.9,316.0,7,5,,/home/a61491/CASTOR_KRFE/outputs/sars/rep72/run.log
sars,,72,SARS-CoV-2|Omicron,class,0.99,0.99,0.99,88524.0,7,5,,/home/a61491/CASTOR_KRFE/outputs/sars/rep72/run.log
sars,,72,accuracy,overall,,,0.99,275952.0,7,5,,/home/a61491/CASTOR_KRFE/outputs/sars/rep72/run.log
sars,,72,macro avg,average,0.85,0.99,0.88,275952.0,7,5,,/home/a61491/CASTOR_KRFE/outputs/sars/rep72/run.log
sars,,72,weighted avg,average,0.99,0.99,0.99,275952.0,7,5,,/home/a61491/CASTOR_KRFE/outputs/sars/rep72/run.log
sars,,73,SARS-CoV-2|Alpha,class,1.0,0.99,0.99,139421.0,9,6,,/home/a61491/CASTOR_KRFE/outputs/sars/rep73/run.log
sars,,73,SARS-CoV-2|Beta,class,0.3,0.98,0.46,562.0,9,6,,/home/a61491/CASTOR_KRFE/outputs/sars/rep73/run.log
sars,,73,SARS-CoV-2|Delta,class,1.0,0.97,0.99,8339.0,9,6,,/home/a61491/CASTOR_KRFE/outputs/sars/rep73/run.log
sars,,73,SARS-CoV-2|Epsilon,class,1.0,1.0,1.0,13564.0,9,6,,/home/a61491/CASTOR_KRFE/outputs/sars/rep73/run.log
sars,,73,SARS-CoV-2|Eta,class,0.83,0.99,0.9,579.0,9,6,,/home/a61491/CASTOR_KRFE/outputs/sars/rep73/run.log
sars,,73,SARS-CoV-2|Gamma,class,0.98,0.98,0.98,7316.0,9,6,,/home/a61491/CASTOR_KRFE/outputs/sars/rep73/run.log
sars,,73,SARS-CoV-2|Iota,class,1.0,0.99,0.99,17295.0,9,6,,/home/a61491/CASTOR_KRFE/outputs/sars/rep73/run.log
sars,,73,SARS-CoV-2|Kappa,class,0.07,0.94,0.14,36.0,9,6,,/home/a61491/CASTOR_KRFE/outputs/sars/rep73/run.log
sars,,73,SARS-CoV-2|Lambda,class,0.55,1.0,0.71,316.0,9,6,,/home/a61491/CASTOR_KRFE/outputs/sars/rep73/run.log
sars,,73,SARS-CoV-2|Omicron,class,1.0,0.99,0.99,88524.0,9,6,,/home/a61491/CASTOR_KRFE/outputs/sars/rep73/run.log
sars,,73,accuracy,overall,,,0.99,275952.0,9,6,,/home/a61491/CASTOR_KRFE/outputs/sars/rep73/run.log
sars,,73,macro avg,average,0.77,0.98,0.82,275952.0,9,6,,/home/a61491/CASTOR_KRFE/outputs/sars/rep73/run.log
sars,,73,weighted avg,average,0.99,0.99,0.99,275952.0,9,6,,/home/a61491/CASTOR_KRFE/outputs/sars/rep73/run.log
sars,,74,SARS-CoV-2|Alpha,class,1.0,0.98,0.99,139421.0,7,6,,/home/a61491/CASTOR_KRFE/outputs/sars/rep74/run.log
sars,,74,SARS-CoV-2|Beta,class,0.73,0.99,0.84,562.0,7,6,,/home/a61491/CASTOR_KRFE/outputs/sars/rep74/run.log
sars,,74,SARS-CoV-2|Delta,class,0.95,0.96,0.96,8339.0,7,6,,/home/a61491/CASTOR_KRFE/outputs/sars/rep74/run.log
sars,,74,SARS-CoV-2|Epsilon,class,0.98,0.99,0.99,13564.0,7,6,,/home/a61491/CASTOR_KRFE/outputs/sars/rep74/run.log
sars,,74,SARS-CoV-2|Eta,class,0.92,1.0,0.96,579.0,7,6,,/home/a61491/CASTOR_KRFE/outputs/sars/rep74/run.log
sars,,74,SARS-CoV-2|Gamma,class,0.88,0.98,0.93,7316.0,7,6,,/home/a61491/CASTOR_KRFE/outputs/sars/rep74/run.log
sars,,74,SARS-CoV-2|Iota,class,0.97,1.0,0.98,17295.0,7,6,,/home/a61491/CASTOR_KRFE/outputs/sars/rep74/run.log
sars,,74,SARS-CoV-2|Kappa,class,0.09,0.97,0.16,36.0,7,6,,/home/a61491/CASTOR_KRFE/outputs/sars/rep74/run.log
sars,,74,SARS-CoV-2|Lambda,class,0.88,0.99,0.93,316.0,7,6,,/home/a61491/CASTOR_KRFE/outputs/sars/rep74/run.log
sars,,74,SARS-CoV-2|Omicron,class,1.0,0.99,0.99,88524.0,7,6,,/home/a61491/CASTOR_KRFE/outputs/sars/rep74/run.log
sars,,74,accuracy,overall,,,0.99,275952.0,7,6,,/home/a61491/CASTOR_KRFE/outputs/sars/rep74/run.log
sars,,74,macro avg,average,0.84,0.99,0.87,275952.0,7,6,,/home/a61491/CASTOR_KRFE/outputs/sars/rep74/run.log
sars,,74,weighted avg,average,0.99,0.99,0.99,275952.0,7,6,,/home/a61491/CASTOR_KRFE/outputs/sars/rep74/run.log
sars,,75,SARS-CoV-2|Alpha,class,1.0,0.98,0.99,139421.0,9,6,,/home/a61491/CASTOR_KRFE/outputs/sars/rep75/run.log
sars,,75,SARS-CoV-2|Beta,class,0.62,0.98,0.76,562.0,9,6,,/home/a61491/CASTOR_KRFE/outputs/sars/rep75/run.log
sars,,75,SARS-CoV-2|Delta,class,1.0,0.96,0.98,8339.0,9,6,,/home/a61491/CASTOR_KRFE/outputs/sars/rep75/run.log
sars,,75,SARS-CoV-2|Epsilon,class,1.0,0.99,0.99,13564.0,9,6,,/home/a61491/CASTOR_KRFE/outputs/sars/rep75/run.log
sars,,75,SARS-CoV-2|Eta,class,0.99,1.0,0.99,579.0,9,6,,/home/a61491/CASTOR_KRFE/outputs/sars/rep75/run.log
sars,,75,SARS-CoV-2|Gamma,class,0.74,0.98,0.84,7316.0,9,6,,/home/a61491/CASTOR_KRFE/outputs/sars/rep75/run.log
sars,,75,SARS-CoV-2|Iota,class,1.0,0.99,0.99,17295.0,9,6,,/home/a61491/CASTOR_KRFE/outputs/sars/rep75/run.log
sars,,75,SARS-CoV-2|Kappa,class,0.08,1.0,0.14,36.0,9,6,,/home/a61491/CASTOR_KRFE/outputs/sars/rep75/run.log
sars,,75,SARS-CoV-2|Lambda,class,0.97,0.99,0.98,316.0,9,6,,/home/a61491/CASTOR_KRFE/outputs/sars/rep75/run.log
sars,,75,SARS-CoV-2|Omicron,class,1.0,1.0,1.0,88524.0,9,6,,/home/a61491/CASTOR_KRFE/outputs/sars/rep75/run.log
sars,,75,accuracy,overall,,,0.99,275952.0,9,6,,/home/a61491/CASTOR_KRFE/outputs/sars/rep75/run.log
sars,,75,macro avg,average,0.84,0.99,0.87,275952.0,9,6,,/home/a61491/CASTOR_KRFE/outputs/sars/rep75/run.log
sars,,75,weighted avg,average,0.99,0.99,0.99,275952.0,9,6,,/home/a61491/CASTOR_KRFE/outputs/sars/rep75/run.log
sars,,76,SARS-CoV-2|Alpha,class,1.0,0.97,0.98,139421.0,9,6,,/home/a61491/CASTOR_KRFE/outputs/sars/rep76/run.log
sars,,76,SARS-CoV-2|Beta,class,0.64,0.99,0.78,562.0,9,6,,/home/a61491/CASTOR_KRFE/outputs/sars/rep76/run.log
sars,,76,SARS-CoV-2|Delta,class,0.94,0.99,0.96,8339.0,9,6,,/home/a61491/CASTOR_KRFE/outputs/sars/rep76/run.log
sars,,76,SARS-CoV-2|Epsilon,class,1.0,0.99,1.0,13564.0,9,6,,/home/a61491/CASTOR_KRFE/outputs/sars/rep76/run.log
sars,,76,SARS-CoV-2|Eta,class,0.16,0.99,0.28,579.0,9,6,,/home/a61491/CASTOR_KRFE/outputs/sars/rep76/run.log
sars,,76,SARS-CoV-2|Gamma,class,0.99,0.99,0.99,7316.0,9,6,,/home/a61491/CASTOR_KRFE/outputs/sars/rep76/run.log
sars,,76,SARS-CoV-2|Iota,class,0.98,0.98,0.98,17295.0,9,6,,/home/a61491/CASTOR_KRFE/outputs/sars/rep76/run.log
sars,,76,SARS-CoV-2|Kappa,class,0.14,1.0,0.25,36.0,9,6,,/home/a61491/CASTOR_KRFE/outputs/sars/rep76/run.log
sars,,76,SARS-CoV-2|Lambda,class,0.45,1.0,0.62,316.0,9,6,,/home/a61491/CASTOR_KRFE/outputs/sars/rep76/run.log
sars,,76,SARS-CoV-2|Omicron,class,1.0,1.0,1.0,88524.0,9,6,,/home/a61491/CASTOR_KRFE/outputs/sars/rep76/run.log
sars,,76,accuracy,overall,,,0.98,275952.0,9,6,,/home/a61491/CASTOR_KRFE/outputs/sars/rep76/run.log
sars,,76,macro avg,average,0.73,0.99,0.78,275952.0,9,6,,/home/a61491/CASTOR_KRFE/outputs/sars/rep76/run.log
sars,,76,weighted avg,average,0.99,0.98,0.99,275952.0,9,6,,/home/a61491/CASTOR_KRFE/outputs/sars/rep76/run.log
sars,,77,SARS-CoV-2|Alpha,class,1.0,1.0,1.0,139421.0,7,7,,/home/a61491/CASTOR_KRFE/outputs/sars/rep77/run.log
sars,,77,SARS-CoV-2|Beta,class,0.61,0.96,0.75,562.0,7,7,,/home/a61491/CASTOR_KRFE/outputs/sars/rep77/run.log
sars,,77,SARS-CoV-2|Delta,class,0.98,0.99,0.98,8339.0,7,7,,/home/a61491/CASTOR_KRFE/outputs/sars/rep77/run.log
sars,,77,SARS-CoV-2|Epsilon,class,1.0,0.99,0.99,13564.0,7,7,,/home/a61491/CASTOR_KRFE/outputs/sars/rep77/run.log
sars,,77,SARS-CoV-2|Eta,class,0.6,1.0,0.75,579.0,7,7,,/home/a61491/CASTOR_KRFE/outputs/sars/rep77/run.log
sars,,77,SARS-CoV-2|Gamma,class,0.96,0.95,0.95,7316.0,7,7,,/home/a61491/CASTOR_KRFE/outputs/sars/rep77/run.log
sars,,77,SARS-CoV-2|Iota,class,1.0,0.99,1.0,17295.0,7,7,,/home/a61491/CASTOR_KRFE/outputs/sars/rep77/run.log
sars,,77,SARS-CoV-2|Kappa,class,0.32,0.97,0.48,36.0,7,7,,/home/a61491/CASTOR_KRFE/outputs/sars/rep77/run.log
sars,,77,SARS-CoV-2|Lambda,class,0.55,0.99,0.71,316.0,7,7,,/home/a61491/CASTOR_KRFE/outputs/sars/rep77/run.log
sars,,77,SARS-CoV-2|Omicron,class,1.0,0.99,0.99,88524.0,7,7,,/home/a61491/CASTOR_KRFE/outputs/sars/rep77/run.log
sars,,77,accuracy,overall,,,0.99,275952.0,7,7,,/home/a61491/CASTOR_KRFE/outputs/sars/rep77/run.log
sars,,77,macro avg,average,0.8,0.98,0.86,275952.0,7,7,,/home/a61491/CASTOR_KRFE/outputs/sars/rep77/run.log
sars,,77,weighted avg,average,0.99,0.99,0.99,275952.0,7,7,,/home/a61491/CASTOR_KRFE/outputs/sars/rep77/run.log
sars,,78,SARS-CoV-2|Alpha,class,1.0,0.99,1.0,139421.0,7,6,,/home/a61491/CASTOR_KRFE/outputs/sars/rep78/run.log
sars,,78,SARS-CoV-2|Beta,class,0.74,0.98,0.84,562.0,7,6,,/home/a61491/CASTOR_KRFE/outputs/sars/rep78/run.log
sars,,78,SARS-CoV-2|Delta,class,1.0,0.98,0.99,8339.0,7,6,,/home/a61491/CASTOR_KRFE/outputs/sars/rep78/run.log
sars,,78,SARS-CoV-2|Epsilon,class,1.0,1.0,1.0,13564.0,7,6,,/home/a61491/CASTOR_KRFE/outputs/sars/rep78/run.log
sars,,78,SARS-CoV-2|Eta,class,0.85,1.0,0.92,579.0,7,6,,/home/a61491/CASTOR_KRFE/outputs/sars/rep78/run.log
sars,,78,SARS-CoV-2|Gamma,class,0.97,0.98,0.98,7316.0,7,6,,/home/a61491/CASTOR_KRFE/outputs/sars/rep78/run.log
sars,,78,SARS-CoV-2|Iota,class,0.99,0.99,0.99,17295.0,7,6,,/home/a61491/CASTOR_KRFE/outputs/sars/rep78/run.log
sars,,78,SARS-CoV-2|Kappa,class,0.04,0.97,0.07,36.0,7,6,,/home/a61491/CASTOR_KRFE/outputs/sars/rep78/run.log
sars,,78,SARS-CoV-2|Lambda,class,0.67,0.99,0.8,316.0,7,6,,/home/a61491/CASTOR_KRFE/outputs/sars/rep78/run.log
sars,,78,SARS-CoV-2|Omicron,class,1.0,0.99,1.0,88524.0,7,6,,/home/a61491/CASTOR_KRFE/outputs/sars/rep78/run.log
sars,,78,accuracy,overall,,,0.99,275952.0,7,6,,/home/a61491/CASTOR_KRFE/outputs/sars/rep78/run.log
sars,,78,macro avg,average,0.82,0.99,0.86,275952.0,7,6,,/home/a61491/CASTOR_KRFE/outputs/sars/rep78/run.log
sars,,78,weighted avg,average,1.0,0.99,0.99,275952.0,7,6,,/home/a61491/CASTOR_KRFE/outputs/sars/rep78/run.log
sars,,79,SARS-CoV-2|Alpha,class,1.0,1.0,1.0,139421.0,8,6,,/home/a61491/CASTOR_KRFE/outputs/sars/rep79/run.log
sars,,79,SARS-CoV-2|Beta,class,0.92,0.98,0.95,562.0,8,6,,/home/a61491/CASTOR_KRFE/outputs/sars/rep79/run.log
sars,,79,SARS-CoV-2|Delta,class,0.99,0.97,0.98,8339.0,8,6,,/home/a61491/CASTOR_KRFE/outputs/sars/rep79/run.log
sars,,79,SARS-CoV-2|Epsilon,class,1.0,0.99,0.99,13564.0,8,6,,/home/a61491/CASTOR_KRFE/outputs/sars/rep79/run.log
sars,,79,SARS-CoV-2|Eta,class,0.85,0.99,0.91,579.0,8,6,,/home/a61491/CASTOR_KRFE/outputs/sars/rep79/run.log
sars,,79,SARS-CoV-2|Gamma,class,1.0,0.99,0.99,7316.0,8,6,,/home/a61491/CASTOR_KRFE/outputs/sars/rep79/run.log
sars,,79,SARS-CoV-2|Iota,class,0.99,1.0,0.99,17295.0,8,6,,/home/a61491/CASTOR_KRFE/outputs/sars/rep79/run.log
sars,,79,SARS-CoV-2|Kappa,class,0.07,0.97,0.12,36.0,8,6,,/home/a61491/CASTOR_KRFE/outputs/sars/rep79/run.log
sars,,79,SARS-CoV-2|Lambda,class,0.48,1.0,0.65,316.0,8,6,,/home/a61491/CASTOR_KRFE/outputs/sars/rep79/run.log
sars,,79,SARS-CoV-2|Omicron,class,1.0,1.0,1.0,88524.0,8,6,,/home/a61491/CASTOR_KRFE/outputs/sars/rep79/run.log
sars,,79,accuracy,overall,,,0.99,275952.0,8,6,,/home/a61491/CASTOR_KRFE/outputs/sars/rep79/run.log
sars,,79,macro avg,average,0.83,0.99,0.86,275952.0,8,6,,/home/a61491/CASTOR_KRFE/outputs/sars/rep79/run.log
sars,,79,weighted avg,average,1.0,0.99,1.0,275952.0,8,6,,/home/a61491/CASTOR_KRFE/outputs/sars/rep79/run.log
sars,,8,SARS-CoV-2|Alpha,class,1.0,0.97,0.98,139421.0,8,7,,/home/a61491/CASTOR_KRFE/outputs/sars/rep8/run.log
sars,,8,SARS-CoV-2|Beta,class,0.75,0.99,0.85,562.0,8,7,,/home/a61491/CASTOR_KRFE/outputs/sars/rep8/run.log
sars,,8,SARS-CoV-2|Delta,class,0.66,0.98,0.79,8339.0,8,7,,/home/a61491/CASTOR_KRFE/outputs/sars/rep8/run.log
sars,,8,SARS-CoV-2|Epsilon,class,0.99,1.0,0.99,13564.0,8,7,,/home/a61491/CASTOR_KRFE/outputs/sars/rep8/run.log
sars,,8,SARS-CoV-2|Eta,class,0.71,1.0,0.83,579.0,8,7,,/home/a61491/CASTOR_KRFE/outputs/sars/rep8/run.log
sars,,8,SARS-CoV-2|Gamma,class,1.0,0.97,0.98,7316.0,8,7,,/home/a61491/CASTOR_KRFE/outputs/sars/rep8/run.log
sars,,8,SARS-CoV-2|Iota,class,1.0,1.0,1.0,17295.0,8,7,,/home/a61491/CASTOR_KRFE/outputs/sars/rep8/run.log
sars,,8,SARS-CoV-2|Kappa,class,0.44,1.0,0.62,36.0,8,7,,/home/a61491/CASTOR_KRFE/outputs/sars/rep8/run.log
sars,,8,SARS-CoV-2|Lambda,class,0.84,0.99,0.91,316.0,8,7,,/home/a61491/CASTOR_KRFE/outputs/sars/rep8/run.log
sars,,8,SARS-CoV-2|Omicron,class,0.99,0.99,0.99,88524.0,8,7,,/home/a61491/CASTOR_KRFE/outputs/sars/rep8/run.log
sars,,8,accuracy,overall,,,0.98,275952.0,8,7,,/home/a61491/CASTOR_KRFE/outputs/sars/rep8/run.log
sars,,8,macro avg,average,0.84,0.99,0.89,275952.0,8,7,,/home/a61491/CASTOR_KRFE/outputs/sars/rep8/run.log
sars,,8,weighted avg,average,0.98,0.98,0.98,275952.0,8,7,,/home/a61491/CASTOR_KRFE/outputs/sars/rep8/run.log
sars,,80,SARS-CoV-2|Alpha,class,1.0,0.99,1.0,139421.0,10,5,,/home/a61491/CASTOR_KRFE/outputs/sars/rep80/run.log
sars,,80,SARS-CoV-2|Beta,class,0.91,0.98,0.95,562.0,10,5,,/home/a61491/CASTOR_KRFE/outputs/sars/rep80/run.log
sars,,80,SARS-CoV-2|Delta,class,1.0,0.97,0.99,8339.0,10,5,,/home/a61491/CASTOR_KRFE/outputs/sars/rep80/run.log
sars,,80,SARS-CoV-2|Epsilon,class,0.96,1.0,0.98,13564.0,10,5,,/home/a61491/CASTOR_KRFE/outputs/sars/rep80/run.log
sars,,80,SARS-CoV-2|Eta,class,0.96,0.98,0.97,579.0,10,5,,/home/a61491/CASTOR_KRFE/outputs/sars/rep80/run.log
sars,,80,SARS-CoV-2|Gamma,class,0.95,0.99,0.97,7316.0,10,5,,/home/a61491/CASTOR_KRFE/outputs/sars/rep80/run.log
sars,,80,SARS-CoV-2|Iota,class,1.0,1.0,1.0,17295.0,10,5,,/home/a61491/CASTOR_KRFE/outputs/sars/rep80/run.log
sars,,80,SARS-CoV-2|Kappa,class,0.07,0.94,0.13,36.0,10,5,,/home/a61491/CASTOR_KRFE/outputs/sars/rep80/run.log
sars,,80,SARS-CoV-2|Lambda,class,0.17,1.0,0.28,316.0,10,5,,/home/a61491/CASTOR_KRFE/outputs/sars/rep80/run.log
sars,,80,SARS-CoV-2|Omicron,class,1.0,0.98,0.99,88524.0,10,5,,/home/a61491/CASTOR_KRFE/outputs/sars/rep80/run.log
sars,,80,accuracy,overall,,,0.99,275952.0,10,5,,/home/a61491/CASTOR_KRFE/outputs/sars/rep80/run.log
sars,,80,macro avg,average,0.8,0.98,0.83,275952.0,10,5,,/home/a61491/CASTOR_KRFE/outputs/sars/rep80/run.log
sars,,80,weighted avg,average,0.99,0.99,0.99,275952.0,10,5,,/home/a61491/CASTOR_KRFE/outputs/sars/rep80/run.log
sars,,81,SARS-CoV-2|Alpha,class,1.0,0.97,0.99,139421.0,10,5,,/home/a61491/CASTOR_KRFE/outputs/sars/rep81/run.log
sars,,81,SARS-CoV-2|Beta,class,0.87,0.98,0.92,562.0,10,5,,/home/a61491/CASTOR_KRFE/outputs/sars/rep81/run.log
sars,,81,SARS-CoV-2|Delta,class,0.95,0.99,0.97,8339.0,10,5,,/home/a61491/CASTOR_KRFE/outputs/sars/rep81/run.log
sars,,81,SARS-CoV-2|Epsilon,class,1.0,0.99,1.0,13564.0,10,5,,/home/a61491/CASTOR_KRFE/outputs/sars/rep81/run.log
sars,,81,SARS-CoV-2|Eta,class,0.15,0.99,0.26,579.0,10,5,,/home/a61491/CASTOR_KRFE/outputs/sars/rep81/run.log
sars,,81,SARS-CoV-2|Gamma,class,0.81,0.98,0.88,7316.0,10,5,,/home/a61491/CASTOR_KRFE/outputs/sars/rep81/run.log
sars,,81,SARS-CoV-2|Iota,class,1.0,1.0,1.0,17295.0,10,5,,/home/a61491/CASTOR_KRFE/outputs/sars/rep81/run.log
sars,,81,SARS-CoV-2|Kappa,class,0.1,1.0,0.18,36.0,10,5,,/home/a61491/CASTOR_KRFE/outputs/sars/rep81/run.log
sars,,81,SARS-CoV-2|Lambda,class,0.9,0.99,0.94,316.0,10,5,,/home/a61491/CASTOR_KRFE/outputs/sars/rep81/run.log
sars,,81,SARS-CoV-2|Omicron,class,1.0,0.98,0.99,88524.0,10,5,,/home/a61491/CASTOR_KRFE/outputs/sars/rep81/run.log
sars,,81,accuracy,overall,,,0.98,275952.0,10,5,,/home/a61491/CASTOR_KRFE/outputs/sars/rep81/run.log
sars,,81,macro avg,average,0.78,0.99,0.81,275952.0,10,5,,/home/a61491/CASTOR_KRFE/outputs/sars/rep81/run.log
sars,,81,weighted avg,average,0.99,0.98,0.98,275952.0,10,5,,/home/a61491/CASTOR_KRFE/outputs/sars/rep81/run.log
sars,,82,SARS-CoV-2|Alpha,class,1.0,0.99,1.0,139421.0,7,6,,/home/a61491/CASTOR_KRFE/outputs/sars/rep82/run.log
sars,,82,SARS-CoV-2|Beta,class,0.98,0.98,0.98,562.0,7,6,,/home/a61491/CASTOR_KRFE/outputs/sars/rep82/run.log
sars,,82,SARS-CoV-2|Delta,class,0.99,0.98,0.98,8339.0,7,6,,/home/a61491/CASTOR_KRFE/outputs/sars/rep82/run.log
sars,,82,SARS-CoV-2|Epsilon,class,1.0,0.98,0.99,13564.0,7,6,,/home/a61491/CASTOR_KRFE/outputs/sars/rep82/run.log
sars,,82,SARS-CoV-2|Eta,class,0.65,1.0,0.79,579.0,7,6,,/home/a61491/CASTOR_KRFE/outputs/sars/rep82/run.log
sars,,82,SARS-CoV-2|Gamma,class,0.89,0.99,0.94,7316.0,7,6,,/home/a61491/CASTOR_KRFE/outputs/sars/rep82/run.log
sars,,82,SARS-CoV-2|Iota,class,0.99,0.99,0.99,17295.0,7,6,,/home/a61491/CASTOR_KRFE/outputs/sars/rep82/run.log
sars,,82,SARS-CoV-2|Kappa,class,0.55,0.97,0.7,36.0,7,6,,/home/a61491/CASTOR_KRFE/outputs/sars/rep82/run.log
sars,,82,SARS-CoV-2|Lambda,class,0.57,0.99,0.73,316.0,7,6,,/home/a61491/CASTOR_KRFE/outputs/sars/rep82/run.log
sars,,82,SARS-CoV-2|Omicron,class,1.0,0.99,0.99,88524.0,7,6,,/home/a61491/CASTOR_KRFE/outputs/sars/rep82/run.log
sars,,82,accuracy,overall,,,0.99,275952.0,7,6,,/home/a61491/CASTOR_KRFE/outputs/sars/rep82/run.log
sars,,82,macro avg,average,0.86,0.99,0.91,275952.0,7,6,,/home/a61491/CASTOR_KRFE/outputs/sars/rep82/run.log
sars,,82,weighted avg,average,0.99,0.99,0.99,275952.0,7,6,,/home/a61491/CASTOR_KRFE/outputs/sars/rep82/run.log
sars,,83,SARS-CoV-2|Alpha,class,0.97,0.99,0.98,139421.0,6,6,,/home/a61491/CASTOR_KRFE/outputs/sars/rep83/run.log
sars,,83,SARS-CoV-2|Beta,class,0.74,0.96,0.84,562.0,6,6,,/home/a61491/CASTOR_KRFE/outputs/sars/rep83/run.log
sars,,83,SARS-CoV-2|Delta,class,0.99,0.96,0.98,8339.0,6,6,,/home/a61491/CASTOR_KRFE/outputs/sars/rep83/run.log
sars,,83,SARS-CoV-2|Epsilon,class,1.0,0.98,0.99,13564.0,6,6,,/home/a61491/CASTOR_KRFE/outputs/sars/rep83/run.log
sars,,83,SARS-CoV-2|Eta,class,0.83,0.98,0.9,579.0,6,6,,/home/a61491/CASTOR_KRFE/outputs/sars/rep83/run.log
sars,,83,SARS-CoV-2|Gamma,class,1.0,0.99,0.99,7316.0,6,6,,/home/a61491/CASTOR_KRFE/outputs/sars/rep83/run.log
sars,,83,SARS-CoV-2|Iota,class,0.97,0.99,0.98,17295.0,6,6,,/home/a61491/CASTOR_KRFE/outputs/sars/rep83/run.log
sars,,83,SARS-CoV-2|Kappa,class,0.17,1.0,0.29,36.0,6,6,,/home/a61491/CASTOR_KRFE/outputs/sars/rep83/run.log
sars,,83,SARS-CoV-2|Lambda,class,0.19,0.98,0.31,316.0,6,6,,/home/a61491/CASTOR_KRFE/outputs/sars/rep83/run.log
sars,,83,SARS-CoV-2|Omicron,class,0.99,0.95,0.97,88524.0,6,6,,/home/a61491/CASTOR_KRFE/outputs/sars/rep83/run.log
sars,,83,accuracy,overall,,,0.97,275952.0,6,6,,/home/a61491/CASTOR_KRFE/outputs/sars/rep83/run.log
sars,,83,macro avg,average,0.78,0.98,0.82,275952.0,6,6,,/home/a61491/CASTOR_KRFE/outputs/sars/rep83/run.log
sars,,83,weighted avg,average,0.98,0.97,0.98,275952.0,6,6,,/home/a61491/CASTOR_KRFE/outputs/sars/rep83/run.log
sars,,84,SARS-CoV-2|Alpha,class,1.0,0.99,0.99,139421.0,7,6,,/home/a61491/CASTOR_KRFE/outputs/sars/rep84/run.log
sars,,84,SARS-CoV-2|Beta,class,0.64,0.99,0.78,562.0,7,6,,/home/a61491/CASTOR_KRFE/outputs/sars/rep84/run.log
sars,,84,SARS-CoV-2|Delta,class,1.0,0.98,0.99,8339.0,7,6,,/home/a61491/CASTOR_KRFE/outputs/sars/rep84/run.log
sars,,84,SARS-CoV-2|Epsilon,class,1.0,0.99,0.99,13564.0,7,6,,/home/a61491/CASTOR_KRFE/outputs/sars/rep84/run.log
sars,,84,SARS-CoV-2|Eta,class,0.95,0.98,0.97,579.0,7,6,,/home/a61491/CASTOR_KRFE/outputs/sars/rep84/run.log
sars,,84,SARS-CoV-2|Gamma,class,0.9,0.99,0.94,7316.0,7,6,,/home/a61491/CASTOR_KRFE/outputs/sars/rep84/run.log
sars,,84,SARS-CoV-2|Iota,class,1.0,0.99,1.0,17295.0,7,6,,/home/a61491/CASTOR_KRFE/outputs/sars/rep84/run.log
sars,,84,SARS-CoV-2|Kappa,class,0.13,1.0,0.22,36.0,7,6,,/home/a61491/CASTOR_KRFE/outputs/sars/rep84/run.log
sars,,84,SARS-CoV-2|Lambda,class,0.38,1.0,0.55,316.0,7,6,,/home/a61491/CASTOR_KRFE/outputs/sars/rep84/run.log
sars,,84,SARS-CoV-2|Omicron,class,0.99,0.99,0.99,88524.0,7,6,,/home/a61491/CASTOR_KRFE/outputs/sars/rep84/run.log
sars,,84,accuracy,overall,,,0.99,275952.0,7,6,,/home/a61491/CASTOR_KRFE/outputs/sars/rep84/run.log
sars,,84,macro avg,average,0.8,0.99,0.84,275952.0,7,6,,/home/a61491/CASTOR_KRFE/outputs/sars/rep84/run.log
sars,,84,weighted avg,average,0.99,0.99,0.99,275952.0,7,6,,/home/a61491/CASTOR_KRFE/outputs/sars/rep84/run.log
sars,,85,SARS-CoV-2|Alpha,class,1.0,0.99,1.0,139421.0,7,6,,/home/a61491/CASTOR_KRFE/outputs/sars/rep85/run.log
sars,,85,SARS-CoV-2|Beta,class,0.43,0.99,0.6,562.0,7,6,,/home/a61491/CASTOR_KRFE/outputs/sars/rep85/run.log
sars,,85,SARS-CoV-2|Delta,class,1.0,0.98,0.99,8339.0,7,6,,/home/a61491/CASTOR_KRFE/outputs/sars/rep85/run.log
sars,,85,SARS-CoV-2|Epsilon,class,1.0,0.97,0.98,13564.0,7,6,,/home/a61491/CASTOR_KRFE/outputs/sars/rep85/run.log
sars,,85,SARS-CoV-2|Eta,class,0.84,0.99,0.91,579.0,7,6,,/home/a61491/CASTOR_KRFE/outputs/sars/rep85/run.log
sars,,85,SARS-CoV-2|Gamma,class,0.98,0.98,0.98,7316.0,7,6,,/home/a61491/CASTOR_KRFE/outputs/sars/rep85/run.log
sars,,85,SARS-CoV-2|Iota,class,0.99,0.99,0.99,17295.0,7,6,,/home/a61491/CASTOR_KRFE/outputs/sars/rep85/run.log
sars,,85,SARS-CoV-2|Kappa,class,0.04,1.0,0.07,36.0,7,6,,/home/a61491/CASTOR_KRFE/outputs/sars/rep85/run.log
sars,,85,SARS-CoV-2|Lambda,class,0.85,0.99,0.91,316.0,7,6,,/home/a61491/CASTOR_KRFE/outputs/sars/rep85/run.log
sars,,85,SARS-CoV-2|Omicron,class,0.99,0.99,0.99,88524.0,7,6,,/home/a61491/CASTOR_KRFE/outputs/sars/rep85/run.log
sars,,85,accuracy,overall,,,0.99,275952.0,7,6,,/home/a61491/CASTOR_KRFE/outputs/sars/rep85/run.log
sars,,85,macro avg,average,0.81,0.99,0.84,275952.0,7,6,,/home/a61491/CASTOR_KRFE/outputs/sars/rep85/run.log
sars,,85,weighted avg,average,0.99,0.99,0.99,275952.0,7,6,,/home/a61491/CASTOR_KRFE/outputs/sars/rep85/run.log
sars,,86,SARS-CoV-2|Alpha,class,1.0,0.99,0.99,139421.0,7,6,,/home/a61491/CASTOR_KRFE/outputs/sars/rep86/run.log
sars,,86,SARS-CoV-2|Beta,class,0.54,0.97,0.69,562.0,7,6,,/home/a61491/CASTOR_KRFE/outputs/sars/rep86/run.log
sars,,86,SARS-CoV-2|Delta,class,0.99,0.98,0.99,8339.0,7,6,,/home/a61491/CASTOR_KRFE/outputs/sars/rep86/run.log
sars,,86,SARS-CoV-2|Epsilon,class,1.0,0.99,1.0,13564.0,7,6,,/home/a61491/CASTOR_KRFE/outputs/sars/rep86/run.log
sars,,86,SARS-CoV-2|Eta,class,1.0,0.98,0.99,579.0,7,6,,/home/a61491/CASTOR_KRFE/outputs/sars/rep86/run.log
sars,,86,SARS-CoV-2|Gamma,class,1.0,0.99,0.99,7316.0,7,6,,/home/a61491/CASTOR_KRFE/outputs/sars/rep86/run.log
sars,,86,SARS-CoV-2|Iota,class,0.98,0.99,0.99,17295.0,7,6,,/home/a61491/CASTOR_KRFE/outputs/sars/rep86/run.log
sars,,86,SARS-CoV-2|Kappa,class,0.04,1.0,0.07,36.0,7,6,,/home/a61491/CASTOR_KRFE/outputs/sars/rep86/run.log
sars,,86,SARS-CoV-2|Lambda,class,0.59,0.99,0.74,316.0,7,6,,/home/a61491/CASTOR_KRFE/outputs/sars/rep86/run.log
sars,,86,SARS-CoV-2|Omicron,class,0.99,0.99,0.99,88524.0,7,6,,/home/a61491/CASTOR_KRFE/outputs/sars/rep86/run.log
sars,,86,accuracy,overall,,,0.99,275952.0,7,6,,/home/a61491/CASTOR_KRFE/outputs/sars/rep86/run.log
sars,,86,macro avg,average,0.81,0.99,0.84,275952.0,7,6,,/home/a61491/CASTOR_KRFE/outputs/sars/rep86/run.log
sars,,86,weighted avg,average,0.99,0.99,0.99,275952.0,7,6,,/home/a61491/CASTOR_KRFE/outputs/sars/rep86/run.log
sars,,87,SARS-CoV-2|Alpha,class,1.0,1.0,1.0,139421.0,5,7,,/home/a61491/CASTOR_KRFE/outputs/sars/rep87/run.log
sars,,87,SARS-CoV-2|Beta,class,0.49,0.97,0.65,562.0,5,7,,/home/a61491/CASTOR_KRFE/outputs/sars/rep87/run.log
sars,,87,SARS-CoV-2|Delta,class,0.99,0.99,0.99,8339.0,5,7,,/home/a61491/CASTOR_KRFE/outputs/sars/rep87/run.log
sars,,87,SARS-CoV-2|Epsilon,class,0.98,0.97,0.98,13564.0,5,7,,/home/a61491/CASTOR_KRFE/outputs/sars/rep87/run.log
sars,,87,SARS-CoV-2|Eta,class,0.89,1.0,0.94,579.0,5,7,,/home/a61491/CASTOR_KRFE/outputs/sars/rep87/run.log
sars,,87,SARS-CoV-2|Gamma,class,0.99,1.0,0.99,7316.0,5,7,,/home/a61491/CASTOR_KRFE/outputs/sars/rep87/run.log
sars,,87,SARS-CoV-2|Iota,class,1.0,0.99,0.99,17295.0,5,7,,/home/a61491/CASTOR_KRFE/outputs/sars/rep87/run.log
sars,,87,SARS-CoV-2|Kappa,class,0.4,1.0,0.57,36.0,5,7,,/home/a61491/CASTOR_KRFE/outputs/sars/rep87/run.log
sars,,87,SARS-CoV-2|Lambda,class,0.62,0.99,0.77,316.0,5,7,,/home/a61491/CASTOR_KRFE/outputs/sars/rep87/run.log
sars,,87,SARS-CoV-2|Omicron,class,1.0,0.99,1.0,88524.0,5,7,,/home/a61491/CASTOR_KRFE/outputs/sars/rep87/run.log
sars,,87,accuracy,overall,,,0.99,275952.0,5,7,,/home/a61491/CASTOR_KRFE/outputs/sars/rep87/run.log
sars,,87,macro avg,average,0.84,0.99,0.89,275952.0,5,7,,/home/a61491/CASTOR_KRFE/outputs/sars/rep87/run.log
sars,,87,weighted avg,average,1.0,0.99,0.99,275952.0,5,7,,/home/a61491/CASTOR_KRFE/outputs/sars/rep87/run.log
sars,,88,SARS-CoV-2|Alpha,class,1.0,0.98,0.99,139421.0,7,5,,/home/a61491/CASTOR_KRFE/outputs/sars/rep88/run.log
sars,,88,SARS-CoV-2|Beta,class,0.72,0.98,0.83,562.0,7,5,,/home/a61491/CASTOR_KRFE/outputs/sars/rep88/run.log
sars,,88,SARS-CoV-2|Delta,class,0.97,0.98,0.97,8339.0,7,5,,/home/a61491/CASTOR_KRFE/outputs/sars/rep88/run.log
sars,,88,SARS-CoV-2|Epsilon,class,1.0,0.99,0.99,13564.0,7,5,,/home/a61491/CASTOR_KRFE/outputs/sars/rep88/run.log
sars,,88,SARS-CoV-2|Eta,class,0.95,0.99,0.97,579.0,7,5,,/home/a61491/CASTOR_KRFE/outputs/sars/rep88/run.log
sars,,88,SARS-CoV-2|Gamma,class,0.95,0.94,0.95,7316.0,7,5,,/home/a61491/CASTOR_KRFE/outputs/sars/rep88/run.log
sars,,88,SARS-CoV-2|Iota,class,0.98,0.99,0.98,17295.0,7,5,,/home/a61491/CASTOR_KRFE/outputs/sars/rep88/run.log
sars,,88,SARS-CoV-2|Kappa,class,0.05,0.97,0.09,36.0,7,5,,/home/a61491/CASTOR_KRFE/outputs/sars/rep88/run.log
sars,,88,SARS-CoV-2|Lambda,class,0.85,0.98,0.91,316.0,7,5,,/home/a61491/CASTOR_KRFE/outputs/sars/rep88/run.log
sars,,88,SARS-CoV-2|Omicron,class,0.97,0.99,0.98,88524.0,7,5,,/home/a61491/CASTOR_KRFE/outputs/sars/rep88/run.log
sars,,88,accuracy,overall,,,0.98,275952.0,7,5,,/home/a61491/CASTOR_KRFE/outputs/sars/rep88/run.log
sars,,88,macro avg,average,0.84,0.98,0.87,275952.0,7,5,,/home/a61491/CASTOR_KRFE/outputs/sars/rep88/run.log
sars,,88,weighted avg,average,0.99,0.98,0.98,275952.0,7,5,,/home/a61491/CASTOR_KRFE/outputs/sars/rep88/run.log
sars,,89,SARS-CoV-2|Alpha,class,1.0,0.98,0.99,139421.0,8,7,,/home/a61491/CASTOR_KRFE/outputs/sars/rep89/run.log
sars,,89,SARS-CoV-2|Beta,class,0.3,0.99,0.46,562.0,8,7,,/home/a61491/CASTOR_KRFE/outputs/sars/rep89/run.log
sars,,89,SARS-CoV-2|Delta,class,0.99,0.99,0.99,8339.0,8,7,,/home/a61491/CASTOR_KRFE/outputs/sars/rep89/run.log
sars,,89,SARS-CoV-2|Epsilon,class,1.0,0.99,0.99,13564.0,8,7,,/home/a61491/CASTOR_KRFE/outputs/sars/rep89/run.log
sars,,89,SARS-CoV-2|Eta,class,0.93,1.0,0.96,579.0,8,7,,/home/a61491/CASTOR_KRFE/outputs/sars/rep89/run.log
sars,,89,SARS-CoV-2|Gamma,class,1.0,1.0,1.0,7316.0,8,7,,/home/a61491/CASTOR_KRFE/outputs/sars/rep89/run.log
sars,,89,SARS-CoV-2|Iota,class,1.0,0.99,0.99,17295.0,8,7,,/home/a61491/CASTOR_KRFE/outputs/sars/rep89/run.log
sars,,89,SARS-CoV-2|Kappa,class,0.02,0.97,0.04,36.0,8,7,,/home/a61491/CASTOR_KRFE/outputs/sars/rep89/run.log
sars,,89,SARS-CoV-2|Lambda,class,0.42,0.99,0.59,316.0,8,7,,/home/a61491/CASTOR_KRFE/outputs/sars/rep89/run.log
sars,,89,SARS-CoV-2|Omicron,class,1.0,0.99,0.99,88524.0,8,7,,/home/a61491/CASTOR_KRFE/outputs/sars/rep89/run.log
sars,,89,accuracy,overall,,,0.98,275952.0,8,7,,/home/a61491/CASTOR_KRFE/outputs/sars/rep89/run.log
sars,,89,macro avg,average,0.77,0.99,0.8,275952.0,8,7,,/home/a61491/CASTOR_KRFE/outputs/sars/rep89/run.log
sars,,89,weighted avg,average,1.0,0.98,0.99,275952.0,8,7,,/home/a61491/CASTOR_KRFE/outputs/sars/rep89/run.log
sars,,9,SARS-CoV-2|Alpha,class,1.0,0.99,1.0,139421.0,10,5,,/home/a61491/CASTOR_KRFE/outputs/sars/rep9/run.log
sars,,9,SARS-CoV-2|Beta,class,0.85,0.97,0.9,562.0,10,5,,/home/a61491/CASTOR_KRFE/outputs/sars/rep9/run.log
sars,,9,SARS-CoV-2|Delta,class,0.83,0.98,0.9,8339.0,10,5,,/home/a61491/CASTOR_KRFE/outputs/sars/rep9/run.log
sars,,9,SARS-CoV-2|Epsilon,class,1.0,0.99,0.99,13564.0,10,5,,/home/a61491/CASTOR_KRFE/outputs/sars/rep9/run.log
sars,,9,SARS-CoV-2|Eta,class,0.43,0.99,0.6,579.0,10,5,,/home/a61491/CASTOR_KRFE/outputs/sars/rep9/run.log
sars,,9,SARS-CoV-2|Gamma,class,0.96,0.97,0.96,7316.0,10,5,,/home/a61491/CASTOR_KRFE/outputs/sars/rep9/run.log
sars,,9,SARS-CoV-2|Iota,class,1.0,0.99,0.99,17295.0,10,5,,/home/a61491/CASTOR_KRFE/outputs/sars/rep9/run.log
sars,,9,SARS-CoV-2|Kappa,class,0.19,0.94,0.32,36.0,10,5,,/home/a61491/CASTOR_KRFE/outputs/sars/rep9/run.log
sars,,9,SARS-CoV-2|Lambda,class,0.62,1.0,0.76,316.0,10,5,,/home/a61491/CASTOR_KRFE/outputs/sars/rep9/run.log
sars,,9,SARS-CoV-2|Omicron,class,1.0,0.98,0.99,88524.0,10,5,,/home/a61491/CASTOR_KRFE/outputs/sars/rep9/run.log
sars,,9,accuracy,overall,,,0.99,275952.0,10,5,,/home/a61491/CASTOR_KRFE/outputs/sars/rep9/run.log
sars,,9,macro avg,average,0.79,0.98,0.84,275952.0,10,5,,/home/a61491/CASTOR_KRFE/outputs/sars/rep9/run.log
sars,,9,weighted avg,average,0.99,0.99,0.99,275952.0,10,5,,/home/a61491/CASTOR_KRFE/outputs/sars/rep9/run.log
sars,,90,SARS-CoV-2|Alpha,class,1.0,0.99,0.99,139421.0,8,6,,/home/a61491/CASTOR_KRFE/outputs/sars/rep90/run.log
sars,,90,SARS-CoV-2|Beta,class,0.55,0.98,0.71,562.0,8,6,,/home/a61491/CASTOR_KRFE/outputs/sars/rep90/run.log
sars,,90,SARS-CoV-2|Delta,class,0.98,0.99,0.98,8339.0,8,6,,/home/a61491/CASTOR_KRFE/outputs/sars/rep90/run.log
sars,,90,SARS-CoV-2|Epsilon,class,0.97,0.99,0.98,13564.0,8,6,,/home/a61491/CASTOR_KRFE/outputs/sars/rep90/run.log
sars,,90,SARS-CoV-2|Eta,class,0.26,0.99,0.42,579.0,8,6,,/home/a61491/CASTOR_KRFE/outputs/sars/rep90/run.log
sars,,90,SARS-CoV-2|Gamma,class,0.99,0.99,0.99,7316.0,8,6,,/home/a61491/CASTOR_KRFE/outputs/sars/rep90/run.log
sars,,90,SARS-CoV-2|Iota,class,1.0,1.0,1.0,17295.0,8,6,,/home/a61491/CASTOR_KRFE/outputs/sars/rep90/run.log
sars,,90,SARS-CoV-2|Kappa,class,0.64,0.97,0.77,36.0,8,6,,/home/a61491/CASTOR_KRFE/outputs/sars/rep90/run.log
sars,,90,SARS-CoV-2|Lambda,class,0.94,0.97,0.95,316.0,8,6,,/home/a61491/CASTOR_KRFE/outputs/sars/rep90/run.log
sars,,90,SARS-CoV-2|Omicron,class,1.0,0.99,1.0,88524.0,8,6,,/home/a61491/CASTOR_KRFE/outputs/sars/rep90/run.log
sars,,90,accuracy,overall,,,0.99,275952.0,8,6,,/home/a61491/CASTOR_KRFE/outputs/sars/rep90/run.log
sars,,90,macro avg,average,0.83,0.99,0.88,275952.0,8,6,,/home/a61491/CASTOR_KRFE/outputs/sars/rep90/run.log
sars,,90,weighted avg,average,0.99,0.99,0.99,275952.0,8,6,,/home/a61491/CASTOR_KRFE/outputs/sars/rep90/run.log
sars,,91,SARS-CoV-2|Alpha,class,1.0,0.99,1.0,139421.0,5,7,,/home/a61491/CASTOR_KRFE/outputs/sars/rep91/run.log
sars,,91,SARS-CoV-2|Beta,class,0.87,0.99,0.93,562.0,5,7,,/home/a61491/CASTOR_KRFE/outputs/sars/rep91/run.log
sars,,91,SARS-CoV-2|Delta,class,0.96,0.98,0.97,8339.0,5,7,,/home/a61491/CASTOR_KRFE/outputs/sars/rep91/run.log
sars,,91,SARS-CoV-2|Epsilon,class,0.99,0.99,0.99,13564.0,5,7,,/home/a61491/CASTOR_KRFE/outputs/sars/rep91/run.log
sars,,91,SARS-CoV-2|Eta,class,0.93,0.99,0.96,579.0,5,7,,/home/a61491/CASTOR_KRFE/outputs/sars/rep91/run.log
sars,,91,SARS-CoV-2|Gamma,class,0.98,1.0,0.99,7316.0,5,7,,/home/a61491/CASTOR_KRFE/outputs/sars/rep91/run.log
sars,,91,SARS-CoV-2|Iota,class,1.0,0.99,1.0,17295.0,5,7,,/home/a61491/CASTOR_KRFE/outputs/sars/rep91/run.log
sars,,91,SARS-CoV-2|Kappa,class,0.49,0.97,0.65,36.0,5,7,,/home/a61491/CASTOR_KRFE/outputs/sars/rep91/run.log
sars,,91,SARS-CoV-2|Lambda,class,0.54,0.98,0.7,316.0,5,7,,/home/a61491/CASTOR_KRFE/outputs/sars/rep91/run.log
sars,,91,SARS-CoV-2|Omicron,class,0.99,0.99,0.99,88524.0,5,7,,/home/a61491/CASTOR_KRFE/outputs/sars/rep91/run.log
sars,,91,accuracy,overall,,,0.99,275952.0,5,7,,/home/a61491/CASTOR_KRFE/outputs/sars/rep91/run.log
sars,,91,macro avg,average,0.87,0.99,0.92,275952.0,5,7,,/home/a61491/CASTOR_KRFE/outputs/sars/rep91/run.log
sars,,91,weighted avg,average,0.99,0.99,0.99,275952.0,5,7,,/home/a61491/CASTOR_KRFE/outputs/sars/rep91/run.log
sars,,92,SARS-CoV-2|Alpha,class,0.99,0.99,0.99,139421.0,8,7,,/home/a61491/CASTOR_KRFE/outputs/sars/rep92/run.log
sars,,92,SARS-CoV-2|Beta,class,0.45,0.99,0.62,562.0,8,7,,/home/a61491/CASTOR_KRFE/outputs/sars/rep92/run.log
sars,,92,SARS-CoV-2|Delta,class,0.91,0.99,0.95,8339.0,8,7,,/home/a61491/CASTOR_KRFE/outputs/sars/rep92/run.log
sars,,92,SARS-CoV-2|Epsilon,class,1.0,0.99,0.99,13564.0,8,7,,/home/a61491/CASTOR_KRFE/outputs/sars/rep92/run.log
sars,,92,SARS-CoV-2|Eta,class,0.9,1.0,0.95,579.0,8,7,,/home/a61491/CASTOR_KRFE/outputs/sars/rep92/run.log
sars,,92,SARS-CoV-2|Gamma,class,0.99,0.99,0.99,7316.0,8,7,,/home/a61491/CASTOR_KRFE/outputs/sars/rep92/run.log
sars,,92,SARS-CoV-2|Iota,class,1.0,1.0,1.0,17295.0,8,7,,/home/a61491/CASTOR_KRFE/outputs/sars/rep92/run.log
sars,,92,SARS-CoV-2|Kappa,class,0.14,1.0,0.25,36.0,8,7,,/home/a61491/CASTOR_KRFE/outputs/sars/rep92/run.log
sars,,92,SARS-CoV-2|Lambda,class,0.9,1.0,0.94,316.0,8,7,,/home/a61491/CASTOR_KRFE/outputs/sars/rep92/run.log
sars,,92,SARS-CoV-2|Omicron,class,1.0,0.98,0.99,88524.0,8,7,,/home/a61491/CASTOR_KRFE/outputs/sars/rep92/run.log
sars,,92,accuracy,overall,,,0.99,275952.0,8,7,,/home/a61491/CASTOR_KRFE/outputs/sars/rep92/run.log
sars,,92,macro avg,average,0.83,0.99,0.87,275952.0,8,7,,/home/a61491/CASTOR_KRFE/outputs/sars/rep92/run.log
sars,,92,weighted avg,average,0.99,0.99,0.99,275952.0,8,7,,/home/a61491/CASTOR_KRFE/outputs/sars/rep92/run.log
sars,,93,SARS-CoV-2|Alpha,class,1.0,0.98,0.99,139421.0,6,7,,/home/a61491/CASTOR_KRFE/outputs/sars/rep93/run.log
sars,,93,SARS-CoV-2|Beta,class,0.66,0.98,0.79,562.0,6,7,,/home/a61491/CASTOR_KRFE/outputs/sars/rep93/run.log
sars,,93,SARS-CoV-2|Delta,class,0.94,0.97,0.96,8339.0,6,7,,/home/a61491/CASTOR_KRFE/outputs/sars/rep93/run.log
sars,,93,SARS-CoV-2|Epsilon,class,1.0,0.98,0.99,13564.0,6,7,,/home/a61491/CASTOR_KRFE/outputs/sars/rep93/run.log
sars,,93,SARS-CoV-2|Eta,class,0.96,0.98,0.97,579.0,6,7,,/home/a61491/CASTOR_KRFE/outputs/sars/rep93/run.log
sars,,93,SARS-CoV-2|Gamma,class,0.99,0.99,0.99,7316.0,6,7,,/home/a61491/CASTOR_KRFE/outputs/sars/rep93/run.log
sars,,93,SARS-CoV-2|Iota,class,0.98,0.99,0.98,17295.0,6,7,,/home/a61491/CASTOR_KRFE/outputs/sars/rep93/run.log
sars,,93,SARS-CoV-2|Kappa,class,0.03,1.0,0.06,36.0,6,7,,/home/a61491/CASTOR_KRFE/outputs/sars/rep93/run.log
sars,,93,SARS-CoV-2|Lambda,class,0.79,0.99,0.88,316.0,6,7,,/home/a61491/CASTOR_KRFE/outputs/sars/rep93/run.log
sars,,93,SARS-CoV-2|Omicron,class,0.99,0.99,0.99,88524.0,6,7,,/home/a61491/CASTOR_KRFE/outputs/sars/rep93/run.log
sars,,93,accuracy,overall,,,0.99,275952.0,6,7,,/home/a61491/CASTOR_KRFE/outputs/sars/rep93/run.log
sars,,93,macro avg,average,0.83,0.99,0.86,275952.0,6,7,,/home/a61491/CASTOR_KRFE/outputs/sars/rep93/run.log
sars,,93,weighted avg,average,0.99,0.99,0.99,275952.0,6,7,,/home/a61491/CASTOR_KRFE/outputs/sars/rep93/run.log
sars,,94,SARS-CoV-2|Alpha,class,0.99,1.0,1.0,139421.0,5,5,,/home/a61491/CASTOR_KRFE/outputs/sars/rep94/run.log
sars,,94,SARS-CoV-2|Beta,class,0.93,0.94,0.93,562.0,5,5,,/home/a61491/CASTOR_KRFE/outputs/sars/rep94/run.log
sars,,94,SARS-CoV-2|Delta,class,0.9,0.97,0.93,8339.0,5,5,,/home/a61491/CASTOR_KRFE/outputs/sars/rep94/run.log
sars,,94,SARS-CoV-2|Epsilon,class,0.99,0.99,0.99,13564.0,5,5,,/home/a61491/CASTOR_KRFE/outputs/sars/rep94/run.log
sars,,94,SARS-CoV-2|Eta,class,1.0,1.0,1.0,579.0,5,5,,/home/a61491/CASTOR_KRFE/outputs/sars/rep94/run.log
sars,,94,SARS-CoV-2|Gamma,class,0.88,1.0,0.93,7316.0,5,5,,/home/a61491/CASTOR_KRFE/outputs/sars/rep94/run.log
sars,,94,SARS-CoV-2|Iota,class,1.0,0.99,0.99,17295.0,5,5,,/home/a61491/CASTOR_KRFE/outputs/sars/rep94/run.log
sars,,94,SARS-CoV-2|Kappa,class,0.25,0.89,0.4,36.0,5,5,,/home/a61491/CASTOR_KRFE/outputs/sars/rep94/run.log
sars,,94,SARS-CoV-2|Lambda,class,0.58,0.97,0.73,316.0,5,5,,/home/a61491/CASTOR_KRFE/outputs/sars/rep94/run.log
sars,,94,SARS-CoV-2|Omicron,class,0.99,0.97,0.98,88524.0,5,5,,/home/a61491/CASTOR_KRFE/outputs/sars/rep94/run.log
sars,,94,accuracy,overall,,,0.99,275952.0,5,5,,/home/a61491/CASTOR_KRFE/outputs/sars/rep94/run.log
sars,,94,macro avg,average,0.85,0.97,0.89,275952.0,5,5,,/home/a61491/CASTOR_KRFE/outputs/sars/rep94/run.log
sars,,94,weighted avg,average,0.99,0.99,0.99,275952.0,5,5,,/home/a61491/CASTOR_KRFE/outputs/sars/rep94/run.log
sars,,95,SARS-CoV-2|Alpha,class,1.0,0.99,0.99,139421.0,5,6,,/home/a61491/CASTOR_KRFE/outputs/sars/rep95/run.log
sars,,95,SARS-CoV-2|Beta,class,0.52,0.98,0.68,562.0,5,6,,/home/a61491/CASTOR_KRFE/outputs/sars/rep95/run.log
sars,,95,SARS-CoV-2|Delta,class,0.82,0.99,0.9,8339.0,5,6,,/home/a61491/CASTOR_KRFE/outputs/sars/rep95/run.log
sars,,95,SARS-CoV-2|Epsilon,class,0.99,0.98,0.98,13564.0,5,6,,/home/a61491/CASTOR_KRFE/outputs/sars/rep95/run.log
sars,,95,SARS-CoV-2|Eta,class,1.0,0.97,0.99,579.0,5,6,,/home/a61491/CASTOR_KRFE/outputs/sars/rep95/run.log
sars,,95,SARS-CoV-2|Gamma,class,0.95,1.0,0.97,7316.0,5,6,,/home/a61491/CASTOR_KRFE/outputs/sars/rep95/run.log
sars,,95,SARS-CoV-2|Iota,class,1.0,0.99,0.99,17295.0,5,6,,/home/a61491/CASTOR_KRFE/outputs/sars/rep95/run.log
sars,,95,SARS-CoV-2|Kappa,class,0.33,1.0,0.5,36.0,5,6,,/home/a61491/CASTOR_KRFE/outputs/sars/rep95/run.log
sars,,95,SARS-CoV-2|Lambda,class,0.46,0.98,0.63,316.0,5,6,,/home/a61491/CASTOR_KRFE/outputs/sars/rep95/run.log
sars,,95,SARS-CoV-2|Omicron,class,1.0,0.98,0.99,88524.0,5,6,,/home/a61491/CASTOR_KRFE/outputs/sars/rep95/run.log
sars,,95,accuracy,overall,,,0.99,275952.0,5,6,,/home/a61491/CASTOR_KRFE/outputs/sars/rep95/run.log
sars,,95,macro avg,average,0.81,0.99,0.86,275952.0,5,6,,/home/a61491/CASTOR_KRFE/outputs/sars/rep95/run.log
sars,,95,weighted avg,average,0.99,0.99,0.99,275952.0,5,6,,/home/a61491/CASTOR_KRFE/outputs/sars/rep95/run.log
sars,,96,SARS-CoV-2|Alpha,class,1.0,0.99,0.99,139421.0,10,6,,/home/a61491/CASTOR_KRFE/outputs/sars/rep96/run.log
sars,,96,SARS-CoV-2|Beta,class,0.67,0.98,0.8,562.0,10,6,,/home/a61491/CASTOR_KRFE/outputs/sars/rep96/run.log
sars,,96,SARS-CoV-2|Delta,class,1.0,0.97,0.99,8339.0,10,6,,/home/a61491/CASTOR_KRFE/outputs/sars/rep96/run.log
sars,,96,SARS-CoV-2|Epsilon,class,1.0,0.99,1.0,13564.0,10,6,,/home/a61491/CASTOR_KRFE/outputs/sars/rep96/run.log
sars,,96,SARS-CoV-2|Eta,class,0.86,1.0,0.92,579.0,10,6,,/home/a61491/CASTOR_KRFE/outputs/sars/rep96/run.log
sars,,96,SARS-CoV-2|Gamma,class,0.89,0.99,0.94,7316.0,10,6,,/home/a61491/CASTOR_KRFE/outputs/sars/rep96/run.log
sars,,96,SARS-CoV-2|Iota,class,0.98,0.99,0.99,17295.0,10,6,,/home/a61491/CASTOR_KRFE/outputs/sars/rep96/run.log
sars,,96,SARS-CoV-2|Kappa,class,0.2,1.0,0.33,36.0,10,6,,/home/a61491/CASTOR_KRFE/outputs/sars/rep96/run.log
sars,,96,SARS-CoV-2|Lambda,class,0.44,0.99,0.61,316.0,10,6,,/home/a61491/CASTOR_KRFE/outputs/sars/rep96/run.log
sars,,96,SARS-CoV-2|Omicron,class,0.99,0.99,0.99,88524.0,10,6,,/home/a61491/CASTOR_KRFE/outputs/sars/rep96/run.log
sars,,96,accuracy,overall,,,0.99,275952.0,10,6,,/home/a61491/CASTOR_KRFE/outputs/sars/rep96/run.log
sars,,96,macro avg,average,0.8,0.99,0.86,275952.0,10,6,,/home/a61491/CASTOR_KRFE/outputs/sars/rep96/run.log
sars,,96,weighted avg,average,0.99,0.99,0.99,275952.0,10,6,,/home/a61491/CASTOR_KRFE/outputs/sars/rep96/run.log
sars,,97,SARS-CoV-2|Alpha,class,0.99,0.99,0.99,139421.0,8,6,,/home/a61491/CASTOR_KRFE/outputs/sars/rep97/run.log
sars,,97,SARS-CoV-2|Beta,class,0.67,0.99,0.8,562.0,8,6,,/home/a61491/CASTOR_KRFE/outputs/sars/rep97/run.log
sars,,97,SARS-CoV-2|Delta,class,0.99,0.98,0.98,8339.0,8,6,,/home/a61491/CASTOR_KRFE/outputs/sars/rep97/run.log
sars,,97,SARS-CoV-2|Epsilon,class,0.93,1.0,0.96,13564.0,8,6,,/home/a61491/CASTOR_KRFE/outputs/sars/rep97/run.log
sars,,97,SARS-CoV-2|Eta,class,0.94,0.97,0.95,579.0,8,6,,/home/a61491/CASTOR_KRFE/outputs/sars/rep97/run.log
sars,,97,SARS-CoV-2|Gamma,class,0.91,0.98,0.95,7316.0,8,6,,/home/a61491/CASTOR_KRFE/outputs/sars/rep97/run.log
sars,,97,SARS-CoV-2|Iota,class,1.0,1.0,1.0,17295.0,8,6,,/home/a61491/CASTOR_KRFE/outputs/sars/rep97/run.log
sars,,97,SARS-CoV-2|Kappa,class,0.06,1.0,0.12,36.0,8,6,,/home/a61491/CASTOR_KRFE/outputs/sars/rep97/run.log
sars,,97,SARS-CoV-2|Lambda,class,0.93,0.99,0.96,316.0,8,6,,/home/a61491/CASTOR_KRFE/outputs/sars/rep97/run.log
sars,,97,SARS-CoV-2|Omicron,class,1.0,0.97,0.99,88524.0,8,6,,/home/a61491/CASTOR_KRFE/outputs/sars/rep97/run.log
sars,,97,accuracy,overall,,,0.98,275952.0,8,6,,/home/a61491/CASTOR_KRFE/outputs/sars/rep97/run.log
sars,,97,macro avg,average,0.84,0.99,0.87,275952.0,8,6,,/home/a61491/CASTOR_KRFE/outputs/sars/rep97/run.log
sars,,97,weighted avg,average,0.99,0.98,0.99,275952.0,8,6,,/home/a61491/CASTOR_KRFE/outputs/sars/rep97/run.log
sars,,98,SARS-CoV-2|Alpha,class,1.0,0.99,0.99,139421.0,8,6,,/home/a61491/CASTOR_KRFE/outputs/sars/rep98/run.log
sars,,98,SARS-CoV-2|Beta,class,0.35,0.97,0.51,562.0,8,6,,/home/a61491/CASTOR_KRFE/outputs/sars/rep98/run.log
sars,,98,SARS-CoV-2|Delta,class,1.0,0.98,0.99,8339.0,8,6,,/home/a61491/CASTOR_KRFE/outputs/sars/rep98/run.log
sars,,98,SARS-CoV-2|Epsilon,class,0.97,0.99,0.98,13564.0,8,6,,/home/a61491/CASTOR_KRFE/outputs/sars/rep98/run.log
sars,,98,SARS-CoV-2|Eta,class,0.9,1.0,0.94,579.0,8,6,,/home/a61491/CASTOR_KRFE/outputs/sars/rep98/run.log
sars,,98,SARS-CoV-2|Gamma,class,0.95,0.99,0.97,7316.0,8,6,,/home/a61491/CASTOR_KRFE/outputs/sars/rep98/run.log
sars,,98,SARS-CoV-2|Iota,class,1.0,1.0,1.0,17295.0,8,6,,/home/a61491/CASTOR_KRFE/outputs/sars/rep98/run.log
sars,,98,SARS-CoV-2|Kappa,class,0.24,1.0,0.39,36.0,8,6,,/home/a61491/CASTOR_KRFE/outputs/sars/rep98/run.log
sars,,98,SARS-CoV-2|Lambda,class,0.89,1.0,0.94,316.0,8,6,,/home/a61491/CASTOR_KRFE/outputs/sars/rep98/run.log
sars,,98,SARS-CoV-2|Omicron,class,1.0,0.99,0.99,88524.0,8,6,,/home/a61491/CASTOR_KRFE/outputs/sars/rep98/run.log
sars,,98,accuracy,overall,,,0.99,275952.0,8,6,,/home/a61491/CASTOR_KRFE/outputs/sars/rep98/run.log
sars,,98,macro avg,average,0.83,0.99,0.87,275952.0,8,6,,/home/a61491/CASTOR_KRFE/outputs/sars/rep98/run.log
sars,,98,weighted avg,average,0.99,0.99,0.99,275952.0,8,6,,/home/a61491/CASTOR_KRFE/outputs/sars/rep98/run.log
sars,,99,SARS-CoV-2|Alpha,class,0.99,0.99,0.99,139421.0,9,5,,/home/a61491/CASTOR_KRFE/outputs/sars/rep99/run.log
sars,,99,SARS-CoV-2|Beta,class,0.93,0.96,0.95,562.0,9,5,,/home/a61491/CASTOR_KRFE/outputs/sars/rep99/run.log
sars,,99,SARS-CoV-2|Delta,class,1.0,0.98,0.99,8339.0,9,5,,/home/a61491/CASTOR_KRFE/outputs/sars/rep99/run.log
sars,,99,SARS-CoV-2|Epsilon,class,1.0,0.99,0.99,13564.0,9,5,,/home/a61491/CASTOR_KRFE/outputs/sars/rep99/run.log
sars,,99,SARS-CoV-2|Eta,class,0.94,0.99,0.96,579.0,9,5,,/home/a61491/CASTOR_KRFE/outputs/sars/rep99/run.log
sars,,99,SARS-CoV-2|Gamma,class,0.97,0.96,0.96,7316.0,9,5,,/home/a61491/CASTOR_KRFE/outputs/sars/rep99/run.log
sars,,99,SARS-CoV-2|Iota,class,0.98,0.98,0.98,17295.0,9,5,,/home/a61491/CASTOR_KRFE/outputs/sars/rep99/run.log
sars,,99,SARS-CoV-2|Kappa,class,0.09,1.0,0.16,36.0,9,5,,/home/a61491/CASTOR_KRFE/outputs/sars/rep99/run.log
sars,,99,SARS-CoV-2|Lambda,class,0.56,0.99,0.72,316.0,9,5,,/home/a61491/CASTOR_KRFE/outputs/sars/rep99/run.log
sars,,99,SARS-CoV-2|Omicron,class,0.99,0.98,0.98,88524.0,9,5,,/home/a61491/CASTOR_KRFE/outputs/sars/rep99/run.log
sars,,99,accuracy,overall,,,0.99,275952.0,9,5,,/home/a61491/CASTOR_KRFE/outputs/sars/rep99/run.log
sars,,99,macro avg,average,0.84,0.98,0.87,275952.0,9,5,,/home/a61491/CASTOR_KRFE/outputs/sars/rep99/run.log
sars,,99,weighted avg,average,0.99,0.99,0.99,275952.0,9,5,,/home/a61491/CASTOR_KRFE/outputs/sars/rep99/run.log
sars,10,32,,evaluation,,,0.9976469774040624,,,7,,/home/a61491/CASTOR_KRFE/outputs/sars/rep32/run.log
sars,10,33,,evaluation,,,0.9905928201842621,,,6,,/home/a61491/CASTOR_KRFE/outputs/sars/rep33/run.log
sars,10,38,,evaluation,,,0.9988234887020311,,,6,,/home/a61491/CASTOR_KRFE/outputs/sars/rep38/run.log
sars,10,56,,evaluation,,,0.9976470181137959,,,6,,/home/a61491/CASTOR_KRFE/outputs/sars/rep56/run.log
sars,10,57,,evaluation,,,0.9964705475255606,,,6,,/home/a61491/CASTOR_KRFE/outputs/sars/rep57/run.log
sars,10,59,,evaluation,,,0.9929409729219207,,,5,,/home/a61491/CASTOR_KRFE/outputs/sars/rep59/run.log
sars,10,60,,evaluation,,,0.9964702218138806,,,6,,/home/a61491/CASTOR_KRFE/outputs/sars/rep60/run.log
sars,10,70,,evaluation,,,0.9976537773496629,,,5,,/home/a61491/CASTOR_KRFE/outputs/sars/rep70/run.log
sars,10,80,,evaluation,,,0.997647018113796,,,5,,/home/a61491/CASTOR_KRFE/outputs/sars/rep80/run.log
sars,10,81,,evaluation,,,0.9988234887020313,,,5,,/home/a61491/CASTOR_KRFE/outputs/sars/rep81/run.log
sars,10,9,,evaluation,,,0.9929187188189241,,,5,,/home/a61491/CASTOR_KRFE/outputs/sars/rep9/run.log
sars,10,96,,evaluation,,,0.997647018113796,,,6,,/home/a61491/CASTOR_KRFE/outputs/sars/rep96/run.log
sars,5,11,,evaluation,,,0.9905738225607297,,,8,,/home/a61491/CASTOR_KRFE/outputs/sars/rep11/run.log
sars,5,14,,evaluation,,,0.9905873410324636,,,6,,/home/a61491/CASTOR_KRFE/outputs/sars/rep14/run.log
sars,5,2,,evaluation,,,0.9905790076340413,,,6,,/home/a61491/CASTOR_KRFE/outputs/sars/rep2/run.log
sars,5,87,,evaluation,,,0.9905807417953166,,,7,,/home/a61491/CASTOR_KRFE/outputs/sars/rep87/run.log
sars,5,91,,evaluation,,,0.9917778972222998,,,7,,/home/a61491/CASTOR_KRFE/outputs/sars/rep91/run.log
sars,5,94,,evaluation,,,0.9917500081470185,,,5,,/home/a61491/CASTOR_KRFE/outputs/sars/rep94/run.log
sars,5,95,,evaluation,,,0.9905947881072911,,,6,,/home/a61491/CASTOR_KRFE/outputs/sars/rep95/run.log
sars,6,16,,evaluation,,,0.9906085930010784,,,8,,/home/a61491/CASTOR_KRFE/outputs/sars/rep16/run.log
sars,6,44,,evaluation,,,0.9905592818302285,,,7,,/home/a61491/CASTOR_KRFE/outputs/sars/rep44/run.log
sars,6,45,,evaluation,,,0.9905652133035481,,,7,,/home/a61491/CASTOR_KRFE/outputs/sars/rep45/run.log
sars,6,61,,evaluation,,,0.9964704661060935,,,7,,/home/a61491/CASTOR_KRFE/outputs/sars/rep61/run.log
sars,6,83,,evaluation,,,0.9905661588325264,,,6,,/home/a61491/CASTOR_KRFE/outputs/sars/rep83/run.log
sars,6,93,,evaluation,,,0.9905807432154237,,,7,,/home/a61491/CASTOR_KRFE/outputs/sars/rep93/run.log
sars,7,100,,evaluation,,,0.9952937105159119,,,7,,/home/a61491/CASTOR_KRFE/outputs/sars/rep100/run.log
sars,7,17,,evaluation,,,0.9917507192125056,,,6,,/home/a61491/CASTOR_KRFE/outputs/sars/rep17/run.log
sars,7,18,,evaluation,,,0.9964635861611332,,,6,,/home/a61491/CASTOR_KRFE/outputs/sars/rep18/run.log
sars,7,3,,evaluation,,,0.9976469774040624,,,6,,/home/a61491/CASTOR_KRFE/outputs/sars/rep3/run.log
sars,7,30,,evaluation,,,0.9964704661060935,,,6,,/home/a61491/CASTOR_KRFE/outputs/sars/rep30/run.log
sars,7,36,,evaluation,,,0.9941106042749291,,,7,,/home/a61491/CASTOR_KRFE/outputs/sars/rep36/run.log
sars,7,37,,evaluation,,,0.9976467331118495,,,7,,/home/a61491/CASTOR_KRFE/outputs/sars/rep37/run.log
sars,7,39,,evaluation,,,0.9964702218138806,,,6,,/home/a61491/CASTOR_KRFE/outputs/sars/rep39/run.log
sars,7,41,,evaluation,,,0.991755354639157,,,6,,/home/a61491/CASTOR_KRFE/outputs/sars/rep41/run.log
sars,7,43,,evaluation,,,0.9976467331118495,,,7,,/home/a61491/CASTOR_KRFE/outputs/sars/rep43/run.log
sars,7,62,,evaluation,,,0.9976469774040625,,,6,,/home/a61491/CASTOR_KRFE/outputs/sars/rep62/run.log
sars,7,67,,evaluation,,,0.9952937512256452,,,6,,/home/a61491/CASTOR_KRFE/outputs/sars/rep67/run.log
sars,7,69,,evaluation,,,0.9964704661060935,,,7,,/home/a61491/CASTOR_KRFE/outputs/sars/rep69/run.log
sars,7,72,,evaluation,,,0.996470506815827,,,5,,/home/a61491/CASTOR_KRFE/outputs/sars/rep72/run.log
sars,7,74,,evaluation,,,0.9941019893527598,,,6,,/home/a61491/CASTOR_KRFE/outputs/sars/rep74/run.log
sars,7,77,,evaluation,,,0.9905742718555292,,,7,,/home/a61491/CASTOR_KRFE/outputs/sars/rep77/run.log
sars,7,78,,evaluation,,,0.9964704661060936,,,6,,/home/a61491/CASTOR_KRFE/outputs/sars/rep78/run.log
sars,7,82,,evaluation,,,0.996470506815827,,,6,,/home/a61491/CASTOR_KRFE/outputs/sars/rep82/run.log
sars,7,84,,evaluation,,,0.9988234887020311,,,6,,/home/a61491/CASTOR_KRFE/outputs/sars/rep84/run.log
sars,7,85,,evaluation,,,0.9905658576418135,,,6,,/home/a61491/CASTOR_KRFE/outputs/sars/rep85/run.log
sars,7,86,,evaluation,,,0.9952938340990313,,,6,,/home/a61491/CASTOR_KRFE/outputs/sars/rep86/run.log
sars,7,88,,evaluation,,,0.9917262173650977,,,5,,/home/a61491/CASTOR_KRFE/outputs/sars/rep88/run.log
sars,8,1,,evaluation,,,0.990519755308496,,,6,,/home/a61491/CASTOR_KRFE/outputs/sars/rep1/run.log
sars,8,10,,evaluation,,,0.9988234887020313,,,5,,/home/a61491/CASTOR_KRFE/outputs/sars/rep10/run.log
sars,8,12,,evaluation,,,0.9988234887020313,,,7,,/home/a61491/CASTOR_KRFE/outputs/sars/rep12/run.log
sars,8,13,,evaluation,,,0.9952939955178582,,,5,,/home/a61491/CASTOR_KRFE/outputs/sars/rep13/run.log
sars,8,15,,evaluation,,,0.9976467331118495,,,7,,/home/a61491/CASTOR_KRFE/outputs/sars/rep15/run.log
sars,8,19,,evaluation,,,0.9952937512256451,,,5,,/home/a61491/CASTOR_KRFE/outputs/sars/rep19/run.log
sars,8,20,,evaluation,,,0.997647018113796,,,6,,/home/a61491/CASTOR_KRFE/outputs/sars/rep20/run.log
sars,8,21,,evaluation,,,0.9976399331662489,,,6,,/home/a61491/CASTOR_KRFE/outputs/sars/rep21/run.log
sars,8,23,,evaluation,,,0.9976469774040624,,,6,,/home/a61491/CASTOR_KRFE/outputs/sars/rep23/run.log
sars,8,25,,evaluation,,,0.9988234887020313,,,6,,/home/a61491/CASTOR_KRFE/outputs/sars/rep25/run.log
sars,8,26,,evaluation,,,1.0,,,7,,/home/a61491/CASTOR_KRFE/outputs/sars/rep26/run.log
sars,8,28,,evaluation,,,0.9976470588235294,,,6,,/home/a61491/CASTOR_KRFE/outputs/sars/rep28/run.log
sars,8,29,,evaluation,,,0.9988234887020311,,,5,,/home/a61491/CASTOR_KRFE/outputs/sars/rep29/run.log
sars,8,34,,evaluation,,,0.9988234887020313,,,8,,/home/a61491/CASTOR_KRFE/outputs/sars/rep34/run.log
sars,8,35,,evaluation,,,0.9964702218138806,,,7,,/home/a61491/CASTOR_KRFE/outputs/sars/rep35/run.log
sars,8,4,,evaluation,,,0.9929389101749392,,,5,,/home/a61491/CASTOR_KRFE/outputs/sars/rep4/run.log
sars,8,40,,evaluation,,,0.9953005104615122,,,6,,/home/a61491/CASTOR_KRFE/outputs/sars/rep40/run.log
sars,8,42,,evaluation,,,1.0,,,6,,/home/a61491/CASTOR_KRFE/outputs/sars/rep42/run.log
sars,8,46,,evaluation,,,1.0,,,6,,/home/a61491/CASTOR_KRFE/outputs/sars/rep46/run.log
sars,8,47,,evaluation,,,0.9988234887020313,,,6,,/home/a61491/CASTOR_KRFE/outputs/sars/rep47/run.log
sars,8,48,,evaluation,,,1.0,,,6,,/home/a61491/CASTOR_KRFE/outputs/sars/rep48/run.log
sars,8,49,,evaluation,,,0.9988234887020311,,,6,,/home/a61491/CASTOR_KRFE/outputs/sars/rep49/run.log
sars,8,5,,evaluation,,,0.9964694887681285,,,7,,/home/a61491/CASTOR_KRFE/outputs/sars/rep5/run.log
sars,8,50,,evaluation,,,0.9941172399276765,,,6,,/home/a61491/CASTOR_KRFE/outputs/sars/rep50/run.log
sars,8,52,,evaluation,,,0.9940962249632548,,,6,,/home/a61491/CASTOR_KRFE/outputs/sars/rep52/run.log
sars,8,53,,evaluation,,,0.9952579801048339,,,5,,/home/a61491/CASTOR_KRFE/outputs/sars/rep53/run.log
sars,8,54,,evaluation,,,1.0,,,7,,/home/a61491/CASTOR_KRFE/outputs/sars/rep54/run.log
sars,8,55,,evaluation,,,0.996470506815827,,,5,,/home/a61491/CASTOR_KRFE/outputs/sars/rep55/run.log
sars,8,6,,evaluation,,,0.9976470588235294,,,6,,/home/a61491/CASTOR_KRFE/outputs/sars/rep6/run.log
sars,8,63,,evaluation,,,0.991723013937885,,,6,,/home/a61491/CASTOR_KRFE/outputs/sars/rep63/run.log
sars,8,64,,evaluation,,,1.0,,,7,,/home/a61491/CASTOR_KRFE/outputs/sars/rep64/run.log
sars,8,66,,evaluation,,,0.9964703453970001,,,5,,/home/a61491/CASTOR_KRFE/outputs/sars/rep66/run.log
sars,8,68,,evaluation,,,0.9976467331118494,,,6,,/home/a61491/CASTOR_KRFE/outputs/sars/rep68/run.log
sars,8,7,,evaluation,,,1.0,,,6,,/home/a61491/CASTOR_KRFE/outputs/sars/rep7/run.log
sars,8,71,,evaluation,,,0.9964705475255606,,,6,,/home/a61491/CASTOR_KRFE/outputs/sars/rep71/run.log
sars,8,79,,evaluation,,,1.0,,,6,,/home/a61491/CASTOR_KRFE/outputs/sars/rep79/run.log
sars,8,8,,evaluation,,,1.0,,,7,,/home/a61491/CASTOR_KRFE/outputs/sars/rep8/run.log
sars,8,89,,evaluation,,,0.9988234887020311,,,7,,/home/a61491/CASTOR_KRFE/outputs/sars/rep89/run.log
sars,8,90,,evaluation,,,1.0,,,6,,/home/a61491/CASTOR_KRFE/outputs/sars/rep90/run.log
sars,8,92,,evaluation,,,1.0,,,7,,/home/a61491/CASTOR_KRFE/outputs/sars/rep92/run.log
sars,8,97,,evaluation,,,0.9952939548081249,,,6,,/home/a61491/CASTOR_KRFE/outputs/sars/rep97/run.log
sars,8,98,,evaluation,,,0.9988234887020313,,,6,,/home/a61491/CASTOR_KRFE/outputs/sars/rep98/run.log
sars,9,22,,evaluation,,,0.9952794954970906,,,5,,/home/a61491/CASTOR_KRFE/outputs/sars/rep22/run.log
sars,9,24,,evaluation,,,0.9976469774040623,,,5,,/home/a61491/CASTOR_KRFE/outputs/sars/rep24/run.log
sars,9,27,,evaluation,,,0.9988234887020313,,,5,,/home/a61491/CASTOR_KRFE/outputs/sars/rep27/run.log
sars,9,31,,evaluation,,,1.0,,,6,,/home/a61491/CASTOR_KRFE/outputs/sars/rep31/run.log
sars,9,51,,evaluation,,,0.996470506815827,,,6,,/home/a61491/CASTOR_KRFE/outputs/sars/rep51/run.log
sars,9,58,,evaluation,,,0.9964634218682802,,,5,,/home/a61491/CASTOR_KRFE/outputs/sars/rep58/run.log
sars,9,65,,evaluation,,,0.99411695492573,,,5,,/home/a61491/CASTOR_KRFE/outputs/sars/rep65/run.log
sars,9,73,,evaluation,,,0.9964704661060936,,,6,,/home/a61491/CASTOR_KRFE/outputs/sars/rep73/run.log
sars,9,75,,evaluation,,,0.9976469774040624,,,6,,/home/a61491/CASTOR_KRFE/outputs/sars/rep75/run.log
sars,9,76,,evaluation,,,0.9976469774040624,,,6,,/home/a61491/CASTOR_KRFE/outputs/sars/rep76/run.log
sars,9,99,,evaluation,,,0.9964772660516941,,,5,,/home/a61491/CASTOR_KRFE/outputs/sars/rep99/run.log
